MODULE,REGION_ORIG,Partition_ORIG,TEST,Partition,Region,IP-L0,IP-L1,IP-L2,INDEX,TEMPLATE,TOP_LEFT_BEGIN,TOP_LEFT_PREHVQK,CHAIN_BEGIN,STUCKAT_BEGIN,STUCKAT_FAULTS,ATSPEED_FAULTS,SCAN_CELL_COUNT
SCN_GT_GXX,ungfxc2c,ungfx-ungfxc2c,GT_GXX,ungfx,ungfxc2c,ungfxc2c,,,2022,NVL_GT_SCN,SCN_GT_GXX::CTRL_X_PATMOD_K_BEGIN_X_X_X_X_X_RESET_TOPSKU,SCN_GT_GXX::CTRL_X_AUX_K_PREHVQK_X_X_X_X_X_SET_SKU_LFM,SCN_GT_GXX::CHAIN_ALL_GFXSB_K_BEGIN_HITO_GT_NOM_LFM_HVM_HRY_RAWSTR%,SCN_GT_GXX::STUCKAT_ALL_GFXSB_K_BEGIN_HITO_GT_NOM_LFM_HRY_RAWSTR%,12679530,12572313,179655
SCN_GT_GXX,ungfxsouthrcpar1,ungfx-ungfxsouthrcpar1,GT_GXX,ungfx,ungfxsouthrcpar1,ungfxsouthrcpar1,,,2031,NVL_GT_SCN,SCN_GT_GXX::CTRL_X_PATMOD_K_BEGIN_X_X_X_X_X_RESET_TOPSKU,SCN_GT_GXX::CTRL_X_AUX_K_PREHVQK_X_X_X_X_X_SET_SKU_LFM,SCN_GT_GXX::CHAIN_ALL_GFXSB_K_BEGIN_HITO_GT_NOM_LFM_HVM_HRY_RAWSTR%,SCN_GT_GXX::STUCKAT_ALL_GFXSB_K_BEGIN_HITO_GT_NOM_LFM_HRY_RAWSTR%,139880,137329,1303
SCN_GT_GXX,ungfxsouthrcpar2,ungfx-ungfxsouthrcpar2,GT_GXX,ungfx,ungfxsouthrcpar2,ungfxsouthrcpar2,,,2032,NVL_GT_SCN,SCN_GT_GXX::CTRL_X_PATMOD_K_BEGIN_X_X_X_X_X_RESET_TOPSKU,SCN_GT_GXX::CTRL_X_AUX_K_PREHVQK_X_X_X_X_X_SET_SKU_LFM,SCN_GT_GXX::CHAIN_ALL_GFXSB_K_BEGIN_HITO_GT_NOM_LFM_HVM_HRY_RAWSTR%,SCN_GT_GXX::STUCKAT_ALL_GFXSB_K_BEGIN_HITO_GT_NOM_LFM_HRY_RAWSTR%,61256,60368,369
SCN_GT_GXX,ungfxwestdts,ungfx-ungfxwestdts,GT_GXX,ungfx,ungfxwestdts,ungfxwestdts,,,2033,NVL_GT_SCN,SCN_GT_GXX::CTRL_X_PATMOD_K_BEGIN_X_X_X_X_X_RESET_TOPSKU,SCN_GT_GXX::CTRL_X_AUX_K_PREHVQK_X_X_X_X_X_SET_SKU_LFM,SCN_GT_GXX::CHAIN_ALL_GFXSB_K_BEGIN_HITO_GT_NOM_LFM_HVM_HRY_RAWSTR%,SCN_GT_GXX::STUCKAT_ALL_GFXSB_K_BEGIN_HITO_GT_NOM_LFM_HRY_RAWSTR%,19717,19648,293
SCN_GT_GXX,ungfxhptpgpio,ungfx-ungfxhptpgpio,GT_GXX,ungfx,ungfxhptpgpio,ungfxhptpgpio,,,2029,NVL_GT_SCN,SCN_GT_GXX::CTRL_X_PATMOD_K_BEGIN_X_X_X_X_X_RESET_TOPSKU,SCN_GT_GXX::CTRL_X_AUX_K_PREHVQK_X_X_X_X_X_SET_SKU_LFM,SCN_GT_GXX::CHAIN_ALL_GFXSB_K_BEGIN_HITO_GT_NOM_LFM_HVM_HRY_RAWSTR%,SCN_GT_GXX::STUCKAT_ALL_GFXSB_K_BEGIN_HITO_GT_NOM_LFM_HRY_RAWSTR%,1622715,1612523,293
SCN_GT_GXX,ungfxftl,ungfx-ungfxd2dftl01,GT_GXX,ungfx,ungfxd2dftl01,ungfxd2dftl01,,,2025,NVL_GT_SCN,SCN_GT_GXX::CTRL_X_PATMOD_K_BEGIN_X_X_X_X_X_RESET_TOPSKU,SCN_GT_GXX::CTRL_X_AUX_K_PREHVQK_X_X_X_X_X_SET_SKU_LFM,SCN_GT_GXX::CHAIN_ALL_GFXSB_K_BEGIN_HITO_GT_NOM_LFM_HVM_HRY_RAWSTR%,SCN_GT_GXX::STUCKAT_ALL_GFXSB_K_BEGIN_HITO_GT_NOM_LFM_HRY_RAWSTR%,6581355,6371630,108924
SCN_GT_GXX,ungfxftl,ungfx-ungfxd2dftl23,GT_GXX,ungfx,ungfxd2dftl23,ungfxd2dftl23,,,2026,NVL_GT_SCN,SCN_GT_GXX::CTRL_X_PATMOD_K_BEGIN_X_X_X_X_X_RESET_TOPSKU,SCN_GT_GXX::CTRL_X_AUX_K_PREHVQK_X_X_X_X_X_SET_SKU_LFM,SCN_GT_GXX::CHAIN_ALL_GFXSB_K_BEGIN_HITO_GT_NOM_LFM_HVM_HRY_RAWSTR%,SCN_GT_GXX::STUCKAT_ALL_GFXSB_K_BEGIN_HITO_GT_NOM_LFM_HRY_RAWSTR%,6581355,6371630,108924
SCN_GT_GXX,ungfxcom,ungfx-ungfxcom,GT_GXX,ungfx,ungfxcom,ungfxcom,,,2024,NVL_GT_SCN,SCN_GT_GXX::CTRL_X_PATMOD_K_BEGIN_X_X_X_X_X_RESET_TOPSKU,SCN_GT_GXX::CTRL_X_AUX_K_PREHVQK_X_X_X_X_X_SET_SKU_LFM,SCN_GT_GXX::CHAIN_ALL_GFXSB_K_BEGIN_HITO_GT_NOM_LFM_HVM_HRY_RAWSTR%,SCN_GT_GXX::STUCKAT_ALL_GFXSB_K_BEGIN_HITO_GT_NOM_LFM_HRY_RAWSTR%,8493947,8388991,118728
SCN_GT_GXX,ungfxprobe,ungfx-ungfxprobe,GT_GXX,ungfx,ungfxprobe,ungfxprobe,,,2030,NVL_GT_SCN,SCN_GT_GXX::CTRL_X_PATMOD_K_BEGIN_X_X_X_X_X_RESET_TOPSKU,SCN_GT_GXX::CTRL_X_AUX_K_PREHVQK_X_X_X_X_X_SET_SKU_LFM,SCN_GT_GXX::CHAIN_ALL_GFXSB_K_BEGIN_HITO_GT_NOM_LFM_HVM_HRY_RAWSTR%,SCN_GT_GXX::STUCKAT_ALL_GFXSB_K_BEGIN_HITO_GT_NOM_LFM_HRY_RAWSTR%,10000,9353,238
SCN_GT_GXX,ungfxcfipll,ungfx-ungfxcfipll,GT_GXX,ungfx,ungfxcfipll,ungfxcfipll,,,2023,NVL_GT_SCN,SCN_GT_GXX::CTRL_X_PATMOD_K_BEGIN_X_X_X_X_X_RESET_TOPSKU,SCN_GT_GXX::CTRL_X_AUX_K_PREHVQK_X_X_X_X_X_SET_SKU_LFM,SCN_GT_GXX::CHAIN_ALL_GFXSB_K_BEGIN_HITO_GT_NOM_LFM_HVM_HRY_RAWSTR%,SCN_GT_GXX::STUCKAT_ALL_GFXSB_K_BEGIN_HITO_GT_NOM_LFM_HRY_RAWSTR%,981892,972066,335
SCN_GT_GXX,gtlscbankpar1,gt-gtslice0-gtxecore0-gtlscbankpar1,GT_GXX,gt,gtslice0,gtslicenodebottomrcpar1,gtlscbankpar1,,76,NVL_GT_SCN,SCN_GT_GXX::CTRL_X_PATMOD_K_BEGIN_X_X_X_X_X_RESET_TOPSKU,SCN_GT_GXX::CTRL_X_AUX_K_PREHVQK_X_X_X_X_X_SET_SKU_LFM,SCN_GT_GXX::CHAIN_ALL_GFXSB_K_BEGIN_HITO_GT_NOM_LFM_HVM_HRY_RAWSTR%,SCN_GT_GXX::STUCKAT_ALL_GFXSB_K_BEGIN_HITO_GT_NOM_LFM_HRY_RAWSTR%,9131573,9007521,180595
SCN_GT_GXX,gtlscnodepar1,gt-gtslice0-gtxecore0-gtlscnodepar1,GT_GXX,gt,gtslice0,gtslicenodebottomrcpar2,gtlscnodepar1,,77,NVL_GT_SCN,SCN_GT_GXX::CTRL_X_PATMOD_K_BEGIN_X_X_X_X_X_RESET_TOPSKU,SCN_GT_GXX::CTRL_X_AUX_K_PREHVQK_X_X_X_X_X_SET_SKU_LFM,SCN_GT_GXX::CHAIN_ALL_GFXSB_K_BEGIN_HITO_GT_NOM_LFM_HVM_HRY_RAWSTR%,SCN_GT_GXX::STUCKAT_ALL_GFXSB_K_BEGIN_HITO_GT_NOM_LFM_HRY_RAWSTR%,8723346,8643432,141852
SCN_GT_GXX,gtxecorepar1,gt-gtslice0-gtxecore0-gtxecorepar1,GT_GXX,gt,gtslice0,gtslicenodebottomrcpar3,gtxecorepar1,,78,NVL_GT_SCN,SCN_GT_GXX::CTRL_X_PATMOD_K_BEGIN_X_X_X_X_X_RESET_TOPSKU,SCN_GT_GXX::CTRL_X_AUX_K_PREHVQK_X_X_X_X_X_SET_SKU_LFM,SCN_GT_GXX::CHAIN_ALL_GFXSB_K_BEGIN_HITO_GT_NOM_LFM_HVM_HRY_RAWSTR%,SCN_GT_GXX::STUCKAT_ALL_GFXSB_K_BEGIN_HITO_GT_NOM_LFM_HRY_RAWSTR%,11985757,11899189,168366
SCN_GT_GXX,gtxecorepar3,gt-gtslice0-gtxecore0-gtxecorepar3,GT_GXX,gt,gtslice0,gtslicenodebottomrcpar4,gtxecorepar3,,80,NVL_GT_SCN,SCN_GT_GXX::CTRL_X_PATMOD_K_BEGIN_X_X_X_X_X_RESET_TOPSKU,SCN_GT_GXX::CTRL_X_AUX_K_PREHVQK_X_X_X_X_X_SET_SKU_LFM,SCN_GT_GXX::CHAIN_ALL_GFXSB_K_BEGIN_HITO_GT_NOM_LFM_HVM_HRY_RAWSTR%,SCN_GT_GXX::STUCKAT_ALL_GFXSB_K_BEGIN_HITO_GT_NOM_LFM_HRY_RAWSTR%,13365253,13272040,270643
SCN_GT_GXX,gtxecorepar4,gt-gtslice0-gtxecore0-gtxecorepar4,GT_GXX,gt,gtslice0,gtslicenodetoprcpar1,gtxecorepar4,,81,NVL_GT_SCN,SCN_GT_GXX::CTRL_X_PATMOD_K_BEGIN_X_X_X_X_X_RESET_TOPSKU,SCN_GT_GXX::CTRL_X_AUX_K_PREHVQK_X_X_X_X_X_SET_SKU_LFM,SCN_GT_GXX::CHAIN_ALL_GFXSB_K_BEGIN_HITO_GT_NOM_LFM_HVM_HRY_RAWSTR%,SCN_GT_GXX::STUCKAT_ALL_GFXSB_K_BEGIN_HITO_GT_NOM_LFM_HRY_RAWSTR%,11841780,11789789,160657
SCN_GT_GXX,gtxecorepar5,gt-gtslice0-gtxecore0-gtxecorepar5,GT_GXX,gt,gtslice0,gtslicenodetoprcpar2,gtxecorepar5,,82,NVL_GT_SCN,SCN_GT_GXX::CTRL_X_PATMOD_K_BEGIN_X_X_X_X_X_RESET_TOPSKU,SCN_GT_GXX::CTRL_X_AUX_K_PREHVQK_X_X_X_X_X_SET_SKU_LFM,SCN_GT_GXX::CHAIN_ALL_GFXSB_K_BEGIN_HITO_GT_NOM_LFM_HVM_HRY_RAWSTR%,SCN_GT_GXX::STUCKAT_ALL_GFXSB_K_BEGIN_HITO_GT_NOM_LFM_HRY_RAWSTR%,12540921,12467757,218756
SCN_GT_GXX,gteusystop0,gt-gtslice0-gtxecore0-gteusystop0,GT_GXX,gt,gtslice0,gtslicenodetoprcpar3,gteusystop0,,1758,NVL_GT_SCN,SCN_GT_GXX::CTRL_X_PATMOD_K_BEGIN_X_X_X_X_X_RESET_TOPSKU,SCN_GT_GXX::CTRL_X_AUX_K_PREHVQK_X_X_X_X_X_SET_SKU_LFM,SCN_GT_GXX::CHAIN_ALL_GFXSB_K_BEGIN_HITO_GT_NOM_LFM_HVM_HRY_RAWSTR%,SCN_GT_GXX::STUCKAT_ALL_GFXSB_K_BEGIN_HITO_GT_NOM_LFM_HRY_RAWSTR%,6398977,6378032,107295
SCN_GT_GXX,gteutop,gt-gtslice0-gtxecore0-gteutop0,GT_GXX,gt,gtslice0,gtslicenodetoprcpar4,gteutop0,,68,NVL_GT_SCN,SCN_GT_GXX::CTRL_X_PATMOD_K_BEGIN_X_X_X_X_X_RESET_TOPSKU,SCN_GT_GXX::CTRL_X_AUX_K_PREHVQK_X_X_X_X_X_SET_SKU_LFM,SCN_GT_GXX::CHAIN_ALL_GFXSB_K_BEGIN_HITO_GT_NOM_LFM_HVM_HRY_RAWSTR%,SCN_GT_GXX::STUCKAT_ALL_GFXSB_K_BEGIN_HITO_GT_NOM_LFM_HRY_RAWSTR%,9749809,9701968,140224
SCN_GT_GXX,gteusysalt,gt-gtslice0-gtxecore0-gteusystop1,GT_GXX,gt,gtslice0,gtxecore0,gteusystop1,,1759,NVL_GT_SCN,SCN_GT_GXX::CTRL_X_PATMOD_K_BEGIN_X_X_X_X_X_RESET_TOPSKU,SCN_GT_GXX::CTRL_X_AUX_K_PREHVQK_X_X_X_X_X_SET_SKU_LFM,SCN_GT_GXX::CHAIN_ALL_GFXSB_K_BEGIN_HITO_GT_NOM_LFM_HVM_HRY_RAWSTR%,SCN_GT_GXX::STUCKAT_ALL_GFXSB_K_BEGIN_HITO_GT_NOM_LFM_HRY_RAWSTR%,6337642,6316608,105129
SCN_GT_GXX,gteuside,gt-gtslice0-gtxecore0-gteutop1,GT_GXX,gt,gtslice0,gtxecore0,gteutop1,,69,NVL_GT_SCN,SCN_GT_GXX::CTRL_X_PATMOD_K_BEGIN_X_X_X_X_X_RESET_TOPSKU,SCN_GT_GXX::CTRL_X_AUX_K_PREHVQK_X_X_X_X_X_SET_SKU_LFM,SCN_GT_GXX::CHAIN_ALL_GFXSB_K_BEGIN_HITO_GT_NOM_LFM_HVM_HRY_RAWSTR%,SCN_GT_GXX::STUCKAT_ALL_GFXSB_K_BEGIN_HITO_GT_NOM_LFM_HRY_RAWSTR%,9711074,9663298,140224
SCN_GT_GXX,gteusysside,gt-gtslice0-gtxecore0-gteusystop2,GT_GXX,gt,gtslice0,gtxecore0,gteusystop2,,1760,NVL_GT_SCN,SCN_GT_GXX::CTRL_X_PATMOD_K_BEGIN_X_X_X_X_X_RESET_TOPSKU,SCN_GT_GXX::CTRL_X_AUX_K_PREHVQK_X_X_X_X_X_SET_SKU_LFM,SCN_GT_GXX::CHAIN_ALL_GFXSB_K_BEGIN_HITO_GT_NOM_LFM_HVM_HRY_RAWSTR%,SCN_GT_GXX::STUCKAT_ALL_GFXSB_K_BEGIN_HITO_GT_NOM_LFM_HRY_RAWSTR%,6361608,6340759,105129
SCN_GT_GXX,gteuside,gt-gtslice0-gtxecore0-gteutop2,GT_GXX,gt,gtslice0,gtxecore0,gteutop2,,70,NVL_GT_SCN,SCN_GT_GXX::CTRL_X_PATMOD_K_BEGIN_X_X_X_X_X_RESET_TOPSKU,SCN_GT_GXX::CTRL_X_AUX_K_PREHVQK_X_X_X_X_X_SET_SKU_LFM,SCN_GT_GXX::CHAIN_ALL_GFXSB_K_BEGIN_HITO_GT_NOM_LFM_HVM_HRY_RAWSTR%,SCN_GT_GXX::STUCKAT_ALL_GFXSB_K_BEGIN_HITO_GT_NOM_LFM_HRY_RAWSTR%,9711074,9663298,140224
SCN_GT_GXX,gteusysside,gt-gtslice0-gtxecore0-gteusystop3,GT_GXX,gt,gtslice0,gtxecore0,gteusystop3,,1761,NVL_GT_SCN,SCN_GT_GXX::CTRL_X_PATMOD_K_BEGIN_X_X_X_X_X_RESET_TOPSKU,SCN_GT_GXX::CTRL_X_AUX_K_PREHVQK_X_X_X_X_X_SET_SKU_LFM,SCN_GT_GXX::CHAIN_ALL_GFXSB_K_BEGIN_HITO_GT_NOM_LFM_HVM_HRY_RAWSTR%,SCN_GT_GXX::STUCKAT_ALL_GFXSB_K_BEGIN_HITO_GT_NOM_LFM_HRY_RAWSTR%,6361608,6340759,105129
SCN_GT_GXX,gteuside,gt-gtslice0-gtxecore0-gteutop3,GT_GXX,gt,gtslice0,gtxecore0,gteutop3,,71,NVL_GT_SCN,SCN_GT_GXX::CTRL_X_PATMOD_K_BEGIN_X_X_X_X_X_RESET_TOPSKU,SCN_GT_GXX::CTRL_X_AUX_K_PREHVQK_X_X_X_X_X_SET_SKU_LFM,SCN_GT_GXX::CHAIN_ALL_GFXSB_K_BEGIN_HITO_GT_NOM_LFM_HVM_HRY_RAWSTR%,SCN_GT_GXX::STUCKAT_ALL_GFXSB_K_BEGIN_HITO_GT_NOM_LFM_HRY_RAWSTR%,9711074,9663298,140224
SCN_GT_GXX,gteusystop4,gt-gtslice0-gtxecore0-gteusystop4,GT_GXX,gt,gtslice0,gtxecore0,gteusystop4,,1762,NVL_GT_SCN,SCN_GT_GXX::CTRL_X_PATMOD_K_BEGIN_X_X_X_X_X_RESET_TOPSKU,SCN_GT_GXX::CTRL_X_AUX_K_PREHVQK_X_X_X_X_X_SET_SKU_LFM,SCN_GT_GXX::CHAIN_ALL_GFXSB_K_BEGIN_HITO_GT_NOM_LFM_HVM_HRY_RAWSTR%,SCN_GT_GXX::STUCKAT_ALL_GFXSB_K_BEGIN_HITO_GT_NOM_LFM_HRY_RAWSTR%,6394691,6373730,106636
SCN_GT_GXX,gteutop,gt-gtslice0-gtxecore0-gteutop4,GT_GXX,gt,gtslice0,gtxecore0,gteutop4,,72,NVL_GT_SCN,SCN_GT_GXX::CTRL_X_PATMOD_K_BEGIN_X_X_X_X_X_RESET_TOPSKU,SCN_GT_GXX::CTRL_X_AUX_K_PREHVQK_X_X_X_X_X_SET_SKU_LFM,SCN_GT_GXX::CHAIN_ALL_GFXSB_K_BEGIN_HITO_GT_NOM_LFM_HVM_HRY_RAWSTR%,SCN_GT_GXX::STUCKAT_ALL_GFXSB_K_BEGIN_HITO_GT_NOM_LFM_HRY_RAWSTR%,9749809,9701968,140224
SCN_GT_GXX,gteuside,gt-gtslice0-gtxecore0-gteutop5,GT_GXX,gt,gtslice0,gtxecore0,gteutop5,,73,NVL_GT_SCN,SCN_GT_GXX::CTRL_X_PATMOD_K_BEGIN_X_X_X_X_X_RESET_TOPSKU,SCN_GT_GXX::CTRL_X_AUX_K_PREHVQK_X_X_X_X_X_SET_SKU_LFM,SCN_GT_GXX::CHAIN_ALL_GFXSB_K_BEGIN_HITO_GT_NOM_LFM_HVM_HRY_RAWSTR%,SCN_GT_GXX::STUCKAT_ALL_GFXSB_K_BEGIN_HITO_GT_NOM_LFM_HRY_RAWSTR%,9711074,9663298,140224
SCN_GT_GXX,gteusysside,gt-gtslice0-gtxecore0-gteusystop6,GT_GXX,gt,gtslice0,gtxecore0,gteusystop6,,1764,NVL_GT_SCN,SCN_GT_GXX::CTRL_X_PATMOD_K_BEGIN_X_X_X_X_X_RESET_TOPSKU,SCN_GT_GXX::CTRL_X_AUX_K_PREHVQK_X_X_X_X_X_SET_SKU_LFM,SCN_GT_GXX::CHAIN_ALL_GFXSB_K_BEGIN_HITO_GT_NOM_LFM_HVM_HRY_RAWSTR%,SCN_GT_GXX::STUCKAT_ALL_GFXSB_K_BEGIN_HITO_GT_NOM_LFM_HRY_RAWSTR%,6361608,6340759,105129
SCN_GT_GXX,gteuside,gt-gtslice0-gtxecore0-gteutop6,GT_GXX,gt,gtslice0,gtxecore0,gteutop6,,74,NVL_GT_SCN,SCN_GT_GXX::CTRL_X_PATMOD_K_BEGIN_X_X_X_X_X_RESET_TOPSKU,SCN_GT_GXX::CTRL_X_AUX_K_PREHVQK_X_X_X_X_X_SET_SKU_LFM,SCN_GT_GXX::CHAIN_ALL_GFXSB_K_BEGIN_HITO_GT_NOM_LFM_HVM_HRY_RAWSTR%,SCN_GT_GXX::STUCKAT_ALL_GFXSB_K_BEGIN_HITO_GT_NOM_LFM_HRY_RAWSTR%,9711074,9663298,140224
SCN_GT_GXX,gteusysside,gt-gtslice0-gtxecore0-gteusystop7,GT_GXX,gt,gtslice0,gtxecore0,gteusystop7,,1765,NVL_GT_SCN,SCN_GT_GXX::CTRL_X_PATMOD_K_BEGIN_X_X_X_X_X_RESET_TOPSKU,SCN_GT_GXX::CTRL_X_AUX_K_PREHVQK_X_X_X_X_X_SET_SKU_LFM,SCN_GT_GXX::CHAIN_ALL_GFXSB_K_BEGIN_HITO_GT_NOM_LFM_HVM_HRY_RAWSTR%,SCN_GT_GXX::STUCKAT_ALL_GFXSB_K_BEGIN_HITO_GT_NOM_LFM_HRY_RAWSTR%,6361608,6340759,105129
SCN_GT_GXX,gteuside,gt-gtslice0-gtxecore0-gteutop7,GT_GXX,gt,gtslice0,gtxecore0,gteutop7,,75,NVL_GT_SCN,SCN_GT_GXX::CTRL_X_PATMOD_K_BEGIN_X_X_X_X_X_RESET_TOPSKU,SCN_GT_GXX::CTRL_X_AUX_K_PREHVQK_X_X_X_X_X_SET_SKU_LFM,SCN_GT_GXX::CHAIN_ALL_GFXSB_K_BEGIN_HITO_GT_NOM_LFM_HVM_HRY_RAWSTR%,SCN_GT_GXX::STUCKAT_ALL_GFXSB_K_BEGIN_HITO_GT_NOM_LFM_HRY_RAWSTR%,9711074,9663298,140224
SCN_GT_GXX,gtxecorepar2,gt-gtslice0-gtxecore0-gtxecorepar2,GT_GXX,gt,gtslice0,gtxecore0,gtxecorepar2,,79,NVL_GT_SCN,SCN_GT_GXX::CTRL_X_PATMOD_K_BEGIN_X_X_X_X_X_RESET_TOPSKU,SCN_GT_GXX::CTRL_X_AUX_K_PREHVQK_X_X_X_X_X_SET_SKU_LFM,SCN_GT_GXX::CHAIN_ALL_GFXSB_K_BEGIN_HITO_GT_NOM_LFM_HVM_HRY_RAWSTR%,SCN_GT_GXX::STUCKAT_ALL_GFXSB_K_BEGIN_HITO_GT_NOM_LFM_HRY_RAWSTR%,7685097,7626107,100212
SCN_GT_GXX,gteusysside,gt-gtslice0-gtxecore0-gteusystop5,GT_GXX,gt,gtslice0,gtxecore0,gteusystop5,,1763,NVL_GT_SCN,SCN_GT_GXX::CTRL_X_PATMOD_K_BEGIN_X_X_X_X_X_RESET_TOPSKU,SCN_GT_GXX::CTRL_X_AUX_K_PREHVQK_X_X_X_X_X_SET_SKU_LFM,SCN_GT_GXX::CHAIN_ALL_GFXSB_K_BEGIN_HITO_GT_NOM_LFM_HVM_HRY_RAWSTR%,SCN_GT_GXX::STUCKAT_ALL_GFXSB_K_BEGIN_HITO_GT_NOM_LFM_HRY_RAWSTR%,6361608,6340759,105129
SCN_GT_GXX,gtlscbankpar1,gt-gtslice0-gtxecore1-gtlscbankpar1,GT_GXX,gt,gtslice0,gtxecore1,gtlscbankpar1,,91,NVL_GT_SCN,SCN_GT_GXX::CTRL_X_PATMOD_K_BEGIN_X_X_X_X_X_RESET_TOPSKU,SCN_GT_GXX::CTRL_X_AUX_K_PREHVQK_X_X_X_X_X_SET_SKU_LFM,SCN_GT_GXX::CHAIN_ALL_GFXSB_K_BEGIN_HITO_GT_NOM_LFM_HVM_HRY_RAWSTR%,SCN_GT_GXX::STUCKAT_ALL_GFXSB_K_BEGIN_HITO_GT_NOM_LFM_HRY_RAWSTR%,9131573,9007521,180595
SCN_GT_GXX,gtlscnodepar1,gt-gtslice0-gtxecore1-gtlscnodepar1,GT_GXX,gt,gtslice0,gtxecore1,gtlscnodepar1,,92,NVL_GT_SCN,SCN_GT_GXX::CTRL_X_PATMOD_K_BEGIN_X_X_X_X_X_RESET_TOPSKU,SCN_GT_GXX::CTRL_X_AUX_K_PREHVQK_X_X_X_X_X_SET_SKU_LFM,SCN_GT_GXX::CHAIN_ALL_GFXSB_K_BEGIN_HITO_GT_NOM_LFM_HVM_HRY_RAWSTR%,SCN_GT_GXX::STUCKAT_ALL_GFXSB_K_BEGIN_HITO_GT_NOM_LFM_HRY_RAWSTR%,8723346,8643432,141852
SCN_GT_GXX,gtxecorepar1,gt-gtslice0-gtxecore1-gtxecorepar1,GT_GXX,gt,gtslice0,gtxecore1,gtxecorepar1,,93,NVL_GT_SCN,SCN_GT_GXX::CTRL_X_PATMOD_K_BEGIN_X_X_X_X_X_RESET_TOPSKU,SCN_GT_GXX::CTRL_X_AUX_K_PREHVQK_X_X_X_X_X_SET_SKU_LFM,SCN_GT_GXX::CHAIN_ALL_GFXSB_K_BEGIN_HITO_GT_NOM_LFM_HVM_HRY_RAWSTR%,SCN_GT_GXX::STUCKAT_ALL_GFXSB_K_BEGIN_HITO_GT_NOM_LFM_HRY_RAWSTR%,11985757,11899189,168366
SCN_GT_GXX,gtxecorepar3,gt-gtslice0-gtxecore1-gtxecorepar3,GT_GXX,gt,gtslice0,gtxecore1,gtxecorepar3,,95,NVL_GT_SCN,SCN_GT_GXX::CTRL_X_PATMOD_K_BEGIN_X_X_X_X_X_RESET_TOPSKU,SCN_GT_GXX::CTRL_X_AUX_K_PREHVQK_X_X_X_X_X_SET_SKU_LFM,SCN_GT_GXX::CHAIN_ALL_GFXSB_K_BEGIN_HITO_GT_NOM_LFM_HVM_HRY_RAWSTR%,SCN_GT_GXX::STUCKAT_ALL_GFXSB_K_BEGIN_HITO_GT_NOM_LFM_HRY_RAWSTR%,13365253,13272040,270643
SCN_GT_GXX,gtxecorepar4,gt-gtslice0-gtxecore1-gtxecorepar4,GT_GXX,gt,gtslice0,gtxecore1,gtxecorepar4,,96,NVL_GT_SCN,SCN_GT_GXX::CTRL_X_PATMOD_K_BEGIN_X_X_X_X_X_RESET_TOPSKU,SCN_GT_GXX::CTRL_X_AUX_K_PREHVQK_X_X_X_X_X_SET_SKU_LFM,SCN_GT_GXX::CHAIN_ALL_GFXSB_K_BEGIN_HITO_GT_NOM_LFM_HVM_HRY_RAWSTR%,SCN_GT_GXX::STUCKAT_ALL_GFXSB_K_BEGIN_HITO_GT_NOM_LFM_HRY_RAWSTR%,11841780,11789789,160657
SCN_GT_GXX,gtxecorepar5,gt-gtslice0-gtxecore1-gtxecorepar5,GT_GXX,gt,gtslice0,gtxecore1,gtxecorepar5,,97,NVL_GT_SCN,SCN_GT_GXX::CTRL_X_PATMOD_K_BEGIN_X_X_X_X_X_RESET_TOPSKU,SCN_GT_GXX::CTRL_X_AUX_K_PREHVQK_X_X_X_X_X_SET_SKU_LFM,SCN_GT_GXX::CHAIN_ALL_GFXSB_K_BEGIN_HITO_GT_NOM_LFM_HVM_HRY_RAWSTR%,SCN_GT_GXX::STUCKAT_ALL_GFXSB_K_BEGIN_HITO_GT_NOM_LFM_HRY_RAWSTR%,12540921,12467757,218756
SCN_GT_GXX,gteusystop0,gt-gtslice0-gtxecore1-gteusystop0,GT_GXX,gt,gtslice0,gtxecore1,gteusystop0,,1766,NVL_GT_SCN,SCN_GT_GXX::CTRL_X_PATMOD_K_BEGIN_X_X_X_X_X_RESET_TOPSKU,SCN_GT_GXX::CTRL_X_AUX_K_PREHVQK_X_X_X_X_X_SET_SKU_LFM,SCN_GT_GXX::CHAIN_ALL_GFXSB_K_BEGIN_HITO_GT_NOM_LFM_HVM_HRY_RAWSTR%,SCN_GT_GXX::STUCKAT_ALL_GFXSB_K_BEGIN_HITO_GT_NOM_LFM_HRY_RAWSTR%,6398977,6378032,107295
SCN_GT_GXX,gteutop,gt-gtslice0-gtxecore1-gteutop0,GT_GXX,gt,gtslice0,gtxecore1,gteutop0,,83,NVL_GT_SCN,SCN_GT_GXX::CTRL_X_PATMOD_K_BEGIN_X_X_X_X_X_RESET_TOPSKU,SCN_GT_GXX::CTRL_X_AUX_K_PREHVQK_X_X_X_X_X_SET_SKU_LFM,SCN_GT_GXX::CHAIN_ALL_GFXSB_K_BEGIN_HITO_GT_NOM_LFM_HVM_HRY_RAWSTR%,SCN_GT_GXX::STUCKAT_ALL_GFXSB_K_BEGIN_HITO_GT_NOM_LFM_HRY_RAWSTR%,9749809,9701968,140224
SCN_GT_GXX,gteusysalt,gt-gtslice0-gtxecore1-gteusystop1,GT_GXX,gt,gtslice0,gtxecore1,gteusystop1,,1767,NVL_GT_SCN,SCN_GT_GXX::CTRL_X_PATMOD_K_BEGIN_X_X_X_X_X_RESET_TOPSKU,SCN_GT_GXX::CTRL_X_AUX_K_PREHVQK_X_X_X_X_X_SET_SKU_LFM,SCN_GT_GXX::CHAIN_ALL_GFXSB_K_BEGIN_HITO_GT_NOM_LFM_HVM_HRY_RAWSTR%,SCN_GT_GXX::STUCKAT_ALL_GFXSB_K_BEGIN_HITO_GT_NOM_LFM_HRY_RAWSTR%,6337642,6316608,105129
SCN_GT_GXX,gteuside,gt-gtslice0-gtxecore1-gteutop1,GT_GXX,gt,gtslice0,gtxecore1,gteutop1,,84,NVL_GT_SCN,SCN_GT_GXX::CTRL_X_PATMOD_K_BEGIN_X_X_X_X_X_RESET_TOPSKU,SCN_GT_GXX::CTRL_X_AUX_K_PREHVQK_X_X_X_X_X_SET_SKU_LFM,SCN_GT_GXX::CHAIN_ALL_GFXSB_K_BEGIN_HITO_GT_NOM_LFM_HVM_HRY_RAWSTR%,SCN_GT_GXX::STUCKAT_ALL_GFXSB_K_BEGIN_HITO_GT_NOM_LFM_HRY_RAWSTR%,9711074,9663298,140224
SCN_GT_GXX,gteusysside,gt-gtslice0-gtxecore1-gteusystop2,GT_GXX,gt,gtslice0,gtxecore1,gteusystop2,,1768,NVL_GT_SCN,SCN_GT_GXX::CTRL_X_PATMOD_K_BEGIN_X_X_X_X_X_RESET_TOPSKU,SCN_GT_GXX::CTRL_X_AUX_K_PREHVQK_X_X_X_X_X_SET_SKU_LFM,SCN_GT_GXX::CHAIN_ALL_GFXSB_K_BEGIN_HITO_GT_NOM_LFM_HVM_HRY_RAWSTR%,SCN_GT_GXX::STUCKAT_ALL_GFXSB_K_BEGIN_HITO_GT_NOM_LFM_HRY_RAWSTR%,6361608,6340759,105129
SCN_GT_GXX,gteuside,gt-gtslice0-gtxecore1-gteutop2,GT_GXX,gt,gtslice0,gtxecore1,gteutop2,,85,NVL_GT_SCN,SCN_GT_GXX::CTRL_X_PATMOD_K_BEGIN_X_X_X_X_X_RESET_TOPSKU,SCN_GT_GXX::CTRL_X_AUX_K_PREHVQK_X_X_X_X_X_SET_SKU_LFM,SCN_GT_GXX::CHAIN_ALL_GFXSB_K_BEGIN_HITO_GT_NOM_LFM_HVM_HRY_RAWSTR%,SCN_GT_GXX::STUCKAT_ALL_GFXSB_K_BEGIN_HITO_GT_NOM_LFM_HRY_RAWSTR%,9711074,9663298,140224
SCN_GT_GXX,gteusysside,gt-gtslice0-gtxecore1-gteusystop3,GT_GXX,gt,gtslice0,gtxecore1,gteusystop3,,1769,NVL_GT_SCN,SCN_GT_GXX::CTRL_X_PATMOD_K_BEGIN_X_X_X_X_X_RESET_TOPSKU,SCN_GT_GXX::CTRL_X_AUX_K_PREHVQK_X_X_X_X_X_SET_SKU_LFM,SCN_GT_GXX::CHAIN_ALL_GFXSB_K_BEGIN_HITO_GT_NOM_LFM_HVM_HRY_RAWSTR%,SCN_GT_GXX::STUCKAT_ALL_GFXSB_K_BEGIN_HITO_GT_NOM_LFM_HRY_RAWSTR%,6361608,6340759,105129
SCN_GT_GXX,gteuside,gt-gtslice0-gtxecore1-gteutop3,GT_GXX,gt,gtslice0,gtxecore1,gteutop3,,86,NVL_GT_SCN,SCN_GT_GXX::CTRL_X_PATMOD_K_BEGIN_X_X_X_X_X_RESET_TOPSKU,SCN_GT_GXX::CTRL_X_AUX_K_PREHVQK_X_X_X_X_X_SET_SKU_LFM,SCN_GT_GXX::CHAIN_ALL_GFXSB_K_BEGIN_HITO_GT_NOM_LFM_HVM_HRY_RAWSTR%,SCN_GT_GXX::STUCKAT_ALL_GFXSB_K_BEGIN_HITO_GT_NOM_LFM_HRY_RAWSTR%,9711074,9663298,140224
SCN_GT_GXX,gteusystop4,gt-gtslice0-gtxecore1-gteusystop4,GT_GXX,gt,gtslice0,gtxecore1,gteusystop4,,1770,NVL_GT_SCN,SCN_GT_GXX::CTRL_X_PATMOD_K_BEGIN_X_X_X_X_X_RESET_TOPSKU,SCN_GT_GXX::CTRL_X_AUX_K_PREHVQK_X_X_X_X_X_SET_SKU_LFM,SCN_GT_GXX::CHAIN_ALL_GFXSB_K_BEGIN_HITO_GT_NOM_LFM_HVM_HRY_RAWSTR%,SCN_GT_GXX::STUCKAT_ALL_GFXSB_K_BEGIN_HITO_GT_NOM_LFM_HRY_RAWSTR%,6394691,6373730,106636
SCN_GT_GXX,gteutop,gt-gtslice0-gtxecore1-gteutop4,GT_GXX,gt,gtslice0,gtxecore1,gteutop4,,87,NVL_GT_SCN,SCN_GT_GXX::CTRL_X_PATMOD_K_BEGIN_X_X_X_X_X_RESET_TOPSKU,SCN_GT_GXX::CTRL_X_AUX_K_PREHVQK_X_X_X_X_X_SET_SKU_LFM,SCN_GT_GXX::CHAIN_ALL_GFXSB_K_BEGIN_HITO_GT_NOM_LFM_HVM_HRY_RAWSTR%,SCN_GT_GXX::STUCKAT_ALL_GFXSB_K_BEGIN_HITO_GT_NOM_LFM_HRY_RAWSTR%,9749809,9701968,140224
SCN_GT_GXX,gteuside,gt-gtslice0-gtxecore1-gteutop5,GT_GXX,gt,gtslice0,gtxecore1,gteutop5,,88,NVL_GT_SCN,SCN_GT_GXX::CTRL_X_PATMOD_K_BEGIN_X_X_X_X_X_RESET_TOPSKU,SCN_GT_GXX::CTRL_X_AUX_K_PREHVQK_X_X_X_X_X_SET_SKU_LFM,SCN_GT_GXX::CHAIN_ALL_GFXSB_K_BEGIN_HITO_GT_NOM_LFM_HVM_HRY_RAWSTR%,SCN_GT_GXX::STUCKAT_ALL_GFXSB_K_BEGIN_HITO_GT_NOM_LFM_HRY_RAWSTR%,9711074,9663298,140224
SCN_GT_GXX,gteusysside,gt-gtslice0-gtxecore1-gteusystop6,GT_GXX,gt,gtslice0,gtxecore1,gteusystop6,,1772,NVL_GT_SCN,SCN_GT_GXX::CTRL_X_PATMOD_K_BEGIN_X_X_X_X_X_RESET_TOPSKU,SCN_GT_GXX::CTRL_X_AUX_K_PREHVQK_X_X_X_X_X_SET_SKU_LFM,SCN_GT_GXX::CHAIN_ALL_GFXSB_K_BEGIN_HITO_GT_NOM_LFM_HVM_HRY_RAWSTR%,SCN_GT_GXX::STUCKAT_ALL_GFXSB_K_BEGIN_HITO_GT_NOM_LFM_HRY_RAWSTR%,6361608,6340759,105129
SCN_GT_GXX,gteuside,gt-gtslice0-gtxecore1-gteutop6,GT_GXX,gt,gtslice0,gtxecore1,gteutop6,,89,NVL_GT_SCN,SCN_GT_GXX::CTRL_X_PATMOD_K_BEGIN_X_X_X_X_X_RESET_TOPSKU,SCN_GT_GXX::CTRL_X_AUX_K_PREHVQK_X_X_X_X_X_SET_SKU_LFM,SCN_GT_GXX::CHAIN_ALL_GFXSB_K_BEGIN_HITO_GT_NOM_LFM_HVM_HRY_RAWSTR%,SCN_GT_GXX::STUCKAT_ALL_GFXSB_K_BEGIN_HITO_GT_NOM_LFM_HRY_RAWSTR%,9711074,9663298,140224
SCN_GT_GXX,gteusysside,gt-gtslice0-gtxecore1-gteusystop7,GT_GXX,gt,gtslice0,gtxecore1,gteusystop7,,1773,NVL_GT_SCN,SCN_GT_GXX::CTRL_X_PATMOD_K_BEGIN_X_X_X_X_X_RESET_TOPSKU,SCN_GT_GXX::CTRL_X_AUX_K_PREHVQK_X_X_X_X_X_SET_SKU_LFM,SCN_GT_GXX::CHAIN_ALL_GFXSB_K_BEGIN_HITO_GT_NOM_LFM_HVM_HRY_RAWSTR%,SCN_GT_GXX::STUCKAT_ALL_GFXSB_K_BEGIN_HITO_GT_NOM_LFM_HRY_RAWSTR%,6361608,6340759,105129
SCN_GT_GXX,gteuside,gt-gtslice0-gtxecore1-gteutop7,GT_GXX,gt,gtslice0,gtxecore1,gteutop7,,90,NVL_GT_SCN,SCN_GT_GXX::CTRL_X_PATMOD_K_BEGIN_X_X_X_X_X_RESET_TOPSKU,SCN_GT_GXX::CTRL_X_AUX_K_PREHVQK_X_X_X_X_X_SET_SKU_LFM,SCN_GT_GXX::CHAIN_ALL_GFXSB_K_BEGIN_HITO_GT_NOM_LFM_HVM_HRY_RAWSTR%,SCN_GT_GXX::STUCKAT_ALL_GFXSB_K_BEGIN_HITO_GT_NOM_LFM_HRY_RAWSTR%,9711074,9663298,140224
SCN_GT_GXX,gtxecorepar2,gt-gtslice0-gtxecore1-gtxecorepar2,GT_GXX,gt,gtslice0,gtxecore1,gtxecorepar2,,94,NVL_GT_SCN,SCN_GT_GXX::CTRL_X_PATMOD_K_BEGIN_X_X_X_X_X_RESET_TOPSKU,SCN_GT_GXX::CTRL_X_AUX_K_PREHVQK_X_X_X_X_X_SET_SKU_LFM,SCN_GT_GXX::CHAIN_ALL_GFXSB_K_BEGIN_HITO_GT_NOM_LFM_HVM_HRY_RAWSTR%,SCN_GT_GXX::STUCKAT_ALL_GFXSB_K_BEGIN_HITO_GT_NOM_LFM_HRY_RAWSTR%,7685097,7626107,100212
SCN_GT_GXX,gteusysside,gt-gtslice0-gtxecore1-gteusystop5,GT_GXX,gt,gtslice0,gtxecore1,gteusystop5,,1771,NVL_GT_SCN,SCN_GT_GXX::CTRL_X_PATMOD_K_BEGIN_X_X_X_X_X_RESET_TOPSKU,SCN_GT_GXX::CTRL_X_AUX_K_PREHVQK_X_X_X_X_X_SET_SKU_LFM,SCN_GT_GXX::CHAIN_ALL_GFXSB_K_BEGIN_HITO_GT_NOM_LFM_HVM_HRY_RAWSTR%,SCN_GT_GXX::STUCKAT_ALL_GFXSB_K_BEGIN_HITO_GT_NOM_LFM_HRY_RAWSTR%,6361608,6340759,105129
SCN_GT_GXX,gtlscbankpar1,gt-gtslice0-gtxecore2-gtlscbankpar1,GT_GXX,gt,gtslice0,gtxecore2,gtlscbankpar1,,106,NVL_GT_SCN,SCN_GT_GXX::CTRL_X_PATMOD_K_BEGIN_X_X_X_X_X_RESET_TOPSKU,SCN_GT_GXX::CTRL_X_AUX_K_PREHVQK_X_X_X_X_X_SET_SKU_LFM,SCN_GT_GXX::CHAIN_ALL_GFXSB_K_BEGIN_HITO_GT_NOM_LFM_HVM_HRY_RAWSTR%,SCN_GT_GXX::STUCKAT_ALL_GFXSB_K_BEGIN_HITO_GT_NOM_LFM_HRY_RAWSTR%,9131573,9007521,180595
SCN_GT_GXX,gtlscnodepar1,gt-gtslice0-gtxecore2-gtlscnodepar1,GT_GXX,gt,gtslice0,gtxecore2,gtlscnodepar1,,107,NVL_GT_SCN,SCN_GT_GXX::CTRL_X_PATMOD_K_BEGIN_X_X_X_X_X_RESET_TOPSKU,SCN_GT_GXX::CTRL_X_AUX_K_PREHVQK_X_X_X_X_X_SET_SKU_LFM,SCN_GT_GXX::CHAIN_ALL_GFXSB_K_BEGIN_HITO_GT_NOM_LFM_HVM_HRY_RAWSTR%,SCN_GT_GXX::STUCKAT_ALL_GFXSB_K_BEGIN_HITO_GT_NOM_LFM_HRY_RAWSTR%,8723346,8643432,141852
SCN_GT_GXX,gtxecorepar1,gt-gtslice0-gtxecore2-gtxecorepar1,GT_GXX,gt,gtslice0,gtxecore2,gtxecorepar1,,108,NVL_GT_SCN,SCN_GT_GXX::CTRL_X_PATMOD_K_BEGIN_X_X_X_X_X_RESET_TOPSKU,SCN_GT_GXX::CTRL_X_AUX_K_PREHVQK_X_X_X_X_X_SET_SKU_LFM,SCN_GT_GXX::CHAIN_ALL_GFXSB_K_BEGIN_HITO_GT_NOM_LFM_HVM_HRY_RAWSTR%,SCN_GT_GXX::STUCKAT_ALL_GFXSB_K_BEGIN_HITO_GT_NOM_LFM_HRY_RAWSTR%,11985757,11899189,168366
SCN_GT_GXX,gtxecorepar3,gt-gtslice0-gtxecore2-gtxecorepar3,GT_GXX,gt,gtslice0,gtxecore2,gtxecorepar3,,110,NVL_GT_SCN,SCN_GT_GXX::CTRL_X_PATMOD_K_BEGIN_X_X_X_X_X_RESET_TOPSKU,SCN_GT_GXX::CTRL_X_AUX_K_PREHVQK_X_X_X_X_X_SET_SKU_LFM,SCN_GT_GXX::CHAIN_ALL_GFXSB_K_BEGIN_HITO_GT_NOM_LFM_HVM_HRY_RAWSTR%,SCN_GT_GXX::STUCKAT_ALL_GFXSB_K_BEGIN_HITO_GT_NOM_LFM_HRY_RAWSTR%,13365253,13272040,270643
SCN_GT_GXX,gtxecorepar4,gt-gtslice0-gtxecore2-gtxecorepar4,GT_GXX,gt,gtslice0,gtxecore2,gtxecorepar4,,111,NVL_GT_SCN,SCN_GT_GXX::CTRL_X_PATMOD_K_BEGIN_X_X_X_X_X_RESET_TOPSKU,SCN_GT_GXX::CTRL_X_AUX_K_PREHVQK_X_X_X_X_X_SET_SKU_LFM,SCN_GT_GXX::CHAIN_ALL_GFXSB_K_BEGIN_HITO_GT_NOM_LFM_HVM_HRY_RAWSTR%,SCN_GT_GXX::STUCKAT_ALL_GFXSB_K_BEGIN_HITO_GT_NOM_LFM_HRY_RAWSTR%,11841780,11789789,160657
SCN_GT_GXX,gtxecorepar5,gt-gtslice0-gtxecore2-gtxecorepar5,GT_GXX,gt,gtslice0,gtxecore2,gtxecorepar5,,112,NVL_GT_SCN,SCN_GT_GXX::CTRL_X_PATMOD_K_BEGIN_X_X_X_X_X_RESET_TOPSKU,SCN_GT_GXX::CTRL_X_AUX_K_PREHVQK_X_X_X_X_X_SET_SKU_LFM,SCN_GT_GXX::CHAIN_ALL_GFXSB_K_BEGIN_HITO_GT_NOM_LFM_HVM_HRY_RAWSTR%,SCN_GT_GXX::STUCKAT_ALL_GFXSB_K_BEGIN_HITO_GT_NOM_LFM_HRY_RAWSTR%,12540921,12467757,218756
SCN_GT_GXX,gteusystop0,gt-gtslice0-gtxecore2-gteusystop0,GT_GXX,gt,gtslice0,gtxecore2,gteusystop0,,1774,NVL_GT_SCN,SCN_GT_GXX::CTRL_X_PATMOD_K_BEGIN_X_X_X_X_X_RESET_TOPSKU,SCN_GT_GXX::CTRL_X_AUX_K_PREHVQK_X_X_X_X_X_SET_SKU_LFM,SCN_GT_GXX::CHAIN_ALL_GFXSB_K_BEGIN_HITO_GT_NOM_LFM_HVM_HRY_RAWSTR%,SCN_GT_GXX::STUCKAT_ALL_GFXSB_K_BEGIN_HITO_GT_NOM_LFM_HRY_RAWSTR%,6398977,6378032,107295
SCN_GT_GXX,gteutop,gt-gtslice0-gtxecore2-gteutop0,GT_GXX,gt,gtslice0,gtxecore2,gteutop0,,98,NVL_GT_SCN,SCN_GT_GXX::CTRL_X_PATMOD_K_BEGIN_X_X_X_X_X_RESET_TOPSKU,SCN_GT_GXX::CTRL_X_AUX_K_PREHVQK_X_X_X_X_X_SET_SKU_LFM,SCN_GT_GXX::CHAIN_ALL_GFXSB_K_BEGIN_HITO_GT_NOM_LFM_HVM_HRY_RAWSTR%,SCN_GT_GXX::STUCKAT_ALL_GFXSB_K_BEGIN_HITO_GT_NOM_LFM_HRY_RAWSTR%,9749809,9701968,140224
SCN_GT_GXX,gteusysalt,gt-gtslice0-gtxecore2-gteusystop1,GT_GXX,gt,gtslice0,gtxecore2,gteusystop1,,1775,NVL_GT_SCN,SCN_GT_GXX::CTRL_X_PATMOD_K_BEGIN_X_X_X_X_X_RESET_TOPSKU,SCN_GT_GXX::CTRL_X_AUX_K_PREHVQK_X_X_X_X_X_SET_SKU_LFM,SCN_GT_GXX::CHAIN_ALL_GFXSB_K_BEGIN_HITO_GT_NOM_LFM_HVM_HRY_RAWSTR%,SCN_GT_GXX::STUCKAT_ALL_GFXSB_K_BEGIN_HITO_GT_NOM_LFM_HRY_RAWSTR%,6337642,6316608,105129
SCN_GT_GXX,gteuside,gt-gtslice0-gtxecore2-gteutop1,GT_GXX,gt,gtslice0,gtxecore2,gteutop1,,99,NVL_GT_SCN,SCN_GT_GXX::CTRL_X_PATMOD_K_BEGIN_X_X_X_X_X_RESET_TOPSKU,SCN_GT_GXX::CTRL_X_AUX_K_PREHVQK_X_X_X_X_X_SET_SKU_LFM,SCN_GT_GXX::CHAIN_ALL_GFXSB_K_BEGIN_HITO_GT_NOM_LFM_HVM_HRY_RAWSTR%,SCN_GT_GXX::STUCKAT_ALL_GFXSB_K_BEGIN_HITO_GT_NOM_LFM_HRY_RAWSTR%,9711074,9663298,140224
SCN_GT_GXX,gteusysside,gt-gtslice0-gtxecore2-gteusystop2,GT_GXX,gt,gtslice0,gtxecore2,gteusystop2,,1776,NVL_GT_SCN,SCN_GT_GXX::CTRL_X_PATMOD_K_BEGIN_X_X_X_X_X_RESET_TOPSKU,SCN_GT_GXX::CTRL_X_AUX_K_PREHVQK_X_X_X_X_X_SET_SKU_LFM,SCN_GT_GXX::CHAIN_ALL_GFXSB_K_BEGIN_HITO_GT_NOM_LFM_HVM_HRY_RAWSTR%,SCN_GT_GXX::STUCKAT_ALL_GFXSB_K_BEGIN_HITO_GT_NOM_LFM_HRY_RAWSTR%,6361608,6340759,105129
SCN_GT_GXX,gteuside,gt-gtslice0-gtxecore2-gteutop2,GT_GXX,gt,gtslice0,gtxecore2,gteutop2,,100,NVL_GT_SCN,SCN_GT_GXX::CTRL_X_PATMOD_K_BEGIN_X_X_X_X_X_RESET_TOPSKU,SCN_GT_GXX::CTRL_X_AUX_K_PREHVQK_X_X_X_X_X_SET_SKU_LFM,SCN_GT_GXX::CHAIN_ALL_GFXSB_K_BEGIN_HITO_GT_NOM_LFM_HVM_HRY_RAWSTR%,SCN_GT_GXX::STUCKAT_ALL_GFXSB_K_BEGIN_HITO_GT_NOM_LFM_HRY_RAWSTR%,9711074,9663298,140224
SCN_GT_GXX,gteusysside,gt-gtslice0-gtxecore2-gteusystop3,GT_GXX,gt,gtslice0,gtxecore2,gteusystop3,,1777,NVL_GT_SCN,SCN_GT_GXX::CTRL_X_PATMOD_K_BEGIN_X_X_X_X_X_RESET_TOPSKU,SCN_GT_GXX::CTRL_X_AUX_K_PREHVQK_X_X_X_X_X_SET_SKU_LFM,SCN_GT_GXX::CHAIN_ALL_GFXSB_K_BEGIN_HITO_GT_NOM_LFM_HVM_HRY_RAWSTR%,SCN_GT_GXX::STUCKAT_ALL_GFXSB_K_BEGIN_HITO_GT_NOM_LFM_HRY_RAWSTR%,6361608,6340759,105129
SCN_GT_GXX,gteuside,gt-gtslice0-gtxecore2-gteutop3,GT_GXX,gt,gtslice0,gtxecore2,gteutop3,,101,NVL_GT_SCN,SCN_GT_GXX::CTRL_X_PATMOD_K_BEGIN_X_X_X_X_X_RESET_TOPSKU,SCN_GT_GXX::CTRL_X_AUX_K_PREHVQK_X_X_X_X_X_SET_SKU_LFM,SCN_GT_GXX::CHAIN_ALL_GFXSB_K_BEGIN_HITO_GT_NOM_LFM_HVM_HRY_RAWSTR%,SCN_GT_GXX::STUCKAT_ALL_GFXSB_K_BEGIN_HITO_GT_NOM_LFM_HRY_RAWSTR%,9711074,9663298,140224
SCN_GT_GXX,gteusystop4,gt-gtslice0-gtxecore2-gteusystop4,GT_GXX,gt,gtslice0,gtxecore2,gteusystop4,,1778,NVL_GT_SCN,SCN_GT_GXX::CTRL_X_PATMOD_K_BEGIN_X_X_X_X_X_RESET_TOPSKU,SCN_GT_GXX::CTRL_X_AUX_K_PREHVQK_X_X_X_X_X_SET_SKU_LFM,SCN_GT_GXX::CHAIN_ALL_GFXSB_K_BEGIN_HITO_GT_NOM_LFM_HVM_HRY_RAWSTR%,SCN_GT_GXX::STUCKAT_ALL_GFXSB_K_BEGIN_HITO_GT_NOM_LFM_HRY_RAWSTR%,6394691,6373730,106636
SCN_GT_GXX,gteutop,gt-gtslice0-gtxecore2-gteutop4,GT_GXX,gt,gtslice0,gtxecore2,gteutop4,,102,NVL_GT_SCN,SCN_GT_GXX::CTRL_X_PATMOD_K_BEGIN_X_X_X_X_X_RESET_TOPSKU,SCN_GT_GXX::CTRL_X_AUX_K_PREHVQK_X_X_X_X_X_SET_SKU_LFM,SCN_GT_GXX::CHAIN_ALL_GFXSB_K_BEGIN_HITO_GT_NOM_LFM_HVM_HRY_RAWSTR%,SCN_GT_GXX::STUCKAT_ALL_GFXSB_K_BEGIN_HITO_GT_NOM_LFM_HRY_RAWSTR%,9749809,9701968,140224
SCN_GT_GXX,gteuside,gt-gtslice0-gtxecore2-gteutop5,GT_GXX,gt,gtslice0,gtxecore2,gteutop5,,103,NVL_GT_SCN,SCN_GT_GXX::CTRL_X_PATMOD_K_BEGIN_X_X_X_X_X_RESET_TOPSKU,SCN_GT_GXX::CTRL_X_AUX_K_PREHVQK_X_X_X_X_X_SET_SKU_LFM,SCN_GT_GXX::CHAIN_ALL_GFXSB_K_BEGIN_HITO_GT_NOM_LFM_HVM_HRY_RAWSTR%,SCN_GT_GXX::STUCKAT_ALL_GFXSB_K_BEGIN_HITO_GT_NOM_LFM_HRY_RAWSTR%,9711074,9663298,140224
SCN_GT_GXX,gteusysside,gt-gtslice0-gtxecore2-gteusystop6,GT_GXX,gt,gtslice0,gtxecore2,gteusystop6,,1780,NVL_GT_SCN,SCN_GT_GXX::CTRL_X_PATMOD_K_BEGIN_X_X_X_X_X_RESET_TOPSKU,SCN_GT_GXX::CTRL_X_AUX_K_PREHVQK_X_X_X_X_X_SET_SKU_LFM,SCN_GT_GXX::CHAIN_ALL_GFXSB_K_BEGIN_HITO_GT_NOM_LFM_HVM_HRY_RAWSTR%,SCN_GT_GXX::STUCKAT_ALL_GFXSB_K_BEGIN_HITO_GT_NOM_LFM_HRY_RAWSTR%,6361608,6340759,105129
SCN_GT_GXX,gteuside,gt-gtslice0-gtxecore2-gteutop6,GT_GXX,gt,gtslice0,gtxecore2,gteutop6,,104,NVL_GT_SCN,SCN_GT_GXX::CTRL_X_PATMOD_K_BEGIN_X_X_X_X_X_RESET_TOPSKU,SCN_GT_GXX::CTRL_X_AUX_K_PREHVQK_X_X_X_X_X_SET_SKU_LFM,SCN_GT_GXX::CHAIN_ALL_GFXSB_K_BEGIN_HITO_GT_NOM_LFM_HVM_HRY_RAWSTR%,SCN_GT_GXX::STUCKAT_ALL_GFXSB_K_BEGIN_HITO_GT_NOM_LFM_HRY_RAWSTR%,9711074,9663298,140224
SCN_GT_GXX,gteusysside,gt-gtslice0-gtxecore2-gteusystop7,GT_GXX,gt,gtslice0,gtxecore2,gteusystop7,,1781,NVL_GT_SCN,SCN_GT_GXX::CTRL_X_PATMOD_K_BEGIN_X_X_X_X_X_RESET_TOPSKU,SCN_GT_GXX::CTRL_X_AUX_K_PREHVQK_X_X_X_X_X_SET_SKU_LFM,SCN_GT_GXX::CHAIN_ALL_GFXSB_K_BEGIN_HITO_GT_NOM_LFM_HVM_HRY_RAWSTR%,SCN_GT_GXX::STUCKAT_ALL_GFXSB_K_BEGIN_HITO_GT_NOM_LFM_HRY_RAWSTR%,6361608,6340759,105129
SCN_GT_GXX,gteuside,gt-gtslice0-gtxecore2-gteutop7,GT_GXX,gt,gtslice0,gtxecore2,gteutop7,,105,NVL_GT_SCN,SCN_GT_GXX::CTRL_X_PATMOD_K_BEGIN_X_X_X_X_X_RESET_TOPSKU,SCN_GT_GXX::CTRL_X_AUX_K_PREHVQK_X_X_X_X_X_SET_SKU_LFM,SCN_GT_GXX::CHAIN_ALL_GFXSB_K_BEGIN_HITO_GT_NOM_LFM_HVM_HRY_RAWSTR%,SCN_GT_GXX::STUCKAT_ALL_GFXSB_K_BEGIN_HITO_GT_NOM_LFM_HRY_RAWSTR%,9711074,9663298,140224
SCN_GT_GXX,gtxecorepar2,gt-gtslice0-gtxecore2-gtxecorepar2,GT_GXX,gt,gtslice0,gtxecore2,gtxecorepar2,,109,NVL_GT_SCN,SCN_GT_GXX::CTRL_X_PATMOD_K_BEGIN_X_X_X_X_X_RESET_TOPSKU,SCN_GT_GXX::CTRL_X_AUX_K_PREHVQK_X_X_X_X_X_SET_SKU_LFM,SCN_GT_GXX::CHAIN_ALL_GFXSB_K_BEGIN_HITO_GT_NOM_LFM_HVM_HRY_RAWSTR%,SCN_GT_GXX::STUCKAT_ALL_GFXSB_K_BEGIN_HITO_GT_NOM_LFM_HRY_RAWSTR%,7685097,7626107,100212
SCN_GT_GXX,gteusysside,gt-gtslice0-gtxecore2-gteusystop5,GT_GXX,gt,gtslice0,gtxecore2,gteusystop5,,1779,NVL_GT_SCN,SCN_GT_GXX::CTRL_X_PATMOD_K_BEGIN_X_X_X_X_X_RESET_TOPSKU,SCN_GT_GXX::CTRL_X_AUX_K_PREHVQK_X_X_X_X_X_SET_SKU_LFM,SCN_GT_GXX::CHAIN_ALL_GFXSB_K_BEGIN_HITO_GT_NOM_LFM_HVM_HRY_RAWSTR%,SCN_GT_GXX::STUCKAT_ALL_GFXSB_K_BEGIN_HITO_GT_NOM_LFM_HRY_RAWSTR%,6361608,6340759,105129
SCN_GT_GXX,gtlscbankpar1,gt-gtslice0-gtxecore3-gtlscbankpar1,GT_GXX,gt,gtslice0,gtxecore3,gtlscbankpar1,,121,NVL_GT_SCN,SCN_GT_GXX::CTRL_X_PATMOD_K_BEGIN_X_X_X_X_X_RESET_TOPSKU,SCN_GT_GXX::CTRL_X_AUX_K_PREHVQK_X_X_X_X_X_SET_SKU_LFM,SCN_GT_GXX::CHAIN_ALL_GFXSB_K_BEGIN_HITO_GT_NOM_LFM_HVM_HRY_RAWSTR%,SCN_GT_GXX::STUCKAT_ALL_GFXSB_K_BEGIN_HITO_GT_NOM_LFM_HRY_RAWSTR%,9131573,9007521,180595
SCN_GT_GXX,gtlscnodepar1,gt-gtslice0-gtxecore3-gtlscnodepar1,GT_GXX,gt,gtslice0,gtxecore3,gtlscnodepar1,,122,NVL_GT_SCN,SCN_GT_GXX::CTRL_X_PATMOD_K_BEGIN_X_X_X_X_X_RESET_TOPSKU,SCN_GT_GXX::CTRL_X_AUX_K_PREHVQK_X_X_X_X_X_SET_SKU_LFM,SCN_GT_GXX::CHAIN_ALL_GFXSB_K_BEGIN_HITO_GT_NOM_LFM_HVM_HRY_RAWSTR%,SCN_GT_GXX::STUCKAT_ALL_GFXSB_K_BEGIN_HITO_GT_NOM_LFM_HRY_RAWSTR%,8723346,8643432,141852
SCN_GT_GXX,gtxecorepar1,gt-gtslice0-gtxecore3-gtxecorepar1,GT_GXX,gt,gtslice0,gtxecore3,gtxecorepar1,,123,NVL_GT_SCN,SCN_GT_GXX::CTRL_X_PATMOD_K_BEGIN_X_X_X_X_X_RESET_TOPSKU,SCN_GT_GXX::CTRL_X_AUX_K_PREHVQK_X_X_X_X_X_SET_SKU_LFM,SCN_GT_GXX::CHAIN_ALL_GFXSB_K_BEGIN_HITO_GT_NOM_LFM_HVM_HRY_RAWSTR%,SCN_GT_GXX::STUCKAT_ALL_GFXSB_K_BEGIN_HITO_GT_NOM_LFM_HRY_RAWSTR%,11985757,11899189,168366
SCN_GT_GXX,gtxecorepar3,gt-gtslice0-gtxecore3-gtxecorepar3,GT_GXX,gt,gtslice0,gtxecore3,gtxecorepar3,,125,NVL_GT_SCN,SCN_GT_GXX::CTRL_X_PATMOD_K_BEGIN_X_X_X_X_X_RESET_TOPSKU,SCN_GT_GXX::CTRL_X_AUX_K_PREHVQK_X_X_X_X_X_SET_SKU_LFM,SCN_GT_GXX::CHAIN_ALL_GFXSB_K_BEGIN_HITO_GT_NOM_LFM_HVM_HRY_RAWSTR%,SCN_GT_GXX::STUCKAT_ALL_GFXSB_K_BEGIN_HITO_GT_NOM_LFM_HRY_RAWSTR%,13365253,13272040,270643
SCN_GT_GXX,gtxecorepar4,gt-gtslice0-gtxecore3-gtxecorepar4,GT_GXX,gt,gtslice0,gtxecore3,gtxecorepar4,,126,NVL_GT_SCN,SCN_GT_GXX::CTRL_X_PATMOD_K_BEGIN_X_X_X_X_X_RESET_TOPSKU,SCN_GT_GXX::CTRL_X_AUX_K_PREHVQK_X_X_X_X_X_SET_SKU_LFM,SCN_GT_GXX::CHAIN_ALL_GFXSB_K_BEGIN_HITO_GT_NOM_LFM_HVM_HRY_RAWSTR%,SCN_GT_GXX::STUCKAT_ALL_GFXSB_K_BEGIN_HITO_GT_NOM_LFM_HRY_RAWSTR%,11841780,11789789,160657
SCN_GT_GXX,gtxecorepar5,gt-gtslice0-gtxecore3-gtxecorepar5,GT_GXX,gt,gtslice0,gtxecore3,gtxecorepar5,,127,NVL_GT_SCN,SCN_GT_GXX::CTRL_X_PATMOD_K_BEGIN_X_X_X_X_X_RESET_TOPSKU,SCN_GT_GXX::CTRL_X_AUX_K_PREHVQK_X_X_X_X_X_SET_SKU_LFM,SCN_GT_GXX::CHAIN_ALL_GFXSB_K_BEGIN_HITO_GT_NOM_LFM_HVM_HRY_RAWSTR%,SCN_GT_GXX::STUCKAT_ALL_GFXSB_K_BEGIN_HITO_GT_NOM_LFM_HRY_RAWSTR%,12540921,12467757,218756
SCN_GT_GXX,gteusystop0,gt-gtslice0-gtxecore3-gteusystop0,GT_GXX,gt,gtslice0,gtxecore3,gteusystop0,,1782,NVL_GT_SCN,SCN_GT_GXX::CTRL_X_PATMOD_K_BEGIN_X_X_X_X_X_RESET_TOPSKU,SCN_GT_GXX::CTRL_X_AUX_K_PREHVQK_X_X_X_X_X_SET_SKU_LFM,SCN_GT_GXX::CHAIN_ALL_GFXSB_K_BEGIN_HITO_GT_NOM_LFM_HVM_HRY_RAWSTR%,SCN_GT_GXX::STUCKAT_ALL_GFXSB_K_BEGIN_HITO_GT_NOM_LFM_HRY_RAWSTR%,6398977,6378032,107295
SCN_GT_GXX,gteutop,gt-gtslice0-gtxecore3-gteutop0,GT_GXX,gt,gtslice0,gtxecore3,gteutop0,,113,NVL_GT_SCN,SCN_GT_GXX::CTRL_X_PATMOD_K_BEGIN_X_X_X_X_X_RESET_TOPSKU,SCN_GT_GXX::CTRL_X_AUX_K_PREHVQK_X_X_X_X_X_SET_SKU_LFM,SCN_GT_GXX::CHAIN_ALL_GFXSB_K_BEGIN_HITO_GT_NOM_LFM_HVM_HRY_RAWSTR%,SCN_GT_GXX::STUCKAT_ALL_GFXSB_K_BEGIN_HITO_GT_NOM_LFM_HRY_RAWSTR%,9749809,9701968,140224
SCN_GT_GXX,gteusysalt,gt-gtslice0-gtxecore3-gteusystop1,GT_GXX,gt,gtslice0,gtxecore3,gteusystop1,,1783,NVL_GT_SCN,SCN_GT_GXX::CTRL_X_PATMOD_K_BEGIN_X_X_X_X_X_RESET_TOPSKU,SCN_GT_GXX::CTRL_X_AUX_K_PREHVQK_X_X_X_X_X_SET_SKU_LFM,SCN_GT_GXX::CHAIN_ALL_GFXSB_K_BEGIN_HITO_GT_NOM_LFM_HVM_HRY_RAWSTR%,SCN_GT_GXX::STUCKAT_ALL_GFXSB_K_BEGIN_HITO_GT_NOM_LFM_HRY_RAWSTR%,6337642,6316608,105129
SCN_GT_GXX,gteuside,gt-gtslice0-gtxecore3-gteutop1,GT_GXX,gt,gtslice0,gtxecore3,gteutop1,,114,NVL_GT_SCN,SCN_GT_GXX::CTRL_X_PATMOD_K_BEGIN_X_X_X_X_X_RESET_TOPSKU,SCN_GT_GXX::CTRL_X_AUX_K_PREHVQK_X_X_X_X_X_SET_SKU_LFM,SCN_GT_GXX::CHAIN_ALL_GFXSB_K_BEGIN_HITO_GT_NOM_LFM_HVM_HRY_RAWSTR%,SCN_GT_GXX::STUCKAT_ALL_GFXSB_K_BEGIN_HITO_GT_NOM_LFM_HRY_RAWSTR%,9711074,9663298,140224
SCN_GT_GXX,gteusysside,gt-gtslice0-gtxecore3-gteusystop2,GT_GXX,gt,gtslice0,gtxecore3,gteusystop2,,1784,NVL_GT_SCN,SCN_GT_GXX::CTRL_X_PATMOD_K_BEGIN_X_X_X_X_X_RESET_TOPSKU,SCN_GT_GXX::CTRL_X_AUX_K_PREHVQK_X_X_X_X_X_SET_SKU_LFM,SCN_GT_GXX::CHAIN_ALL_GFXSB_K_BEGIN_HITO_GT_NOM_LFM_HVM_HRY_RAWSTR%,SCN_GT_GXX::STUCKAT_ALL_GFXSB_K_BEGIN_HITO_GT_NOM_LFM_HRY_RAWSTR%,6361608,6340759,105129
SCN_GT_GXX,gteuside,gt-gtslice0-gtxecore3-gteutop2,GT_GXX,gt,gtslice0,gtxecore3,gteutop2,,115,NVL_GT_SCN,SCN_GT_GXX::CTRL_X_PATMOD_K_BEGIN_X_X_X_X_X_RESET_TOPSKU,SCN_GT_GXX::CTRL_X_AUX_K_PREHVQK_X_X_X_X_X_SET_SKU_LFM,SCN_GT_GXX::CHAIN_ALL_GFXSB_K_BEGIN_HITO_GT_NOM_LFM_HVM_HRY_RAWSTR%,SCN_GT_GXX::STUCKAT_ALL_GFXSB_K_BEGIN_HITO_GT_NOM_LFM_HRY_RAWSTR%,9711074,9663298,140224
SCN_GT_GXX,gteusysside,gt-gtslice0-gtxecore3-gteusystop3,GT_GXX,gt,gtslice0,gtxecore3,gteusystop3,,1785,NVL_GT_SCN,SCN_GT_GXX::CTRL_X_PATMOD_K_BEGIN_X_X_X_X_X_RESET_TOPSKU,SCN_GT_GXX::CTRL_X_AUX_K_PREHVQK_X_X_X_X_X_SET_SKU_LFM,SCN_GT_GXX::CHAIN_ALL_GFXSB_K_BEGIN_HITO_GT_NOM_LFM_HVM_HRY_RAWSTR%,SCN_GT_GXX::STUCKAT_ALL_GFXSB_K_BEGIN_HITO_GT_NOM_LFM_HRY_RAWSTR%,6361608,6340759,105129
SCN_GT_GXX,gteuside,gt-gtslice0-gtxecore3-gteutop3,GT_GXX,gt,gtslice0,gtxecore3,gteutop3,,116,NVL_GT_SCN,SCN_GT_GXX::CTRL_X_PATMOD_K_BEGIN_X_X_X_X_X_RESET_TOPSKU,SCN_GT_GXX::CTRL_X_AUX_K_PREHVQK_X_X_X_X_X_SET_SKU_LFM,SCN_GT_GXX::CHAIN_ALL_GFXSB_K_BEGIN_HITO_GT_NOM_LFM_HVM_HRY_RAWSTR%,SCN_GT_GXX::STUCKAT_ALL_GFXSB_K_BEGIN_HITO_GT_NOM_LFM_HRY_RAWSTR%,9711074,9663298,140224
SCN_GT_GXX,gteusystop4,gt-gtslice0-gtxecore3-gteusystop4,GT_GXX,gt,gtslice0,gtxecore3,gteusystop4,,1786,NVL_GT_SCN,SCN_GT_GXX::CTRL_X_PATMOD_K_BEGIN_X_X_X_X_X_RESET_TOPSKU,SCN_GT_GXX::CTRL_X_AUX_K_PREHVQK_X_X_X_X_X_SET_SKU_LFM,SCN_GT_GXX::CHAIN_ALL_GFXSB_K_BEGIN_HITO_GT_NOM_LFM_HVM_HRY_RAWSTR%,SCN_GT_GXX::STUCKAT_ALL_GFXSB_K_BEGIN_HITO_GT_NOM_LFM_HRY_RAWSTR%,6394691,6373730,106636
SCN_GT_GXX,gteutop,gt-gtslice0-gtxecore3-gteutop4,GT_GXX,gt,gtslice0,gtxecore3,gteutop4,,117,NVL_GT_SCN,SCN_GT_GXX::CTRL_X_PATMOD_K_BEGIN_X_X_X_X_X_RESET_TOPSKU,SCN_GT_GXX::CTRL_X_AUX_K_PREHVQK_X_X_X_X_X_SET_SKU_LFM,SCN_GT_GXX::CHAIN_ALL_GFXSB_K_BEGIN_HITO_GT_NOM_LFM_HVM_HRY_RAWSTR%,SCN_GT_GXX::STUCKAT_ALL_GFXSB_K_BEGIN_HITO_GT_NOM_LFM_HRY_RAWSTR%,9749809,9701968,140224
SCN_GT_GXX,gteuside,gt-gtslice0-gtxecore3-gteutop5,GT_GXX,gt,gtslice0,gtxecore3,gteutop5,,118,NVL_GT_SCN,SCN_GT_GXX::CTRL_X_PATMOD_K_BEGIN_X_X_X_X_X_RESET_TOPSKU,SCN_GT_GXX::CTRL_X_AUX_K_PREHVQK_X_X_X_X_X_SET_SKU_LFM,SCN_GT_GXX::CHAIN_ALL_GFXSB_K_BEGIN_HITO_GT_NOM_LFM_HVM_HRY_RAWSTR%,SCN_GT_GXX::STUCKAT_ALL_GFXSB_K_BEGIN_HITO_GT_NOM_LFM_HRY_RAWSTR%,9711074,9663298,140224
SCN_GT_GXX,gteusysside,gt-gtslice0-gtxecore3-gteusystop6,GT_GXX,gt,gtslice0,gtxecore3,gteusystop6,,1788,NVL_GT_SCN,SCN_GT_GXX::CTRL_X_PATMOD_K_BEGIN_X_X_X_X_X_RESET_TOPSKU,SCN_GT_GXX::CTRL_X_AUX_K_PREHVQK_X_X_X_X_X_SET_SKU_LFM,SCN_GT_GXX::CHAIN_ALL_GFXSB_K_BEGIN_HITO_GT_NOM_LFM_HVM_HRY_RAWSTR%,SCN_GT_GXX::STUCKAT_ALL_GFXSB_K_BEGIN_HITO_GT_NOM_LFM_HRY_RAWSTR%,6361608,6340759,105129
SCN_GT_GXX,gteuside,gt-gtslice0-gtxecore3-gteutop6,GT_GXX,gt,gtslice0,gtxecore3,gteutop6,,119,NVL_GT_SCN,SCN_GT_GXX::CTRL_X_PATMOD_K_BEGIN_X_X_X_X_X_RESET_TOPSKU,SCN_GT_GXX::CTRL_X_AUX_K_PREHVQK_X_X_X_X_X_SET_SKU_LFM,SCN_GT_GXX::CHAIN_ALL_GFXSB_K_BEGIN_HITO_GT_NOM_LFM_HVM_HRY_RAWSTR%,SCN_GT_GXX::STUCKAT_ALL_GFXSB_K_BEGIN_HITO_GT_NOM_LFM_HRY_RAWSTR%,9711074,9663298,140224
SCN_GT_GXX,gteusysside,gt-gtslice0-gtxecore3-gteusystop7,GT_GXX,gt,gtslice0,gtxecore3,gteusystop7,,1789,NVL_GT_SCN,SCN_GT_GXX::CTRL_X_PATMOD_K_BEGIN_X_X_X_X_X_RESET_TOPSKU,SCN_GT_GXX::CTRL_X_AUX_K_PREHVQK_X_X_X_X_X_SET_SKU_LFM,SCN_GT_GXX::CHAIN_ALL_GFXSB_K_BEGIN_HITO_GT_NOM_LFM_HVM_HRY_RAWSTR%,SCN_GT_GXX::STUCKAT_ALL_GFXSB_K_BEGIN_HITO_GT_NOM_LFM_HRY_RAWSTR%,6361608,6340759,105129
SCN_GT_GXX,gteuside,gt-gtslice0-gtxecore3-gteutop7,GT_GXX,gt,gtslice0,gtxecore3,gteutop7,,120,NVL_GT_SCN,SCN_GT_GXX::CTRL_X_PATMOD_K_BEGIN_X_X_X_X_X_RESET_TOPSKU,SCN_GT_GXX::CTRL_X_AUX_K_PREHVQK_X_X_X_X_X_SET_SKU_LFM,SCN_GT_GXX::CHAIN_ALL_GFXSB_K_BEGIN_HITO_GT_NOM_LFM_HVM_HRY_RAWSTR%,SCN_GT_GXX::STUCKAT_ALL_GFXSB_K_BEGIN_HITO_GT_NOM_LFM_HRY_RAWSTR%,9711074,9663298,140224
SCN_GT_GXX,gtxecorepar2,gt-gtslice0-gtxecore3-gtxecorepar2,GT_GXX,gt,gtslice0,gtxecore3,gtxecorepar2,,124,NVL_GT_SCN,SCN_GT_GXX::CTRL_X_PATMOD_K_BEGIN_X_X_X_X_X_RESET_TOPSKU,SCN_GT_GXX::CTRL_X_AUX_K_PREHVQK_X_X_X_X_X_SET_SKU_LFM,SCN_GT_GXX::CHAIN_ALL_GFXSB_K_BEGIN_HITO_GT_NOM_LFM_HVM_HRY_RAWSTR%,SCN_GT_GXX::STUCKAT_ALL_GFXSB_K_BEGIN_HITO_GT_NOM_LFM_HRY_RAWSTR%,7685097,7626107,100212
SCN_GT_GXX,gteusysside,gt-gtslice0-gtxecore3-gteusystop5,GT_GXX,gt,gtslice0,gtxecore3,gteusystop5,,1787,NVL_GT_SCN,SCN_GT_GXX::CTRL_X_PATMOD_K_BEGIN_X_X_X_X_X_RESET_TOPSKU,SCN_GT_GXX::CTRL_X_AUX_K_PREHVQK_X_X_X_X_X_SET_SKU_LFM,SCN_GT_GXX::CHAIN_ALL_GFXSB_K_BEGIN_HITO_GT_NOM_LFM_HVM_HRY_RAWSTR%,SCN_GT_GXX::STUCKAT_ALL_GFXSB_K_BEGIN_HITO_GT_NOM_LFM_HRY_RAWSTR%,6361608,6340759,105129
SCN_GT_GXX,gtrasterpar2,gt-gtslice0-gtsc-gtrasterpar2,GT_GXX,gt,gtslice0,gtsc,gtrasterpar2,,48,NVL_GT_SCN,SCN_GT_GXX::CTRL_X_PATMOD_K_BEGIN_X_X_X_X_X_RESET_TOPSKU,SCN_GT_GXX::CTRL_X_AUX_K_PREHVQK_X_X_X_X_X_SET_SKU_LFM,SCN_GT_GXX::CHAIN_ALL_GFXSB_K_BEGIN_HITO_GT_NOM_LFM_HVM_HRY_RAWSTR%,SCN_GT_GXX::STUCKAT_ALL_GFXSB_K_BEGIN_HITO_GT_NOM_LFM_HRY_RAWSTR%,10762799,10627137,228584
SCN_GT_GXX,gtrasterpar3,gt-gtslice0-gtsc-gtrasterpar3,GT_GXX,gt,gtslice0,gtsc,gtrasterpar3,,49,NVL_GT_SCN,SCN_GT_GXX::CTRL_X_PATMOD_K_BEGIN_X_X_X_X_X_RESET_TOPSKU,SCN_GT_GXX::CTRL_X_AUX_K_PREHVQK_X_X_X_X_X_SET_SKU_LFM,SCN_GT_GXX::CHAIN_ALL_GFXSB_K_BEGIN_HITO_GT_NOM_LFM_HVM_HRY_RAWSTR%,SCN_GT_GXX::STUCKAT_ALL_GFXSB_K_BEGIN_HITO_GT_NOM_LFM_HRY_RAWSTR%,11549858,11485157,269146
SCN_GT_GXX,gtcpipepar1,gt-gtslice0-gtsc-gtscpipe0-gtcpipepar1,GT_GXX,gt,gtslice0,gtsc,gtscpipe0,gtcpipepar1,50,NVL_GT_SCN,SCN_GT_GXX::CTRL_X_PATMOD_K_BEGIN_X_X_X_X_X_RESET_TOPSKU,SCN_GT_GXX::CTRL_X_AUX_K_PREHVQK_X_X_X_X_X_SET_SKU_LFM,SCN_GT_GXX::CHAIN_ALL_GFXSB_K_BEGIN_HITO_GT_NOM_LFM_HVM_HRY_RAWSTR%,SCN_GT_GXX::STUCKAT_ALL_GFXSB_K_BEGIN_HITO_GT_NOM_LFM_HRY_RAWSTR%,10746850,10696909,194538
SCN_GT_GXX,gtcpipepar2,gt-gtslice0-gtsc-gtscpipe0-gtcpipepar2,GT_GXX,gt,gtslice0,gtsc,gtscpipe0,gtcpipepar2,51,NVL_GT_SCN,SCN_GT_GXX::CTRL_X_PATMOD_K_BEGIN_X_X_X_X_X_RESET_TOPSKU,SCN_GT_GXX::CTRL_X_AUX_K_PREHVQK_X_X_X_X_X_SET_SKU_LFM,SCN_GT_GXX::CHAIN_ALL_GFXSB_K_BEGIN_HITO_GT_NOM_LFM_HVM_HRY_RAWSTR%,SCN_GT_GXX::STUCKAT_ALL_GFXSB_K_BEGIN_HITO_GT_NOM_LFM_HRY_RAWSTR%,10756187,10689922,230394
SCN_GT_GXX,gtfixpar1,gt-gtslice0-gtsc-gtscpipe0-gtfixpar1,GT_GXX,gt,gtslice0,gtsc,gtscpipe0,gtfixpar1,52,NVL_GT_SCN,SCN_GT_GXX::CTRL_X_PATMOD_K_BEGIN_X_X_X_X_X_RESET_TOPSKU,SCN_GT_GXX::CTRL_X_AUX_K_PREHVQK_X_X_X_X_X_SET_SKU_LFM,SCN_GT_GXX::CHAIN_ALL_GFXSB_K_BEGIN_HITO_GT_NOM_LFM_HVM_HRY_RAWSTR%,SCN_GT_GXX::STUCKAT_ALL_GFXSB_K_BEGIN_HITO_GT_NOM_LFM_HRY_RAWSTR%,4895039,4724601,86543
SCN_GT_GXX,gtfixpar2,gt-gtslice0-gtsc-gtscpipe0-gtfixpar2,GT_GXX,gt,gtslice0,gtsc,gtscpipe0,gtfixpar2,53,NVL_GT_SCN,SCN_GT_GXX::CTRL_X_PATMOD_K_BEGIN_X_X_X_X_X_RESET_TOPSKU,SCN_GT_GXX::CTRL_X_AUX_K_PREHVQK_X_X_X_X_X_SET_SKU_LFM,SCN_GT_GXX::CHAIN_ALL_GFXSB_K_BEGIN_HITO_GT_NOM_LFM_HVM_HRY_RAWSTR%,SCN_GT_GXX::STUCKAT_ALL_GFXSB_K_BEGIN_HITO_GT_NOM_LFM_HRY_RAWSTR%,13679498,13553314,259495
SCN_GT_GXX,gtfixpar3,gt-gtslice0-gtsc-gtscpipe0-gtfixpar3,GT_GXX,gt,gtslice0,gtsc,gtscpipe0,gtfixpar3,54,NVL_GT_SCN,SCN_GT_GXX::CTRL_X_PATMOD_K_BEGIN_X_X_X_X_X_RESET_TOPSKU,SCN_GT_GXX::CTRL_X_AUX_K_PREHVQK_X_X_X_X_X_SET_SKU_LFM,SCN_GT_GXX::CHAIN_ALL_GFXSB_K_BEGIN_HITO_GT_NOM_LFM_HVM_HRY_RAWSTR%,SCN_GT_GXX::STUCKAT_ALL_GFXSB_K_BEGIN_HITO_GT_NOM_LFM_HRY_RAWSTR%,10627088,10527045,224971
SCN_GT_GXX,gtstlbpar1,gt-gtslice0-gtsc-gtscpipe0-gtstlbpar1,GT_GXX,gt,gtslice0,gtsc,gtscpipe0,gtstlbpar1,55,NVL_GT_SCN,SCN_GT_GXX::CTRL_X_PATMOD_K_BEGIN_X_X_X_X_X_RESET_TOPSKU,SCN_GT_GXX::CTRL_X_AUX_K_PREHVQK_X_X_X_X_X_SET_SKU_LFM,SCN_GT_GXX::CHAIN_ALL_GFXSB_K_BEGIN_HITO_GT_NOM_LFM_HVM_HRY_RAWSTR%,SCN_GT_GXX::STUCKAT_ALL_GFXSB_K_BEGIN_HITO_GT_NOM_LFM_HRY_RAWSTR%,6105618,6061686,103677
SCN_GT_GXX,gtxetlbpar1,gt-gtslice0-gtsc-gtscpipe0-gtxetlbpar1,GT_GXX,gt,gtslice0,gtsc,gtscpipe0,gtxetlbpar1,56,NVL_GT_SCN,SCN_GT_GXX::CTRL_X_PATMOD_K_BEGIN_X_X_X_X_X_RESET_TOPSKU,SCN_GT_GXX::CTRL_X_AUX_K_PREHVQK_X_X_X_X_X_SET_SKU_LFM,SCN_GT_GXX::CHAIN_ALL_GFXSB_K_BEGIN_HITO_GT_NOM_LFM_HVM_HRY_RAWSTR%,SCN_GT_GXX::STUCKAT_ALL_GFXSB_K_BEGIN_HITO_GT_NOM_LFM_HRY_RAWSTR%,6576463,6504549,121628
SCN_GT_GXX,gtxetlbpar2,gt-gtslice0-gtsc-gtscpipe0-gtxetlbpar2,GT_GXX,gt,gtslice0,gtsc,gtscpipe0,gtxetlbpar2,57,NVL_GT_SCN,SCN_GT_GXX::CTRL_X_PATMOD_K_BEGIN_X_X_X_X_X_RESET_TOPSKU,SCN_GT_GXX::CTRL_X_AUX_K_PREHVQK_X_X_X_X_X_SET_SKU_LFM,SCN_GT_GXX::CHAIN_ALL_GFXSB_K_BEGIN_HITO_GT_NOM_LFM_HVM_HRY_RAWSTR%,SCN_GT_GXX::STUCKAT_ALL_GFXSB_K_BEGIN_HITO_GT_NOM_LFM_HRY_RAWSTR%,10665366,10573421,126009
SCN_GT_GXX,gtzpipepar1,gt-gtslice0-gtsc-gtscpipe0-gtzpipepar1,GT_GXX,gt,gtslice0,gtsc,gtscpipe0,gtzpipepar1,58,NVL_GT_SCN,SCN_GT_GXX::CTRL_X_PATMOD_K_BEGIN_X_X_X_X_X_RESET_TOPSKU,SCN_GT_GXX::CTRL_X_AUX_K_PREHVQK_X_X_X_X_X_SET_SKU_LFM,SCN_GT_GXX::CHAIN_ALL_GFXSB_K_BEGIN_HITO_GT_NOM_LFM_HVM_HRY_RAWSTR%,SCN_GT_GXX::STUCKAT_ALL_GFXSB_K_BEGIN_HITO_GT_NOM_LFM_HRY_RAWSTR%,11122704,11025644,266022
SCN_GT_GXX,gtcpipepar1,gt-gtslice0-gtsc-gtscpipe1-gtcpipepar1,GT_GXX,gt,gtslice0,gtsc,gtscpipe1,gtcpipepar1,59,NVL_GT_SCN,SCN_GT_GXX::CTRL_X_PATMOD_K_BEGIN_X_X_X_X_X_RESET_TOPSKU,SCN_GT_GXX::CTRL_X_AUX_K_PREHVQK_X_X_X_X_X_SET_SKU_LFM,SCN_GT_GXX::CHAIN_ALL_GFXSB_K_BEGIN_HITO_GT_NOM_LFM_HVM_HRY_RAWSTR%,SCN_GT_GXX::STUCKAT_ALL_GFXSB_K_BEGIN_HITO_GT_NOM_LFM_HRY_RAWSTR%,10746850,10696909,194538
SCN_GT_GXX,gtcpipepar2,gt-gtslice0-gtsc-gtscpipe1-gtcpipepar2,GT_GXX,gt,gtslice0,gtsc,gtscpipe1,gtcpipepar2,60,NVL_GT_SCN,SCN_GT_GXX::CTRL_X_PATMOD_K_BEGIN_X_X_X_X_X_RESET_TOPSKU,SCN_GT_GXX::CTRL_X_AUX_K_PREHVQK_X_X_X_X_X_SET_SKU_LFM,SCN_GT_GXX::CHAIN_ALL_GFXSB_K_BEGIN_HITO_GT_NOM_LFM_HVM_HRY_RAWSTR%,SCN_GT_GXX::STUCKAT_ALL_GFXSB_K_BEGIN_HITO_GT_NOM_LFM_HRY_RAWSTR%,10756187,10689922,230394
SCN_GT_GXX,gtfixpar1,gt-gtslice0-gtsc-gtscpipe1-gtfixpar1,GT_GXX,gt,gtslice0,gtsc,gtscpipe1,gtfixpar1,61,NVL_GT_SCN,SCN_GT_GXX::CTRL_X_PATMOD_K_BEGIN_X_X_X_X_X_RESET_TOPSKU,SCN_GT_GXX::CTRL_X_AUX_K_PREHVQK_X_X_X_X_X_SET_SKU_LFM,SCN_GT_GXX::CHAIN_ALL_GFXSB_K_BEGIN_HITO_GT_NOM_LFM_HVM_HRY_RAWSTR%,SCN_GT_GXX::STUCKAT_ALL_GFXSB_K_BEGIN_HITO_GT_NOM_LFM_HRY_RAWSTR%,4895039,4724601,86543
SCN_GT_GXX,gtfixpar2,gt-gtslice0-gtsc-gtscpipe1-gtfixpar2,GT_GXX,gt,gtslice0,gtsc,gtscpipe1,gtfixpar2,62,NVL_GT_SCN,SCN_GT_GXX::CTRL_X_PATMOD_K_BEGIN_X_X_X_X_X_RESET_TOPSKU,SCN_GT_GXX::CTRL_X_AUX_K_PREHVQK_X_X_X_X_X_SET_SKU_LFM,SCN_GT_GXX::CHAIN_ALL_GFXSB_K_BEGIN_HITO_GT_NOM_LFM_HVM_HRY_RAWSTR%,SCN_GT_GXX::STUCKAT_ALL_GFXSB_K_BEGIN_HITO_GT_NOM_LFM_HRY_RAWSTR%,13679498,13553314,259495
SCN_GT_GXX,gtfixpar3,gt-gtslice0-gtsc-gtscpipe1-gtfixpar3,GT_GXX,gt,gtslice0,gtsc,gtscpipe1,gtfixpar3,63,NVL_GT_SCN,SCN_GT_GXX::CTRL_X_PATMOD_K_BEGIN_X_X_X_X_X_RESET_TOPSKU,SCN_GT_GXX::CTRL_X_AUX_K_PREHVQK_X_X_X_X_X_SET_SKU_LFM,SCN_GT_GXX::CHAIN_ALL_GFXSB_K_BEGIN_HITO_GT_NOM_LFM_HVM_HRY_RAWSTR%,SCN_GT_GXX::STUCKAT_ALL_GFXSB_K_BEGIN_HITO_GT_NOM_LFM_HRY_RAWSTR%,10627088,10527045,224971
SCN_GT_GXX,gtstlbpar1,gt-gtslice0-gtsc-gtscpipe1-gtstlbpar1,GT_GXX,gt,gtslice0,gtsc,gtscpipe1,gtstlbpar1,64,NVL_GT_SCN,SCN_GT_GXX::CTRL_X_PATMOD_K_BEGIN_X_X_X_X_X_RESET_TOPSKU,SCN_GT_GXX::CTRL_X_AUX_K_PREHVQK_X_X_X_X_X_SET_SKU_LFM,SCN_GT_GXX::CHAIN_ALL_GFXSB_K_BEGIN_HITO_GT_NOM_LFM_HVM_HRY_RAWSTR%,SCN_GT_GXX::STUCKAT_ALL_GFXSB_K_BEGIN_HITO_GT_NOM_LFM_HRY_RAWSTR%,6105618,6061686,103677
SCN_GT_GXX,gtxetlbpar1,gt-gtslice0-gtsc-gtscpipe1-gtxetlbpar1,GT_GXX,gt,gtslice0,gtsc,gtscpipe1,gtxetlbpar1,65,NVL_GT_SCN,SCN_GT_GXX::CTRL_X_PATMOD_K_BEGIN_X_X_X_X_X_RESET_TOPSKU,SCN_GT_GXX::CTRL_X_AUX_K_PREHVQK_X_X_X_X_X_SET_SKU_LFM,SCN_GT_GXX::CHAIN_ALL_GFXSB_K_BEGIN_HITO_GT_NOM_LFM_HVM_HRY_RAWSTR%,SCN_GT_GXX::STUCKAT_ALL_GFXSB_K_BEGIN_HITO_GT_NOM_LFM_HRY_RAWSTR%,6576463,6504549,121628
SCN_GT_GXX,gtxetlbpar2,gt-gtslice0-gtsc-gtscpipe1-gtxetlbpar2,GT_GXX,gt,gtslice0,gtsc,gtscpipe1,gtxetlbpar2,66,NVL_GT_SCN,SCN_GT_GXX::CTRL_X_PATMOD_K_BEGIN_X_X_X_X_X_RESET_TOPSKU,SCN_GT_GXX::CTRL_X_AUX_K_PREHVQK_X_X_X_X_X_SET_SKU_LFM,SCN_GT_GXX::CHAIN_ALL_GFXSB_K_BEGIN_HITO_GT_NOM_LFM_HVM_HRY_RAWSTR%,SCN_GT_GXX::STUCKAT_ALL_GFXSB_K_BEGIN_HITO_GT_NOM_LFM_HRY_RAWSTR%,10665366,10573421,126009
SCN_GT_GXX,gtzpipepar1,gt-gtslice0-gtsc-gtscpipe1-gtzpipepar1,GT_GXX,gt,gtslice0,gtsc,gtscpipe1,gtzpipepar1,67,NVL_GT_SCN,SCN_GT_GXX::CTRL_X_PATMOD_K_BEGIN_X_X_X_X_X_RESET_TOPSKU,SCN_GT_GXX::CTRL_X_AUX_K_PREHVQK_X_X_X_X_X_SET_SKU_LFM,SCN_GT_GXX::CHAIN_ALL_GFXSB_K_BEGIN_HITO_GT_NOM_LFM_HVM_HRY_RAWSTR%,SCN_GT_GXX::STUCKAT_ALL_GFXSB_K_BEGIN_HITO_GT_NOM_LFM_HRY_RAWSTR%,11122704,11025644,266022
SCN_GT_GXX,gtrasterpar1,gt-gtslice0-gtsc-gtrasterpar1,GT_GXX,gt,gtslice0,gtsc,gtrasterpar1,,47,NVL_GT_SCN,SCN_GT_GXX::CTRL_X_PATMOD_K_BEGIN_X_X_X_X_X_RESET_TOPSKU,SCN_GT_GXX::CTRL_X_AUX_K_PREHVQK_X_X_X_X_X_SET_SKU_LFM,SCN_GT_GXX::CHAIN_ALL_GFXSB_K_BEGIN_HITO_GT_NOM_LFM_HVM_HRY_RAWSTR%,SCN_GT_GXX::STUCKAT_ALL_GFXSB_K_BEGIN_HITO_GT_NOM_LFM_HRY_RAWSTR%,12503971,12385578,201027
SCN_GT_GXX,gtlscbankpar1,gt-gtslice1-gtxecore0-gtlscbankpar1,GT_GXX,gt,gtslice1,gtxecore0,gtlscbankpar1,,157,NVL_GT_SCN,SCN_GT_GXX::CTRL_X_PATMOD_K_BEGIN_X_X_X_X_X_RESET_TOPSKU,SCN_GT_GXX::CTRL_X_AUX_K_PREHVQK_X_X_X_X_X_SET_SKU_LFM,SCN_GT_GXX::CHAIN_ALL_GFXSB_K_BEGIN_HITO_GT_NOM_LFM_HVM_HRY_RAWSTR%,SCN_GT_GXX::STUCKAT_ALL_GFXSB_K_BEGIN_HITO_GT_NOM_LFM_HRY_RAWSTR%,9131573,9007521,180595
SCN_GT_GXX,gtlscnodepar1,gt-gtslice1-gtxecore0-gtlscnodepar1,GT_GXX,gt,gtslice1,gtxecore0,gtlscnodepar1,,158,NVL_GT_SCN,SCN_GT_GXX::CTRL_X_PATMOD_K_BEGIN_X_X_X_X_X_RESET_TOPSKU,SCN_GT_GXX::CTRL_X_AUX_K_PREHVQK_X_X_X_X_X_SET_SKU_LFM,SCN_GT_GXX::CHAIN_ALL_GFXSB_K_BEGIN_HITO_GT_NOM_LFM_HVM_HRY_RAWSTR%,SCN_GT_GXX::STUCKAT_ALL_GFXSB_K_BEGIN_HITO_GT_NOM_LFM_HRY_RAWSTR%,8723346,8643432,141852
SCN_GT_GXX,gtxecorepar1,gt-gtslice1-gtxecore0-gtxecorepar1,GT_GXX,gt,gtslice1,gtxecore0,gtxecorepar1,,159,NVL_GT_SCN,SCN_GT_GXX::CTRL_X_PATMOD_K_BEGIN_X_X_X_X_X_RESET_TOPSKU,SCN_GT_GXX::CTRL_X_AUX_K_PREHVQK_X_X_X_X_X_SET_SKU_LFM,SCN_GT_GXX::CHAIN_ALL_GFXSB_K_BEGIN_HITO_GT_NOM_LFM_HVM_HRY_RAWSTR%,SCN_GT_GXX::STUCKAT_ALL_GFXSB_K_BEGIN_HITO_GT_NOM_LFM_HRY_RAWSTR%,11985757,11899189,168366
SCN_GT_GXX,gtxecorepar3,gt-gtslice1-gtxecore0-gtxecorepar3,GT_GXX,gt,gtslice1,gtxecore0,gtxecorepar3,,161,NVL_GT_SCN,SCN_GT_GXX::CTRL_X_PATMOD_K_BEGIN_X_X_X_X_X_RESET_TOPSKU,SCN_GT_GXX::CTRL_X_AUX_K_PREHVQK_X_X_X_X_X_SET_SKU_LFM,SCN_GT_GXX::CHAIN_ALL_GFXSB_K_BEGIN_HITO_GT_NOM_LFM_HVM_HRY_RAWSTR%,SCN_GT_GXX::STUCKAT_ALL_GFXSB_K_BEGIN_HITO_GT_NOM_LFM_HRY_RAWSTR%,13365253,13272040,270643
SCN_GT_GXX,gtxecorepar4,gt-gtslice1-gtxecore0-gtxecorepar4,GT_GXX,gt,gtslice1,gtxecore0,gtxecorepar4,,162,NVL_GT_SCN,SCN_GT_GXX::CTRL_X_PATMOD_K_BEGIN_X_X_X_X_X_RESET_TOPSKU,SCN_GT_GXX::CTRL_X_AUX_K_PREHVQK_X_X_X_X_X_SET_SKU_LFM,SCN_GT_GXX::CHAIN_ALL_GFXSB_K_BEGIN_HITO_GT_NOM_LFM_HVM_HRY_RAWSTR%,SCN_GT_GXX::STUCKAT_ALL_GFXSB_K_BEGIN_HITO_GT_NOM_LFM_HRY_RAWSTR%,11841780,11789789,160657
SCN_GT_GXX,gtxecorepar5,gt-gtslice1-gtxecore0-gtxecorepar5,GT_GXX,gt,gtslice1,gtxecore0,gtxecorepar5,,163,NVL_GT_SCN,SCN_GT_GXX::CTRL_X_PATMOD_K_BEGIN_X_X_X_X_X_RESET_TOPSKU,SCN_GT_GXX::CTRL_X_AUX_K_PREHVQK_X_X_X_X_X_SET_SKU_LFM,SCN_GT_GXX::CHAIN_ALL_GFXSB_K_BEGIN_HITO_GT_NOM_LFM_HVM_HRY_RAWSTR%,SCN_GT_GXX::STUCKAT_ALL_GFXSB_K_BEGIN_HITO_GT_NOM_LFM_HRY_RAWSTR%,12540921,12467757,218756
SCN_GT_GXX,gteusystop0,gt-gtslice1-gtxecore0-gteusystop0,GT_GXX,gt,gtslice1,gtxecore0,gteusystop0,,1790,NVL_GT_SCN,SCN_GT_GXX::CTRL_X_PATMOD_K_BEGIN_X_X_X_X_X_RESET_TOPSKU,SCN_GT_GXX::CTRL_X_AUX_K_PREHVQK_X_X_X_X_X_SET_SKU_LFM,SCN_GT_GXX::CHAIN_ALL_GFXSB_K_BEGIN_HITO_GT_NOM_LFM_HVM_HRY_RAWSTR%,SCN_GT_GXX::STUCKAT_ALL_GFXSB_K_BEGIN_HITO_GT_NOM_LFM_HRY_RAWSTR%,6398977,6378032,107295
SCN_GT_GXX,gteutop,gt-gtslice1-gtxecore0-gteutop0,GT_GXX,gt,gtslice1,gtxecore0,gteutop0,,149,NVL_GT_SCN,SCN_GT_GXX::CTRL_X_PATMOD_K_BEGIN_X_X_X_X_X_RESET_TOPSKU,SCN_GT_GXX::CTRL_X_AUX_K_PREHVQK_X_X_X_X_X_SET_SKU_LFM,SCN_GT_GXX::CHAIN_ALL_GFXSB_K_BEGIN_HITO_GT_NOM_LFM_HVM_HRY_RAWSTR%,SCN_GT_GXX::STUCKAT_ALL_GFXSB_K_BEGIN_HITO_GT_NOM_LFM_HRY_RAWSTR%,9749809,9701968,140224
SCN_GT_GXX,gteusysalt,gt-gtslice1-gtxecore0-gteusystop1,GT_GXX,gt,gtslice1,gtxecore0,gteusystop1,,1791,NVL_GT_SCN,SCN_GT_GXX::CTRL_X_PATMOD_K_BEGIN_X_X_X_X_X_RESET_TOPSKU,SCN_GT_GXX::CTRL_X_AUX_K_PREHVQK_X_X_X_X_X_SET_SKU_LFM,SCN_GT_GXX::CHAIN_ALL_GFXSB_K_BEGIN_HITO_GT_NOM_LFM_HVM_HRY_RAWSTR%,SCN_GT_GXX::STUCKAT_ALL_GFXSB_K_BEGIN_HITO_GT_NOM_LFM_HRY_RAWSTR%,6337642,6316608,105129
SCN_GT_GXX,gteuside,gt-gtslice1-gtxecore0-gteutop1,GT_GXX,gt,gtslice1,gtxecore0,gteutop1,,150,NVL_GT_SCN,SCN_GT_GXX::CTRL_X_PATMOD_K_BEGIN_X_X_X_X_X_RESET_TOPSKU,SCN_GT_GXX::CTRL_X_AUX_K_PREHVQK_X_X_X_X_X_SET_SKU_LFM,SCN_GT_GXX::CHAIN_ALL_GFXSB_K_BEGIN_HITO_GT_NOM_LFM_HVM_HRY_RAWSTR%,SCN_GT_GXX::STUCKAT_ALL_GFXSB_K_BEGIN_HITO_GT_NOM_LFM_HRY_RAWSTR%,9711074,9663298,140224
SCN_GT_GXX,gteusysside,gt-gtslice1-gtxecore0-gteusystop2,GT_GXX,gt,gtslice1,gtxecore0,gteusystop2,,1792,NVL_GT_SCN,SCN_GT_GXX::CTRL_X_PATMOD_K_BEGIN_X_X_X_X_X_RESET_TOPSKU,SCN_GT_GXX::CTRL_X_AUX_K_PREHVQK_X_X_X_X_X_SET_SKU_LFM,SCN_GT_GXX::CHAIN_ALL_GFXSB_K_BEGIN_HITO_GT_NOM_LFM_HVM_HRY_RAWSTR%,SCN_GT_GXX::STUCKAT_ALL_GFXSB_K_BEGIN_HITO_GT_NOM_LFM_HRY_RAWSTR%,6361608,6340759,105129
SCN_GT_GXX,gteuside,gt-gtslice1-gtxecore0-gteutop2,GT_GXX,gt,gtslice1,gtxecore0,gteutop2,,151,NVL_GT_SCN,SCN_GT_GXX::CTRL_X_PATMOD_K_BEGIN_X_X_X_X_X_RESET_TOPSKU,SCN_GT_GXX::CTRL_X_AUX_K_PREHVQK_X_X_X_X_X_SET_SKU_LFM,SCN_GT_GXX::CHAIN_ALL_GFXSB_K_BEGIN_HITO_GT_NOM_LFM_HVM_HRY_RAWSTR%,SCN_GT_GXX::STUCKAT_ALL_GFXSB_K_BEGIN_HITO_GT_NOM_LFM_HRY_RAWSTR%,9711074,9663298,140224
SCN_GT_GXX,gteusysside,gt-gtslice1-gtxecore0-gteusystop3,GT_GXX,gt,gtslice1,gtxecore0,gteusystop3,,1793,NVL_GT_SCN,SCN_GT_GXX::CTRL_X_PATMOD_K_BEGIN_X_X_X_X_X_RESET_TOPSKU,SCN_GT_GXX::CTRL_X_AUX_K_PREHVQK_X_X_X_X_X_SET_SKU_LFM,SCN_GT_GXX::CHAIN_ALL_GFXSB_K_BEGIN_HITO_GT_NOM_LFM_HVM_HRY_RAWSTR%,SCN_GT_GXX::STUCKAT_ALL_GFXSB_K_BEGIN_HITO_GT_NOM_LFM_HRY_RAWSTR%,6361608,6340759,105129
SCN_GT_GXX,gteuside,gt-gtslice1-gtxecore0-gteutop3,GT_GXX,gt,gtslice1,gtxecore0,gteutop3,,152,NVL_GT_SCN,SCN_GT_GXX::CTRL_X_PATMOD_K_BEGIN_X_X_X_X_X_RESET_TOPSKU,SCN_GT_GXX::CTRL_X_AUX_K_PREHVQK_X_X_X_X_X_SET_SKU_LFM,SCN_GT_GXX::CHAIN_ALL_GFXSB_K_BEGIN_HITO_GT_NOM_LFM_HVM_HRY_RAWSTR%,SCN_GT_GXX::STUCKAT_ALL_GFXSB_K_BEGIN_HITO_GT_NOM_LFM_HRY_RAWSTR%,9711074,9663298,140224
SCN_GT_GXX,gteusystop4,gt-gtslice1-gtxecore0-gteusystop4,GT_GXX,gt,gtslice1,gtxecore0,gteusystop4,,1794,NVL_GT_SCN,SCN_GT_GXX::CTRL_X_PATMOD_K_BEGIN_X_X_X_X_X_RESET_TOPSKU,SCN_GT_GXX::CTRL_X_AUX_K_PREHVQK_X_X_X_X_X_SET_SKU_LFM,SCN_GT_GXX::CHAIN_ALL_GFXSB_K_BEGIN_HITO_GT_NOM_LFM_HVM_HRY_RAWSTR%,SCN_GT_GXX::STUCKAT_ALL_GFXSB_K_BEGIN_HITO_GT_NOM_LFM_HRY_RAWSTR%,6394691,6373730,106636
SCN_GT_GXX,gteutop,gt-gtslice1-gtxecore0-gteutop4,GT_GXX,gt,gtslice1,gtxecore0,gteutop4,,153,NVL_GT_SCN,SCN_GT_GXX::CTRL_X_PATMOD_K_BEGIN_X_X_X_X_X_RESET_TOPSKU,SCN_GT_GXX::CTRL_X_AUX_K_PREHVQK_X_X_X_X_X_SET_SKU_LFM,SCN_GT_GXX::CHAIN_ALL_GFXSB_K_BEGIN_HITO_GT_NOM_LFM_HVM_HRY_RAWSTR%,SCN_GT_GXX::STUCKAT_ALL_GFXSB_K_BEGIN_HITO_GT_NOM_LFM_HRY_RAWSTR%,9749809,9701968,140224
SCN_GT_GXX,gteuside,gt-gtslice1-gtxecore0-gteutop5,GT_GXX,gt,gtslice1,gtxecore0,gteutop5,,154,NVL_GT_SCN,SCN_GT_GXX::CTRL_X_PATMOD_K_BEGIN_X_X_X_X_X_RESET_TOPSKU,SCN_GT_GXX::CTRL_X_AUX_K_PREHVQK_X_X_X_X_X_SET_SKU_LFM,SCN_GT_GXX::CHAIN_ALL_GFXSB_K_BEGIN_HITO_GT_NOM_LFM_HVM_HRY_RAWSTR%,SCN_GT_GXX::STUCKAT_ALL_GFXSB_K_BEGIN_HITO_GT_NOM_LFM_HRY_RAWSTR%,9711074,9663298,140224
SCN_GT_GXX,gteusysside,gt-gtslice1-gtxecore0-gteusystop6,GT_GXX,gt,gtslice1,gtxecore0,gteusystop6,,1796,NVL_GT_SCN,SCN_GT_GXX::CTRL_X_PATMOD_K_BEGIN_X_X_X_X_X_RESET_TOPSKU,SCN_GT_GXX::CTRL_X_AUX_K_PREHVQK_X_X_X_X_X_SET_SKU_LFM,SCN_GT_GXX::CHAIN_ALL_GFXSB_K_BEGIN_HITO_GT_NOM_LFM_HVM_HRY_RAWSTR%,SCN_GT_GXX::STUCKAT_ALL_GFXSB_K_BEGIN_HITO_GT_NOM_LFM_HRY_RAWSTR%,6361608,6340759,105129
SCN_GT_GXX,gteuside,gt-gtslice1-gtxecore0-gteutop6,GT_GXX,gt,gtslice1,gtxecore0,gteutop6,,155,NVL_GT_SCN,SCN_GT_GXX::CTRL_X_PATMOD_K_BEGIN_X_X_X_X_X_RESET_TOPSKU,SCN_GT_GXX::CTRL_X_AUX_K_PREHVQK_X_X_X_X_X_SET_SKU_LFM,SCN_GT_GXX::CHAIN_ALL_GFXSB_K_BEGIN_HITO_GT_NOM_LFM_HVM_HRY_RAWSTR%,SCN_GT_GXX::STUCKAT_ALL_GFXSB_K_BEGIN_HITO_GT_NOM_LFM_HRY_RAWSTR%,9711074,9663298,140224
SCN_GT_GXX,gteusysside,gt-gtslice1-gtxecore0-gteusystop7,GT_GXX,gt,gtslice1,gtxecore0,gteusystop7,,1797,NVL_GT_SCN,SCN_GT_GXX::CTRL_X_PATMOD_K_BEGIN_X_X_X_X_X_RESET_TOPSKU,SCN_GT_GXX::CTRL_X_AUX_K_PREHVQK_X_X_X_X_X_SET_SKU_LFM,SCN_GT_GXX::CHAIN_ALL_GFXSB_K_BEGIN_HITO_GT_NOM_LFM_HVM_HRY_RAWSTR%,SCN_GT_GXX::STUCKAT_ALL_GFXSB_K_BEGIN_HITO_GT_NOM_LFM_HRY_RAWSTR%,6361608,6340759,105129
SCN_GT_GXX,gteuside,gt-gtslice1-gtxecore0-gteutop7,GT_GXX,gt,gtslice1,gtxecore0,gteutop7,,156,NVL_GT_SCN,SCN_GT_GXX::CTRL_X_PATMOD_K_BEGIN_X_X_X_X_X_RESET_TOPSKU,SCN_GT_GXX::CTRL_X_AUX_K_PREHVQK_X_X_X_X_X_SET_SKU_LFM,SCN_GT_GXX::CHAIN_ALL_GFXSB_K_BEGIN_HITO_GT_NOM_LFM_HVM_HRY_RAWSTR%,SCN_GT_GXX::STUCKAT_ALL_GFXSB_K_BEGIN_HITO_GT_NOM_LFM_HRY_RAWSTR%,9711074,9663298,140224
SCN_GT_GXX,gtxecorepar2,gt-gtslice1-gtxecore0-gtxecorepar2,GT_GXX,gt,gtslice1,gtxecore0,gtxecorepar2,,160,NVL_GT_SCN,SCN_GT_GXX::CTRL_X_PATMOD_K_BEGIN_X_X_X_X_X_RESET_TOPSKU,SCN_GT_GXX::CTRL_X_AUX_K_PREHVQK_X_X_X_X_X_SET_SKU_LFM,SCN_GT_GXX::CHAIN_ALL_GFXSB_K_BEGIN_HITO_GT_NOM_LFM_HVM_HRY_RAWSTR%,SCN_GT_GXX::STUCKAT_ALL_GFXSB_K_BEGIN_HITO_GT_NOM_LFM_HRY_RAWSTR%,7685097,7626107,100212
SCN_GT_GXX,gteusysside,gt-gtslice1-gtxecore0-gteusystop5,GT_GXX,gt,gtslice1,gtxecore0,gteusystop5,,1795,NVL_GT_SCN,SCN_GT_GXX::CTRL_X_PATMOD_K_BEGIN_X_X_X_X_X_RESET_TOPSKU,SCN_GT_GXX::CTRL_X_AUX_K_PREHVQK_X_X_X_X_X_SET_SKU_LFM,SCN_GT_GXX::CHAIN_ALL_GFXSB_K_BEGIN_HITO_GT_NOM_LFM_HVM_HRY_RAWSTR%,SCN_GT_GXX::STUCKAT_ALL_GFXSB_K_BEGIN_HITO_GT_NOM_LFM_HRY_RAWSTR%,6361608,6340759,105129
SCN_GT_GXX,gtlscbankpar1,gt-gtslice1-gtxecore1-gtlscbankpar1,GT_GXX,gt,gtslice1,gtxecore1,gtlscbankpar1,,172,NVL_GT_SCN,SCN_GT_GXX::CTRL_X_PATMOD_K_BEGIN_X_X_X_X_X_RESET_TOPSKU,SCN_GT_GXX::CTRL_X_AUX_K_PREHVQK_X_X_X_X_X_SET_SKU_LFM,SCN_GT_GXX::CHAIN_ALL_GFXSB_K_BEGIN_HITO_GT_NOM_LFM_HVM_HRY_RAWSTR%,SCN_GT_GXX::STUCKAT_ALL_GFXSB_K_BEGIN_HITO_GT_NOM_LFM_HRY_RAWSTR%,9131573,9007521,180595
SCN_GT_GXX,gtlscnodepar1,gt-gtslice1-gtxecore1-gtlscnodepar1,GT_GXX,gt,gtslice1,gtxecore1,gtlscnodepar1,,173,NVL_GT_SCN,SCN_GT_GXX::CTRL_X_PATMOD_K_BEGIN_X_X_X_X_X_RESET_TOPSKU,SCN_GT_GXX::CTRL_X_AUX_K_PREHVQK_X_X_X_X_X_SET_SKU_LFM,SCN_GT_GXX::CHAIN_ALL_GFXSB_K_BEGIN_HITO_GT_NOM_LFM_HVM_HRY_RAWSTR%,SCN_GT_GXX::STUCKAT_ALL_GFXSB_K_BEGIN_HITO_GT_NOM_LFM_HRY_RAWSTR%,8723346,8643432,141852
SCN_GT_GXX,gtxecorepar1,gt-gtslice1-gtxecore1-gtxecorepar1,GT_GXX,gt,gtslice1,gtxecore1,gtxecorepar1,,174,NVL_GT_SCN,SCN_GT_GXX::CTRL_X_PATMOD_K_BEGIN_X_X_X_X_X_RESET_TOPSKU,SCN_GT_GXX::CTRL_X_AUX_K_PREHVQK_X_X_X_X_X_SET_SKU_LFM,SCN_GT_GXX::CHAIN_ALL_GFXSB_K_BEGIN_HITO_GT_NOM_LFM_HVM_HRY_RAWSTR%,SCN_GT_GXX::STUCKAT_ALL_GFXSB_K_BEGIN_HITO_GT_NOM_LFM_HRY_RAWSTR%,11985757,11899189,168366
SCN_GT_GXX,gtxecorepar3,gt-gtslice1-gtxecore1-gtxecorepar3,GT_GXX,gt,gtslice1,gtxecore1,gtxecorepar3,,176,NVL_GT_SCN,SCN_GT_GXX::CTRL_X_PATMOD_K_BEGIN_X_X_X_X_X_RESET_TOPSKU,SCN_GT_GXX::CTRL_X_AUX_K_PREHVQK_X_X_X_X_X_SET_SKU_LFM,SCN_GT_GXX::CHAIN_ALL_GFXSB_K_BEGIN_HITO_GT_NOM_LFM_HVM_HRY_RAWSTR%,SCN_GT_GXX::STUCKAT_ALL_GFXSB_K_BEGIN_HITO_GT_NOM_LFM_HRY_RAWSTR%,13365253,13272040,270643
SCN_GT_GXX,gtxecorepar4,gt-gtslice1-gtxecore1-gtxecorepar4,GT_GXX,gt,gtslice1,gtxecore1,gtxecorepar4,,177,NVL_GT_SCN,SCN_GT_GXX::CTRL_X_PATMOD_K_BEGIN_X_X_X_X_X_RESET_TOPSKU,SCN_GT_GXX::CTRL_X_AUX_K_PREHVQK_X_X_X_X_X_SET_SKU_LFM,SCN_GT_GXX::CHAIN_ALL_GFXSB_K_BEGIN_HITO_GT_NOM_LFM_HVM_HRY_RAWSTR%,SCN_GT_GXX::STUCKAT_ALL_GFXSB_K_BEGIN_HITO_GT_NOM_LFM_HRY_RAWSTR%,11841780,11789789,160657
SCN_GT_GXX,gtxecorepar5,gt-gtslice1-gtxecore1-gtxecorepar5,GT_GXX,gt,gtslice1,gtxecore1,gtxecorepar5,,178,NVL_GT_SCN,SCN_GT_GXX::CTRL_X_PATMOD_K_BEGIN_X_X_X_X_X_RESET_TOPSKU,SCN_GT_GXX::CTRL_X_AUX_K_PREHVQK_X_X_X_X_X_SET_SKU_LFM,SCN_GT_GXX::CHAIN_ALL_GFXSB_K_BEGIN_HITO_GT_NOM_LFM_HVM_HRY_RAWSTR%,SCN_GT_GXX::STUCKAT_ALL_GFXSB_K_BEGIN_HITO_GT_NOM_LFM_HRY_RAWSTR%,12540921,12467757,218756
SCN_GT_GXX,gteusystop0,gt-gtslice1-gtxecore1-gteusystop0,GT_GXX,gt,gtslice1,gtxecore1,gteusystop0,,1798,NVL_GT_SCN,SCN_GT_GXX::CTRL_X_PATMOD_K_BEGIN_X_X_X_X_X_RESET_TOPSKU,SCN_GT_GXX::CTRL_X_AUX_K_PREHVQK_X_X_X_X_X_SET_SKU_LFM,SCN_GT_GXX::CHAIN_ALL_GFXSB_K_BEGIN_HITO_GT_NOM_LFM_HVM_HRY_RAWSTR%,SCN_GT_GXX::STUCKAT_ALL_GFXSB_K_BEGIN_HITO_GT_NOM_LFM_HRY_RAWSTR%,6398977,6378032,107295
SCN_GT_GXX,gteutop,gt-gtslice1-gtxecore1-gteutop0,GT_GXX,gt,gtslice1,gtxecore1,gteutop0,,164,NVL_GT_SCN,SCN_GT_GXX::CTRL_X_PATMOD_K_BEGIN_X_X_X_X_X_RESET_TOPSKU,SCN_GT_GXX::CTRL_X_AUX_K_PREHVQK_X_X_X_X_X_SET_SKU_LFM,SCN_GT_GXX::CHAIN_ALL_GFXSB_K_BEGIN_HITO_GT_NOM_LFM_HVM_HRY_RAWSTR%,SCN_GT_GXX::STUCKAT_ALL_GFXSB_K_BEGIN_HITO_GT_NOM_LFM_HRY_RAWSTR%,9749809,9701968,140224
SCN_GT_GXX,gteusysalt,gt-gtslice1-gtxecore1-gteusystop1,GT_GXX,gt,gtslice1,gtxecore1,gteusystop1,,1799,NVL_GT_SCN,SCN_GT_GXX::CTRL_X_PATMOD_K_BEGIN_X_X_X_X_X_RESET_TOPSKU,SCN_GT_GXX::CTRL_X_AUX_K_PREHVQK_X_X_X_X_X_SET_SKU_LFM,SCN_GT_GXX::CHAIN_ALL_GFXSB_K_BEGIN_HITO_GT_NOM_LFM_HVM_HRY_RAWSTR%,SCN_GT_GXX::STUCKAT_ALL_GFXSB_K_BEGIN_HITO_GT_NOM_LFM_HRY_RAWSTR%,6337642,6316608,105129
SCN_GT_GXX,gteuside,gt-gtslice1-gtxecore1-gteutop1,GT_GXX,gt,gtslice1,gtxecore1,gteutop1,,165,NVL_GT_SCN,SCN_GT_GXX::CTRL_X_PATMOD_K_BEGIN_X_X_X_X_X_RESET_TOPSKU,SCN_GT_GXX::CTRL_X_AUX_K_PREHVQK_X_X_X_X_X_SET_SKU_LFM,SCN_GT_GXX::CHAIN_ALL_GFXSB_K_BEGIN_HITO_GT_NOM_LFM_HVM_HRY_RAWSTR%,SCN_GT_GXX::STUCKAT_ALL_GFXSB_K_BEGIN_HITO_GT_NOM_LFM_HRY_RAWSTR%,9711074,9663298,140224
SCN_GT_GXX,gteusysside,gt-gtslice1-gtxecore1-gteusystop2,GT_GXX,gt,gtslice1,gtxecore1,gteusystop2,,1800,NVL_GT_SCN,SCN_GT_GXX::CTRL_X_PATMOD_K_BEGIN_X_X_X_X_X_RESET_TOPSKU,SCN_GT_GXX::CTRL_X_AUX_K_PREHVQK_X_X_X_X_X_SET_SKU_LFM,SCN_GT_GXX::CHAIN_ALL_GFXSB_K_BEGIN_HITO_GT_NOM_LFM_HVM_HRY_RAWSTR%,SCN_GT_GXX::STUCKAT_ALL_GFXSB_K_BEGIN_HITO_GT_NOM_LFM_HRY_RAWSTR%,6361608,6340759,105129
SCN_GT_GXX,gteuside,gt-gtslice1-gtxecore1-gteutop2,GT_GXX,gt,gtslice1,gtxecore1,gteutop2,,166,NVL_GT_SCN,SCN_GT_GXX::CTRL_X_PATMOD_K_BEGIN_X_X_X_X_X_RESET_TOPSKU,SCN_GT_GXX::CTRL_X_AUX_K_PREHVQK_X_X_X_X_X_SET_SKU_LFM,SCN_GT_GXX::CHAIN_ALL_GFXSB_K_BEGIN_HITO_GT_NOM_LFM_HVM_HRY_RAWSTR%,SCN_GT_GXX::STUCKAT_ALL_GFXSB_K_BEGIN_HITO_GT_NOM_LFM_HRY_RAWSTR%,9711074,9663298,140224
SCN_GT_GXX,gteusysside,gt-gtslice1-gtxecore1-gteusystop3,GT_GXX,gt,gtslice1,gtxecore1,gteusystop3,,1801,NVL_GT_SCN,SCN_GT_GXX::CTRL_X_PATMOD_K_BEGIN_X_X_X_X_X_RESET_TOPSKU,SCN_GT_GXX::CTRL_X_AUX_K_PREHVQK_X_X_X_X_X_SET_SKU_LFM,SCN_GT_GXX::CHAIN_ALL_GFXSB_K_BEGIN_HITO_GT_NOM_LFM_HVM_HRY_RAWSTR%,SCN_GT_GXX::STUCKAT_ALL_GFXSB_K_BEGIN_HITO_GT_NOM_LFM_HRY_RAWSTR%,6361608,6340759,105129
SCN_GT_GXX,gteuside,gt-gtslice1-gtxecore1-gteutop3,GT_GXX,gt,gtslice1,gtxecore1,gteutop3,,167,NVL_GT_SCN,SCN_GT_GXX::CTRL_X_PATMOD_K_BEGIN_X_X_X_X_X_RESET_TOPSKU,SCN_GT_GXX::CTRL_X_AUX_K_PREHVQK_X_X_X_X_X_SET_SKU_LFM,SCN_GT_GXX::CHAIN_ALL_GFXSB_K_BEGIN_HITO_GT_NOM_LFM_HVM_HRY_RAWSTR%,SCN_GT_GXX::STUCKAT_ALL_GFXSB_K_BEGIN_HITO_GT_NOM_LFM_HRY_RAWSTR%,9711074,9663298,140224
SCN_GT_GXX,gteusystop4,gt-gtslice1-gtxecore1-gteusystop4,GT_GXX,gt,gtslice1,gtxecore1,gteusystop4,,1802,NVL_GT_SCN,SCN_GT_GXX::CTRL_X_PATMOD_K_BEGIN_X_X_X_X_X_RESET_TOPSKU,SCN_GT_GXX::CTRL_X_AUX_K_PREHVQK_X_X_X_X_X_SET_SKU_LFM,SCN_GT_GXX::CHAIN_ALL_GFXSB_K_BEGIN_HITO_GT_NOM_LFM_HVM_HRY_RAWSTR%,SCN_GT_GXX::STUCKAT_ALL_GFXSB_K_BEGIN_HITO_GT_NOM_LFM_HRY_RAWSTR%,6394691,6373730,106636
SCN_GT_GXX,gteutop,gt-gtslice1-gtxecore1-gteutop4,GT_GXX,gt,gtslice1,gtxecore1,gteutop4,,168,NVL_GT_SCN,SCN_GT_GXX::CTRL_X_PATMOD_K_BEGIN_X_X_X_X_X_RESET_TOPSKU,SCN_GT_GXX::CTRL_X_AUX_K_PREHVQK_X_X_X_X_X_SET_SKU_LFM,SCN_GT_GXX::CHAIN_ALL_GFXSB_K_BEGIN_HITO_GT_NOM_LFM_HVM_HRY_RAWSTR%,SCN_GT_GXX::STUCKAT_ALL_GFXSB_K_BEGIN_HITO_GT_NOM_LFM_HRY_RAWSTR%,9749809,9701968,140224
SCN_GT_GXX,gteuside,gt-gtslice1-gtxecore1-gteutop5,GT_GXX,gt,gtslice1,gtxecore1,gteutop5,,169,NVL_GT_SCN,SCN_GT_GXX::CTRL_X_PATMOD_K_BEGIN_X_X_X_X_X_RESET_TOPSKU,SCN_GT_GXX::CTRL_X_AUX_K_PREHVQK_X_X_X_X_X_SET_SKU_LFM,SCN_GT_GXX::CHAIN_ALL_GFXSB_K_BEGIN_HITO_GT_NOM_LFM_HVM_HRY_RAWSTR%,SCN_GT_GXX::STUCKAT_ALL_GFXSB_K_BEGIN_HITO_GT_NOM_LFM_HRY_RAWSTR%,9711074,9663298,140224
SCN_GT_GXX,gteusysside,gt-gtslice1-gtxecore1-gteusystop6,GT_GXX,gt,gtslice1,gtxecore1,gteusystop6,,1804,NVL_GT_SCN,SCN_GT_GXX::CTRL_X_PATMOD_K_BEGIN_X_X_X_X_X_RESET_TOPSKU,SCN_GT_GXX::CTRL_X_AUX_K_PREHVQK_X_X_X_X_X_SET_SKU_LFM,SCN_GT_GXX::CHAIN_ALL_GFXSB_K_BEGIN_HITO_GT_NOM_LFM_HVM_HRY_RAWSTR%,SCN_GT_GXX::STUCKAT_ALL_GFXSB_K_BEGIN_HITO_GT_NOM_LFM_HRY_RAWSTR%,6361608,6340759,105129
SCN_GT_GXX,gteuside,gt-gtslice1-gtxecore1-gteutop6,GT_GXX,gt,gtslice1,gtxecore1,gteutop6,,170,NVL_GT_SCN,SCN_GT_GXX::CTRL_X_PATMOD_K_BEGIN_X_X_X_X_X_RESET_TOPSKU,SCN_GT_GXX::CTRL_X_AUX_K_PREHVQK_X_X_X_X_X_SET_SKU_LFM,SCN_GT_GXX::CHAIN_ALL_GFXSB_K_BEGIN_HITO_GT_NOM_LFM_HVM_HRY_RAWSTR%,SCN_GT_GXX::STUCKAT_ALL_GFXSB_K_BEGIN_HITO_GT_NOM_LFM_HRY_RAWSTR%,9711074,9663298,140224
SCN_GT_GXX,gteusysside,gt-gtslice1-gtxecore1-gteusystop7,GT_GXX,gt,gtslice1,gtxecore1,gteusystop7,,1805,NVL_GT_SCN,SCN_GT_GXX::CTRL_X_PATMOD_K_BEGIN_X_X_X_X_X_RESET_TOPSKU,SCN_GT_GXX::CTRL_X_AUX_K_PREHVQK_X_X_X_X_X_SET_SKU_LFM,SCN_GT_GXX::CHAIN_ALL_GFXSB_K_BEGIN_HITO_GT_NOM_LFM_HVM_HRY_RAWSTR%,SCN_GT_GXX::STUCKAT_ALL_GFXSB_K_BEGIN_HITO_GT_NOM_LFM_HRY_RAWSTR%,6361608,6340759,105129
SCN_GT_GXX,gteuside,gt-gtslice1-gtxecore1-gteutop7,GT_GXX,gt,gtslice1,gtxecore1,gteutop7,,171,NVL_GT_SCN,SCN_GT_GXX::CTRL_X_PATMOD_K_BEGIN_X_X_X_X_X_RESET_TOPSKU,SCN_GT_GXX::CTRL_X_AUX_K_PREHVQK_X_X_X_X_X_SET_SKU_LFM,SCN_GT_GXX::CHAIN_ALL_GFXSB_K_BEGIN_HITO_GT_NOM_LFM_HVM_HRY_RAWSTR%,SCN_GT_GXX::STUCKAT_ALL_GFXSB_K_BEGIN_HITO_GT_NOM_LFM_HRY_RAWSTR%,9711074,9663298,140224
SCN_GT_GXX,gtxecorepar2,gt-gtslice1-gtxecore1-gtxecorepar2,GT_GXX,gt,gtslice1,gtxecore1,gtxecorepar2,,175,NVL_GT_SCN,SCN_GT_GXX::CTRL_X_PATMOD_K_BEGIN_X_X_X_X_X_RESET_TOPSKU,SCN_GT_GXX::CTRL_X_AUX_K_PREHVQK_X_X_X_X_X_SET_SKU_LFM,SCN_GT_GXX::CHAIN_ALL_GFXSB_K_BEGIN_HITO_GT_NOM_LFM_HVM_HRY_RAWSTR%,SCN_GT_GXX::STUCKAT_ALL_GFXSB_K_BEGIN_HITO_GT_NOM_LFM_HRY_RAWSTR%,7685097,7626107,100212
SCN_GT_GXX,gteusysside,gt-gtslice1-gtxecore1-gteusystop5,GT_GXX,gt,gtslice1,gtxecore1,gteusystop5,,1803,NVL_GT_SCN,SCN_GT_GXX::CTRL_X_PATMOD_K_BEGIN_X_X_X_X_X_RESET_TOPSKU,SCN_GT_GXX::CTRL_X_AUX_K_PREHVQK_X_X_X_X_X_SET_SKU_LFM,SCN_GT_GXX::CHAIN_ALL_GFXSB_K_BEGIN_HITO_GT_NOM_LFM_HVM_HRY_RAWSTR%,SCN_GT_GXX::STUCKAT_ALL_GFXSB_K_BEGIN_HITO_GT_NOM_LFM_HRY_RAWSTR%,6361608,6340759,105129
SCN_GT_GXX,gtlscbankpar1,gt-gtslice1-gtxecore2-gtlscbankpar1,GT_GXX,gt,gtslice1,gtxecore2,gtlscbankpar1,,187,NVL_GT_SCN,SCN_GT_GXX::CTRL_X_PATMOD_K_BEGIN_X_X_X_X_X_RESET_TOPSKU,SCN_GT_GXX::CTRL_X_AUX_K_PREHVQK_X_X_X_X_X_SET_SKU_LFM,SCN_GT_GXX::CHAIN_ALL_GFXSB_K_BEGIN_HITO_GT_NOM_LFM_HVM_HRY_RAWSTR%,SCN_GT_GXX::STUCKAT_ALL_GFXSB_K_BEGIN_HITO_GT_NOM_LFM_HRY_RAWSTR%,9131573,9007521,180595
SCN_GT_GXX,gtlscnodepar1,gt-gtslice1-gtxecore2-gtlscnodepar1,GT_GXX,gt,gtslice1,gtxecore2,gtlscnodepar1,,188,NVL_GT_SCN,SCN_GT_GXX::CTRL_X_PATMOD_K_BEGIN_X_X_X_X_X_RESET_TOPSKU,SCN_GT_GXX::CTRL_X_AUX_K_PREHVQK_X_X_X_X_X_SET_SKU_LFM,SCN_GT_GXX::CHAIN_ALL_GFXSB_K_BEGIN_HITO_GT_NOM_LFM_HVM_HRY_RAWSTR%,SCN_GT_GXX::STUCKAT_ALL_GFXSB_K_BEGIN_HITO_GT_NOM_LFM_HRY_RAWSTR%,8723346,8643432,141852
SCN_GT_GXX,gtxecorepar1,gt-gtslice1-gtxecore2-gtxecorepar1,GT_GXX,gt,gtslice1,gtxecore2,gtxecorepar1,,189,NVL_GT_SCN,SCN_GT_GXX::CTRL_X_PATMOD_K_BEGIN_X_X_X_X_X_RESET_TOPSKU,SCN_GT_GXX::CTRL_X_AUX_K_PREHVQK_X_X_X_X_X_SET_SKU_LFM,SCN_GT_GXX::CHAIN_ALL_GFXSB_K_BEGIN_HITO_GT_NOM_LFM_HVM_HRY_RAWSTR%,SCN_GT_GXX::STUCKAT_ALL_GFXSB_K_BEGIN_HITO_GT_NOM_LFM_HRY_RAWSTR%,11985757,11899189,168366
SCN_GT_GXX,gtxecorepar3,gt-gtslice1-gtxecore2-gtxecorepar3,GT_GXX,gt,gtslice1,gtxecore2,gtxecorepar3,,191,NVL_GT_SCN,SCN_GT_GXX::CTRL_X_PATMOD_K_BEGIN_X_X_X_X_X_RESET_TOPSKU,SCN_GT_GXX::CTRL_X_AUX_K_PREHVQK_X_X_X_X_X_SET_SKU_LFM,SCN_GT_GXX::CHAIN_ALL_GFXSB_K_BEGIN_HITO_GT_NOM_LFM_HVM_HRY_RAWSTR%,SCN_GT_GXX::STUCKAT_ALL_GFXSB_K_BEGIN_HITO_GT_NOM_LFM_HRY_RAWSTR%,13365253,13272040,270643
SCN_GT_GXX,gtxecorepar4,gt-gtslice1-gtxecore2-gtxecorepar4,GT_GXX,gt,gtslice1,gtxecore2,gtxecorepar4,,192,NVL_GT_SCN,SCN_GT_GXX::CTRL_X_PATMOD_K_BEGIN_X_X_X_X_X_RESET_TOPSKU,SCN_GT_GXX::CTRL_X_AUX_K_PREHVQK_X_X_X_X_X_SET_SKU_LFM,SCN_GT_GXX::CHAIN_ALL_GFXSB_K_BEGIN_HITO_GT_NOM_LFM_HVM_HRY_RAWSTR%,SCN_GT_GXX::STUCKAT_ALL_GFXSB_K_BEGIN_HITO_GT_NOM_LFM_HRY_RAWSTR%,11841780,11789789,160657
SCN_GT_GXX,gtxecorepar5,gt-gtslice1-gtxecore2-gtxecorepar5,GT_GXX,gt,gtslice1,gtxecore2,gtxecorepar5,,193,NVL_GT_SCN,SCN_GT_GXX::CTRL_X_PATMOD_K_BEGIN_X_X_X_X_X_RESET_TOPSKU,SCN_GT_GXX::CTRL_X_AUX_K_PREHVQK_X_X_X_X_X_SET_SKU_LFM,SCN_GT_GXX::CHAIN_ALL_GFXSB_K_BEGIN_HITO_GT_NOM_LFM_HVM_HRY_RAWSTR%,SCN_GT_GXX::STUCKAT_ALL_GFXSB_K_BEGIN_HITO_GT_NOM_LFM_HRY_RAWSTR%,12540921,12467757,218756
SCN_GT_GXX,gteusystop0,gt-gtslice1-gtxecore2-gteusystop0,GT_GXX,gt,gtslice1,gtxecore2,gteusystop0,,1806,NVL_GT_SCN,SCN_GT_GXX::CTRL_X_PATMOD_K_BEGIN_X_X_X_X_X_RESET_TOPSKU,SCN_GT_GXX::CTRL_X_AUX_K_PREHVQK_X_X_X_X_X_SET_SKU_LFM,SCN_GT_GXX::CHAIN_ALL_GFXSB_K_BEGIN_HITO_GT_NOM_LFM_HVM_HRY_RAWSTR%,SCN_GT_GXX::STUCKAT_ALL_GFXSB_K_BEGIN_HITO_GT_NOM_LFM_HRY_RAWSTR%,6398977,6378032,107295
SCN_GT_GXX,gteutop,gt-gtslice1-gtxecore2-gteutop0,GT_GXX,gt,gtslice1,gtxecore2,gteutop0,,179,NVL_GT_SCN,SCN_GT_GXX::CTRL_X_PATMOD_K_BEGIN_X_X_X_X_X_RESET_TOPSKU,SCN_GT_GXX::CTRL_X_AUX_K_PREHVQK_X_X_X_X_X_SET_SKU_LFM,SCN_GT_GXX::CHAIN_ALL_GFXSB_K_BEGIN_HITO_GT_NOM_LFM_HVM_HRY_RAWSTR%,SCN_GT_GXX::STUCKAT_ALL_GFXSB_K_BEGIN_HITO_GT_NOM_LFM_HRY_RAWSTR%,9749809,9701968,140224
SCN_GT_GXX,gteusysalt,gt-gtslice1-gtxecore2-gteusystop1,GT_GXX,gt,gtslice1,gtxecore2,gteusystop1,,1807,NVL_GT_SCN,SCN_GT_GXX::CTRL_X_PATMOD_K_BEGIN_X_X_X_X_X_RESET_TOPSKU,SCN_GT_GXX::CTRL_X_AUX_K_PREHVQK_X_X_X_X_X_SET_SKU_LFM,SCN_GT_GXX::CHAIN_ALL_GFXSB_K_BEGIN_HITO_GT_NOM_LFM_HVM_HRY_RAWSTR%,SCN_GT_GXX::STUCKAT_ALL_GFXSB_K_BEGIN_HITO_GT_NOM_LFM_HRY_RAWSTR%,6337642,6316608,105129
SCN_GT_GXX,gteuside,gt-gtslice1-gtxecore2-gteutop1,GT_GXX,gt,gtslice1,gtxecore2,gteutop1,,180,NVL_GT_SCN,SCN_GT_GXX::CTRL_X_PATMOD_K_BEGIN_X_X_X_X_X_RESET_TOPSKU,SCN_GT_GXX::CTRL_X_AUX_K_PREHVQK_X_X_X_X_X_SET_SKU_LFM,SCN_GT_GXX::CHAIN_ALL_GFXSB_K_BEGIN_HITO_GT_NOM_LFM_HVM_HRY_RAWSTR%,SCN_GT_GXX::STUCKAT_ALL_GFXSB_K_BEGIN_HITO_GT_NOM_LFM_HRY_RAWSTR%,9711074,9663298,140224
SCN_GT_GXX,gteusysside,gt-gtslice1-gtxecore2-gteusystop2,GT_GXX,gt,gtslice1,gtxecore2,gteusystop2,,1808,NVL_GT_SCN,SCN_GT_GXX::CTRL_X_PATMOD_K_BEGIN_X_X_X_X_X_RESET_TOPSKU,SCN_GT_GXX::CTRL_X_AUX_K_PREHVQK_X_X_X_X_X_SET_SKU_LFM,SCN_GT_GXX::CHAIN_ALL_GFXSB_K_BEGIN_HITO_GT_NOM_LFM_HVM_HRY_RAWSTR%,SCN_GT_GXX::STUCKAT_ALL_GFXSB_K_BEGIN_HITO_GT_NOM_LFM_HRY_RAWSTR%,6361608,6340759,105129
SCN_GT_GXX,gteuside,gt-gtslice1-gtxecore2-gteutop2,GT_GXX,gt,gtslice1,gtxecore2,gteutop2,,181,NVL_GT_SCN,SCN_GT_GXX::CTRL_X_PATMOD_K_BEGIN_X_X_X_X_X_RESET_TOPSKU,SCN_GT_GXX::CTRL_X_AUX_K_PREHVQK_X_X_X_X_X_SET_SKU_LFM,SCN_GT_GXX::CHAIN_ALL_GFXSB_K_BEGIN_HITO_GT_NOM_LFM_HVM_HRY_RAWSTR%,SCN_GT_GXX::STUCKAT_ALL_GFXSB_K_BEGIN_HITO_GT_NOM_LFM_HRY_RAWSTR%,9711074,9663298,140224
SCN_GT_GXX,gteusysside,gt-gtslice1-gtxecore2-gteusystop3,GT_GXX,gt,gtslice1,gtxecore2,gteusystop3,,1809,NVL_GT_SCN,SCN_GT_GXX::CTRL_X_PATMOD_K_BEGIN_X_X_X_X_X_RESET_TOPSKU,SCN_GT_GXX::CTRL_X_AUX_K_PREHVQK_X_X_X_X_X_SET_SKU_LFM,SCN_GT_GXX::CHAIN_ALL_GFXSB_K_BEGIN_HITO_GT_NOM_LFM_HVM_HRY_RAWSTR%,SCN_GT_GXX::STUCKAT_ALL_GFXSB_K_BEGIN_HITO_GT_NOM_LFM_HRY_RAWSTR%,6361608,6340759,105129
SCN_GT_GXX,gteuside,gt-gtslice1-gtxecore2-gteutop3,GT_GXX,gt,gtslice1,gtxecore2,gteutop3,,182,NVL_GT_SCN,SCN_GT_GXX::CTRL_X_PATMOD_K_BEGIN_X_X_X_X_X_RESET_TOPSKU,SCN_GT_GXX::CTRL_X_AUX_K_PREHVQK_X_X_X_X_X_SET_SKU_LFM,SCN_GT_GXX::CHAIN_ALL_GFXSB_K_BEGIN_HITO_GT_NOM_LFM_HVM_HRY_RAWSTR%,SCN_GT_GXX::STUCKAT_ALL_GFXSB_K_BEGIN_HITO_GT_NOM_LFM_HRY_RAWSTR%,9711074,9663298,140224
SCN_GT_GXX,gteusystop4,gt-gtslice1-gtxecore2-gteusystop4,GT_GXX,gt,gtslice1,gtxecore2,gteusystop4,,1810,NVL_GT_SCN,SCN_GT_GXX::CTRL_X_PATMOD_K_BEGIN_X_X_X_X_X_RESET_TOPSKU,SCN_GT_GXX::CTRL_X_AUX_K_PREHVQK_X_X_X_X_X_SET_SKU_LFM,SCN_GT_GXX::CHAIN_ALL_GFXSB_K_BEGIN_HITO_GT_NOM_LFM_HVM_HRY_RAWSTR%,SCN_GT_GXX::STUCKAT_ALL_GFXSB_K_BEGIN_HITO_GT_NOM_LFM_HRY_RAWSTR%,6394691,6373730,106636
SCN_GT_GXX,gteutop,gt-gtslice1-gtxecore2-gteutop4,GT_GXX,gt,gtslice1,gtxecore2,gteutop4,,183,NVL_GT_SCN,SCN_GT_GXX::CTRL_X_PATMOD_K_BEGIN_X_X_X_X_X_RESET_TOPSKU,SCN_GT_GXX::CTRL_X_AUX_K_PREHVQK_X_X_X_X_X_SET_SKU_LFM,SCN_GT_GXX::CHAIN_ALL_GFXSB_K_BEGIN_HITO_GT_NOM_LFM_HVM_HRY_RAWSTR%,SCN_GT_GXX::STUCKAT_ALL_GFXSB_K_BEGIN_HITO_GT_NOM_LFM_HRY_RAWSTR%,9749809,9701968,140224
SCN_GT_GXX,gteuside,gt-gtslice1-gtxecore2-gteutop5,GT_GXX,gt,gtslice1,gtxecore2,gteutop5,,184,NVL_GT_SCN,SCN_GT_GXX::CTRL_X_PATMOD_K_BEGIN_X_X_X_X_X_RESET_TOPSKU,SCN_GT_GXX::CTRL_X_AUX_K_PREHVQK_X_X_X_X_X_SET_SKU_LFM,SCN_GT_GXX::CHAIN_ALL_GFXSB_K_BEGIN_HITO_GT_NOM_LFM_HVM_HRY_RAWSTR%,SCN_GT_GXX::STUCKAT_ALL_GFXSB_K_BEGIN_HITO_GT_NOM_LFM_HRY_RAWSTR%,9711074,9663298,140224
SCN_GT_GXX,gteusysside,gt-gtslice1-gtxecore2-gteusystop6,GT_GXX,gt,gtslice1,gtxecore2,gteusystop6,,1812,NVL_GT_SCN,SCN_GT_GXX::CTRL_X_PATMOD_K_BEGIN_X_X_X_X_X_RESET_TOPSKU,SCN_GT_GXX::CTRL_X_AUX_K_PREHVQK_X_X_X_X_X_SET_SKU_LFM,SCN_GT_GXX::CHAIN_ALL_GFXSB_K_BEGIN_HITO_GT_NOM_LFM_HVM_HRY_RAWSTR%,SCN_GT_GXX::STUCKAT_ALL_GFXSB_K_BEGIN_HITO_GT_NOM_LFM_HRY_RAWSTR%,6361608,6340759,105129
SCN_GT_GXX,gteuside,gt-gtslice1-gtxecore2-gteutop6,GT_GXX,gt,gtslice1,gtxecore2,gteutop6,,185,NVL_GT_SCN,SCN_GT_GXX::CTRL_X_PATMOD_K_BEGIN_X_X_X_X_X_RESET_TOPSKU,SCN_GT_GXX::CTRL_X_AUX_K_PREHVQK_X_X_X_X_X_SET_SKU_LFM,SCN_GT_GXX::CHAIN_ALL_GFXSB_K_BEGIN_HITO_GT_NOM_LFM_HVM_HRY_RAWSTR%,SCN_GT_GXX::STUCKAT_ALL_GFXSB_K_BEGIN_HITO_GT_NOM_LFM_HRY_RAWSTR%,9711074,9663298,140224
SCN_GT_GXX,gteusysside,gt-gtslice1-gtxecore2-gteusystop7,GT_GXX,gt,gtslice1,gtxecore2,gteusystop7,,1813,NVL_GT_SCN,SCN_GT_GXX::CTRL_X_PATMOD_K_BEGIN_X_X_X_X_X_RESET_TOPSKU,SCN_GT_GXX::CTRL_X_AUX_K_PREHVQK_X_X_X_X_X_SET_SKU_LFM,SCN_GT_GXX::CHAIN_ALL_GFXSB_K_BEGIN_HITO_GT_NOM_LFM_HVM_HRY_RAWSTR%,SCN_GT_GXX::STUCKAT_ALL_GFXSB_K_BEGIN_HITO_GT_NOM_LFM_HRY_RAWSTR%,6361608,6340759,105129
SCN_GT_GXX,gteuside,gt-gtslice1-gtxecore2-gteutop7,GT_GXX,gt,gtslice1,gtxecore2,gteutop7,,186,NVL_GT_SCN,SCN_GT_GXX::CTRL_X_PATMOD_K_BEGIN_X_X_X_X_X_RESET_TOPSKU,SCN_GT_GXX::CTRL_X_AUX_K_PREHVQK_X_X_X_X_X_SET_SKU_LFM,SCN_GT_GXX::CHAIN_ALL_GFXSB_K_BEGIN_HITO_GT_NOM_LFM_HVM_HRY_RAWSTR%,SCN_GT_GXX::STUCKAT_ALL_GFXSB_K_BEGIN_HITO_GT_NOM_LFM_HRY_RAWSTR%,9711074,9663298,140224
SCN_GT_GXX,gtxecorepar2,gt-gtslice1-gtxecore2-gtxecorepar2,GT_GXX,gt,gtslice1,gtxecore2,gtxecorepar2,,190,NVL_GT_SCN,SCN_GT_GXX::CTRL_X_PATMOD_K_BEGIN_X_X_X_X_X_RESET_TOPSKU,SCN_GT_GXX::CTRL_X_AUX_K_PREHVQK_X_X_X_X_X_SET_SKU_LFM,SCN_GT_GXX::CHAIN_ALL_GFXSB_K_BEGIN_HITO_GT_NOM_LFM_HVM_HRY_RAWSTR%,SCN_GT_GXX::STUCKAT_ALL_GFXSB_K_BEGIN_HITO_GT_NOM_LFM_HRY_RAWSTR%,7685097,7626107,100212
SCN_GT_GXX,gteusysside,gt-gtslice1-gtxecore2-gteusystop5,GT_GXX,gt,gtslice1,gtxecore2,gteusystop5,,1811,NVL_GT_SCN,SCN_GT_GXX::CTRL_X_PATMOD_K_BEGIN_X_X_X_X_X_RESET_TOPSKU,SCN_GT_GXX::CTRL_X_AUX_K_PREHVQK_X_X_X_X_X_SET_SKU_LFM,SCN_GT_GXX::CHAIN_ALL_GFXSB_K_BEGIN_HITO_GT_NOM_LFM_HVM_HRY_RAWSTR%,SCN_GT_GXX::STUCKAT_ALL_GFXSB_K_BEGIN_HITO_GT_NOM_LFM_HRY_RAWSTR%,6361608,6340759,105129
SCN_GT_GXX,gtlscbankpar1,gt-gtslice1-gtxecore3-gtlscbankpar1,GT_GXX,gt,gtslice1,gtxecore3,gtlscbankpar1,,202,NVL_GT_SCN,SCN_GT_GXX::CTRL_X_PATMOD_K_BEGIN_X_X_X_X_X_RESET_TOPSKU,SCN_GT_GXX::CTRL_X_AUX_K_PREHVQK_X_X_X_X_X_SET_SKU_LFM,SCN_GT_GXX::CHAIN_ALL_GFXSB_K_BEGIN_HITO_GT_NOM_LFM_HVM_HRY_RAWSTR%,SCN_GT_GXX::STUCKAT_ALL_GFXSB_K_BEGIN_HITO_GT_NOM_LFM_HRY_RAWSTR%,9131573,9007521,180595
SCN_GT_GXX,gtlscnodepar1,gt-gtslice1-gtxecore3-gtlscnodepar1,GT_GXX,gt,gtslice1,gtxecore3,gtlscnodepar1,,203,NVL_GT_SCN,SCN_GT_GXX::CTRL_X_PATMOD_K_BEGIN_X_X_X_X_X_RESET_TOPSKU,SCN_GT_GXX::CTRL_X_AUX_K_PREHVQK_X_X_X_X_X_SET_SKU_LFM,SCN_GT_GXX::CHAIN_ALL_GFXSB_K_BEGIN_HITO_GT_NOM_LFM_HVM_HRY_RAWSTR%,SCN_GT_GXX::STUCKAT_ALL_GFXSB_K_BEGIN_HITO_GT_NOM_LFM_HRY_RAWSTR%,8723346,8643432,141852
SCN_GT_GXX,gtxecorepar1,gt-gtslice1-gtxecore3-gtxecorepar1,GT_GXX,gt,gtslice1,gtxecore3,gtxecorepar1,,204,NVL_GT_SCN,SCN_GT_GXX::CTRL_X_PATMOD_K_BEGIN_X_X_X_X_X_RESET_TOPSKU,SCN_GT_GXX::CTRL_X_AUX_K_PREHVQK_X_X_X_X_X_SET_SKU_LFM,SCN_GT_GXX::CHAIN_ALL_GFXSB_K_BEGIN_HITO_GT_NOM_LFM_HVM_HRY_RAWSTR%,SCN_GT_GXX::STUCKAT_ALL_GFXSB_K_BEGIN_HITO_GT_NOM_LFM_HRY_RAWSTR%,11985757,11899189,168366
SCN_GT_GXX,gtxecorepar3,gt-gtslice1-gtxecore3-gtxecorepar3,GT_GXX,gt,gtslice1,gtxecore3,gtxecorepar3,,206,NVL_GT_SCN,SCN_GT_GXX::CTRL_X_PATMOD_K_BEGIN_X_X_X_X_X_RESET_TOPSKU,SCN_GT_GXX::CTRL_X_AUX_K_PREHVQK_X_X_X_X_X_SET_SKU_LFM,SCN_GT_GXX::CHAIN_ALL_GFXSB_K_BEGIN_HITO_GT_NOM_LFM_HVM_HRY_RAWSTR%,SCN_GT_GXX::STUCKAT_ALL_GFXSB_K_BEGIN_HITO_GT_NOM_LFM_HRY_RAWSTR%,13365253,13272040,270643
SCN_GT_GXX,gtxecorepar4,gt-gtslice1-gtxecore3-gtxecorepar4,GT_GXX,gt,gtslice1,gtxecore3,gtxecorepar4,,207,NVL_GT_SCN,SCN_GT_GXX::CTRL_X_PATMOD_K_BEGIN_X_X_X_X_X_RESET_TOPSKU,SCN_GT_GXX::CTRL_X_AUX_K_PREHVQK_X_X_X_X_X_SET_SKU_LFM,SCN_GT_GXX::CHAIN_ALL_GFXSB_K_BEGIN_HITO_GT_NOM_LFM_HVM_HRY_RAWSTR%,SCN_GT_GXX::STUCKAT_ALL_GFXSB_K_BEGIN_HITO_GT_NOM_LFM_HRY_RAWSTR%,11841780,11789789,160657
SCN_GT_GXX,gtxecorepar5,gt-gtslice1-gtxecore3-gtxecorepar5,GT_GXX,gt,gtslice1,gtxecore3,gtxecorepar5,,208,NVL_GT_SCN,SCN_GT_GXX::CTRL_X_PATMOD_K_BEGIN_X_X_X_X_X_RESET_TOPSKU,SCN_GT_GXX::CTRL_X_AUX_K_PREHVQK_X_X_X_X_X_SET_SKU_LFM,SCN_GT_GXX::CHAIN_ALL_GFXSB_K_BEGIN_HITO_GT_NOM_LFM_HVM_HRY_RAWSTR%,SCN_GT_GXX::STUCKAT_ALL_GFXSB_K_BEGIN_HITO_GT_NOM_LFM_HRY_RAWSTR%,12540921,12467757,218756
SCN_GT_GXX,gteusystop0,gt-gtslice1-gtxecore3-gteusystop0,GT_GXX,gt,gtslice1,gtxecore3,gteusystop0,,1814,NVL_GT_SCN,SCN_GT_GXX::CTRL_X_PATMOD_K_BEGIN_X_X_X_X_X_RESET_TOPSKU,SCN_GT_GXX::CTRL_X_AUX_K_PREHVQK_X_X_X_X_X_SET_SKU_LFM,SCN_GT_GXX::CHAIN_ALL_GFXSB_K_BEGIN_HITO_GT_NOM_LFM_HVM_HRY_RAWSTR%,SCN_GT_GXX::STUCKAT_ALL_GFXSB_K_BEGIN_HITO_GT_NOM_LFM_HRY_RAWSTR%,6398977,6378032,107295
SCN_GT_GXX,gteutop,gt-gtslice1-gtxecore3-gteutop0,GT_GXX,gt,gtslice1,gtxecore3,gteutop0,,194,NVL_GT_SCN,SCN_GT_GXX::CTRL_X_PATMOD_K_BEGIN_X_X_X_X_X_RESET_TOPSKU,SCN_GT_GXX::CTRL_X_AUX_K_PREHVQK_X_X_X_X_X_SET_SKU_LFM,SCN_GT_GXX::CHAIN_ALL_GFXSB_K_BEGIN_HITO_GT_NOM_LFM_HVM_HRY_RAWSTR%,SCN_GT_GXX::STUCKAT_ALL_GFXSB_K_BEGIN_HITO_GT_NOM_LFM_HRY_RAWSTR%,9749809,9701968,140224
SCN_GT_GXX,gteusysalt,gt-gtslice1-gtxecore3-gteusystop1,GT_GXX,gt,gtslice1,gtxecore3,gteusystop1,,1815,NVL_GT_SCN,SCN_GT_GXX::CTRL_X_PATMOD_K_BEGIN_X_X_X_X_X_RESET_TOPSKU,SCN_GT_GXX::CTRL_X_AUX_K_PREHVQK_X_X_X_X_X_SET_SKU_LFM,SCN_GT_GXX::CHAIN_ALL_GFXSB_K_BEGIN_HITO_GT_NOM_LFM_HVM_HRY_RAWSTR%,SCN_GT_GXX::STUCKAT_ALL_GFXSB_K_BEGIN_HITO_GT_NOM_LFM_HRY_RAWSTR%,6337642,6316608,105129
SCN_GT_GXX,gteuside,gt-gtslice1-gtxecore3-gteutop1,GT_GXX,gt,gtslice1,gtxecore3,gteutop1,,195,NVL_GT_SCN,SCN_GT_GXX::CTRL_X_PATMOD_K_BEGIN_X_X_X_X_X_RESET_TOPSKU,SCN_GT_GXX::CTRL_X_AUX_K_PREHVQK_X_X_X_X_X_SET_SKU_LFM,SCN_GT_GXX::CHAIN_ALL_GFXSB_K_BEGIN_HITO_GT_NOM_LFM_HVM_HRY_RAWSTR%,SCN_GT_GXX::STUCKAT_ALL_GFXSB_K_BEGIN_HITO_GT_NOM_LFM_HRY_RAWSTR%,9711074,9663298,140224
SCN_GT_GXX,gteusysside,gt-gtslice1-gtxecore3-gteusystop2,GT_GXX,gt,gtslice1,gtxecore3,gteusystop2,,1816,NVL_GT_SCN,SCN_GT_GXX::CTRL_X_PATMOD_K_BEGIN_X_X_X_X_X_RESET_TOPSKU,SCN_GT_GXX::CTRL_X_AUX_K_PREHVQK_X_X_X_X_X_SET_SKU_LFM,SCN_GT_GXX::CHAIN_ALL_GFXSB_K_BEGIN_HITO_GT_NOM_LFM_HVM_HRY_RAWSTR%,SCN_GT_GXX::STUCKAT_ALL_GFXSB_K_BEGIN_HITO_GT_NOM_LFM_HRY_RAWSTR%,6361608,6340759,105129
SCN_GT_GXX,gteuside,gt-gtslice1-gtxecore3-gteutop2,GT_GXX,gt,gtslice1,gtxecore3,gteutop2,,196,NVL_GT_SCN,SCN_GT_GXX::CTRL_X_PATMOD_K_BEGIN_X_X_X_X_X_RESET_TOPSKU,SCN_GT_GXX::CTRL_X_AUX_K_PREHVQK_X_X_X_X_X_SET_SKU_LFM,SCN_GT_GXX::CHAIN_ALL_GFXSB_K_BEGIN_HITO_GT_NOM_LFM_HVM_HRY_RAWSTR%,SCN_GT_GXX::STUCKAT_ALL_GFXSB_K_BEGIN_HITO_GT_NOM_LFM_HRY_RAWSTR%,9711074,9663298,140224
SCN_GT_GXX,gteusysside,gt-gtslice1-gtxecore3-gteusystop3,GT_GXX,gt,gtslice1,gtxecore3,gteusystop3,,1817,NVL_GT_SCN,SCN_GT_GXX::CTRL_X_PATMOD_K_BEGIN_X_X_X_X_X_RESET_TOPSKU,SCN_GT_GXX::CTRL_X_AUX_K_PREHVQK_X_X_X_X_X_SET_SKU_LFM,SCN_GT_GXX::CHAIN_ALL_GFXSB_K_BEGIN_HITO_GT_NOM_LFM_HVM_HRY_RAWSTR%,SCN_GT_GXX::STUCKAT_ALL_GFXSB_K_BEGIN_HITO_GT_NOM_LFM_HRY_RAWSTR%,6361608,6340759,105129
SCN_GT_GXX,gteuside,gt-gtslice1-gtxecore3-gteutop3,GT_GXX,gt,gtslice1,gtxecore3,gteutop3,,197,NVL_GT_SCN,SCN_GT_GXX::CTRL_X_PATMOD_K_BEGIN_X_X_X_X_X_RESET_TOPSKU,SCN_GT_GXX::CTRL_X_AUX_K_PREHVQK_X_X_X_X_X_SET_SKU_LFM,SCN_GT_GXX::CHAIN_ALL_GFXSB_K_BEGIN_HITO_GT_NOM_LFM_HVM_HRY_RAWSTR%,SCN_GT_GXX::STUCKAT_ALL_GFXSB_K_BEGIN_HITO_GT_NOM_LFM_HRY_RAWSTR%,9711074,9663298,140224
SCN_GT_GXX,gteusystop4,gt-gtslice1-gtxecore3-gteusystop4,GT_GXX,gt,gtslice1,gtxecore3,gteusystop4,,1818,NVL_GT_SCN,SCN_GT_GXX::CTRL_X_PATMOD_K_BEGIN_X_X_X_X_X_RESET_TOPSKU,SCN_GT_GXX::CTRL_X_AUX_K_PREHVQK_X_X_X_X_X_SET_SKU_LFM,SCN_GT_GXX::CHAIN_ALL_GFXSB_K_BEGIN_HITO_GT_NOM_LFM_HVM_HRY_RAWSTR%,SCN_GT_GXX::STUCKAT_ALL_GFXSB_K_BEGIN_HITO_GT_NOM_LFM_HRY_RAWSTR%,6394691,6373730,106636
SCN_GT_GXX,gteutop,gt-gtslice1-gtxecore3-gteutop4,GT_GXX,gt,gtslice1,gtxecore3,gteutop4,,198,NVL_GT_SCN,SCN_GT_GXX::CTRL_X_PATMOD_K_BEGIN_X_X_X_X_X_RESET_TOPSKU,SCN_GT_GXX::CTRL_X_AUX_K_PREHVQK_X_X_X_X_X_SET_SKU_LFM,SCN_GT_GXX::CHAIN_ALL_GFXSB_K_BEGIN_HITO_GT_NOM_LFM_HVM_HRY_RAWSTR%,SCN_GT_GXX::STUCKAT_ALL_GFXSB_K_BEGIN_HITO_GT_NOM_LFM_HRY_RAWSTR%,9749809,9701968,140224
SCN_GT_GXX,gteuside,gt-gtslice1-gtxecore3-gteutop5,GT_GXX,gt,gtslice1,gtxecore3,gteutop5,,199,NVL_GT_SCN,SCN_GT_GXX::CTRL_X_PATMOD_K_BEGIN_X_X_X_X_X_RESET_TOPSKU,SCN_GT_GXX::CTRL_X_AUX_K_PREHVQK_X_X_X_X_X_SET_SKU_LFM,SCN_GT_GXX::CHAIN_ALL_GFXSB_K_BEGIN_HITO_GT_NOM_LFM_HVM_HRY_RAWSTR%,SCN_GT_GXX::STUCKAT_ALL_GFXSB_K_BEGIN_HITO_GT_NOM_LFM_HRY_RAWSTR%,9711074,9663298,140224
SCN_GT_GXX,gteusysside,gt-gtslice1-gtxecore3-gteusystop6,GT_GXX,gt,gtslice1,gtxecore3,gteusystop6,,1820,NVL_GT_SCN,SCN_GT_GXX::CTRL_X_PATMOD_K_BEGIN_X_X_X_X_X_RESET_TOPSKU,SCN_GT_GXX::CTRL_X_AUX_K_PREHVQK_X_X_X_X_X_SET_SKU_LFM,SCN_GT_GXX::CHAIN_ALL_GFXSB_K_BEGIN_HITO_GT_NOM_LFM_HVM_HRY_RAWSTR%,SCN_GT_GXX::STUCKAT_ALL_GFXSB_K_BEGIN_HITO_GT_NOM_LFM_HRY_RAWSTR%,6361608,6340759,105129
SCN_GT_GXX,gteuside,gt-gtslice1-gtxecore3-gteutop6,GT_GXX,gt,gtslice1,gtxecore3,gteutop6,,200,NVL_GT_SCN,SCN_GT_GXX::CTRL_X_PATMOD_K_BEGIN_X_X_X_X_X_RESET_TOPSKU,SCN_GT_GXX::CTRL_X_AUX_K_PREHVQK_X_X_X_X_X_SET_SKU_LFM,SCN_GT_GXX::CHAIN_ALL_GFXSB_K_BEGIN_HITO_GT_NOM_LFM_HVM_HRY_RAWSTR%,SCN_GT_GXX::STUCKAT_ALL_GFXSB_K_BEGIN_HITO_GT_NOM_LFM_HRY_RAWSTR%,9711074,9663298,140224
SCN_GT_GXX,gteusysside,gt-gtslice1-gtxecore3-gteusystop7,GT_GXX,gt,gtslice1,gtxecore3,gteusystop7,,1821,NVL_GT_SCN,SCN_GT_GXX::CTRL_X_PATMOD_K_BEGIN_X_X_X_X_X_RESET_TOPSKU,SCN_GT_GXX::CTRL_X_AUX_K_PREHVQK_X_X_X_X_X_SET_SKU_LFM,SCN_GT_GXX::CHAIN_ALL_GFXSB_K_BEGIN_HITO_GT_NOM_LFM_HVM_HRY_RAWSTR%,SCN_GT_GXX::STUCKAT_ALL_GFXSB_K_BEGIN_HITO_GT_NOM_LFM_HRY_RAWSTR%,6361608,6340759,105129
SCN_GT_GXX,gteuside,gt-gtslice1-gtxecore3-gteutop7,GT_GXX,gt,gtslice1,gtxecore3,gteutop7,,201,NVL_GT_SCN,SCN_GT_GXX::CTRL_X_PATMOD_K_BEGIN_X_X_X_X_X_RESET_TOPSKU,SCN_GT_GXX::CTRL_X_AUX_K_PREHVQK_X_X_X_X_X_SET_SKU_LFM,SCN_GT_GXX::CHAIN_ALL_GFXSB_K_BEGIN_HITO_GT_NOM_LFM_HVM_HRY_RAWSTR%,SCN_GT_GXX::STUCKAT_ALL_GFXSB_K_BEGIN_HITO_GT_NOM_LFM_HRY_RAWSTR%,9711074,9663298,140224
SCN_GT_GXX,gtxecorepar2,gt-gtslice1-gtxecore3-gtxecorepar2,GT_GXX,gt,gtslice1,gtxecore3,gtxecorepar2,,205,NVL_GT_SCN,SCN_GT_GXX::CTRL_X_PATMOD_K_BEGIN_X_X_X_X_X_RESET_TOPSKU,SCN_GT_GXX::CTRL_X_AUX_K_PREHVQK_X_X_X_X_X_SET_SKU_LFM,SCN_GT_GXX::CHAIN_ALL_GFXSB_K_BEGIN_HITO_GT_NOM_LFM_HVM_HRY_RAWSTR%,SCN_GT_GXX::STUCKAT_ALL_GFXSB_K_BEGIN_HITO_GT_NOM_LFM_HRY_RAWSTR%,7685097,7626107,100212
SCN_GT_GXX,gteusysside,gt-gtslice1-gtxecore3-gteusystop5,GT_GXX,gt,gtslice1,gtxecore3,gteusystop5,,1819,NVL_GT_SCN,SCN_GT_GXX::CTRL_X_PATMOD_K_BEGIN_X_X_X_X_X_RESET_TOPSKU,SCN_GT_GXX::CTRL_X_AUX_K_PREHVQK_X_X_X_X_X_SET_SKU_LFM,SCN_GT_GXX::CHAIN_ALL_GFXSB_K_BEGIN_HITO_GT_NOM_LFM_HVM_HRY_RAWSTR%,SCN_GT_GXX::STUCKAT_ALL_GFXSB_K_BEGIN_HITO_GT_NOM_LFM_HRY_RAWSTR%,6361608,6340759,105129
SCN_GT_GXX,gtrasterpar2,gt-gtslice1-gtsc-gtrasterpar2,GT_GXX,gt,gtslice1,gtsc,gtrasterpar2,,129,NVL_GT_SCN,SCN_GT_GXX::CTRL_X_PATMOD_K_BEGIN_X_X_X_X_X_RESET_TOPSKU,SCN_GT_GXX::CTRL_X_AUX_K_PREHVQK_X_X_X_X_X_SET_SKU_LFM,SCN_GT_GXX::CHAIN_ALL_GFXSB_K_BEGIN_HITO_GT_NOM_LFM_HVM_HRY_RAWSTR%,SCN_GT_GXX::STUCKAT_ALL_GFXSB_K_BEGIN_HITO_GT_NOM_LFM_HRY_RAWSTR%,10762799,10627137,228584
SCN_GT_GXX,gtrasterpar3,gt-gtslice1-gtsc-gtrasterpar3,GT_GXX,gt,gtslice1,gtsc,gtrasterpar3,,130,NVL_GT_SCN,SCN_GT_GXX::CTRL_X_PATMOD_K_BEGIN_X_X_X_X_X_RESET_TOPSKU,SCN_GT_GXX::CTRL_X_AUX_K_PREHVQK_X_X_X_X_X_SET_SKU_LFM,SCN_GT_GXX::CHAIN_ALL_GFXSB_K_BEGIN_HITO_GT_NOM_LFM_HVM_HRY_RAWSTR%,SCN_GT_GXX::STUCKAT_ALL_GFXSB_K_BEGIN_HITO_GT_NOM_LFM_HRY_RAWSTR%,11549858,11485157,269146
SCN_GT_GXX,gtcpipepar1,gt-gtslice1-gtsc-gtscpipe0-gtcpipepar1,GT_GXX,gt,gtslice1,gtsc,gtscpipe0,gtcpipepar1,131,NVL_GT_SCN,SCN_GT_GXX::CTRL_X_PATMOD_K_BEGIN_X_X_X_X_X_RESET_TOPSKU,SCN_GT_GXX::CTRL_X_AUX_K_PREHVQK_X_X_X_X_X_SET_SKU_LFM,SCN_GT_GXX::CHAIN_ALL_GFXSB_K_BEGIN_HITO_GT_NOM_LFM_HVM_HRY_RAWSTR%,SCN_GT_GXX::STUCKAT_ALL_GFXSB_K_BEGIN_HITO_GT_NOM_LFM_HRY_RAWSTR%,10746850,10696909,194538
SCN_GT_GXX,gtcpipepar2,gt-gtslice1-gtsc-gtscpipe0-gtcpipepar2,GT_GXX,gt,gtslice1,gtsc,gtscpipe0,gtcpipepar2,132,NVL_GT_SCN,SCN_GT_GXX::CTRL_X_PATMOD_K_BEGIN_X_X_X_X_X_RESET_TOPSKU,SCN_GT_GXX::CTRL_X_AUX_K_PREHVQK_X_X_X_X_X_SET_SKU_LFM,SCN_GT_GXX::CHAIN_ALL_GFXSB_K_BEGIN_HITO_GT_NOM_LFM_HVM_HRY_RAWSTR%,SCN_GT_GXX::STUCKAT_ALL_GFXSB_K_BEGIN_HITO_GT_NOM_LFM_HRY_RAWSTR%,10756187,10689922,230394
SCN_GT_GXX,gtfixpar1,gt-gtslice1-gtsc-gtscpipe0-gtfixpar1,GT_GXX,gt,gtslice1,gtsc,gtscpipe0,gtfixpar1,133,NVL_GT_SCN,SCN_GT_GXX::CTRL_X_PATMOD_K_BEGIN_X_X_X_X_X_RESET_TOPSKU,SCN_GT_GXX::CTRL_X_AUX_K_PREHVQK_X_X_X_X_X_SET_SKU_LFM,SCN_GT_GXX::CHAIN_ALL_GFXSB_K_BEGIN_HITO_GT_NOM_LFM_HVM_HRY_RAWSTR%,SCN_GT_GXX::STUCKAT_ALL_GFXSB_K_BEGIN_HITO_GT_NOM_LFM_HRY_RAWSTR%,4895039,4724601,86543
SCN_GT_GXX,gtfixpar2,gt-gtslice1-gtsc-gtscpipe0-gtfixpar2,GT_GXX,gt,gtslice1,gtsc,gtscpipe0,gtfixpar2,134,NVL_GT_SCN,SCN_GT_GXX::CTRL_X_PATMOD_K_BEGIN_X_X_X_X_X_RESET_TOPSKU,SCN_GT_GXX::CTRL_X_AUX_K_PREHVQK_X_X_X_X_X_SET_SKU_LFM,SCN_GT_GXX::CHAIN_ALL_GFXSB_K_BEGIN_HITO_GT_NOM_LFM_HVM_HRY_RAWSTR%,SCN_GT_GXX::STUCKAT_ALL_GFXSB_K_BEGIN_HITO_GT_NOM_LFM_HRY_RAWSTR%,13679498,13553314,259495
SCN_GT_GXX,gtfixpar3,gt-gtslice1-gtsc-gtscpipe0-gtfixpar3,GT_GXX,gt,gtslice1,gtsc,gtscpipe0,gtfixpar3,135,NVL_GT_SCN,SCN_GT_GXX::CTRL_X_PATMOD_K_BEGIN_X_X_X_X_X_RESET_TOPSKU,SCN_GT_GXX::CTRL_X_AUX_K_PREHVQK_X_X_X_X_X_SET_SKU_LFM,SCN_GT_GXX::CHAIN_ALL_GFXSB_K_BEGIN_HITO_GT_NOM_LFM_HVM_HRY_RAWSTR%,SCN_GT_GXX::STUCKAT_ALL_GFXSB_K_BEGIN_HITO_GT_NOM_LFM_HRY_RAWSTR%,10627088,10527045,224971
SCN_GT_GXX,gtstlbpar1,gt-gtslice1-gtsc-gtscpipe0-gtstlbpar1,GT_GXX,gt,gtslice1,gtsc,gtscpipe0,gtstlbpar1,136,NVL_GT_SCN,SCN_GT_GXX::CTRL_X_PATMOD_K_BEGIN_X_X_X_X_X_RESET_TOPSKU,SCN_GT_GXX::CTRL_X_AUX_K_PREHVQK_X_X_X_X_X_SET_SKU_LFM,SCN_GT_GXX::CHAIN_ALL_GFXSB_K_BEGIN_HITO_GT_NOM_LFM_HVM_HRY_RAWSTR%,SCN_GT_GXX::STUCKAT_ALL_GFXSB_K_BEGIN_HITO_GT_NOM_LFM_HRY_RAWSTR%,6105618,6061686,103677
SCN_GT_GXX,gtxetlbpar1,gt-gtslice1-gtsc-gtscpipe0-gtxetlbpar1,GT_GXX,gt,gtslice1,gtsc,gtscpipe0,gtxetlbpar1,137,NVL_GT_SCN,SCN_GT_GXX::CTRL_X_PATMOD_K_BEGIN_X_X_X_X_X_RESET_TOPSKU,SCN_GT_GXX::CTRL_X_AUX_K_PREHVQK_X_X_X_X_X_SET_SKU_LFM,SCN_GT_GXX::CHAIN_ALL_GFXSB_K_BEGIN_HITO_GT_NOM_LFM_HVM_HRY_RAWSTR%,SCN_GT_GXX::STUCKAT_ALL_GFXSB_K_BEGIN_HITO_GT_NOM_LFM_HRY_RAWSTR%,6576463,6504549,121628
SCN_GT_GXX,gtxetlbpar2,gt-gtslice1-gtsc-gtscpipe0-gtxetlbpar2,GT_GXX,gt,gtslice1,gtsc,gtscpipe0,gtxetlbpar2,138,NVL_GT_SCN,SCN_GT_GXX::CTRL_X_PATMOD_K_BEGIN_X_X_X_X_X_RESET_TOPSKU,SCN_GT_GXX::CTRL_X_AUX_K_PREHVQK_X_X_X_X_X_SET_SKU_LFM,SCN_GT_GXX::CHAIN_ALL_GFXSB_K_BEGIN_HITO_GT_NOM_LFM_HVM_HRY_RAWSTR%,SCN_GT_GXX::STUCKAT_ALL_GFXSB_K_BEGIN_HITO_GT_NOM_LFM_HRY_RAWSTR%,10665366,10573421,126009
SCN_GT_GXX,gtzpipepar1,gt-gtslice1-gtsc-gtscpipe0-gtzpipepar1,GT_GXX,gt,gtslice1,gtsc,gtscpipe0,gtzpipepar1,139,NVL_GT_SCN,SCN_GT_GXX::CTRL_X_PATMOD_K_BEGIN_X_X_X_X_X_RESET_TOPSKU,SCN_GT_GXX::CTRL_X_AUX_K_PREHVQK_X_X_X_X_X_SET_SKU_LFM,SCN_GT_GXX::CHAIN_ALL_GFXSB_K_BEGIN_HITO_GT_NOM_LFM_HVM_HRY_RAWSTR%,SCN_GT_GXX::STUCKAT_ALL_GFXSB_K_BEGIN_HITO_GT_NOM_LFM_HRY_RAWSTR%,11122704,11025644,266022
SCN_GT_GXX,gtcpipepar1,gt-gtslice1-gtsc-gtscpipe1-gtcpipepar1,GT_GXX,gt,gtslice1,gtsc,gtscpipe1,gtcpipepar1,140,NVL_GT_SCN,SCN_GT_GXX::CTRL_X_PATMOD_K_BEGIN_X_X_X_X_X_RESET_TOPSKU,SCN_GT_GXX::CTRL_X_AUX_K_PREHVQK_X_X_X_X_X_SET_SKU_LFM,SCN_GT_GXX::CHAIN_ALL_GFXSB_K_BEGIN_HITO_GT_NOM_LFM_HVM_HRY_RAWSTR%,SCN_GT_GXX::STUCKAT_ALL_GFXSB_K_BEGIN_HITO_GT_NOM_LFM_HRY_RAWSTR%,10746850,10696909,194538
SCN_GT_GXX,gtcpipepar2,gt-gtslice1-gtsc-gtscpipe1-gtcpipepar2,GT_GXX,gt,gtslice1,gtsc,gtscpipe1,gtcpipepar2,141,NVL_GT_SCN,SCN_GT_GXX::CTRL_X_PATMOD_K_BEGIN_X_X_X_X_X_RESET_TOPSKU,SCN_GT_GXX::CTRL_X_AUX_K_PREHVQK_X_X_X_X_X_SET_SKU_LFM,SCN_GT_GXX::CHAIN_ALL_GFXSB_K_BEGIN_HITO_GT_NOM_LFM_HVM_HRY_RAWSTR%,SCN_GT_GXX::STUCKAT_ALL_GFXSB_K_BEGIN_HITO_GT_NOM_LFM_HRY_RAWSTR%,10756187,10689922,230394
SCN_GT_GXX,gtfixpar1,gt-gtslice1-gtsc-gtscpipe1-gtfixpar1,GT_GXX,gt,gtslice1,gtsc,gtscpipe1,gtfixpar1,142,NVL_GT_SCN,SCN_GT_GXX::CTRL_X_PATMOD_K_BEGIN_X_X_X_X_X_RESET_TOPSKU,SCN_GT_GXX::CTRL_X_AUX_K_PREHVQK_X_X_X_X_X_SET_SKU_LFM,SCN_GT_GXX::CHAIN_ALL_GFXSB_K_BEGIN_HITO_GT_NOM_LFM_HVM_HRY_RAWSTR%,SCN_GT_GXX::STUCKAT_ALL_GFXSB_K_BEGIN_HITO_GT_NOM_LFM_HRY_RAWSTR%,4895039,4724601,86543
SCN_GT_GXX,gtfixpar2,gt-gtslice1-gtsc-gtscpipe1-gtfixpar2,GT_GXX,gt,gtslice1,gtsc,gtscpipe1,gtfixpar2,143,NVL_GT_SCN,SCN_GT_GXX::CTRL_X_PATMOD_K_BEGIN_X_X_X_X_X_RESET_TOPSKU,SCN_GT_GXX::CTRL_X_AUX_K_PREHVQK_X_X_X_X_X_SET_SKU_LFM,SCN_GT_GXX::CHAIN_ALL_GFXSB_K_BEGIN_HITO_GT_NOM_LFM_HVM_HRY_RAWSTR%,SCN_GT_GXX::STUCKAT_ALL_GFXSB_K_BEGIN_HITO_GT_NOM_LFM_HRY_RAWSTR%,13679498,13553314,259495
SCN_GT_GXX,gtfixpar3,gt-gtslice1-gtsc-gtscpipe1-gtfixpar3,GT_GXX,gt,gtslice1,gtsc,gtscpipe1,gtfixpar3,144,NVL_GT_SCN,SCN_GT_GXX::CTRL_X_PATMOD_K_BEGIN_X_X_X_X_X_RESET_TOPSKU,SCN_GT_GXX::CTRL_X_AUX_K_PREHVQK_X_X_X_X_X_SET_SKU_LFM,SCN_GT_GXX::CHAIN_ALL_GFXSB_K_BEGIN_HITO_GT_NOM_LFM_HVM_HRY_RAWSTR%,SCN_GT_GXX::STUCKAT_ALL_GFXSB_K_BEGIN_HITO_GT_NOM_LFM_HRY_RAWSTR%,10627088,10527045,224971
SCN_GT_GXX,gtstlbpar1,gt-gtslice1-gtsc-gtscpipe1-gtstlbpar1,GT_GXX,gt,gtslice1,gtsc,gtscpipe1,gtstlbpar1,145,NVL_GT_SCN,SCN_GT_GXX::CTRL_X_PATMOD_K_BEGIN_X_X_X_X_X_RESET_TOPSKU,SCN_GT_GXX::CTRL_X_AUX_K_PREHVQK_X_X_X_X_X_SET_SKU_LFM,SCN_GT_GXX::CHAIN_ALL_GFXSB_K_BEGIN_HITO_GT_NOM_LFM_HVM_HRY_RAWSTR%,SCN_GT_GXX::STUCKAT_ALL_GFXSB_K_BEGIN_HITO_GT_NOM_LFM_HRY_RAWSTR%,6105618,6061686,103677
SCN_GT_GXX,gtxetlbpar1,gt-gtslice1-gtsc-gtscpipe1-gtxetlbpar1,GT_GXX,gt,gtslice1,gtsc,gtscpipe1,gtxetlbpar1,146,NVL_GT_SCN,SCN_GT_GXX::CTRL_X_PATMOD_K_BEGIN_X_X_X_X_X_RESET_TOPSKU,SCN_GT_GXX::CTRL_X_AUX_K_PREHVQK_X_X_X_X_X_SET_SKU_LFM,SCN_GT_GXX::CHAIN_ALL_GFXSB_K_BEGIN_HITO_GT_NOM_LFM_HVM_HRY_RAWSTR%,SCN_GT_GXX::STUCKAT_ALL_GFXSB_K_BEGIN_HITO_GT_NOM_LFM_HRY_RAWSTR%,6576463,6504549,121628
SCN_GT_GXX,gtxetlbpar2,gt-gtslice1-gtsc-gtscpipe1-gtxetlbpar2,GT_GXX,gt,gtslice1,gtsc,gtscpipe1,gtxetlbpar2,147,NVL_GT_SCN,SCN_GT_GXX::CTRL_X_PATMOD_K_BEGIN_X_X_X_X_X_RESET_TOPSKU,SCN_GT_GXX::CTRL_X_AUX_K_PREHVQK_X_X_X_X_X_SET_SKU_LFM,SCN_GT_GXX::CHAIN_ALL_GFXSB_K_BEGIN_HITO_GT_NOM_LFM_HVM_HRY_RAWSTR%,SCN_GT_GXX::STUCKAT_ALL_GFXSB_K_BEGIN_HITO_GT_NOM_LFM_HRY_RAWSTR%,10665366,10573421,126009
SCN_GT_GXX,gtzpipepar1,gt-gtslice1-gtsc-gtscpipe1-gtzpipepar1,GT_GXX,gt,gtslice1,gtsc,gtscpipe1,gtzpipepar1,148,NVL_GT_SCN,SCN_GT_GXX::CTRL_X_PATMOD_K_BEGIN_X_X_X_X_X_RESET_TOPSKU,SCN_GT_GXX::CTRL_X_AUX_K_PREHVQK_X_X_X_X_X_SET_SKU_LFM,SCN_GT_GXX::CHAIN_ALL_GFXSB_K_BEGIN_HITO_GT_NOM_LFM_HVM_HRY_RAWSTR%,SCN_GT_GXX::STUCKAT_ALL_GFXSB_K_BEGIN_HITO_GT_NOM_LFM_HRY_RAWSTR%,11122704,11025644,266022
SCN_GT_GXX,gtrasterpar1,gt-gtslice1-gtsc-gtrasterpar1,GT_GXX,gt,gtslice1,gtsc,gtrasterpar1,,128,NVL_GT_SCN,SCN_GT_GXX::CTRL_X_PATMOD_K_BEGIN_X_X_X_X_X_RESET_TOPSKU,SCN_GT_GXX::CTRL_X_AUX_K_PREHVQK_X_X_X_X_X_SET_SKU_LFM,SCN_GT_GXX::CHAIN_ALL_GFXSB_K_BEGIN_HITO_GT_NOM_LFM_HVM_HRY_RAWSTR%,SCN_GT_GXX::STUCKAT_ALL_GFXSB_K_BEGIN_HITO_GT_NOM_LFM_HRY_RAWSTR%,12503971,12385578,201027
SCN_GT_GXX,gtlscbankpar1,gt-gtslice2-gtxecore0-gtlscbankpar1,GT_GXX,gt,gtslice2,gtxecore0,gtlscbankpar1,,238,NVL_GT_SCN,SCN_GT_GXX::CTRL_X_PATMOD_K_BEGIN_X_X_X_X_X_RESET_TOPSKU,SCN_GT_GXX::CTRL_X_AUX_K_PREHVQK_X_X_X_X_X_SET_SKU_LFM,SCN_GT_GXX::CHAIN_ALL_GFXSB_K_BEGIN_HITO_GT_NOM_LFM_HVM_HRY_RAWSTR%,SCN_GT_GXX::STUCKAT_ALL_GFXSB_K_BEGIN_HITO_GT_NOM_LFM_HRY_RAWSTR%,9131573,9007521,180595
SCN_GT_GXX,gtlscnodepar1,gt-gtslice2-gtxecore0-gtlscnodepar1,GT_GXX,gt,gtslice2,gtxecore0,gtlscnodepar1,,239,NVL_GT_SCN,SCN_GT_GXX::CTRL_X_PATMOD_K_BEGIN_X_X_X_X_X_RESET_TOPSKU,SCN_GT_GXX::CTRL_X_AUX_K_PREHVQK_X_X_X_X_X_SET_SKU_LFM,SCN_GT_GXX::CHAIN_ALL_GFXSB_K_BEGIN_HITO_GT_NOM_LFM_HVM_HRY_RAWSTR%,SCN_GT_GXX::STUCKAT_ALL_GFXSB_K_BEGIN_HITO_GT_NOM_LFM_HRY_RAWSTR%,8723346,8643432,141852
SCN_GT_GXX,gtxecorepar1,gt-gtslice2-gtxecore0-gtxecorepar1,GT_GXX,gt,gtslice2,gtxecore0,gtxecorepar1,,240,NVL_GT_SCN,SCN_GT_GXX::CTRL_X_PATMOD_K_BEGIN_X_X_X_X_X_RESET_TOPSKU,SCN_GT_GXX::CTRL_X_AUX_K_PREHVQK_X_X_X_X_X_SET_SKU_LFM,SCN_GT_GXX::CHAIN_ALL_GFXSB_K_BEGIN_HITO_GT_NOM_LFM_HVM_HRY_RAWSTR%,SCN_GT_GXX::STUCKAT_ALL_GFXSB_K_BEGIN_HITO_GT_NOM_LFM_HRY_RAWSTR%,11985757,11899189,168366
SCN_GT_GXX,gtxecorepar3,gt-gtslice2-gtxecore0-gtxecorepar3,GT_GXX,gt,gtslice2,gtxecore0,gtxecorepar3,,242,NVL_GT_SCN,SCN_GT_GXX::CTRL_X_PATMOD_K_BEGIN_X_X_X_X_X_RESET_TOPSKU,SCN_GT_GXX::CTRL_X_AUX_K_PREHVQK_X_X_X_X_X_SET_SKU_LFM,SCN_GT_GXX::CHAIN_ALL_GFXSB_K_BEGIN_HITO_GT_NOM_LFM_HVM_HRY_RAWSTR%,SCN_GT_GXX::STUCKAT_ALL_GFXSB_K_BEGIN_HITO_GT_NOM_LFM_HRY_RAWSTR%,13365253,13272040,270643
SCN_GT_GXX,gtxecorepar4,gt-gtslice2-gtxecore0-gtxecorepar4,GT_GXX,gt,gtslice2,gtxecore0,gtxecorepar4,,243,NVL_GT_SCN,SCN_GT_GXX::CTRL_X_PATMOD_K_BEGIN_X_X_X_X_X_RESET_TOPSKU,SCN_GT_GXX::CTRL_X_AUX_K_PREHVQK_X_X_X_X_X_SET_SKU_LFM,SCN_GT_GXX::CHAIN_ALL_GFXSB_K_BEGIN_HITO_GT_NOM_LFM_HVM_HRY_RAWSTR%,SCN_GT_GXX::STUCKAT_ALL_GFXSB_K_BEGIN_HITO_GT_NOM_LFM_HRY_RAWSTR%,11841780,11789789,160657
SCN_GT_GXX,gtxecorepar5,gt-gtslice2-gtxecore0-gtxecorepar5,GT_GXX,gt,gtslice2,gtxecore0,gtxecorepar5,,244,NVL_GT_SCN,SCN_GT_GXX::CTRL_X_PATMOD_K_BEGIN_X_X_X_X_X_RESET_TOPSKU,SCN_GT_GXX::CTRL_X_AUX_K_PREHVQK_X_X_X_X_X_SET_SKU_LFM,SCN_GT_GXX::CHAIN_ALL_GFXSB_K_BEGIN_HITO_GT_NOM_LFM_HVM_HRY_RAWSTR%,SCN_GT_GXX::STUCKAT_ALL_GFXSB_K_BEGIN_HITO_GT_NOM_LFM_HRY_RAWSTR%,12540921,12467757,218756
SCN_GT_GXX,gteusystop0,gt-gtslice2-gtxecore0-gteusystop0,GT_GXX,gt,gtslice2,gtxecore0,gteusystop0,,1822,NVL_GT_SCN,SCN_GT_GXX::CTRL_X_PATMOD_K_BEGIN_X_X_X_X_X_RESET_TOPSKU,SCN_GT_GXX::CTRL_X_AUX_K_PREHVQK_X_X_X_X_X_SET_SKU_LFM,SCN_GT_GXX::CHAIN_ALL_GFXSB_K_BEGIN_HITO_GT_NOM_LFM_HVM_HRY_RAWSTR%,SCN_GT_GXX::STUCKAT_ALL_GFXSB_K_BEGIN_HITO_GT_NOM_LFM_HRY_RAWSTR%,6398977,6378032,107295
SCN_GT_GXX,gteutop,gt-gtslice2-gtxecore0-gteutop0,GT_GXX,gt,gtslice2,gtxecore0,gteutop0,,230,NVL_GT_SCN,SCN_GT_GXX::CTRL_X_PATMOD_K_BEGIN_X_X_X_X_X_RESET_TOPSKU,SCN_GT_GXX::CTRL_X_AUX_K_PREHVQK_X_X_X_X_X_SET_SKU_LFM,SCN_GT_GXX::CHAIN_ALL_GFXSB_K_BEGIN_HITO_GT_NOM_LFM_HVM_HRY_RAWSTR%,SCN_GT_GXX::STUCKAT_ALL_GFXSB_K_BEGIN_HITO_GT_NOM_LFM_HRY_RAWSTR%,9749809,9701968,140224
SCN_GT_GXX,gteusysalt,gt-gtslice2-gtxecore0-gteusystop1,GT_GXX,gt,gtslice2,gtxecore0,gteusystop1,,1823,NVL_GT_SCN,SCN_GT_GXX::CTRL_X_PATMOD_K_BEGIN_X_X_X_X_X_RESET_TOPSKU,SCN_GT_GXX::CTRL_X_AUX_K_PREHVQK_X_X_X_X_X_SET_SKU_LFM,SCN_GT_GXX::CHAIN_ALL_GFXSB_K_BEGIN_HITO_GT_NOM_LFM_HVM_HRY_RAWSTR%,SCN_GT_GXX::STUCKAT_ALL_GFXSB_K_BEGIN_HITO_GT_NOM_LFM_HRY_RAWSTR%,6337642,6316608,105129
SCN_GT_GXX,gteuside,gt-gtslice2-gtxecore0-gteutop1,GT_GXX,gt,gtslice2,gtxecore0,gteutop1,,231,NVL_GT_SCN,SCN_GT_GXX::CTRL_X_PATMOD_K_BEGIN_X_X_X_X_X_RESET_TOPSKU,SCN_GT_GXX::CTRL_X_AUX_K_PREHVQK_X_X_X_X_X_SET_SKU_LFM,SCN_GT_GXX::CHAIN_ALL_GFXSB_K_BEGIN_HITO_GT_NOM_LFM_HVM_HRY_RAWSTR%,SCN_GT_GXX::STUCKAT_ALL_GFXSB_K_BEGIN_HITO_GT_NOM_LFM_HRY_RAWSTR%,9711074,9663298,140224
SCN_GT_GXX,gteusysside,gt-gtslice2-gtxecore0-gteusystop2,GT_GXX,gt,gtslice2,gtxecore0,gteusystop2,,1824,NVL_GT_SCN,SCN_GT_GXX::CTRL_X_PATMOD_K_BEGIN_X_X_X_X_X_RESET_TOPSKU,SCN_GT_GXX::CTRL_X_AUX_K_PREHVQK_X_X_X_X_X_SET_SKU_LFM,SCN_GT_GXX::CHAIN_ALL_GFXSB_K_BEGIN_HITO_GT_NOM_LFM_HVM_HRY_RAWSTR%,SCN_GT_GXX::STUCKAT_ALL_GFXSB_K_BEGIN_HITO_GT_NOM_LFM_HRY_RAWSTR%,6361608,6340759,105129
SCN_GT_GXX,gteuside,gt-gtslice2-gtxecore0-gteutop2,GT_GXX,gt,gtslice2,gtxecore0,gteutop2,,232,NVL_GT_SCN,SCN_GT_GXX::CTRL_X_PATMOD_K_BEGIN_X_X_X_X_X_RESET_TOPSKU,SCN_GT_GXX::CTRL_X_AUX_K_PREHVQK_X_X_X_X_X_SET_SKU_LFM,SCN_GT_GXX::CHAIN_ALL_GFXSB_K_BEGIN_HITO_GT_NOM_LFM_HVM_HRY_RAWSTR%,SCN_GT_GXX::STUCKAT_ALL_GFXSB_K_BEGIN_HITO_GT_NOM_LFM_HRY_RAWSTR%,9711074,9663298,140224
SCN_GT_GXX,gteusysside,gt-gtslice2-gtxecore0-gteusystop3,GT_GXX,gt,gtslice2,gtxecore0,gteusystop3,,1825,NVL_GT_SCN,SCN_GT_GXX::CTRL_X_PATMOD_K_BEGIN_X_X_X_X_X_RESET_TOPSKU,SCN_GT_GXX::CTRL_X_AUX_K_PREHVQK_X_X_X_X_X_SET_SKU_LFM,SCN_GT_GXX::CHAIN_ALL_GFXSB_K_BEGIN_HITO_GT_NOM_LFM_HVM_HRY_RAWSTR%,SCN_GT_GXX::STUCKAT_ALL_GFXSB_K_BEGIN_HITO_GT_NOM_LFM_HRY_RAWSTR%,6361608,6340759,105129
SCN_GT_GXX,gteuside,gt-gtslice2-gtxecore0-gteutop3,GT_GXX,gt,gtslice2,gtxecore0,gteutop3,,233,NVL_GT_SCN,SCN_GT_GXX::CTRL_X_PATMOD_K_BEGIN_X_X_X_X_X_RESET_TOPSKU,SCN_GT_GXX::CTRL_X_AUX_K_PREHVQK_X_X_X_X_X_SET_SKU_LFM,SCN_GT_GXX::CHAIN_ALL_GFXSB_K_BEGIN_HITO_GT_NOM_LFM_HVM_HRY_RAWSTR%,SCN_GT_GXX::STUCKAT_ALL_GFXSB_K_BEGIN_HITO_GT_NOM_LFM_HRY_RAWSTR%,9711074,9663298,140224
SCN_GT_GXX,gteusystop4,gt-gtslice2-gtxecore0-gteusystop4,GT_GXX,gt,gtslice2,gtxecore0,gteusystop4,,1826,NVL_GT_SCN,SCN_GT_GXX::CTRL_X_PATMOD_K_BEGIN_X_X_X_X_X_RESET_TOPSKU,SCN_GT_GXX::CTRL_X_AUX_K_PREHVQK_X_X_X_X_X_SET_SKU_LFM,SCN_GT_GXX::CHAIN_ALL_GFXSB_K_BEGIN_HITO_GT_NOM_LFM_HVM_HRY_RAWSTR%,SCN_GT_GXX::STUCKAT_ALL_GFXSB_K_BEGIN_HITO_GT_NOM_LFM_HRY_RAWSTR%,6394691,6373730,106636
SCN_GT_GXX,gteutop,gt-gtslice2-gtxecore0-gteutop4,GT_GXX,gt,gtslice2,gtxecore0,gteutop4,,234,NVL_GT_SCN,SCN_GT_GXX::CTRL_X_PATMOD_K_BEGIN_X_X_X_X_X_RESET_TOPSKU,SCN_GT_GXX::CTRL_X_AUX_K_PREHVQK_X_X_X_X_X_SET_SKU_LFM,SCN_GT_GXX::CHAIN_ALL_GFXSB_K_BEGIN_HITO_GT_NOM_LFM_HVM_HRY_RAWSTR%,SCN_GT_GXX::STUCKAT_ALL_GFXSB_K_BEGIN_HITO_GT_NOM_LFM_HRY_RAWSTR%,9749809,9701968,140224
SCN_GT_GXX,gteuside,gt-gtslice2-gtxecore0-gteutop5,GT_GXX,gt,gtslice2,gtxecore0,gteutop5,,235,NVL_GT_SCN,SCN_GT_GXX::CTRL_X_PATMOD_K_BEGIN_X_X_X_X_X_RESET_TOPSKU,SCN_GT_GXX::CTRL_X_AUX_K_PREHVQK_X_X_X_X_X_SET_SKU_LFM,SCN_GT_GXX::CHAIN_ALL_GFXSB_K_BEGIN_HITO_GT_NOM_LFM_HVM_HRY_RAWSTR%,SCN_GT_GXX::STUCKAT_ALL_GFXSB_K_BEGIN_HITO_GT_NOM_LFM_HRY_RAWSTR%,9711074,9663298,140224
SCN_GT_GXX,gteusysside,gt-gtslice2-gtxecore0-gteusystop6,GT_GXX,gt,gtslice2,gtxecore0,gteusystop6,,1828,NVL_GT_SCN,SCN_GT_GXX::CTRL_X_PATMOD_K_BEGIN_X_X_X_X_X_RESET_TOPSKU,SCN_GT_GXX::CTRL_X_AUX_K_PREHVQK_X_X_X_X_X_SET_SKU_LFM,SCN_GT_GXX::CHAIN_ALL_GFXSB_K_BEGIN_HITO_GT_NOM_LFM_HVM_HRY_RAWSTR%,SCN_GT_GXX::STUCKAT_ALL_GFXSB_K_BEGIN_HITO_GT_NOM_LFM_HRY_RAWSTR%,6361608,6340759,105129
SCN_GT_GXX,gteuside,gt-gtslice2-gtxecore0-gteutop6,GT_GXX,gt,gtslice2,gtxecore0,gteutop6,,236,NVL_GT_SCN,SCN_GT_GXX::CTRL_X_PATMOD_K_BEGIN_X_X_X_X_X_RESET_TOPSKU,SCN_GT_GXX::CTRL_X_AUX_K_PREHVQK_X_X_X_X_X_SET_SKU_LFM,SCN_GT_GXX::CHAIN_ALL_GFXSB_K_BEGIN_HITO_GT_NOM_LFM_HVM_HRY_RAWSTR%,SCN_GT_GXX::STUCKAT_ALL_GFXSB_K_BEGIN_HITO_GT_NOM_LFM_HRY_RAWSTR%,9711074,9663298,140224
SCN_GT_GXX,gteusysside,gt-gtslice2-gtxecore0-gteusystop7,GT_GXX,gt,gtslice2,gtxecore0,gteusystop7,,1829,NVL_GT_SCN,SCN_GT_GXX::CTRL_X_PATMOD_K_BEGIN_X_X_X_X_X_RESET_TOPSKU,SCN_GT_GXX::CTRL_X_AUX_K_PREHVQK_X_X_X_X_X_SET_SKU_LFM,SCN_GT_GXX::CHAIN_ALL_GFXSB_K_BEGIN_HITO_GT_NOM_LFM_HVM_HRY_RAWSTR%,SCN_GT_GXX::STUCKAT_ALL_GFXSB_K_BEGIN_HITO_GT_NOM_LFM_HRY_RAWSTR%,6361608,6340759,105129
SCN_GT_GXX,gteuside,gt-gtslice2-gtxecore0-gteutop7,GT_GXX,gt,gtslice2,gtxecore0,gteutop7,,237,NVL_GT_SCN,SCN_GT_GXX::CTRL_X_PATMOD_K_BEGIN_X_X_X_X_X_RESET_TOPSKU,SCN_GT_GXX::CTRL_X_AUX_K_PREHVQK_X_X_X_X_X_SET_SKU_LFM,SCN_GT_GXX::CHAIN_ALL_GFXSB_K_BEGIN_HITO_GT_NOM_LFM_HVM_HRY_RAWSTR%,SCN_GT_GXX::STUCKAT_ALL_GFXSB_K_BEGIN_HITO_GT_NOM_LFM_HRY_RAWSTR%,9711074,9663298,140224
SCN_GT_GXX,gtxecorepar2,gt-gtslice2-gtxecore0-gtxecorepar2,GT_GXX,gt,gtslice2,gtxecore0,gtxecorepar2,,241,NVL_GT_SCN,SCN_GT_GXX::CTRL_X_PATMOD_K_BEGIN_X_X_X_X_X_RESET_TOPSKU,SCN_GT_GXX::CTRL_X_AUX_K_PREHVQK_X_X_X_X_X_SET_SKU_LFM,SCN_GT_GXX::CHAIN_ALL_GFXSB_K_BEGIN_HITO_GT_NOM_LFM_HVM_HRY_RAWSTR%,SCN_GT_GXX::STUCKAT_ALL_GFXSB_K_BEGIN_HITO_GT_NOM_LFM_HRY_RAWSTR%,7685097,7626107,100212
SCN_GT_GXX,gteusysside,gt-gtslice2-gtxecore0-gteusystop5,GT_GXX,gt,gtslice2,gtxecore0,gteusystop5,,1827,NVL_GT_SCN,SCN_GT_GXX::CTRL_X_PATMOD_K_BEGIN_X_X_X_X_X_RESET_TOPSKU,SCN_GT_GXX::CTRL_X_AUX_K_PREHVQK_X_X_X_X_X_SET_SKU_LFM,SCN_GT_GXX::CHAIN_ALL_GFXSB_K_BEGIN_HITO_GT_NOM_LFM_HVM_HRY_RAWSTR%,SCN_GT_GXX::STUCKAT_ALL_GFXSB_K_BEGIN_HITO_GT_NOM_LFM_HRY_RAWSTR%,6361608,6340759,105129
SCN_GT_GXX,gtlscbankpar1,gt-gtslice2-gtxecore1-gtlscbankpar1,GT_GXX,gt,gtslice2,gtxecore1,gtlscbankpar1,,253,NVL_GT_SCN,SCN_GT_GXX::CTRL_X_PATMOD_K_BEGIN_X_X_X_X_X_RESET_TOPSKU,SCN_GT_GXX::CTRL_X_AUX_K_PREHVQK_X_X_X_X_X_SET_SKU_LFM,SCN_GT_GXX::CHAIN_ALL_GFXSB_K_BEGIN_HITO_GT_NOM_LFM_HVM_HRY_RAWSTR%,SCN_GT_GXX::STUCKAT_ALL_GFXSB_K_BEGIN_HITO_GT_NOM_LFM_HRY_RAWSTR%,9131573,9007521,180595
SCN_GT_GXX,gtlscnodepar1,gt-gtslice2-gtxecore1-gtlscnodepar1,GT_GXX,gt,gtslice2,gtxecore1,gtlscnodepar1,,254,NVL_GT_SCN,SCN_GT_GXX::CTRL_X_PATMOD_K_BEGIN_X_X_X_X_X_RESET_TOPSKU,SCN_GT_GXX::CTRL_X_AUX_K_PREHVQK_X_X_X_X_X_SET_SKU_LFM,SCN_GT_GXX::CHAIN_ALL_GFXSB_K_BEGIN_HITO_GT_NOM_LFM_HVM_HRY_RAWSTR%,SCN_GT_GXX::STUCKAT_ALL_GFXSB_K_BEGIN_HITO_GT_NOM_LFM_HRY_RAWSTR%,8723346,8643432,141852
SCN_GT_GXX,gtxecorepar1,gt-gtslice2-gtxecore1-gtxecorepar1,GT_GXX,gt,gtslice2,gtxecore1,gtxecorepar1,,255,NVL_GT_SCN,SCN_GT_GXX::CTRL_X_PATMOD_K_BEGIN_X_X_X_X_X_RESET_TOPSKU,SCN_GT_GXX::CTRL_X_AUX_K_PREHVQK_X_X_X_X_X_SET_SKU_LFM,SCN_GT_GXX::CHAIN_ALL_GFXSB_K_BEGIN_HITO_GT_NOM_LFM_HVM_HRY_RAWSTR%,SCN_GT_GXX::STUCKAT_ALL_GFXSB_K_BEGIN_HITO_GT_NOM_LFM_HRY_RAWSTR%,11985757,11899189,168366
SCN_GT_GXX,gtxecorepar3,gt-gtslice2-gtxecore1-gtxecorepar3,GT_GXX,gt,gtslice2,gtxecore1,gtxecorepar3,,257,NVL_GT_SCN,SCN_GT_GXX::CTRL_X_PATMOD_K_BEGIN_X_X_X_X_X_RESET_TOPSKU,SCN_GT_GXX::CTRL_X_AUX_K_PREHVQK_X_X_X_X_X_SET_SKU_LFM,SCN_GT_GXX::CHAIN_ALL_GFXSB_K_BEGIN_HITO_GT_NOM_LFM_HVM_HRY_RAWSTR%,SCN_GT_GXX::STUCKAT_ALL_GFXSB_K_BEGIN_HITO_GT_NOM_LFM_HRY_RAWSTR%,13365253,13272040,270643
SCN_GT_GXX,gtxecorepar4,gt-gtslice2-gtxecore1-gtxecorepar4,GT_GXX,gt,gtslice2,gtxecore1,gtxecorepar4,,258,NVL_GT_SCN,SCN_GT_GXX::CTRL_X_PATMOD_K_BEGIN_X_X_X_X_X_RESET_TOPSKU,SCN_GT_GXX::CTRL_X_AUX_K_PREHVQK_X_X_X_X_X_SET_SKU_LFM,SCN_GT_GXX::CHAIN_ALL_GFXSB_K_BEGIN_HITO_GT_NOM_LFM_HVM_HRY_RAWSTR%,SCN_GT_GXX::STUCKAT_ALL_GFXSB_K_BEGIN_HITO_GT_NOM_LFM_HRY_RAWSTR%,11841780,11789789,160657
SCN_GT_GXX,gtxecorepar5,gt-gtslice2-gtxecore1-gtxecorepar5,GT_GXX,gt,gtslice2,gtxecore1,gtxecorepar5,,259,NVL_GT_SCN,SCN_GT_GXX::CTRL_X_PATMOD_K_BEGIN_X_X_X_X_X_RESET_TOPSKU,SCN_GT_GXX::CTRL_X_AUX_K_PREHVQK_X_X_X_X_X_SET_SKU_LFM,SCN_GT_GXX::CHAIN_ALL_GFXSB_K_BEGIN_HITO_GT_NOM_LFM_HVM_HRY_RAWSTR%,SCN_GT_GXX::STUCKAT_ALL_GFXSB_K_BEGIN_HITO_GT_NOM_LFM_HRY_RAWSTR%,12540921,12467757,218756
SCN_GT_GXX,gteusystop0,gt-gtslice2-gtxecore1-gteusystop0,GT_GXX,gt,gtslice2,gtxecore1,gteusystop0,,1830,NVL_GT_SCN,SCN_GT_GXX::CTRL_X_PATMOD_K_BEGIN_X_X_X_X_X_RESET_TOPSKU,SCN_GT_GXX::CTRL_X_AUX_K_PREHVQK_X_X_X_X_X_SET_SKU_LFM,SCN_GT_GXX::CHAIN_ALL_GFXSB_K_BEGIN_HITO_GT_NOM_LFM_HVM_HRY_RAWSTR%,SCN_GT_GXX::STUCKAT_ALL_GFXSB_K_BEGIN_HITO_GT_NOM_LFM_HRY_RAWSTR%,6398977,6378032,107295
SCN_GT_GXX,gteutop,gt-gtslice2-gtxecore1-gteutop0,GT_GXX,gt,gtslice2,gtxecore1,gteutop0,,245,NVL_GT_SCN,SCN_GT_GXX::CTRL_X_PATMOD_K_BEGIN_X_X_X_X_X_RESET_TOPSKU,SCN_GT_GXX::CTRL_X_AUX_K_PREHVQK_X_X_X_X_X_SET_SKU_LFM,SCN_GT_GXX::CHAIN_ALL_GFXSB_K_BEGIN_HITO_GT_NOM_LFM_HVM_HRY_RAWSTR%,SCN_GT_GXX::STUCKAT_ALL_GFXSB_K_BEGIN_HITO_GT_NOM_LFM_HRY_RAWSTR%,9749809,9701968,140224
SCN_GT_GXX,gteusysalt,gt-gtslice2-gtxecore1-gteusystop1,GT_GXX,gt,gtslice2,gtxecore1,gteusystop1,,1831,NVL_GT_SCN,SCN_GT_GXX::CTRL_X_PATMOD_K_BEGIN_X_X_X_X_X_RESET_TOPSKU,SCN_GT_GXX::CTRL_X_AUX_K_PREHVQK_X_X_X_X_X_SET_SKU_LFM,SCN_GT_GXX::CHAIN_ALL_GFXSB_K_BEGIN_HITO_GT_NOM_LFM_HVM_HRY_RAWSTR%,SCN_GT_GXX::STUCKAT_ALL_GFXSB_K_BEGIN_HITO_GT_NOM_LFM_HRY_RAWSTR%,6337642,6316608,105129
SCN_GT_GXX,gteuside,gt-gtslice2-gtxecore1-gteutop1,GT_GXX,gt,gtslice2,gtxecore1,gteutop1,,246,NVL_GT_SCN,SCN_GT_GXX::CTRL_X_PATMOD_K_BEGIN_X_X_X_X_X_RESET_TOPSKU,SCN_GT_GXX::CTRL_X_AUX_K_PREHVQK_X_X_X_X_X_SET_SKU_LFM,SCN_GT_GXX::CHAIN_ALL_GFXSB_K_BEGIN_HITO_GT_NOM_LFM_HVM_HRY_RAWSTR%,SCN_GT_GXX::STUCKAT_ALL_GFXSB_K_BEGIN_HITO_GT_NOM_LFM_HRY_RAWSTR%,9711074,9663298,140224
SCN_GT_GXX,gteusysside,gt-gtslice2-gtxecore1-gteusystop2,GT_GXX,gt,gtslice2,gtxecore1,gteusystop2,,1832,NVL_GT_SCN,SCN_GT_GXX::CTRL_X_PATMOD_K_BEGIN_X_X_X_X_X_RESET_TOPSKU,SCN_GT_GXX::CTRL_X_AUX_K_PREHVQK_X_X_X_X_X_SET_SKU_LFM,SCN_GT_GXX::CHAIN_ALL_GFXSB_K_BEGIN_HITO_GT_NOM_LFM_HVM_HRY_RAWSTR%,SCN_GT_GXX::STUCKAT_ALL_GFXSB_K_BEGIN_HITO_GT_NOM_LFM_HRY_RAWSTR%,6361608,6340759,105129
SCN_GT_GXX,gteuside,gt-gtslice2-gtxecore1-gteutop2,GT_GXX,gt,gtslice2,gtxecore1,gteutop2,,247,NVL_GT_SCN,SCN_GT_GXX::CTRL_X_PATMOD_K_BEGIN_X_X_X_X_X_RESET_TOPSKU,SCN_GT_GXX::CTRL_X_AUX_K_PREHVQK_X_X_X_X_X_SET_SKU_LFM,SCN_GT_GXX::CHAIN_ALL_GFXSB_K_BEGIN_HITO_GT_NOM_LFM_HVM_HRY_RAWSTR%,SCN_GT_GXX::STUCKAT_ALL_GFXSB_K_BEGIN_HITO_GT_NOM_LFM_HRY_RAWSTR%,9711074,9663298,140224
SCN_GT_GXX,gteusysside,gt-gtslice2-gtxecore1-gteusystop3,GT_GXX,gt,gtslice2,gtxecore1,gteusystop3,,1833,NVL_GT_SCN,SCN_GT_GXX::CTRL_X_PATMOD_K_BEGIN_X_X_X_X_X_RESET_TOPSKU,SCN_GT_GXX::CTRL_X_AUX_K_PREHVQK_X_X_X_X_X_SET_SKU_LFM,SCN_GT_GXX::CHAIN_ALL_GFXSB_K_BEGIN_HITO_GT_NOM_LFM_HVM_HRY_RAWSTR%,SCN_GT_GXX::STUCKAT_ALL_GFXSB_K_BEGIN_HITO_GT_NOM_LFM_HRY_RAWSTR%,6361608,6340759,105129
SCN_GT_GXX,gteuside,gt-gtslice2-gtxecore1-gteutop3,GT_GXX,gt,gtslice2,gtxecore1,gteutop3,,248,NVL_GT_SCN,SCN_GT_GXX::CTRL_X_PATMOD_K_BEGIN_X_X_X_X_X_RESET_TOPSKU,SCN_GT_GXX::CTRL_X_AUX_K_PREHVQK_X_X_X_X_X_SET_SKU_LFM,SCN_GT_GXX::CHAIN_ALL_GFXSB_K_BEGIN_HITO_GT_NOM_LFM_HVM_HRY_RAWSTR%,SCN_GT_GXX::STUCKAT_ALL_GFXSB_K_BEGIN_HITO_GT_NOM_LFM_HRY_RAWSTR%,9711074,9663298,140224
SCN_GT_GXX,gteusystop4,gt-gtslice2-gtxecore1-gteusystop4,GT_GXX,gt,gtslice2,gtxecore1,gteusystop4,,1834,NVL_GT_SCN,SCN_GT_GXX::CTRL_X_PATMOD_K_BEGIN_X_X_X_X_X_RESET_TOPSKU,SCN_GT_GXX::CTRL_X_AUX_K_PREHVQK_X_X_X_X_X_SET_SKU_LFM,SCN_GT_GXX::CHAIN_ALL_GFXSB_K_BEGIN_HITO_GT_NOM_LFM_HVM_HRY_RAWSTR%,SCN_GT_GXX::STUCKAT_ALL_GFXSB_K_BEGIN_HITO_GT_NOM_LFM_HRY_RAWSTR%,6394691,6373730,106636
SCN_GT_GXX,gteutop,gt-gtslice2-gtxecore1-gteutop4,GT_GXX,gt,gtslice2,gtxecore1,gteutop4,,249,NVL_GT_SCN,SCN_GT_GXX::CTRL_X_PATMOD_K_BEGIN_X_X_X_X_X_RESET_TOPSKU,SCN_GT_GXX::CTRL_X_AUX_K_PREHVQK_X_X_X_X_X_SET_SKU_LFM,SCN_GT_GXX::CHAIN_ALL_GFXSB_K_BEGIN_HITO_GT_NOM_LFM_HVM_HRY_RAWSTR%,SCN_GT_GXX::STUCKAT_ALL_GFXSB_K_BEGIN_HITO_GT_NOM_LFM_HRY_RAWSTR%,9749809,9701968,140224
SCN_GT_GXX,gteuside,gt-gtslice2-gtxecore1-gteutop5,GT_GXX,gt,gtslice2,gtxecore1,gteutop5,,250,NVL_GT_SCN,SCN_GT_GXX::CTRL_X_PATMOD_K_BEGIN_X_X_X_X_X_RESET_TOPSKU,SCN_GT_GXX::CTRL_X_AUX_K_PREHVQK_X_X_X_X_X_SET_SKU_LFM,SCN_GT_GXX::CHAIN_ALL_GFXSB_K_BEGIN_HITO_GT_NOM_LFM_HVM_HRY_RAWSTR%,SCN_GT_GXX::STUCKAT_ALL_GFXSB_K_BEGIN_HITO_GT_NOM_LFM_HRY_RAWSTR%,9711074,9663298,140224
SCN_GT_GXX,gteusysside,gt-gtslice2-gtxecore1-gteusystop6,GT_GXX,gt,gtslice2,gtxecore1,gteusystop6,,1836,NVL_GT_SCN,SCN_GT_GXX::CTRL_X_PATMOD_K_BEGIN_X_X_X_X_X_RESET_TOPSKU,SCN_GT_GXX::CTRL_X_AUX_K_PREHVQK_X_X_X_X_X_SET_SKU_LFM,SCN_GT_GXX::CHAIN_ALL_GFXSB_K_BEGIN_HITO_GT_NOM_LFM_HVM_HRY_RAWSTR%,SCN_GT_GXX::STUCKAT_ALL_GFXSB_K_BEGIN_HITO_GT_NOM_LFM_HRY_RAWSTR%,6361608,6340759,105129
SCN_GT_GXX,gteuside,gt-gtslice2-gtxecore1-gteutop6,GT_GXX,gt,gtslice2,gtxecore1,gteutop6,,251,NVL_GT_SCN,SCN_GT_GXX::CTRL_X_PATMOD_K_BEGIN_X_X_X_X_X_RESET_TOPSKU,SCN_GT_GXX::CTRL_X_AUX_K_PREHVQK_X_X_X_X_X_SET_SKU_LFM,SCN_GT_GXX::CHAIN_ALL_GFXSB_K_BEGIN_HITO_GT_NOM_LFM_HVM_HRY_RAWSTR%,SCN_GT_GXX::STUCKAT_ALL_GFXSB_K_BEGIN_HITO_GT_NOM_LFM_HRY_RAWSTR%,9711074,9663298,140224
SCN_GT_GXX,gteusysside,gt-gtslice2-gtxecore1-gteusystop7,GT_GXX,gt,gtslice2,gtxecore1,gteusystop7,,1837,NVL_GT_SCN,SCN_GT_GXX::CTRL_X_PATMOD_K_BEGIN_X_X_X_X_X_RESET_TOPSKU,SCN_GT_GXX::CTRL_X_AUX_K_PREHVQK_X_X_X_X_X_SET_SKU_LFM,SCN_GT_GXX::CHAIN_ALL_GFXSB_K_BEGIN_HITO_GT_NOM_LFM_HVM_HRY_RAWSTR%,SCN_GT_GXX::STUCKAT_ALL_GFXSB_K_BEGIN_HITO_GT_NOM_LFM_HRY_RAWSTR%,6361608,6340759,105129
SCN_GT_GXX,gteuside,gt-gtslice2-gtxecore1-gteutop7,GT_GXX,gt,gtslice2,gtxecore1,gteutop7,,252,NVL_GT_SCN,SCN_GT_GXX::CTRL_X_PATMOD_K_BEGIN_X_X_X_X_X_RESET_TOPSKU,SCN_GT_GXX::CTRL_X_AUX_K_PREHVQK_X_X_X_X_X_SET_SKU_LFM,SCN_GT_GXX::CHAIN_ALL_GFXSB_K_BEGIN_HITO_GT_NOM_LFM_HVM_HRY_RAWSTR%,SCN_GT_GXX::STUCKAT_ALL_GFXSB_K_BEGIN_HITO_GT_NOM_LFM_HRY_RAWSTR%,9711074,9663298,140224
SCN_GT_GXX,gtxecorepar2,gt-gtslice2-gtxecore1-gtxecorepar2,GT_GXX,gt,gtslice2,gtxecore1,gtxecorepar2,,256,NVL_GT_SCN,SCN_GT_GXX::CTRL_X_PATMOD_K_BEGIN_X_X_X_X_X_RESET_TOPSKU,SCN_GT_GXX::CTRL_X_AUX_K_PREHVQK_X_X_X_X_X_SET_SKU_LFM,SCN_GT_GXX::CHAIN_ALL_GFXSB_K_BEGIN_HITO_GT_NOM_LFM_HVM_HRY_RAWSTR%,SCN_GT_GXX::STUCKAT_ALL_GFXSB_K_BEGIN_HITO_GT_NOM_LFM_HRY_RAWSTR%,7685097,7626107,100212
SCN_GT_GXX,gteusysside,gt-gtslice2-gtxecore1-gteusystop5,GT_GXX,gt,gtslice2,gtxecore1,gteusystop5,,1835,NVL_GT_SCN,SCN_GT_GXX::CTRL_X_PATMOD_K_BEGIN_X_X_X_X_X_RESET_TOPSKU,SCN_GT_GXX::CTRL_X_AUX_K_PREHVQK_X_X_X_X_X_SET_SKU_LFM,SCN_GT_GXX::CHAIN_ALL_GFXSB_K_BEGIN_HITO_GT_NOM_LFM_HVM_HRY_RAWSTR%,SCN_GT_GXX::STUCKAT_ALL_GFXSB_K_BEGIN_HITO_GT_NOM_LFM_HRY_RAWSTR%,6361608,6340759,105129
SCN_GT_GXX,gtlscbankpar1,gt-gtslice2-gtxecore2-gtlscbankpar1,GT_GXX,gt,gtslice2,gtxecore2,gtlscbankpar1,,268,NVL_GT_SCN,SCN_GT_GXX::CTRL_X_PATMOD_K_BEGIN_X_X_X_X_X_RESET_TOPSKU,SCN_GT_GXX::CTRL_X_AUX_K_PREHVQK_X_X_X_X_X_SET_SKU_LFM,SCN_GT_GXX::CHAIN_ALL_GFXSB_K_BEGIN_HITO_GT_NOM_LFM_HVM_HRY_RAWSTR%,SCN_GT_GXX::STUCKAT_ALL_GFXSB_K_BEGIN_HITO_GT_NOM_LFM_HRY_RAWSTR%,9131573,9007521,180595
SCN_GT_GXX,gtlscnodepar1,gt-gtslice2-gtxecore2-gtlscnodepar1,GT_GXX,gt,gtslice2,gtxecore2,gtlscnodepar1,,269,NVL_GT_SCN,SCN_GT_GXX::CTRL_X_PATMOD_K_BEGIN_X_X_X_X_X_RESET_TOPSKU,SCN_GT_GXX::CTRL_X_AUX_K_PREHVQK_X_X_X_X_X_SET_SKU_LFM,SCN_GT_GXX::CHAIN_ALL_GFXSB_K_BEGIN_HITO_GT_NOM_LFM_HVM_HRY_RAWSTR%,SCN_GT_GXX::STUCKAT_ALL_GFXSB_K_BEGIN_HITO_GT_NOM_LFM_HRY_RAWSTR%,8723346,8643432,141852
SCN_GT_GXX,gtxecorepar1,gt-gtslice2-gtxecore2-gtxecorepar1,GT_GXX,gt,gtslice2,gtxecore2,gtxecorepar1,,270,NVL_GT_SCN,SCN_GT_GXX::CTRL_X_PATMOD_K_BEGIN_X_X_X_X_X_RESET_TOPSKU,SCN_GT_GXX::CTRL_X_AUX_K_PREHVQK_X_X_X_X_X_SET_SKU_LFM,SCN_GT_GXX::CHAIN_ALL_GFXSB_K_BEGIN_HITO_GT_NOM_LFM_HVM_HRY_RAWSTR%,SCN_GT_GXX::STUCKAT_ALL_GFXSB_K_BEGIN_HITO_GT_NOM_LFM_HRY_RAWSTR%,11985757,11899189,168366
SCN_GT_GXX,gtxecorepar3,gt-gtslice2-gtxecore2-gtxecorepar3,GT_GXX,gt,gtslice2,gtxecore2,gtxecorepar3,,272,NVL_GT_SCN,SCN_GT_GXX::CTRL_X_PATMOD_K_BEGIN_X_X_X_X_X_RESET_TOPSKU,SCN_GT_GXX::CTRL_X_AUX_K_PREHVQK_X_X_X_X_X_SET_SKU_LFM,SCN_GT_GXX::CHAIN_ALL_GFXSB_K_BEGIN_HITO_GT_NOM_LFM_HVM_HRY_RAWSTR%,SCN_GT_GXX::STUCKAT_ALL_GFXSB_K_BEGIN_HITO_GT_NOM_LFM_HRY_RAWSTR%,13365253,13272040,270643
SCN_GT_GXX,gtxecorepar4,gt-gtslice2-gtxecore2-gtxecorepar4,GT_GXX,gt,gtslice2,gtxecore2,gtxecorepar4,,273,NVL_GT_SCN,SCN_GT_GXX::CTRL_X_PATMOD_K_BEGIN_X_X_X_X_X_RESET_TOPSKU,SCN_GT_GXX::CTRL_X_AUX_K_PREHVQK_X_X_X_X_X_SET_SKU_LFM,SCN_GT_GXX::CHAIN_ALL_GFXSB_K_BEGIN_HITO_GT_NOM_LFM_HVM_HRY_RAWSTR%,SCN_GT_GXX::STUCKAT_ALL_GFXSB_K_BEGIN_HITO_GT_NOM_LFM_HRY_RAWSTR%,11841780,11789789,160657
SCN_GT_GXX,gtxecorepar5,gt-gtslice2-gtxecore2-gtxecorepar5,GT_GXX,gt,gtslice2,gtxecore2,gtxecorepar5,,274,NVL_GT_SCN,SCN_GT_GXX::CTRL_X_PATMOD_K_BEGIN_X_X_X_X_X_RESET_TOPSKU,SCN_GT_GXX::CTRL_X_AUX_K_PREHVQK_X_X_X_X_X_SET_SKU_LFM,SCN_GT_GXX::CHAIN_ALL_GFXSB_K_BEGIN_HITO_GT_NOM_LFM_HVM_HRY_RAWSTR%,SCN_GT_GXX::STUCKAT_ALL_GFXSB_K_BEGIN_HITO_GT_NOM_LFM_HRY_RAWSTR%,12540921,12467757,218756
SCN_GT_GXX,gteusystop0,gt-gtslice2-gtxecore2-gteusystop0,GT_GXX,gt,gtslice2,gtxecore2,gteusystop0,,1838,NVL_GT_SCN,SCN_GT_GXX::CTRL_X_PATMOD_K_BEGIN_X_X_X_X_X_RESET_TOPSKU,SCN_GT_GXX::CTRL_X_AUX_K_PREHVQK_X_X_X_X_X_SET_SKU_LFM,SCN_GT_GXX::CHAIN_ALL_GFXSB_K_BEGIN_HITO_GT_NOM_LFM_HVM_HRY_RAWSTR%,SCN_GT_GXX::STUCKAT_ALL_GFXSB_K_BEGIN_HITO_GT_NOM_LFM_HRY_RAWSTR%,6398977,6378032,107295
SCN_GT_GXX,gteutop,gt-gtslice2-gtxecore2-gteutop0,GT_GXX,gt,gtslice2,gtxecore2,gteutop0,,260,NVL_GT_SCN,SCN_GT_GXX::CTRL_X_PATMOD_K_BEGIN_X_X_X_X_X_RESET_TOPSKU,SCN_GT_GXX::CTRL_X_AUX_K_PREHVQK_X_X_X_X_X_SET_SKU_LFM,SCN_GT_GXX::CHAIN_ALL_GFXSB_K_BEGIN_HITO_GT_NOM_LFM_HVM_HRY_RAWSTR%,SCN_GT_GXX::STUCKAT_ALL_GFXSB_K_BEGIN_HITO_GT_NOM_LFM_HRY_RAWSTR%,9749809,9701968,140224
SCN_GT_GXX,gteusysalt,gt-gtslice2-gtxecore2-gteusystop1,GT_GXX,gt,gtslice2,gtxecore2,gteusystop1,,1839,NVL_GT_SCN,SCN_GT_GXX::CTRL_X_PATMOD_K_BEGIN_X_X_X_X_X_RESET_TOPSKU,SCN_GT_GXX::CTRL_X_AUX_K_PREHVQK_X_X_X_X_X_SET_SKU_LFM,SCN_GT_GXX::CHAIN_ALL_GFXSB_K_BEGIN_HITO_GT_NOM_LFM_HVM_HRY_RAWSTR%,SCN_GT_GXX::STUCKAT_ALL_GFXSB_K_BEGIN_HITO_GT_NOM_LFM_HRY_RAWSTR%,6337642,6316608,105129
SCN_GT_GXX,gteuside,gt-gtslice2-gtxecore2-gteutop1,GT_GXX,gt,gtslice2,gtxecore2,gteutop1,,261,NVL_GT_SCN,SCN_GT_GXX::CTRL_X_PATMOD_K_BEGIN_X_X_X_X_X_RESET_TOPSKU,SCN_GT_GXX::CTRL_X_AUX_K_PREHVQK_X_X_X_X_X_SET_SKU_LFM,SCN_GT_GXX::CHAIN_ALL_GFXSB_K_BEGIN_HITO_GT_NOM_LFM_HVM_HRY_RAWSTR%,SCN_GT_GXX::STUCKAT_ALL_GFXSB_K_BEGIN_HITO_GT_NOM_LFM_HRY_RAWSTR%,9711074,9663298,140224
SCN_GT_GXX,gteusysside,gt-gtslice2-gtxecore2-gteusystop2,GT_GXX,gt,gtslice2,gtxecore2,gteusystop2,,1840,NVL_GT_SCN,SCN_GT_GXX::CTRL_X_PATMOD_K_BEGIN_X_X_X_X_X_RESET_TOPSKU,SCN_GT_GXX::CTRL_X_AUX_K_PREHVQK_X_X_X_X_X_SET_SKU_LFM,SCN_GT_GXX::CHAIN_ALL_GFXSB_K_BEGIN_HITO_GT_NOM_LFM_HVM_HRY_RAWSTR%,SCN_GT_GXX::STUCKAT_ALL_GFXSB_K_BEGIN_HITO_GT_NOM_LFM_HRY_RAWSTR%,6361608,6340759,105129
SCN_GT_GXX,gteuside,gt-gtslice2-gtxecore2-gteutop2,GT_GXX,gt,gtslice2,gtxecore2,gteutop2,,262,NVL_GT_SCN,SCN_GT_GXX::CTRL_X_PATMOD_K_BEGIN_X_X_X_X_X_RESET_TOPSKU,SCN_GT_GXX::CTRL_X_AUX_K_PREHVQK_X_X_X_X_X_SET_SKU_LFM,SCN_GT_GXX::CHAIN_ALL_GFXSB_K_BEGIN_HITO_GT_NOM_LFM_HVM_HRY_RAWSTR%,SCN_GT_GXX::STUCKAT_ALL_GFXSB_K_BEGIN_HITO_GT_NOM_LFM_HRY_RAWSTR%,9711074,9663298,140224
SCN_GT_GXX,gteusysside,gt-gtslice2-gtxecore2-gteusystop3,GT_GXX,gt,gtslice2,gtxecore2,gteusystop3,,1841,NVL_GT_SCN,SCN_GT_GXX::CTRL_X_PATMOD_K_BEGIN_X_X_X_X_X_RESET_TOPSKU,SCN_GT_GXX::CTRL_X_AUX_K_PREHVQK_X_X_X_X_X_SET_SKU_LFM,SCN_GT_GXX::CHAIN_ALL_GFXSB_K_BEGIN_HITO_GT_NOM_LFM_HVM_HRY_RAWSTR%,SCN_GT_GXX::STUCKAT_ALL_GFXSB_K_BEGIN_HITO_GT_NOM_LFM_HRY_RAWSTR%,6361608,6340759,105129
SCN_GT_GXX,gteuside,gt-gtslice2-gtxecore2-gteutop3,GT_GXX,gt,gtslice2,gtxecore2,gteutop3,,263,NVL_GT_SCN,SCN_GT_GXX::CTRL_X_PATMOD_K_BEGIN_X_X_X_X_X_RESET_TOPSKU,SCN_GT_GXX::CTRL_X_AUX_K_PREHVQK_X_X_X_X_X_SET_SKU_LFM,SCN_GT_GXX::CHAIN_ALL_GFXSB_K_BEGIN_HITO_GT_NOM_LFM_HVM_HRY_RAWSTR%,SCN_GT_GXX::STUCKAT_ALL_GFXSB_K_BEGIN_HITO_GT_NOM_LFM_HRY_RAWSTR%,9711074,9663298,140224
SCN_GT_GXX,gteusystop4,gt-gtslice2-gtxecore2-gteusystop4,GT_GXX,gt,gtslice2,gtxecore2,gteusystop4,,1842,NVL_GT_SCN,SCN_GT_GXX::CTRL_X_PATMOD_K_BEGIN_X_X_X_X_X_RESET_TOPSKU,SCN_GT_GXX::CTRL_X_AUX_K_PREHVQK_X_X_X_X_X_SET_SKU_LFM,SCN_GT_GXX::CHAIN_ALL_GFXSB_K_BEGIN_HITO_GT_NOM_LFM_HVM_HRY_RAWSTR%,SCN_GT_GXX::STUCKAT_ALL_GFXSB_K_BEGIN_HITO_GT_NOM_LFM_HRY_RAWSTR%,6394691,6373730,106636
SCN_GT_GXX,gteutop,gt-gtslice2-gtxecore2-gteutop4,GT_GXX,gt,gtslice2,gtxecore2,gteutop4,,264,NVL_GT_SCN,SCN_GT_GXX::CTRL_X_PATMOD_K_BEGIN_X_X_X_X_X_RESET_TOPSKU,SCN_GT_GXX::CTRL_X_AUX_K_PREHVQK_X_X_X_X_X_SET_SKU_LFM,SCN_GT_GXX::CHAIN_ALL_GFXSB_K_BEGIN_HITO_GT_NOM_LFM_HVM_HRY_RAWSTR%,SCN_GT_GXX::STUCKAT_ALL_GFXSB_K_BEGIN_HITO_GT_NOM_LFM_HRY_RAWSTR%,9749809,9701968,140224
SCN_GT_GXX,gteuside,gt-gtslice2-gtxecore2-gteutop5,GT_GXX,gt,gtslice2,gtxecore2,gteutop5,,265,NVL_GT_SCN,SCN_GT_GXX::CTRL_X_PATMOD_K_BEGIN_X_X_X_X_X_RESET_TOPSKU,SCN_GT_GXX::CTRL_X_AUX_K_PREHVQK_X_X_X_X_X_SET_SKU_LFM,SCN_GT_GXX::CHAIN_ALL_GFXSB_K_BEGIN_HITO_GT_NOM_LFM_HVM_HRY_RAWSTR%,SCN_GT_GXX::STUCKAT_ALL_GFXSB_K_BEGIN_HITO_GT_NOM_LFM_HRY_RAWSTR%,9711074,9663298,140224
SCN_GT_GXX,gteusysside,gt-gtslice2-gtxecore2-gteusystop6,GT_GXX,gt,gtslice2,gtxecore2,gteusystop6,,1844,NVL_GT_SCN,SCN_GT_GXX::CTRL_X_PATMOD_K_BEGIN_X_X_X_X_X_RESET_TOPSKU,SCN_GT_GXX::CTRL_X_AUX_K_PREHVQK_X_X_X_X_X_SET_SKU_LFM,SCN_GT_GXX::CHAIN_ALL_GFXSB_K_BEGIN_HITO_GT_NOM_LFM_HVM_HRY_RAWSTR%,SCN_GT_GXX::STUCKAT_ALL_GFXSB_K_BEGIN_HITO_GT_NOM_LFM_HRY_RAWSTR%,6361608,6340759,105129
SCN_GT_GXX,gteuside,gt-gtslice2-gtxecore2-gteutop6,GT_GXX,gt,gtslice2,gtxecore2,gteutop6,,266,NVL_GT_SCN,SCN_GT_GXX::CTRL_X_PATMOD_K_BEGIN_X_X_X_X_X_RESET_TOPSKU,SCN_GT_GXX::CTRL_X_AUX_K_PREHVQK_X_X_X_X_X_SET_SKU_LFM,SCN_GT_GXX::CHAIN_ALL_GFXSB_K_BEGIN_HITO_GT_NOM_LFM_HVM_HRY_RAWSTR%,SCN_GT_GXX::STUCKAT_ALL_GFXSB_K_BEGIN_HITO_GT_NOM_LFM_HRY_RAWSTR%,9711074,9663298,140224
SCN_GT_GXX,gteusysside,gt-gtslice2-gtxecore2-gteusystop7,GT_GXX,gt,gtslice2,gtxecore2,gteusystop7,,1845,NVL_GT_SCN,SCN_GT_GXX::CTRL_X_PATMOD_K_BEGIN_X_X_X_X_X_RESET_TOPSKU,SCN_GT_GXX::CTRL_X_AUX_K_PREHVQK_X_X_X_X_X_SET_SKU_LFM,SCN_GT_GXX::CHAIN_ALL_GFXSB_K_BEGIN_HITO_GT_NOM_LFM_HVM_HRY_RAWSTR%,SCN_GT_GXX::STUCKAT_ALL_GFXSB_K_BEGIN_HITO_GT_NOM_LFM_HRY_RAWSTR%,6361608,6340759,105129
SCN_GT_GXX,gteuside,gt-gtslice2-gtxecore2-gteutop7,GT_GXX,gt,gtslice2,gtxecore2,gteutop7,,267,NVL_GT_SCN,SCN_GT_GXX::CTRL_X_PATMOD_K_BEGIN_X_X_X_X_X_RESET_TOPSKU,SCN_GT_GXX::CTRL_X_AUX_K_PREHVQK_X_X_X_X_X_SET_SKU_LFM,SCN_GT_GXX::CHAIN_ALL_GFXSB_K_BEGIN_HITO_GT_NOM_LFM_HVM_HRY_RAWSTR%,SCN_GT_GXX::STUCKAT_ALL_GFXSB_K_BEGIN_HITO_GT_NOM_LFM_HRY_RAWSTR%,9711074,9663298,140224
SCN_GT_GXX,gtxecorepar2,gt-gtslice2-gtxecore2-gtxecorepar2,GT_GXX,gt,gtslice2,gtxecore2,gtxecorepar2,,271,NVL_GT_SCN,SCN_GT_GXX::CTRL_X_PATMOD_K_BEGIN_X_X_X_X_X_RESET_TOPSKU,SCN_GT_GXX::CTRL_X_AUX_K_PREHVQK_X_X_X_X_X_SET_SKU_LFM,SCN_GT_GXX::CHAIN_ALL_GFXSB_K_BEGIN_HITO_GT_NOM_LFM_HVM_HRY_RAWSTR%,SCN_GT_GXX::STUCKAT_ALL_GFXSB_K_BEGIN_HITO_GT_NOM_LFM_HRY_RAWSTR%,7685097,7626107,100212
SCN_GT_GXX,gteusysside,gt-gtslice2-gtxecore2-gteusystop5,GT_GXX,gt,gtslice2,gtxecore2,gteusystop5,,1843,NVL_GT_SCN,SCN_GT_GXX::CTRL_X_PATMOD_K_BEGIN_X_X_X_X_X_RESET_TOPSKU,SCN_GT_GXX::CTRL_X_AUX_K_PREHVQK_X_X_X_X_X_SET_SKU_LFM,SCN_GT_GXX::CHAIN_ALL_GFXSB_K_BEGIN_HITO_GT_NOM_LFM_HVM_HRY_RAWSTR%,SCN_GT_GXX::STUCKAT_ALL_GFXSB_K_BEGIN_HITO_GT_NOM_LFM_HRY_RAWSTR%,6361608,6340759,105129
SCN_GT_GXX,gtlscbankpar1,gt-gtslice2-gtxecore3-gtlscbankpar1,GT_GXX,gt,gtslice2,gtxecore3,gtlscbankpar1,,283,NVL_GT_SCN,SCN_GT_GXX::CTRL_X_PATMOD_K_BEGIN_X_X_X_X_X_RESET_TOPSKU,SCN_GT_GXX::CTRL_X_AUX_K_PREHVQK_X_X_X_X_X_SET_SKU_LFM,SCN_GT_GXX::CHAIN_ALL_GFXSB_K_BEGIN_HITO_GT_NOM_LFM_HVM_HRY_RAWSTR%,SCN_GT_GXX::STUCKAT_ALL_GFXSB_K_BEGIN_HITO_GT_NOM_LFM_HRY_RAWSTR%,9131573,9007521,180595
SCN_GT_GXX,gtlscnodepar1,gt-gtslice2-gtxecore3-gtlscnodepar1,GT_GXX,gt,gtslice2,gtxecore3,gtlscnodepar1,,284,NVL_GT_SCN,SCN_GT_GXX::CTRL_X_PATMOD_K_BEGIN_X_X_X_X_X_RESET_TOPSKU,SCN_GT_GXX::CTRL_X_AUX_K_PREHVQK_X_X_X_X_X_SET_SKU_LFM,SCN_GT_GXX::CHAIN_ALL_GFXSB_K_BEGIN_HITO_GT_NOM_LFM_HVM_HRY_RAWSTR%,SCN_GT_GXX::STUCKAT_ALL_GFXSB_K_BEGIN_HITO_GT_NOM_LFM_HRY_RAWSTR%,8723346,8643432,141852
SCN_GT_GXX,gtxecorepar1,gt-gtslice2-gtxecore3-gtxecorepar1,GT_GXX,gt,gtslice2,gtxecore3,gtxecorepar1,,285,NVL_GT_SCN,SCN_GT_GXX::CTRL_X_PATMOD_K_BEGIN_X_X_X_X_X_RESET_TOPSKU,SCN_GT_GXX::CTRL_X_AUX_K_PREHVQK_X_X_X_X_X_SET_SKU_LFM,SCN_GT_GXX::CHAIN_ALL_GFXSB_K_BEGIN_HITO_GT_NOM_LFM_HVM_HRY_RAWSTR%,SCN_GT_GXX::STUCKAT_ALL_GFXSB_K_BEGIN_HITO_GT_NOM_LFM_HRY_RAWSTR%,11985757,11899189,168366
SCN_GT_GXX,gtxecorepar3,gt-gtslice2-gtxecore3-gtxecorepar3,GT_GXX,gt,gtslice2,gtxecore3,gtxecorepar3,,287,NVL_GT_SCN,SCN_GT_GXX::CTRL_X_PATMOD_K_BEGIN_X_X_X_X_X_RESET_TOPSKU,SCN_GT_GXX::CTRL_X_AUX_K_PREHVQK_X_X_X_X_X_SET_SKU_LFM,SCN_GT_GXX::CHAIN_ALL_GFXSB_K_BEGIN_HITO_GT_NOM_LFM_HVM_HRY_RAWSTR%,SCN_GT_GXX::STUCKAT_ALL_GFXSB_K_BEGIN_HITO_GT_NOM_LFM_HRY_RAWSTR%,13365253,13272040,270643
SCN_GT_GXX,gtxecorepar4,gt-gtslice2-gtxecore3-gtxecorepar4,GT_GXX,gt,gtslice2,gtxecore3,gtxecorepar4,,288,NVL_GT_SCN,SCN_GT_GXX::CTRL_X_PATMOD_K_BEGIN_X_X_X_X_X_RESET_TOPSKU,SCN_GT_GXX::CTRL_X_AUX_K_PREHVQK_X_X_X_X_X_SET_SKU_LFM,SCN_GT_GXX::CHAIN_ALL_GFXSB_K_BEGIN_HITO_GT_NOM_LFM_HVM_HRY_RAWSTR%,SCN_GT_GXX::STUCKAT_ALL_GFXSB_K_BEGIN_HITO_GT_NOM_LFM_HRY_RAWSTR%,11841780,11789789,160657
SCN_GT_GXX,gtxecorepar5,gt-gtslice2-gtxecore3-gtxecorepar5,GT_GXX,gt,gtslice2,gtxecore3,gtxecorepar5,,289,NVL_GT_SCN,SCN_GT_GXX::CTRL_X_PATMOD_K_BEGIN_X_X_X_X_X_RESET_TOPSKU,SCN_GT_GXX::CTRL_X_AUX_K_PREHVQK_X_X_X_X_X_SET_SKU_LFM,SCN_GT_GXX::CHAIN_ALL_GFXSB_K_BEGIN_HITO_GT_NOM_LFM_HVM_HRY_RAWSTR%,SCN_GT_GXX::STUCKAT_ALL_GFXSB_K_BEGIN_HITO_GT_NOM_LFM_HRY_RAWSTR%,12540921,12467757,218756
SCN_GT_GXX,gteusystop0,gt-gtslice2-gtxecore3-gteusystop0,GT_GXX,gt,gtslice2,gtxecore3,gteusystop0,,1846,NVL_GT_SCN,SCN_GT_GXX::CTRL_X_PATMOD_K_BEGIN_X_X_X_X_X_RESET_TOPSKU,SCN_GT_GXX::CTRL_X_AUX_K_PREHVQK_X_X_X_X_X_SET_SKU_LFM,SCN_GT_GXX::CHAIN_ALL_GFXSB_K_BEGIN_HITO_GT_NOM_LFM_HVM_HRY_RAWSTR%,SCN_GT_GXX::STUCKAT_ALL_GFXSB_K_BEGIN_HITO_GT_NOM_LFM_HRY_RAWSTR%,6398977,6378032,107295
SCN_GT_GXX,gteutop,gt-gtslice2-gtxecore3-gteutop0,GT_GXX,gt,gtslice2,gtxecore3,gteutop0,,275,NVL_GT_SCN,SCN_GT_GXX::CTRL_X_PATMOD_K_BEGIN_X_X_X_X_X_RESET_TOPSKU,SCN_GT_GXX::CTRL_X_AUX_K_PREHVQK_X_X_X_X_X_SET_SKU_LFM,SCN_GT_GXX::CHAIN_ALL_GFXSB_K_BEGIN_HITO_GT_NOM_LFM_HVM_HRY_RAWSTR%,SCN_GT_GXX::STUCKAT_ALL_GFXSB_K_BEGIN_HITO_GT_NOM_LFM_HRY_RAWSTR%,9749809,9701968,140224
SCN_GT_GXX,gteusysalt,gt-gtslice2-gtxecore3-gteusystop1,GT_GXX,gt,gtslice2,gtxecore3,gteusystop1,,1847,NVL_GT_SCN,SCN_GT_GXX::CTRL_X_PATMOD_K_BEGIN_X_X_X_X_X_RESET_TOPSKU,SCN_GT_GXX::CTRL_X_AUX_K_PREHVQK_X_X_X_X_X_SET_SKU_LFM,SCN_GT_GXX::CHAIN_ALL_GFXSB_K_BEGIN_HITO_GT_NOM_LFM_HVM_HRY_RAWSTR%,SCN_GT_GXX::STUCKAT_ALL_GFXSB_K_BEGIN_HITO_GT_NOM_LFM_HRY_RAWSTR%,6337642,6316608,105129
SCN_GT_GXX,gteuside,gt-gtslice2-gtxecore3-gteutop1,GT_GXX,gt,gtslice2,gtxecore3,gteutop1,,276,NVL_GT_SCN,SCN_GT_GXX::CTRL_X_PATMOD_K_BEGIN_X_X_X_X_X_RESET_TOPSKU,SCN_GT_GXX::CTRL_X_AUX_K_PREHVQK_X_X_X_X_X_SET_SKU_LFM,SCN_GT_GXX::CHAIN_ALL_GFXSB_K_BEGIN_HITO_GT_NOM_LFM_HVM_HRY_RAWSTR%,SCN_GT_GXX::STUCKAT_ALL_GFXSB_K_BEGIN_HITO_GT_NOM_LFM_HRY_RAWSTR%,9711074,9663298,140224
SCN_GT_GXX,gteusysside,gt-gtslice2-gtxecore3-gteusystop2,GT_GXX,gt,gtslice2,gtxecore3,gteusystop2,,1848,NVL_GT_SCN,SCN_GT_GXX::CTRL_X_PATMOD_K_BEGIN_X_X_X_X_X_RESET_TOPSKU,SCN_GT_GXX::CTRL_X_AUX_K_PREHVQK_X_X_X_X_X_SET_SKU_LFM,SCN_GT_GXX::CHAIN_ALL_GFXSB_K_BEGIN_HITO_GT_NOM_LFM_HVM_HRY_RAWSTR%,SCN_GT_GXX::STUCKAT_ALL_GFXSB_K_BEGIN_HITO_GT_NOM_LFM_HRY_RAWSTR%,6361608,6340759,105129
SCN_GT_GXX,gteuside,gt-gtslice2-gtxecore3-gteutop2,GT_GXX,gt,gtslice2,gtxecore3,gteutop2,,277,NVL_GT_SCN,SCN_GT_GXX::CTRL_X_PATMOD_K_BEGIN_X_X_X_X_X_RESET_TOPSKU,SCN_GT_GXX::CTRL_X_AUX_K_PREHVQK_X_X_X_X_X_SET_SKU_LFM,SCN_GT_GXX::CHAIN_ALL_GFXSB_K_BEGIN_HITO_GT_NOM_LFM_HVM_HRY_RAWSTR%,SCN_GT_GXX::STUCKAT_ALL_GFXSB_K_BEGIN_HITO_GT_NOM_LFM_HRY_RAWSTR%,9711074,9663298,140224
SCN_GT_GXX,gteusysside,gt-gtslice2-gtxecore3-gteusystop3,GT_GXX,gt,gtslice2,gtxecore3,gteusystop3,,1849,NVL_GT_SCN,SCN_GT_GXX::CTRL_X_PATMOD_K_BEGIN_X_X_X_X_X_RESET_TOPSKU,SCN_GT_GXX::CTRL_X_AUX_K_PREHVQK_X_X_X_X_X_SET_SKU_LFM,SCN_GT_GXX::CHAIN_ALL_GFXSB_K_BEGIN_HITO_GT_NOM_LFM_HVM_HRY_RAWSTR%,SCN_GT_GXX::STUCKAT_ALL_GFXSB_K_BEGIN_HITO_GT_NOM_LFM_HRY_RAWSTR%,6361608,6340759,105129
SCN_GT_GXX,gteuside,gt-gtslice2-gtxecore3-gteutop3,GT_GXX,gt,gtslice2,gtxecore3,gteutop3,,278,NVL_GT_SCN,SCN_GT_GXX::CTRL_X_PATMOD_K_BEGIN_X_X_X_X_X_RESET_TOPSKU,SCN_GT_GXX::CTRL_X_AUX_K_PREHVQK_X_X_X_X_X_SET_SKU_LFM,SCN_GT_GXX::CHAIN_ALL_GFXSB_K_BEGIN_HITO_GT_NOM_LFM_HVM_HRY_RAWSTR%,SCN_GT_GXX::STUCKAT_ALL_GFXSB_K_BEGIN_HITO_GT_NOM_LFM_HRY_RAWSTR%,9711074,9663298,140224
SCN_GT_GXX,gteusystop4,gt-gtslice2-gtxecore3-gteusystop4,GT_GXX,gt,gtslice2,gtxecore3,gteusystop4,,1850,NVL_GT_SCN,SCN_GT_GXX::CTRL_X_PATMOD_K_BEGIN_X_X_X_X_X_RESET_TOPSKU,SCN_GT_GXX::CTRL_X_AUX_K_PREHVQK_X_X_X_X_X_SET_SKU_LFM,SCN_GT_GXX::CHAIN_ALL_GFXSB_K_BEGIN_HITO_GT_NOM_LFM_HVM_HRY_RAWSTR%,SCN_GT_GXX::STUCKAT_ALL_GFXSB_K_BEGIN_HITO_GT_NOM_LFM_HRY_RAWSTR%,6394691,6373730,106636
SCN_GT_GXX,gteutop,gt-gtslice2-gtxecore3-gteutop4,GT_GXX,gt,gtslice2,gtxecore3,gteutop4,,279,NVL_GT_SCN,SCN_GT_GXX::CTRL_X_PATMOD_K_BEGIN_X_X_X_X_X_RESET_TOPSKU,SCN_GT_GXX::CTRL_X_AUX_K_PREHVQK_X_X_X_X_X_SET_SKU_LFM,SCN_GT_GXX::CHAIN_ALL_GFXSB_K_BEGIN_HITO_GT_NOM_LFM_HVM_HRY_RAWSTR%,SCN_GT_GXX::STUCKAT_ALL_GFXSB_K_BEGIN_HITO_GT_NOM_LFM_HRY_RAWSTR%,9749809,9701968,140224
SCN_GT_GXX,gteuside,gt-gtslice2-gtxecore3-gteutop5,GT_GXX,gt,gtslice2,gtxecore3,gteutop5,,280,NVL_GT_SCN,SCN_GT_GXX::CTRL_X_PATMOD_K_BEGIN_X_X_X_X_X_RESET_TOPSKU,SCN_GT_GXX::CTRL_X_AUX_K_PREHVQK_X_X_X_X_X_SET_SKU_LFM,SCN_GT_GXX::CHAIN_ALL_GFXSB_K_BEGIN_HITO_GT_NOM_LFM_HVM_HRY_RAWSTR%,SCN_GT_GXX::STUCKAT_ALL_GFXSB_K_BEGIN_HITO_GT_NOM_LFM_HRY_RAWSTR%,9711074,9663298,140224
SCN_GT_GXX,gteusysside,gt-gtslice2-gtxecore3-gteusystop6,GT_GXX,gt,gtslice2,gtxecore3,gteusystop6,,1852,NVL_GT_SCN,SCN_GT_GXX::CTRL_X_PATMOD_K_BEGIN_X_X_X_X_X_RESET_TOPSKU,SCN_GT_GXX::CTRL_X_AUX_K_PREHVQK_X_X_X_X_X_SET_SKU_LFM,SCN_GT_GXX::CHAIN_ALL_GFXSB_K_BEGIN_HITO_GT_NOM_LFM_HVM_HRY_RAWSTR%,SCN_GT_GXX::STUCKAT_ALL_GFXSB_K_BEGIN_HITO_GT_NOM_LFM_HRY_RAWSTR%,6361608,6340759,105129
SCN_GT_GXX,gteuside,gt-gtslice2-gtxecore3-gteutop6,GT_GXX,gt,gtslice2,gtxecore3,gteutop6,,281,NVL_GT_SCN,SCN_GT_GXX::CTRL_X_PATMOD_K_BEGIN_X_X_X_X_X_RESET_TOPSKU,SCN_GT_GXX::CTRL_X_AUX_K_PREHVQK_X_X_X_X_X_SET_SKU_LFM,SCN_GT_GXX::CHAIN_ALL_GFXSB_K_BEGIN_HITO_GT_NOM_LFM_HVM_HRY_RAWSTR%,SCN_GT_GXX::STUCKAT_ALL_GFXSB_K_BEGIN_HITO_GT_NOM_LFM_HRY_RAWSTR%,9711074,9663298,140224
SCN_GT_GXX,gteusysside,gt-gtslice2-gtxecore3-gteusystop7,GT_GXX,gt,gtslice2,gtxecore3,gteusystop7,,1853,NVL_GT_SCN,SCN_GT_GXX::CTRL_X_PATMOD_K_BEGIN_X_X_X_X_X_RESET_TOPSKU,SCN_GT_GXX::CTRL_X_AUX_K_PREHVQK_X_X_X_X_X_SET_SKU_LFM,SCN_GT_GXX::CHAIN_ALL_GFXSB_K_BEGIN_HITO_GT_NOM_LFM_HVM_HRY_RAWSTR%,SCN_GT_GXX::STUCKAT_ALL_GFXSB_K_BEGIN_HITO_GT_NOM_LFM_HRY_RAWSTR%,6361608,6340759,105129
SCN_GT_GXX,gteuside,gt-gtslice2-gtxecore3-gteutop7,GT_GXX,gt,gtslice2,gtxecore3,gteutop7,,282,NVL_GT_SCN,SCN_GT_GXX::CTRL_X_PATMOD_K_BEGIN_X_X_X_X_X_RESET_TOPSKU,SCN_GT_GXX::CTRL_X_AUX_K_PREHVQK_X_X_X_X_X_SET_SKU_LFM,SCN_GT_GXX::CHAIN_ALL_GFXSB_K_BEGIN_HITO_GT_NOM_LFM_HVM_HRY_RAWSTR%,SCN_GT_GXX::STUCKAT_ALL_GFXSB_K_BEGIN_HITO_GT_NOM_LFM_HRY_RAWSTR%,9711074,9663298,140224
SCN_GT_GXX,gtxecorepar2,gt-gtslice2-gtxecore3-gtxecorepar2,GT_GXX,gt,gtslice2,gtxecore3,gtxecorepar2,,286,NVL_GT_SCN,SCN_GT_GXX::CTRL_X_PATMOD_K_BEGIN_X_X_X_X_X_RESET_TOPSKU,SCN_GT_GXX::CTRL_X_AUX_K_PREHVQK_X_X_X_X_X_SET_SKU_LFM,SCN_GT_GXX::CHAIN_ALL_GFXSB_K_BEGIN_HITO_GT_NOM_LFM_HVM_HRY_RAWSTR%,SCN_GT_GXX::STUCKAT_ALL_GFXSB_K_BEGIN_HITO_GT_NOM_LFM_HRY_RAWSTR%,7685097,7626107,100212
SCN_GT_GXX,gteusysside,gt-gtslice2-gtxecore3-gteusystop5,GT_GXX,gt,gtslice2,gtxecore3,gteusystop5,,1851,NVL_GT_SCN,SCN_GT_GXX::CTRL_X_PATMOD_K_BEGIN_X_X_X_X_X_RESET_TOPSKU,SCN_GT_GXX::CTRL_X_AUX_K_PREHVQK_X_X_X_X_X_SET_SKU_LFM,SCN_GT_GXX::CHAIN_ALL_GFXSB_K_BEGIN_HITO_GT_NOM_LFM_HVM_HRY_RAWSTR%,SCN_GT_GXX::STUCKAT_ALL_GFXSB_K_BEGIN_HITO_GT_NOM_LFM_HRY_RAWSTR%,6361608,6340759,105129
SCN_GT_GXX,gtrasterpar2,gt-gtslice2-gtsc-gtrasterpar2,GT_GXX,gt,gtslice2,gtsc,gtrasterpar2,,210,NVL_GT_SCN,SCN_GT_GXX::CTRL_X_PATMOD_K_BEGIN_X_X_X_X_X_RESET_TOPSKU,SCN_GT_GXX::CTRL_X_AUX_K_PREHVQK_X_X_X_X_X_SET_SKU_LFM,SCN_GT_GXX::CHAIN_ALL_GFXSB_K_BEGIN_HITO_GT_NOM_LFM_HVM_HRY_RAWSTR%,SCN_GT_GXX::STUCKAT_ALL_GFXSB_K_BEGIN_HITO_GT_NOM_LFM_HRY_RAWSTR%,10762799,10627137,228584
SCN_GT_GXX,gtrasterpar3,gt-gtslice2-gtsc-gtrasterpar3,GT_GXX,gt,gtslice2,gtsc,gtrasterpar3,,211,NVL_GT_SCN,SCN_GT_GXX::CTRL_X_PATMOD_K_BEGIN_X_X_X_X_X_RESET_TOPSKU,SCN_GT_GXX::CTRL_X_AUX_K_PREHVQK_X_X_X_X_X_SET_SKU_LFM,SCN_GT_GXX::CHAIN_ALL_GFXSB_K_BEGIN_HITO_GT_NOM_LFM_HVM_HRY_RAWSTR%,SCN_GT_GXX::STUCKAT_ALL_GFXSB_K_BEGIN_HITO_GT_NOM_LFM_HRY_RAWSTR%,11549858,11485157,269146
SCN_GT_GXX,gtcpipepar1,gt-gtslice2-gtsc-gtscpipe0-gtcpipepar1,GT_GXX,gt,gtslice2,gtsc,gtscpipe0,gtcpipepar1,212,NVL_GT_SCN,SCN_GT_GXX::CTRL_X_PATMOD_K_BEGIN_X_X_X_X_X_RESET_TOPSKU,SCN_GT_GXX::CTRL_X_AUX_K_PREHVQK_X_X_X_X_X_SET_SKU_LFM,SCN_GT_GXX::CHAIN_ALL_GFXSB_K_BEGIN_HITO_GT_NOM_LFM_HVM_HRY_RAWSTR%,SCN_GT_GXX::STUCKAT_ALL_GFXSB_K_BEGIN_HITO_GT_NOM_LFM_HRY_RAWSTR%,10746850,10696909,194538
SCN_GT_GXX,gtcpipepar2,gt-gtslice2-gtsc-gtscpipe0-gtcpipepar2,GT_GXX,gt,gtslice2,gtsc,gtscpipe0,gtcpipepar2,213,NVL_GT_SCN,SCN_GT_GXX::CTRL_X_PATMOD_K_BEGIN_X_X_X_X_X_RESET_TOPSKU,SCN_GT_GXX::CTRL_X_AUX_K_PREHVQK_X_X_X_X_X_SET_SKU_LFM,SCN_GT_GXX::CHAIN_ALL_GFXSB_K_BEGIN_HITO_GT_NOM_LFM_HVM_HRY_RAWSTR%,SCN_GT_GXX::STUCKAT_ALL_GFXSB_K_BEGIN_HITO_GT_NOM_LFM_HRY_RAWSTR%,10756187,10689922,230394
SCN_GT_GXX,gtfixpar1,gt-gtslice2-gtsc-gtscpipe0-gtfixpar1,GT_GXX,gt,gtslice2,gtsc,gtscpipe0,gtfixpar1,214,NVL_GT_SCN,SCN_GT_GXX::CTRL_X_PATMOD_K_BEGIN_X_X_X_X_X_RESET_TOPSKU,SCN_GT_GXX::CTRL_X_AUX_K_PREHVQK_X_X_X_X_X_SET_SKU_LFM,SCN_GT_GXX::CHAIN_ALL_GFXSB_K_BEGIN_HITO_GT_NOM_LFM_HVM_HRY_RAWSTR%,SCN_GT_GXX::STUCKAT_ALL_GFXSB_K_BEGIN_HITO_GT_NOM_LFM_HRY_RAWSTR%,4895039,4724601,86543
SCN_GT_GXX,gtfixpar2,gt-gtslice2-gtsc-gtscpipe0-gtfixpar2,GT_GXX,gt,gtslice2,gtsc,gtscpipe0,gtfixpar2,215,NVL_GT_SCN,SCN_GT_GXX::CTRL_X_PATMOD_K_BEGIN_X_X_X_X_X_RESET_TOPSKU,SCN_GT_GXX::CTRL_X_AUX_K_PREHVQK_X_X_X_X_X_SET_SKU_LFM,SCN_GT_GXX::CHAIN_ALL_GFXSB_K_BEGIN_HITO_GT_NOM_LFM_HVM_HRY_RAWSTR%,SCN_GT_GXX::STUCKAT_ALL_GFXSB_K_BEGIN_HITO_GT_NOM_LFM_HRY_RAWSTR%,13679498,13553314,259495
SCN_GT_GXX,gtfixpar3,gt-gtslice2-gtsc-gtscpipe0-gtfixpar3,GT_GXX,gt,gtslice2,gtsc,gtscpipe0,gtfixpar3,216,NVL_GT_SCN,SCN_GT_GXX::CTRL_X_PATMOD_K_BEGIN_X_X_X_X_X_RESET_TOPSKU,SCN_GT_GXX::CTRL_X_AUX_K_PREHVQK_X_X_X_X_X_SET_SKU_LFM,SCN_GT_GXX::CHAIN_ALL_GFXSB_K_BEGIN_HITO_GT_NOM_LFM_HVM_HRY_RAWSTR%,SCN_GT_GXX::STUCKAT_ALL_GFXSB_K_BEGIN_HITO_GT_NOM_LFM_HRY_RAWSTR%,10627088,10527045,224971
SCN_GT_GXX,gtstlbpar1,gt-gtslice2-gtsc-gtscpipe0-gtstlbpar1,GT_GXX,gt,gtslice2,gtsc,gtscpipe0,gtstlbpar1,217,NVL_GT_SCN,SCN_GT_GXX::CTRL_X_PATMOD_K_BEGIN_X_X_X_X_X_RESET_TOPSKU,SCN_GT_GXX::CTRL_X_AUX_K_PREHVQK_X_X_X_X_X_SET_SKU_LFM,SCN_GT_GXX::CHAIN_ALL_GFXSB_K_BEGIN_HITO_GT_NOM_LFM_HVM_HRY_RAWSTR%,SCN_GT_GXX::STUCKAT_ALL_GFXSB_K_BEGIN_HITO_GT_NOM_LFM_HRY_RAWSTR%,6105618,6061686,103677
SCN_GT_GXX,gtxetlbpar1,gt-gtslice2-gtsc-gtscpipe0-gtxetlbpar1,GT_GXX,gt,gtslice2,gtsc,gtscpipe0,gtxetlbpar1,218,NVL_GT_SCN,SCN_GT_GXX::CTRL_X_PATMOD_K_BEGIN_X_X_X_X_X_RESET_TOPSKU,SCN_GT_GXX::CTRL_X_AUX_K_PREHVQK_X_X_X_X_X_SET_SKU_LFM,SCN_GT_GXX::CHAIN_ALL_GFXSB_K_BEGIN_HITO_GT_NOM_LFM_HVM_HRY_RAWSTR%,SCN_GT_GXX::STUCKAT_ALL_GFXSB_K_BEGIN_HITO_GT_NOM_LFM_HRY_RAWSTR%,6576463,6504549,121628
SCN_GT_GXX,gtxetlbpar2,gt-gtslice2-gtsc-gtscpipe0-gtxetlbpar2,GT_GXX,gt,gtslice2,gtsc,gtscpipe0,gtxetlbpar2,219,NVL_GT_SCN,SCN_GT_GXX::CTRL_X_PATMOD_K_BEGIN_X_X_X_X_X_RESET_TOPSKU,SCN_GT_GXX::CTRL_X_AUX_K_PREHVQK_X_X_X_X_X_SET_SKU_LFM,SCN_GT_GXX::CHAIN_ALL_GFXSB_K_BEGIN_HITO_GT_NOM_LFM_HVM_HRY_RAWSTR%,SCN_GT_GXX::STUCKAT_ALL_GFXSB_K_BEGIN_HITO_GT_NOM_LFM_HRY_RAWSTR%,10665366,10573421,126009
SCN_GT_GXX,gtzpipepar1,gt-gtslice2-gtsc-gtscpipe0-gtzpipepar1,GT_GXX,gt,gtslice2,gtsc,gtscpipe0,gtzpipepar1,220,NVL_GT_SCN,SCN_GT_GXX::CTRL_X_PATMOD_K_BEGIN_X_X_X_X_X_RESET_TOPSKU,SCN_GT_GXX::CTRL_X_AUX_K_PREHVQK_X_X_X_X_X_SET_SKU_LFM,SCN_GT_GXX::CHAIN_ALL_GFXSB_K_BEGIN_HITO_GT_NOM_LFM_HVM_HRY_RAWSTR%,SCN_GT_GXX::STUCKAT_ALL_GFXSB_K_BEGIN_HITO_GT_NOM_LFM_HRY_RAWSTR%,11122704,11025644,266022
SCN_GT_GXX,gtcpipepar1,gt-gtslice2-gtsc-gtscpipe1-gtcpipepar1,GT_GXX,gt,gtslice2,gtsc,gtscpipe1,gtcpipepar1,221,NVL_GT_SCN,SCN_GT_GXX::CTRL_X_PATMOD_K_BEGIN_X_X_X_X_X_RESET_TOPSKU,SCN_GT_GXX::CTRL_X_AUX_K_PREHVQK_X_X_X_X_X_SET_SKU_LFM,SCN_GT_GXX::CHAIN_ALL_GFXSB_K_BEGIN_HITO_GT_NOM_LFM_HVM_HRY_RAWSTR%,SCN_GT_GXX::STUCKAT_ALL_GFXSB_K_BEGIN_HITO_GT_NOM_LFM_HRY_RAWSTR%,10746850,10696909,194538
SCN_GT_GXX,gtcpipepar2,gt-gtslice2-gtsc-gtscpipe1-gtcpipepar2,GT_GXX,gt,gtslice2,gtsc,gtscpipe1,gtcpipepar2,222,NVL_GT_SCN,SCN_GT_GXX::CTRL_X_PATMOD_K_BEGIN_X_X_X_X_X_RESET_TOPSKU,SCN_GT_GXX::CTRL_X_AUX_K_PREHVQK_X_X_X_X_X_SET_SKU_LFM,SCN_GT_GXX::CHAIN_ALL_GFXSB_K_BEGIN_HITO_GT_NOM_LFM_HVM_HRY_RAWSTR%,SCN_GT_GXX::STUCKAT_ALL_GFXSB_K_BEGIN_HITO_GT_NOM_LFM_HRY_RAWSTR%,10756187,10689922,230394
SCN_GT_GXX,gtfixpar1,gt-gtslice2-gtsc-gtscpipe1-gtfixpar1,GT_GXX,gt,gtslice2,gtsc,gtscpipe1,gtfixpar1,223,NVL_GT_SCN,SCN_GT_GXX::CTRL_X_PATMOD_K_BEGIN_X_X_X_X_X_RESET_TOPSKU,SCN_GT_GXX::CTRL_X_AUX_K_PREHVQK_X_X_X_X_X_SET_SKU_LFM,SCN_GT_GXX::CHAIN_ALL_GFXSB_K_BEGIN_HITO_GT_NOM_LFM_HVM_HRY_RAWSTR%,SCN_GT_GXX::STUCKAT_ALL_GFXSB_K_BEGIN_HITO_GT_NOM_LFM_HRY_RAWSTR%,4895039,4724601,86543
SCN_GT_GXX,gtfixpar2,gt-gtslice2-gtsc-gtscpipe1-gtfixpar2,GT_GXX,gt,gtslice2,gtsc,gtscpipe1,gtfixpar2,224,NVL_GT_SCN,SCN_GT_GXX::CTRL_X_PATMOD_K_BEGIN_X_X_X_X_X_RESET_TOPSKU,SCN_GT_GXX::CTRL_X_AUX_K_PREHVQK_X_X_X_X_X_SET_SKU_LFM,SCN_GT_GXX::CHAIN_ALL_GFXSB_K_BEGIN_HITO_GT_NOM_LFM_HVM_HRY_RAWSTR%,SCN_GT_GXX::STUCKAT_ALL_GFXSB_K_BEGIN_HITO_GT_NOM_LFM_HRY_RAWSTR%,13679498,13553314,259495
SCN_GT_GXX,gtfixpar3,gt-gtslice2-gtsc-gtscpipe1-gtfixpar3,GT_GXX,gt,gtslice2,gtsc,gtscpipe1,gtfixpar3,225,NVL_GT_SCN,SCN_GT_GXX::CTRL_X_PATMOD_K_BEGIN_X_X_X_X_X_RESET_TOPSKU,SCN_GT_GXX::CTRL_X_AUX_K_PREHVQK_X_X_X_X_X_SET_SKU_LFM,SCN_GT_GXX::CHAIN_ALL_GFXSB_K_BEGIN_HITO_GT_NOM_LFM_HVM_HRY_RAWSTR%,SCN_GT_GXX::STUCKAT_ALL_GFXSB_K_BEGIN_HITO_GT_NOM_LFM_HRY_RAWSTR%,10627088,10527045,224971
SCN_GT_GXX,gtstlbpar1,gt-gtslice2-gtsc-gtscpipe1-gtstlbpar1,GT_GXX,gt,gtslice2,gtsc,gtscpipe1,gtstlbpar1,226,NVL_GT_SCN,SCN_GT_GXX::CTRL_X_PATMOD_K_BEGIN_X_X_X_X_X_RESET_TOPSKU,SCN_GT_GXX::CTRL_X_AUX_K_PREHVQK_X_X_X_X_X_SET_SKU_LFM,SCN_GT_GXX::CHAIN_ALL_GFXSB_K_BEGIN_HITO_GT_NOM_LFM_HVM_HRY_RAWSTR%,SCN_GT_GXX::STUCKAT_ALL_GFXSB_K_BEGIN_HITO_GT_NOM_LFM_HRY_RAWSTR%,6105618,6061686,103677
SCN_GT_GXX,gtxetlbpar1,gt-gtslice2-gtsc-gtscpipe1-gtxetlbpar1,GT_GXX,gt,gtslice2,gtsc,gtscpipe1,gtxetlbpar1,227,NVL_GT_SCN,SCN_GT_GXX::CTRL_X_PATMOD_K_BEGIN_X_X_X_X_X_RESET_TOPSKU,SCN_GT_GXX::CTRL_X_AUX_K_PREHVQK_X_X_X_X_X_SET_SKU_LFM,SCN_GT_GXX::CHAIN_ALL_GFXSB_K_BEGIN_HITO_GT_NOM_LFM_HVM_HRY_RAWSTR%,SCN_GT_GXX::STUCKAT_ALL_GFXSB_K_BEGIN_HITO_GT_NOM_LFM_HRY_RAWSTR%,6576463,6504549,121628
SCN_GT_GXX,gtxetlbpar2,gt-gtslice2-gtsc-gtscpipe1-gtxetlbpar2,GT_GXX,gt,gtslice2,gtsc,gtscpipe1,gtxetlbpar2,228,NVL_GT_SCN,SCN_GT_GXX::CTRL_X_PATMOD_K_BEGIN_X_X_X_X_X_RESET_TOPSKU,SCN_GT_GXX::CTRL_X_AUX_K_PREHVQK_X_X_X_X_X_SET_SKU_LFM,SCN_GT_GXX::CHAIN_ALL_GFXSB_K_BEGIN_HITO_GT_NOM_LFM_HVM_HRY_RAWSTR%,SCN_GT_GXX::STUCKAT_ALL_GFXSB_K_BEGIN_HITO_GT_NOM_LFM_HRY_RAWSTR%,10665366,10573421,126009
SCN_GT_GXX,gtzpipepar1,gt-gtslice2-gtsc-gtscpipe1-gtzpipepar1,GT_GXX,gt,gtslice2,gtsc,gtscpipe1,gtzpipepar1,229,NVL_GT_SCN,SCN_GT_GXX::CTRL_X_PATMOD_K_BEGIN_X_X_X_X_X_RESET_TOPSKU,SCN_GT_GXX::CTRL_X_AUX_K_PREHVQK_X_X_X_X_X_SET_SKU_LFM,SCN_GT_GXX::CHAIN_ALL_GFXSB_K_BEGIN_HITO_GT_NOM_LFM_HVM_HRY_RAWSTR%,SCN_GT_GXX::STUCKAT_ALL_GFXSB_K_BEGIN_HITO_GT_NOM_LFM_HRY_RAWSTR%,11122704,11025644,266022
SCN_GT_GXX,gtrasterpar1,gt-gtslice2-gtsc-gtrasterpar1,GT_GXX,gt,gtslice2,gtsc,gtrasterpar1,,209,NVL_GT_SCN,SCN_GT_GXX::CTRL_X_PATMOD_K_BEGIN_X_X_X_X_X_RESET_TOPSKU,SCN_GT_GXX::CTRL_X_AUX_K_PREHVQK_X_X_X_X_X_SET_SKU_LFM,SCN_GT_GXX::CHAIN_ALL_GFXSB_K_BEGIN_HITO_GT_NOM_LFM_HVM_HRY_RAWSTR%,SCN_GT_GXX::STUCKAT_ALL_GFXSB_K_BEGIN_HITO_GT_NOM_LFM_HRY_RAWSTR%,12503971,12385578,201027
SCN_GT_GXX,gtlscbankpar1,gt-gtslice3-gtxecore0-gtlscbankpar1,GT_GXX,gt,gtslice3,gtxecore0,gtlscbankpar1,,319,NVL_GT_SCN,SCN_GT_GXX::CTRL_X_PATMOD_K_BEGIN_X_X_X_X_X_RESET_TOPSKU,SCN_GT_GXX::CTRL_X_AUX_K_PREHVQK_X_X_X_X_X_SET_SKU_LFM,SCN_GT_GXX::CHAIN_ALL_GFXSB_K_BEGIN_HITO_GT_NOM_LFM_HVM_HRY_RAWSTR%,SCN_GT_GXX::STUCKAT_ALL_GFXSB_K_BEGIN_HITO_GT_NOM_LFM_HRY_RAWSTR%,9131573,9007521,180595
SCN_GT_GXX,gtlscnodepar1,gt-gtslice3-gtxecore0-gtlscnodepar1,GT_GXX,gt,gtslice3,gtxecore0,gtlscnodepar1,,320,NVL_GT_SCN,SCN_GT_GXX::CTRL_X_PATMOD_K_BEGIN_X_X_X_X_X_RESET_TOPSKU,SCN_GT_GXX::CTRL_X_AUX_K_PREHVQK_X_X_X_X_X_SET_SKU_LFM,SCN_GT_GXX::CHAIN_ALL_GFXSB_K_BEGIN_HITO_GT_NOM_LFM_HVM_HRY_RAWSTR%,SCN_GT_GXX::STUCKAT_ALL_GFXSB_K_BEGIN_HITO_GT_NOM_LFM_HRY_RAWSTR%,8723346,8643432,141852
SCN_GT_GXX,gtxecorepar1,gt-gtslice3-gtxecore0-gtxecorepar1,GT_GXX,gt,gtslice3,gtxecore0,gtxecorepar1,,321,NVL_GT_SCN,SCN_GT_GXX::CTRL_X_PATMOD_K_BEGIN_X_X_X_X_X_RESET_TOPSKU,SCN_GT_GXX::CTRL_X_AUX_K_PREHVQK_X_X_X_X_X_SET_SKU_LFM,SCN_GT_GXX::CHAIN_ALL_GFXSB_K_BEGIN_HITO_GT_NOM_LFM_HVM_HRY_RAWSTR%,SCN_GT_GXX::STUCKAT_ALL_GFXSB_K_BEGIN_HITO_GT_NOM_LFM_HRY_RAWSTR%,11985757,11899189,168366
SCN_GT_GXX,gtxecorepar3,gt-gtslice3-gtxecore0-gtxecorepar3,GT_GXX,gt,gtslice3,gtxecore0,gtxecorepar3,,323,NVL_GT_SCN,SCN_GT_GXX::CTRL_X_PATMOD_K_BEGIN_X_X_X_X_X_RESET_TOPSKU,SCN_GT_GXX::CTRL_X_AUX_K_PREHVQK_X_X_X_X_X_SET_SKU_LFM,SCN_GT_GXX::CHAIN_ALL_GFXSB_K_BEGIN_HITO_GT_NOM_LFM_HVM_HRY_RAWSTR%,SCN_GT_GXX::STUCKAT_ALL_GFXSB_K_BEGIN_HITO_GT_NOM_LFM_HRY_RAWSTR%,13365253,13272040,270643
SCN_GT_GXX,gtxecorepar4,gt-gtslice3-gtxecore0-gtxecorepar4,GT_GXX,gt,gtslice3,gtxecore0,gtxecorepar4,,324,NVL_GT_SCN,SCN_GT_GXX::CTRL_X_PATMOD_K_BEGIN_X_X_X_X_X_RESET_TOPSKU,SCN_GT_GXX::CTRL_X_AUX_K_PREHVQK_X_X_X_X_X_SET_SKU_LFM,SCN_GT_GXX::CHAIN_ALL_GFXSB_K_BEGIN_HITO_GT_NOM_LFM_HVM_HRY_RAWSTR%,SCN_GT_GXX::STUCKAT_ALL_GFXSB_K_BEGIN_HITO_GT_NOM_LFM_HRY_RAWSTR%,11841780,11789789,160657
SCN_GT_GXX,gtxecorepar5,gt-gtslice3-gtxecore0-gtxecorepar5,GT_GXX,gt,gtslice3,gtxecore0,gtxecorepar5,,325,NVL_GT_SCN,SCN_GT_GXX::CTRL_X_PATMOD_K_BEGIN_X_X_X_X_X_RESET_TOPSKU,SCN_GT_GXX::CTRL_X_AUX_K_PREHVQK_X_X_X_X_X_SET_SKU_LFM,SCN_GT_GXX::CHAIN_ALL_GFXSB_K_BEGIN_HITO_GT_NOM_LFM_HVM_HRY_RAWSTR%,SCN_GT_GXX::STUCKAT_ALL_GFXSB_K_BEGIN_HITO_GT_NOM_LFM_HRY_RAWSTR%,12540921,12467757,218756
SCN_GT_GXX,gteusystop0,gt-gtslice3-gtxecore0-gteusystop0,GT_GXX,gt,gtslice3,gtxecore0,gteusystop0,,1854,NVL_GT_SCN,SCN_GT_GXX::CTRL_X_PATMOD_K_BEGIN_X_X_X_X_X_RESET_TOPSKU,SCN_GT_GXX::CTRL_X_AUX_K_PREHVQK_X_X_X_X_X_SET_SKU_LFM,SCN_GT_GXX::CHAIN_ALL_GFXSB_K_BEGIN_HITO_GT_NOM_LFM_HVM_HRY_RAWSTR%,SCN_GT_GXX::STUCKAT_ALL_GFXSB_K_BEGIN_HITO_GT_NOM_LFM_HRY_RAWSTR%,6398977,6378032,107295
SCN_GT_GXX,gteutop,gt-gtslice3-gtxecore0-gteutop0,GT_GXX,gt,gtslice3,gtxecore0,gteutop0,,311,NVL_GT_SCN,SCN_GT_GXX::CTRL_X_PATMOD_K_BEGIN_X_X_X_X_X_RESET_TOPSKU,SCN_GT_GXX::CTRL_X_AUX_K_PREHVQK_X_X_X_X_X_SET_SKU_LFM,SCN_GT_GXX::CHAIN_ALL_GFXSB_K_BEGIN_HITO_GT_NOM_LFM_HVM_HRY_RAWSTR%,SCN_GT_GXX::STUCKAT_ALL_GFXSB_K_BEGIN_HITO_GT_NOM_LFM_HRY_RAWSTR%,9749809,9701968,140224
SCN_GT_GXX,gteusysalt,gt-gtslice3-gtxecore0-gteusystop1,GT_GXX,gt,gtslice3,gtxecore0,gteusystop1,,1855,NVL_GT_SCN,SCN_GT_GXX::CTRL_X_PATMOD_K_BEGIN_X_X_X_X_X_RESET_TOPSKU,SCN_GT_GXX::CTRL_X_AUX_K_PREHVQK_X_X_X_X_X_SET_SKU_LFM,SCN_GT_GXX::CHAIN_ALL_GFXSB_K_BEGIN_HITO_GT_NOM_LFM_HVM_HRY_RAWSTR%,SCN_GT_GXX::STUCKAT_ALL_GFXSB_K_BEGIN_HITO_GT_NOM_LFM_HRY_RAWSTR%,6337642,6316608,105129
SCN_GT_GXX,gteuside,gt-gtslice3-gtxecore0-gteutop1,GT_GXX,gt,gtslice3,gtxecore0,gteutop1,,312,NVL_GT_SCN,SCN_GT_GXX::CTRL_X_PATMOD_K_BEGIN_X_X_X_X_X_RESET_TOPSKU,SCN_GT_GXX::CTRL_X_AUX_K_PREHVQK_X_X_X_X_X_SET_SKU_LFM,SCN_GT_GXX::CHAIN_ALL_GFXSB_K_BEGIN_HITO_GT_NOM_LFM_HVM_HRY_RAWSTR%,SCN_GT_GXX::STUCKAT_ALL_GFXSB_K_BEGIN_HITO_GT_NOM_LFM_HRY_RAWSTR%,9711074,9663298,140224
SCN_GT_GXX,gteusysside,gt-gtslice3-gtxecore0-gteusystop2,GT_GXX,gt,gtslice3,gtxecore0,gteusystop2,,1856,NVL_GT_SCN,SCN_GT_GXX::CTRL_X_PATMOD_K_BEGIN_X_X_X_X_X_RESET_TOPSKU,SCN_GT_GXX::CTRL_X_AUX_K_PREHVQK_X_X_X_X_X_SET_SKU_LFM,SCN_GT_GXX::CHAIN_ALL_GFXSB_K_BEGIN_HITO_GT_NOM_LFM_HVM_HRY_RAWSTR%,SCN_GT_GXX::STUCKAT_ALL_GFXSB_K_BEGIN_HITO_GT_NOM_LFM_HRY_RAWSTR%,6361608,6340759,105129
SCN_GT_GXX,gteuside,gt-gtslice3-gtxecore0-gteutop2,GT_GXX,gt,gtslice3,gtxecore0,gteutop2,,313,NVL_GT_SCN,SCN_GT_GXX::CTRL_X_PATMOD_K_BEGIN_X_X_X_X_X_RESET_TOPSKU,SCN_GT_GXX::CTRL_X_AUX_K_PREHVQK_X_X_X_X_X_SET_SKU_LFM,SCN_GT_GXX::CHAIN_ALL_GFXSB_K_BEGIN_HITO_GT_NOM_LFM_HVM_HRY_RAWSTR%,SCN_GT_GXX::STUCKAT_ALL_GFXSB_K_BEGIN_HITO_GT_NOM_LFM_HRY_RAWSTR%,9711074,9663298,140224
SCN_GT_GXX,gteusysside,gt-gtslice3-gtxecore0-gteusystop3,GT_GXX,gt,gtslice3,gtxecore0,gteusystop3,,1857,NVL_GT_SCN,SCN_GT_GXX::CTRL_X_PATMOD_K_BEGIN_X_X_X_X_X_RESET_TOPSKU,SCN_GT_GXX::CTRL_X_AUX_K_PREHVQK_X_X_X_X_X_SET_SKU_LFM,SCN_GT_GXX::CHAIN_ALL_GFXSB_K_BEGIN_HITO_GT_NOM_LFM_HVM_HRY_RAWSTR%,SCN_GT_GXX::STUCKAT_ALL_GFXSB_K_BEGIN_HITO_GT_NOM_LFM_HRY_RAWSTR%,6361608,6340759,105129
SCN_GT_GXX,gteuside,gt-gtslice3-gtxecore0-gteutop3,GT_GXX,gt,gtslice3,gtxecore0,gteutop3,,314,NVL_GT_SCN,SCN_GT_GXX::CTRL_X_PATMOD_K_BEGIN_X_X_X_X_X_RESET_TOPSKU,SCN_GT_GXX::CTRL_X_AUX_K_PREHVQK_X_X_X_X_X_SET_SKU_LFM,SCN_GT_GXX::CHAIN_ALL_GFXSB_K_BEGIN_HITO_GT_NOM_LFM_HVM_HRY_RAWSTR%,SCN_GT_GXX::STUCKAT_ALL_GFXSB_K_BEGIN_HITO_GT_NOM_LFM_HRY_RAWSTR%,9711074,9663298,140224
SCN_GT_GXX,gteusystop4,gt-gtslice3-gtxecore0-gteusystop4,GT_GXX,gt,gtslice3,gtxecore0,gteusystop4,,1858,NVL_GT_SCN,SCN_GT_GXX::CTRL_X_PATMOD_K_BEGIN_X_X_X_X_X_RESET_TOPSKU,SCN_GT_GXX::CTRL_X_AUX_K_PREHVQK_X_X_X_X_X_SET_SKU_LFM,SCN_GT_GXX::CHAIN_ALL_GFXSB_K_BEGIN_HITO_GT_NOM_LFM_HVM_HRY_RAWSTR%,SCN_GT_GXX::STUCKAT_ALL_GFXSB_K_BEGIN_HITO_GT_NOM_LFM_HRY_RAWSTR%,6394691,6373730,106636
SCN_GT_GXX,gteutop,gt-gtslice3-gtxecore0-gteutop4,GT_GXX,gt,gtslice3,gtxecore0,gteutop4,,315,NVL_GT_SCN,SCN_GT_GXX::CTRL_X_PATMOD_K_BEGIN_X_X_X_X_X_RESET_TOPSKU,SCN_GT_GXX::CTRL_X_AUX_K_PREHVQK_X_X_X_X_X_SET_SKU_LFM,SCN_GT_GXX::CHAIN_ALL_GFXSB_K_BEGIN_HITO_GT_NOM_LFM_HVM_HRY_RAWSTR%,SCN_GT_GXX::STUCKAT_ALL_GFXSB_K_BEGIN_HITO_GT_NOM_LFM_HRY_RAWSTR%,9749809,9701968,140224
SCN_GT_GXX,gteuside,gt-gtslice3-gtxecore0-gteutop5,GT_GXX,gt,gtslice3,gtxecore0,gteutop5,,316,NVL_GT_SCN,SCN_GT_GXX::CTRL_X_PATMOD_K_BEGIN_X_X_X_X_X_RESET_TOPSKU,SCN_GT_GXX::CTRL_X_AUX_K_PREHVQK_X_X_X_X_X_SET_SKU_LFM,SCN_GT_GXX::CHAIN_ALL_GFXSB_K_BEGIN_HITO_GT_NOM_LFM_HVM_HRY_RAWSTR%,SCN_GT_GXX::STUCKAT_ALL_GFXSB_K_BEGIN_HITO_GT_NOM_LFM_HRY_RAWSTR%,9711074,9663298,140224
SCN_GT_GXX,gteusysside,gt-gtslice3-gtxecore0-gteusystop6,GT_GXX,gt,gtslice3,gtxecore0,gteusystop6,,1860,NVL_GT_SCN,SCN_GT_GXX::CTRL_X_PATMOD_K_BEGIN_X_X_X_X_X_RESET_TOPSKU,SCN_GT_GXX::CTRL_X_AUX_K_PREHVQK_X_X_X_X_X_SET_SKU_LFM,SCN_GT_GXX::CHAIN_ALL_GFXSB_K_BEGIN_HITO_GT_NOM_LFM_HVM_HRY_RAWSTR%,SCN_GT_GXX::STUCKAT_ALL_GFXSB_K_BEGIN_HITO_GT_NOM_LFM_HRY_RAWSTR%,6361608,6340759,105129
SCN_GT_GXX,gteuside,gt-gtslice3-gtxecore0-gteutop6,GT_GXX,gt,gtslice3,gtxecore0,gteutop6,,317,NVL_GT_SCN,SCN_GT_GXX::CTRL_X_PATMOD_K_BEGIN_X_X_X_X_X_RESET_TOPSKU,SCN_GT_GXX::CTRL_X_AUX_K_PREHVQK_X_X_X_X_X_SET_SKU_LFM,SCN_GT_GXX::CHAIN_ALL_GFXSB_K_BEGIN_HITO_GT_NOM_LFM_HVM_HRY_RAWSTR%,SCN_GT_GXX::STUCKAT_ALL_GFXSB_K_BEGIN_HITO_GT_NOM_LFM_HRY_RAWSTR%,9711074,9663298,140224
SCN_GT_GXX,gteusysside,gt-gtslice3-gtxecore0-gteusystop7,GT_GXX,gt,gtslice3,gtxecore0,gteusystop7,,1861,NVL_GT_SCN,SCN_GT_GXX::CTRL_X_PATMOD_K_BEGIN_X_X_X_X_X_RESET_TOPSKU,SCN_GT_GXX::CTRL_X_AUX_K_PREHVQK_X_X_X_X_X_SET_SKU_LFM,SCN_GT_GXX::CHAIN_ALL_GFXSB_K_BEGIN_HITO_GT_NOM_LFM_HVM_HRY_RAWSTR%,SCN_GT_GXX::STUCKAT_ALL_GFXSB_K_BEGIN_HITO_GT_NOM_LFM_HRY_RAWSTR%,6361608,6340759,105129
SCN_GT_GXX,gteuside,gt-gtslice3-gtxecore0-gteutop7,GT_GXX,gt,gtslice3,gtxecore0,gteutop7,,318,NVL_GT_SCN,SCN_GT_GXX::CTRL_X_PATMOD_K_BEGIN_X_X_X_X_X_RESET_TOPSKU,SCN_GT_GXX::CTRL_X_AUX_K_PREHVQK_X_X_X_X_X_SET_SKU_LFM,SCN_GT_GXX::CHAIN_ALL_GFXSB_K_BEGIN_HITO_GT_NOM_LFM_HVM_HRY_RAWSTR%,SCN_GT_GXX::STUCKAT_ALL_GFXSB_K_BEGIN_HITO_GT_NOM_LFM_HRY_RAWSTR%,9711074,9663298,140224
SCN_GT_GXX,gtxecorepar2,gt-gtslice3-gtxecore0-gtxecorepar2,GT_GXX,gt,gtslice3,gtxecore0,gtxecorepar2,,322,NVL_GT_SCN,SCN_GT_GXX::CTRL_X_PATMOD_K_BEGIN_X_X_X_X_X_RESET_TOPSKU,SCN_GT_GXX::CTRL_X_AUX_K_PREHVQK_X_X_X_X_X_SET_SKU_LFM,SCN_GT_GXX::CHAIN_ALL_GFXSB_K_BEGIN_HITO_GT_NOM_LFM_HVM_HRY_RAWSTR%,SCN_GT_GXX::STUCKAT_ALL_GFXSB_K_BEGIN_HITO_GT_NOM_LFM_HRY_RAWSTR%,7685097,7626107,100212
SCN_GT_GXX,gteusysside,gt-gtslice3-gtxecore0-gteusystop5,GT_GXX,gt,gtslice3,gtxecore0,gteusystop5,,1859,NVL_GT_SCN,SCN_GT_GXX::CTRL_X_PATMOD_K_BEGIN_X_X_X_X_X_RESET_TOPSKU,SCN_GT_GXX::CTRL_X_AUX_K_PREHVQK_X_X_X_X_X_SET_SKU_LFM,SCN_GT_GXX::CHAIN_ALL_GFXSB_K_BEGIN_HITO_GT_NOM_LFM_HVM_HRY_RAWSTR%,SCN_GT_GXX::STUCKAT_ALL_GFXSB_K_BEGIN_HITO_GT_NOM_LFM_HRY_RAWSTR%,6361608,6340759,105129
SCN_GT_GXX,gtlscbankpar1,gt-gtslice3-gtxecore1-gtlscbankpar1,GT_GXX,gt,gtslice3,gtxecore1,gtlscbankpar1,,334,NVL_GT_SCN,SCN_GT_GXX::CTRL_X_PATMOD_K_BEGIN_X_X_X_X_X_RESET_TOPSKU,SCN_GT_GXX::CTRL_X_AUX_K_PREHVQK_X_X_X_X_X_SET_SKU_LFM,SCN_GT_GXX::CHAIN_ALL_GFXSB_K_BEGIN_HITO_GT_NOM_LFM_HVM_HRY_RAWSTR%,SCN_GT_GXX::STUCKAT_ALL_GFXSB_K_BEGIN_HITO_GT_NOM_LFM_HRY_RAWSTR%,9131573,9007521,180595
SCN_GT_GXX,gtlscnodepar1,gt-gtslice3-gtxecore1-gtlscnodepar1,GT_GXX,gt,gtslice3,gtxecore1,gtlscnodepar1,,335,NVL_GT_SCN,SCN_GT_GXX::CTRL_X_PATMOD_K_BEGIN_X_X_X_X_X_RESET_TOPSKU,SCN_GT_GXX::CTRL_X_AUX_K_PREHVQK_X_X_X_X_X_SET_SKU_LFM,SCN_GT_GXX::CHAIN_ALL_GFXSB_K_BEGIN_HITO_GT_NOM_LFM_HVM_HRY_RAWSTR%,SCN_GT_GXX::STUCKAT_ALL_GFXSB_K_BEGIN_HITO_GT_NOM_LFM_HRY_RAWSTR%,8723346,8643432,141852
SCN_GT_GXX,gtxecorepar1,gt-gtslice3-gtxecore1-gtxecorepar1,GT_GXX,gt,gtslice3,gtxecore1,gtxecorepar1,,336,NVL_GT_SCN,SCN_GT_GXX::CTRL_X_PATMOD_K_BEGIN_X_X_X_X_X_RESET_TOPSKU,SCN_GT_GXX::CTRL_X_AUX_K_PREHVQK_X_X_X_X_X_SET_SKU_LFM,SCN_GT_GXX::CHAIN_ALL_GFXSB_K_BEGIN_HITO_GT_NOM_LFM_HVM_HRY_RAWSTR%,SCN_GT_GXX::STUCKAT_ALL_GFXSB_K_BEGIN_HITO_GT_NOM_LFM_HRY_RAWSTR%,11985757,11899189,168366
SCN_GT_GXX,gtxecorepar3,gt-gtslice3-gtxecore1-gtxecorepar3,GT_GXX,gt,gtslice3,gtxecore1,gtxecorepar3,,338,NVL_GT_SCN,SCN_GT_GXX::CTRL_X_PATMOD_K_BEGIN_X_X_X_X_X_RESET_TOPSKU,SCN_GT_GXX::CTRL_X_AUX_K_PREHVQK_X_X_X_X_X_SET_SKU_LFM,SCN_GT_GXX::CHAIN_ALL_GFXSB_K_BEGIN_HITO_GT_NOM_LFM_HVM_HRY_RAWSTR%,SCN_GT_GXX::STUCKAT_ALL_GFXSB_K_BEGIN_HITO_GT_NOM_LFM_HRY_RAWSTR%,13365253,13272040,270643
SCN_GT_GXX,gtxecorepar4,gt-gtslice3-gtxecore1-gtxecorepar4,GT_GXX,gt,gtslice3,gtxecore1,gtxecorepar4,,339,NVL_GT_SCN,SCN_GT_GXX::CTRL_X_PATMOD_K_BEGIN_X_X_X_X_X_RESET_TOPSKU,SCN_GT_GXX::CTRL_X_AUX_K_PREHVQK_X_X_X_X_X_SET_SKU_LFM,SCN_GT_GXX::CHAIN_ALL_GFXSB_K_BEGIN_HITO_GT_NOM_LFM_HVM_HRY_RAWSTR%,SCN_GT_GXX::STUCKAT_ALL_GFXSB_K_BEGIN_HITO_GT_NOM_LFM_HRY_RAWSTR%,11841780,11789789,160657
SCN_GT_GXX,gtxecorepar5,gt-gtslice3-gtxecore1-gtxecorepar5,GT_GXX,gt,gtslice3,gtxecore1,gtxecorepar5,,340,NVL_GT_SCN,SCN_GT_GXX::CTRL_X_PATMOD_K_BEGIN_X_X_X_X_X_RESET_TOPSKU,SCN_GT_GXX::CTRL_X_AUX_K_PREHVQK_X_X_X_X_X_SET_SKU_LFM,SCN_GT_GXX::CHAIN_ALL_GFXSB_K_BEGIN_HITO_GT_NOM_LFM_HVM_HRY_RAWSTR%,SCN_GT_GXX::STUCKAT_ALL_GFXSB_K_BEGIN_HITO_GT_NOM_LFM_HRY_RAWSTR%,12540921,12467757,218756
SCN_GT_GXX,gteusystop0,gt-gtslice3-gtxecore1-gteusystop0,GT_GXX,gt,gtslice3,gtxecore1,gteusystop0,,1862,NVL_GT_SCN,SCN_GT_GXX::CTRL_X_PATMOD_K_BEGIN_X_X_X_X_X_RESET_TOPSKU,SCN_GT_GXX::CTRL_X_AUX_K_PREHVQK_X_X_X_X_X_SET_SKU_LFM,SCN_GT_GXX::CHAIN_ALL_GFXSB_K_BEGIN_HITO_GT_NOM_LFM_HVM_HRY_RAWSTR%,SCN_GT_GXX::STUCKAT_ALL_GFXSB_K_BEGIN_HITO_GT_NOM_LFM_HRY_RAWSTR%,6398977,6378032,107295
SCN_GT_GXX,gteutop,gt-gtslice3-gtxecore1-gteutop0,GT_GXX,gt,gtslice3,gtxecore1,gteutop0,,326,NVL_GT_SCN,SCN_GT_GXX::CTRL_X_PATMOD_K_BEGIN_X_X_X_X_X_RESET_TOPSKU,SCN_GT_GXX::CTRL_X_AUX_K_PREHVQK_X_X_X_X_X_SET_SKU_LFM,SCN_GT_GXX::CHAIN_ALL_GFXSB_K_BEGIN_HITO_GT_NOM_LFM_HVM_HRY_RAWSTR%,SCN_GT_GXX::STUCKAT_ALL_GFXSB_K_BEGIN_HITO_GT_NOM_LFM_HRY_RAWSTR%,9749809,9701968,140224
SCN_GT_GXX,gteusysalt,gt-gtslice3-gtxecore1-gteusystop1,GT_GXX,gt,gtslice3,gtxecore1,gteusystop1,,1863,NVL_GT_SCN,SCN_GT_GXX::CTRL_X_PATMOD_K_BEGIN_X_X_X_X_X_RESET_TOPSKU,SCN_GT_GXX::CTRL_X_AUX_K_PREHVQK_X_X_X_X_X_SET_SKU_LFM,SCN_GT_GXX::CHAIN_ALL_GFXSB_K_BEGIN_HITO_GT_NOM_LFM_HVM_HRY_RAWSTR%,SCN_GT_GXX::STUCKAT_ALL_GFXSB_K_BEGIN_HITO_GT_NOM_LFM_HRY_RAWSTR%,6337642,6316608,105129
SCN_GT_GXX,gteuside,gt-gtslice3-gtxecore1-gteutop1,GT_GXX,gt,gtslice3,gtxecore1,gteutop1,,327,NVL_GT_SCN,SCN_GT_GXX::CTRL_X_PATMOD_K_BEGIN_X_X_X_X_X_RESET_TOPSKU,SCN_GT_GXX::CTRL_X_AUX_K_PREHVQK_X_X_X_X_X_SET_SKU_LFM,SCN_GT_GXX::CHAIN_ALL_GFXSB_K_BEGIN_HITO_GT_NOM_LFM_HVM_HRY_RAWSTR%,SCN_GT_GXX::STUCKAT_ALL_GFXSB_K_BEGIN_HITO_GT_NOM_LFM_HRY_RAWSTR%,9711074,9663298,140224
SCN_GT_GXX,gteusysside,gt-gtslice3-gtxecore1-gteusystop2,GT_GXX,gt,gtslice3,gtxecore1,gteusystop2,,1864,NVL_GT_SCN,SCN_GT_GXX::CTRL_X_PATMOD_K_BEGIN_X_X_X_X_X_RESET_TOPSKU,SCN_GT_GXX::CTRL_X_AUX_K_PREHVQK_X_X_X_X_X_SET_SKU_LFM,SCN_GT_GXX::CHAIN_ALL_GFXSB_K_BEGIN_HITO_GT_NOM_LFM_HVM_HRY_RAWSTR%,SCN_GT_GXX::STUCKAT_ALL_GFXSB_K_BEGIN_HITO_GT_NOM_LFM_HRY_RAWSTR%,6361608,6340759,105129
SCN_GT_GXX,gteuside,gt-gtslice3-gtxecore1-gteutop2,GT_GXX,gt,gtslice3,gtxecore1,gteutop2,,328,NVL_GT_SCN,SCN_GT_GXX::CTRL_X_PATMOD_K_BEGIN_X_X_X_X_X_RESET_TOPSKU,SCN_GT_GXX::CTRL_X_AUX_K_PREHVQK_X_X_X_X_X_SET_SKU_LFM,SCN_GT_GXX::CHAIN_ALL_GFXSB_K_BEGIN_HITO_GT_NOM_LFM_HVM_HRY_RAWSTR%,SCN_GT_GXX::STUCKAT_ALL_GFXSB_K_BEGIN_HITO_GT_NOM_LFM_HRY_RAWSTR%,9711074,9663298,140224
SCN_GT_GXX,gteusysside,gt-gtslice3-gtxecore1-gteusystop3,GT_GXX,gt,gtslice3,gtxecore1,gteusystop3,,1865,NVL_GT_SCN,SCN_GT_GXX::CTRL_X_PATMOD_K_BEGIN_X_X_X_X_X_RESET_TOPSKU,SCN_GT_GXX::CTRL_X_AUX_K_PREHVQK_X_X_X_X_X_SET_SKU_LFM,SCN_GT_GXX::CHAIN_ALL_GFXSB_K_BEGIN_HITO_GT_NOM_LFM_HVM_HRY_RAWSTR%,SCN_GT_GXX::STUCKAT_ALL_GFXSB_K_BEGIN_HITO_GT_NOM_LFM_HRY_RAWSTR%,6361608,6340759,105129
SCN_GT_GXX,gteuside,gt-gtslice3-gtxecore1-gteutop3,GT_GXX,gt,gtslice3,gtxecore1,gteutop3,,329,NVL_GT_SCN,SCN_GT_GXX::CTRL_X_PATMOD_K_BEGIN_X_X_X_X_X_RESET_TOPSKU,SCN_GT_GXX::CTRL_X_AUX_K_PREHVQK_X_X_X_X_X_SET_SKU_LFM,SCN_GT_GXX::CHAIN_ALL_GFXSB_K_BEGIN_HITO_GT_NOM_LFM_HVM_HRY_RAWSTR%,SCN_GT_GXX::STUCKAT_ALL_GFXSB_K_BEGIN_HITO_GT_NOM_LFM_HRY_RAWSTR%,9711074,9663298,140224
SCN_GT_GXX,gteusystop4,gt-gtslice3-gtxecore1-gteusystop4,GT_GXX,gt,gtslice3,gtxecore1,gteusystop4,,1866,NVL_GT_SCN,SCN_GT_GXX::CTRL_X_PATMOD_K_BEGIN_X_X_X_X_X_RESET_TOPSKU,SCN_GT_GXX::CTRL_X_AUX_K_PREHVQK_X_X_X_X_X_SET_SKU_LFM,SCN_GT_GXX::CHAIN_ALL_GFXSB_K_BEGIN_HITO_GT_NOM_LFM_HVM_HRY_RAWSTR%,SCN_GT_GXX::STUCKAT_ALL_GFXSB_K_BEGIN_HITO_GT_NOM_LFM_HRY_RAWSTR%,6394691,6373730,106636
SCN_GT_GXX,gteutop,gt-gtslice3-gtxecore1-gteutop4,GT_GXX,gt,gtslice3,gtxecore1,gteutop4,,330,NVL_GT_SCN,SCN_GT_GXX::CTRL_X_PATMOD_K_BEGIN_X_X_X_X_X_RESET_TOPSKU,SCN_GT_GXX::CTRL_X_AUX_K_PREHVQK_X_X_X_X_X_SET_SKU_LFM,SCN_GT_GXX::CHAIN_ALL_GFXSB_K_BEGIN_HITO_GT_NOM_LFM_HVM_HRY_RAWSTR%,SCN_GT_GXX::STUCKAT_ALL_GFXSB_K_BEGIN_HITO_GT_NOM_LFM_HRY_RAWSTR%,9749809,9701968,140224
SCN_GT_GXX,gteuside,gt-gtslice3-gtxecore1-gteutop5,GT_GXX,gt,gtslice3,gtxecore1,gteutop5,,331,NVL_GT_SCN,SCN_GT_GXX::CTRL_X_PATMOD_K_BEGIN_X_X_X_X_X_RESET_TOPSKU,SCN_GT_GXX::CTRL_X_AUX_K_PREHVQK_X_X_X_X_X_SET_SKU_LFM,SCN_GT_GXX::CHAIN_ALL_GFXSB_K_BEGIN_HITO_GT_NOM_LFM_HVM_HRY_RAWSTR%,SCN_GT_GXX::STUCKAT_ALL_GFXSB_K_BEGIN_HITO_GT_NOM_LFM_HRY_RAWSTR%,9711074,9663298,140224
SCN_GT_GXX,gteusysside,gt-gtslice3-gtxecore1-gteusystop6,GT_GXX,gt,gtslice3,gtxecore1,gteusystop6,,1868,NVL_GT_SCN,SCN_GT_GXX::CTRL_X_PATMOD_K_BEGIN_X_X_X_X_X_RESET_TOPSKU,SCN_GT_GXX::CTRL_X_AUX_K_PREHVQK_X_X_X_X_X_SET_SKU_LFM,SCN_GT_GXX::CHAIN_ALL_GFXSB_K_BEGIN_HITO_GT_NOM_LFM_HVM_HRY_RAWSTR%,SCN_GT_GXX::STUCKAT_ALL_GFXSB_K_BEGIN_HITO_GT_NOM_LFM_HRY_RAWSTR%,6361608,6340759,105129
SCN_GT_GXX,gteuside,gt-gtslice3-gtxecore1-gteutop6,GT_GXX,gt,gtslice3,gtxecore1,gteutop6,,332,NVL_GT_SCN,SCN_GT_GXX::CTRL_X_PATMOD_K_BEGIN_X_X_X_X_X_RESET_TOPSKU,SCN_GT_GXX::CTRL_X_AUX_K_PREHVQK_X_X_X_X_X_SET_SKU_LFM,SCN_GT_GXX::CHAIN_ALL_GFXSB_K_BEGIN_HITO_GT_NOM_LFM_HVM_HRY_RAWSTR%,SCN_GT_GXX::STUCKAT_ALL_GFXSB_K_BEGIN_HITO_GT_NOM_LFM_HRY_RAWSTR%,9711074,9663298,140224
SCN_GT_GXX,gteusysside,gt-gtslice3-gtxecore1-gteusystop7,GT_GXX,gt,gtslice3,gtxecore1,gteusystop7,,1869,NVL_GT_SCN,SCN_GT_GXX::CTRL_X_PATMOD_K_BEGIN_X_X_X_X_X_RESET_TOPSKU,SCN_GT_GXX::CTRL_X_AUX_K_PREHVQK_X_X_X_X_X_SET_SKU_LFM,SCN_GT_GXX::CHAIN_ALL_GFXSB_K_BEGIN_HITO_GT_NOM_LFM_HVM_HRY_RAWSTR%,SCN_GT_GXX::STUCKAT_ALL_GFXSB_K_BEGIN_HITO_GT_NOM_LFM_HRY_RAWSTR%,6361608,6340759,105129
SCN_GT_GXX,gteuside,gt-gtslice3-gtxecore1-gteutop7,GT_GXX,gt,gtslice3,gtxecore1,gteutop7,,333,NVL_GT_SCN,SCN_GT_GXX::CTRL_X_PATMOD_K_BEGIN_X_X_X_X_X_RESET_TOPSKU,SCN_GT_GXX::CTRL_X_AUX_K_PREHVQK_X_X_X_X_X_SET_SKU_LFM,SCN_GT_GXX::CHAIN_ALL_GFXSB_K_BEGIN_HITO_GT_NOM_LFM_HVM_HRY_RAWSTR%,SCN_GT_GXX::STUCKAT_ALL_GFXSB_K_BEGIN_HITO_GT_NOM_LFM_HRY_RAWSTR%,9711074,9663298,140224
SCN_GT_GXX,gtxecorepar2,gt-gtslice3-gtxecore1-gtxecorepar2,GT_GXX,gt,gtslice3,gtxecore1,gtxecorepar2,,337,NVL_GT_SCN,SCN_GT_GXX::CTRL_X_PATMOD_K_BEGIN_X_X_X_X_X_RESET_TOPSKU,SCN_GT_GXX::CTRL_X_AUX_K_PREHVQK_X_X_X_X_X_SET_SKU_LFM,SCN_GT_GXX::CHAIN_ALL_GFXSB_K_BEGIN_HITO_GT_NOM_LFM_HVM_HRY_RAWSTR%,SCN_GT_GXX::STUCKAT_ALL_GFXSB_K_BEGIN_HITO_GT_NOM_LFM_HRY_RAWSTR%,7685097,7626107,100212
SCN_GT_GXX,gteusysside,gt-gtslice3-gtxecore1-gteusystop5,GT_GXX,gt,gtslice3,gtxecore1,gteusystop5,,1867,NVL_GT_SCN,SCN_GT_GXX::CTRL_X_PATMOD_K_BEGIN_X_X_X_X_X_RESET_TOPSKU,SCN_GT_GXX::CTRL_X_AUX_K_PREHVQK_X_X_X_X_X_SET_SKU_LFM,SCN_GT_GXX::CHAIN_ALL_GFXSB_K_BEGIN_HITO_GT_NOM_LFM_HVM_HRY_RAWSTR%,SCN_GT_GXX::STUCKAT_ALL_GFXSB_K_BEGIN_HITO_GT_NOM_LFM_HRY_RAWSTR%,6361608,6340759,105129
SCN_GT_GXX,gtlscbankpar1,gt-gtslice3-gtxecore2-gtlscbankpar1,GT_GXX,gt,gtslice3,gtxecore2,gtlscbankpar1,,349,NVL_GT_SCN,SCN_GT_GXX::CTRL_X_PATMOD_K_BEGIN_X_X_X_X_X_RESET_TOPSKU,SCN_GT_GXX::CTRL_X_AUX_K_PREHVQK_X_X_X_X_X_SET_SKU_LFM,SCN_GT_GXX::CHAIN_ALL_GFXSB_K_BEGIN_HITO_GT_NOM_LFM_HVM_HRY_RAWSTR%,SCN_GT_GXX::STUCKAT_ALL_GFXSB_K_BEGIN_HITO_GT_NOM_LFM_HRY_RAWSTR%,9131573,9007521,180595
SCN_GT_GXX,gtlscnodepar1,gt-gtslice3-gtxecore2-gtlscnodepar1,GT_GXX,gt,gtslice3,gtxecore2,gtlscnodepar1,,350,NVL_GT_SCN,SCN_GT_GXX::CTRL_X_PATMOD_K_BEGIN_X_X_X_X_X_RESET_TOPSKU,SCN_GT_GXX::CTRL_X_AUX_K_PREHVQK_X_X_X_X_X_SET_SKU_LFM,SCN_GT_GXX::CHAIN_ALL_GFXSB_K_BEGIN_HITO_GT_NOM_LFM_HVM_HRY_RAWSTR%,SCN_GT_GXX::STUCKAT_ALL_GFXSB_K_BEGIN_HITO_GT_NOM_LFM_HRY_RAWSTR%,8723346,8643432,141852
SCN_GT_GXX,gtxecorepar1,gt-gtslice3-gtxecore2-gtxecorepar1,GT_GXX,gt,gtslice3,gtxecore2,gtxecorepar1,,351,NVL_GT_SCN,SCN_GT_GXX::CTRL_X_PATMOD_K_BEGIN_X_X_X_X_X_RESET_TOPSKU,SCN_GT_GXX::CTRL_X_AUX_K_PREHVQK_X_X_X_X_X_SET_SKU_LFM,SCN_GT_GXX::CHAIN_ALL_GFXSB_K_BEGIN_HITO_GT_NOM_LFM_HVM_HRY_RAWSTR%,SCN_GT_GXX::STUCKAT_ALL_GFXSB_K_BEGIN_HITO_GT_NOM_LFM_HRY_RAWSTR%,11985757,11899189,168366
SCN_GT_GXX,gtxecorepar3,gt-gtslice3-gtxecore2-gtxecorepar3,GT_GXX,gt,gtslice3,gtxecore2,gtxecorepar3,,353,NVL_GT_SCN,SCN_GT_GXX::CTRL_X_PATMOD_K_BEGIN_X_X_X_X_X_RESET_TOPSKU,SCN_GT_GXX::CTRL_X_AUX_K_PREHVQK_X_X_X_X_X_SET_SKU_LFM,SCN_GT_GXX::CHAIN_ALL_GFXSB_K_BEGIN_HITO_GT_NOM_LFM_HVM_HRY_RAWSTR%,SCN_GT_GXX::STUCKAT_ALL_GFXSB_K_BEGIN_HITO_GT_NOM_LFM_HRY_RAWSTR%,13365253,13272040,270643
SCN_GT_GXX,gtxecorepar4,gt-gtslice3-gtxecore2-gtxecorepar4,GT_GXX,gt,gtslice3,gtxecore2,gtxecorepar4,,354,NVL_GT_SCN,SCN_GT_GXX::CTRL_X_PATMOD_K_BEGIN_X_X_X_X_X_RESET_TOPSKU,SCN_GT_GXX::CTRL_X_AUX_K_PREHVQK_X_X_X_X_X_SET_SKU_LFM,SCN_GT_GXX::CHAIN_ALL_GFXSB_K_BEGIN_HITO_GT_NOM_LFM_HVM_HRY_RAWSTR%,SCN_GT_GXX::STUCKAT_ALL_GFXSB_K_BEGIN_HITO_GT_NOM_LFM_HRY_RAWSTR%,11841780,11789789,160657
SCN_GT_GXX,gtxecorepar5,gt-gtslice3-gtxecore2-gtxecorepar5,GT_GXX,gt,gtslice3,gtxecore2,gtxecorepar5,,355,NVL_GT_SCN,SCN_GT_GXX::CTRL_X_PATMOD_K_BEGIN_X_X_X_X_X_RESET_TOPSKU,SCN_GT_GXX::CTRL_X_AUX_K_PREHVQK_X_X_X_X_X_SET_SKU_LFM,SCN_GT_GXX::CHAIN_ALL_GFXSB_K_BEGIN_HITO_GT_NOM_LFM_HVM_HRY_RAWSTR%,SCN_GT_GXX::STUCKAT_ALL_GFXSB_K_BEGIN_HITO_GT_NOM_LFM_HRY_RAWSTR%,12540921,12467757,218756
SCN_GT_GXX,gteusystop0,gt-gtslice3-gtxecore2-gteusystop0,GT_GXX,gt,gtslice3,gtxecore2,gteusystop0,,1870,NVL_GT_SCN,SCN_GT_GXX::CTRL_X_PATMOD_K_BEGIN_X_X_X_X_X_RESET_TOPSKU,SCN_GT_GXX::CTRL_X_AUX_K_PREHVQK_X_X_X_X_X_SET_SKU_LFM,SCN_GT_GXX::CHAIN_ALL_GFXSB_K_BEGIN_HITO_GT_NOM_LFM_HVM_HRY_RAWSTR%,SCN_GT_GXX::STUCKAT_ALL_GFXSB_K_BEGIN_HITO_GT_NOM_LFM_HRY_RAWSTR%,6398977,6378032,107295
SCN_GT_GXX,gteutop,gt-gtslice3-gtxecore2-gteutop0,GT_GXX,gt,gtslice3,gtxecore2,gteutop0,,341,NVL_GT_SCN,SCN_GT_GXX::CTRL_X_PATMOD_K_BEGIN_X_X_X_X_X_RESET_TOPSKU,SCN_GT_GXX::CTRL_X_AUX_K_PREHVQK_X_X_X_X_X_SET_SKU_LFM,SCN_GT_GXX::CHAIN_ALL_GFXSB_K_BEGIN_HITO_GT_NOM_LFM_HVM_HRY_RAWSTR%,SCN_GT_GXX::STUCKAT_ALL_GFXSB_K_BEGIN_HITO_GT_NOM_LFM_HRY_RAWSTR%,9749809,9701968,140224
SCN_GT_GXX,gteusysalt,gt-gtslice3-gtxecore2-gteusystop1,GT_GXX,gt,gtslice3,gtxecore2,gteusystop1,,1871,NVL_GT_SCN,SCN_GT_GXX::CTRL_X_PATMOD_K_BEGIN_X_X_X_X_X_RESET_TOPSKU,SCN_GT_GXX::CTRL_X_AUX_K_PREHVQK_X_X_X_X_X_SET_SKU_LFM,SCN_GT_GXX::CHAIN_ALL_GFXSB_K_BEGIN_HITO_GT_NOM_LFM_HVM_HRY_RAWSTR%,SCN_GT_GXX::STUCKAT_ALL_GFXSB_K_BEGIN_HITO_GT_NOM_LFM_HRY_RAWSTR%,6337642,6316608,105129
SCN_GT_GXX,gteuside,gt-gtslice3-gtxecore2-gteutop1,GT_GXX,gt,gtslice3,gtxecore2,gteutop1,,342,NVL_GT_SCN,SCN_GT_GXX::CTRL_X_PATMOD_K_BEGIN_X_X_X_X_X_RESET_TOPSKU,SCN_GT_GXX::CTRL_X_AUX_K_PREHVQK_X_X_X_X_X_SET_SKU_LFM,SCN_GT_GXX::CHAIN_ALL_GFXSB_K_BEGIN_HITO_GT_NOM_LFM_HVM_HRY_RAWSTR%,SCN_GT_GXX::STUCKAT_ALL_GFXSB_K_BEGIN_HITO_GT_NOM_LFM_HRY_RAWSTR%,9711074,9663298,140224
SCN_GT_GXX,gteusysside,gt-gtslice3-gtxecore2-gteusystop2,GT_GXX,gt,gtslice3,gtxecore2,gteusystop2,,1872,NVL_GT_SCN,SCN_GT_GXX::CTRL_X_PATMOD_K_BEGIN_X_X_X_X_X_RESET_TOPSKU,SCN_GT_GXX::CTRL_X_AUX_K_PREHVQK_X_X_X_X_X_SET_SKU_LFM,SCN_GT_GXX::CHAIN_ALL_GFXSB_K_BEGIN_HITO_GT_NOM_LFM_HVM_HRY_RAWSTR%,SCN_GT_GXX::STUCKAT_ALL_GFXSB_K_BEGIN_HITO_GT_NOM_LFM_HRY_RAWSTR%,6361608,6340759,105129
SCN_GT_GXX,gteuside,gt-gtslice3-gtxecore2-gteutop2,GT_GXX,gt,gtslice3,gtxecore2,gteutop2,,343,NVL_GT_SCN,SCN_GT_GXX::CTRL_X_PATMOD_K_BEGIN_X_X_X_X_X_RESET_TOPSKU,SCN_GT_GXX::CTRL_X_AUX_K_PREHVQK_X_X_X_X_X_SET_SKU_LFM,SCN_GT_GXX::CHAIN_ALL_GFXSB_K_BEGIN_HITO_GT_NOM_LFM_HVM_HRY_RAWSTR%,SCN_GT_GXX::STUCKAT_ALL_GFXSB_K_BEGIN_HITO_GT_NOM_LFM_HRY_RAWSTR%,9711074,9663298,140224
SCN_GT_GXX,gteusysside,gt-gtslice3-gtxecore2-gteusystop3,GT_GXX,gt,gtslice3,gtxecore2,gteusystop3,,1873,NVL_GT_SCN,SCN_GT_GXX::CTRL_X_PATMOD_K_BEGIN_X_X_X_X_X_RESET_TOPSKU,SCN_GT_GXX::CTRL_X_AUX_K_PREHVQK_X_X_X_X_X_SET_SKU_LFM,SCN_GT_GXX::CHAIN_ALL_GFXSB_K_BEGIN_HITO_GT_NOM_LFM_HVM_HRY_RAWSTR%,SCN_GT_GXX::STUCKAT_ALL_GFXSB_K_BEGIN_HITO_GT_NOM_LFM_HRY_RAWSTR%,6361608,6340759,105129
SCN_GT_GXX,gteuside,gt-gtslice3-gtxecore2-gteutop3,GT_GXX,gt,gtslice3,gtxecore2,gteutop3,,344,NVL_GT_SCN,SCN_GT_GXX::CTRL_X_PATMOD_K_BEGIN_X_X_X_X_X_RESET_TOPSKU,SCN_GT_GXX::CTRL_X_AUX_K_PREHVQK_X_X_X_X_X_SET_SKU_LFM,SCN_GT_GXX::CHAIN_ALL_GFXSB_K_BEGIN_HITO_GT_NOM_LFM_HVM_HRY_RAWSTR%,SCN_GT_GXX::STUCKAT_ALL_GFXSB_K_BEGIN_HITO_GT_NOM_LFM_HRY_RAWSTR%,9711074,9663298,140224
SCN_GT_GXX,gteusystop4,gt-gtslice3-gtxecore2-gteusystop4,GT_GXX,gt,gtslice3,gtxecore2,gteusystop4,,1874,NVL_GT_SCN,SCN_GT_GXX::CTRL_X_PATMOD_K_BEGIN_X_X_X_X_X_RESET_TOPSKU,SCN_GT_GXX::CTRL_X_AUX_K_PREHVQK_X_X_X_X_X_SET_SKU_LFM,SCN_GT_GXX::CHAIN_ALL_GFXSB_K_BEGIN_HITO_GT_NOM_LFM_HVM_HRY_RAWSTR%,SCN_GT_GXX::STUCKAT_ALL_GFXSB_K_BEGIN_HITO_GT_NOM_LFM_HRY_RAWSTR%,6394691,6373730,106636
SCN_GT_GXX,gteutop,gt-gtslice3-gtxecore2-gteutop4,GT_GXX,gt,gtslice3,gtxecore2,gteutop4,,345,NVL_GT_SCN,SCN_GT_GXX::CTRL_X_PATMOD_K_BEGIN_X_X_X_X_X_RESET_TOPSKU,SCN_GT_GXX::CTRL_X_AUX_K_PREHVQK_X_X_X_X_X_SET_SKU_LFM,SCN_GT_GXX::CHAIN_ALL_GFXSB_K_BEGIN_HITO_GT_NOM_LFM_HVM_HRY_RAWSTR%,SCN_GT_GXX::STUCKAT_ALL_GFXSB_K_BEGIN_HITO_GT_NOM_LFM_HRY_RAWSTR%,9749809,9701968,140224
SCN_GT_GXX,gteuside,gt-gtslice3-gtxecore2-gteutop5,GT_GXX,gt,gtslice3,gtxecore2,gteutop5,,346,NVL_GT_SCN,SCN_GT_GXX::CTRL_X_PATMOD_K_BEGIN_X_X_X_X_X_RESET_TOPSKU,SCN_GT_GXX::CTRL_X_AUX_K_PREHVQK_X_X_X_X_X_SET_SKU_LFM,SCN_GT_GXX::CHAIN_ALL_GFXSB_K_BEGIN_HITO_GT_NOM_LFM_HVM_HRY_RAWSTR%,SCN_GT_GXX::STUCKAT_ALL_GFXSB_K_BEGIN_HITO_GT_NOM_LFM_HRY_RAWSTR%,9711074,9663298,140224
SCN_GT_GXX,gteusysside,gt-gtslice3-gtxecore2-gteusystop6,GT_GXX,gt,gtslice3,gtxecore2,gteusystop6,,1876,NVL_GT_SCN,SCN_GT_GXX::CTRL_X_PATMOD_K_BEGIN_X_X_X_X_X_RESET_TOPSKU,SCN_GT_GXX::CTRL_X_AUX_K_PREHVQK_X_X_X_X_X_SET_SKU_LFM,SCN_GT_GXX::CHAIN_ALL_GFXSB_K_BEGIN_HITO_GT_NOM_LFM_HVM_HRY_RAWSTR%,SCN_GT_GXX::STUCKAT_ALL_GFXSB_K_BEGIN_HITO_GT_NOM_LFM_HRY_RAWSTR%,6361608,6340759,105129
SCN_GT_GXX,gteuside,gt-gtslice3-gtxecore2-gteutop6,GT_GXX,gt,gtslice3,gtxecore2,gteutop6,,347,NVL_GT_SCN,SCN_GT_GXX::CTRL_X_PATMOD_K_BEGIN_X_X_X_X_X_RESET_TOPSKU,SCN_GT_GXX::CTRL_X_AUX_K_PREHVQK_X_X_X_X_X_SET_SKU_LFM,SCN_GT_GXX::CHAIN_ALL_GFXSB_K_BEGIN_HITO_GT_NOM_LFM_HVM_HRY_RAWSTR%,SCN_GT_GXX::STUCKAT_ALL_GFXSB_K_BEGIN_HITO_GT_NOM_LFM_HRY_RAWSTR%,9711074,9663298,140224
SCN_GT_GXX,gteusysside,gt-gtslice3-gtxecore2-gteusystop7,GT_GXX,gt,gtslice3,gtxecore2,gteusystop7,,1877,NVL_GT_SCN,SCN_GT_GXX::CTRL_X_PATMOD_K_BEGIN_X_X_X_X_X_RESET_TOPSKU,SCN_GT_GXX::CTRL_X_AUX_K_PREHVQK_X_X_X_X_X_SET_SKU_LFM,SCN_GT_GXX::CHAIN_ALL_GFXSB_K_BEGIN_HITO_GT_NOM_LFM_HVM_HRY_RAWSTR%,SCN_GT_GXX::STUCKAT_ALL_GFXSB_K_BEGIN_HITO_GT_NOM_LFM_HRY_RAWSTR%,6361608,6340759,105129
SCN_GT_GXX,gteuside,gt-gtslice3-gtxecore2-gteutop7,GT_GXX,gt,gtslice3,gtxecore2,gteutop7,,348,NVL_GT_SCN,SCN_GT_GXX::CTRL_X_PATMOD_K_BEGIN_X_X_X_X_X_RESET_TOPSKU,SCN_GT_GXX::CTRL_X_AUX_K_PREHVQK_X_X_X_X_X_SET_SKU_LFM,SCN_GT_GXX::CHAIN_ALL_GFXSB_K_BEGIN_HITO_GT_NOM_LFM_HVM_HRY_RAWSTR%,SCN_GT_GXX::STUCKAT_ALL_GFXSB_K_BEGIN_HITO_GT_NOM_LFM_HRY_RAWSTR%,9711074,9663298,140224
SCN_GT_GXX,gtxecorepar2,gt-gtslice3-gtxecore2-gtxecorepar2,GT_GXX,gt,gtslice3,gtxecore2,gtxecorepar2,,352,NVL_GT_SCN,SCN_GT_GXX::CTRL_X_PATMOD_K_BEGIN_X_X_X_X_X_RESET_TOPSKU,SCN_GT_GXX::CTRL_X_AUX_K_PREHVQK_X_X_X_X_X_SET_SKU_LFM,SCN_GT_GXX::CHAIN_ALL_GFXSB_K_BEGIN_HITO_GT_NOM_LFM_HVM_HRY_RAWSTR%,SCN_GT_GXX::STUCKAT_ALL_GFXSB_K_BEGIN_HITO_GT_NOM_LFM_HRY_RAWSTR%,7685097,7626107,100212
SCN_GT_GXX,gteusysside,gt-gtslice3-gtxecore2-gteusystop5,GT_GXX,gt,gtslice3,gtxecore2,gteusystop5,,1875,NVL_GT_SCN,SCN_GT_GXX::CTRL_X_PATMOD_K_BEGIN_X_X_X_X_X_RESET_TOPSKU,SCN_GT_GXX::CTRL_X_AUX_K_PREHVQK_X_X_X_X_X_SET_SKU_LFM,SCN_GT_GXX::CHAIN_ALL_GFXSB_K_BEGIN_HITO_GT_NOM_LFM_HVM_HRY_RAWSTR%,SCN_GT_GXX::STUCKAT_ALL_GFXSB_K_BEGIN_HITO_GT_NOM_LFM_HRY_RAWSTR%,6361608,6340759,105129
SCN_GT_GXX,gtlscbankpar1,gt-gtslice3-gtxecore3-gtlscbankpar1,GT_GXX,gt,gtslice3,gtxecore3,gtlscbankpar1,,364,NVL_GT_SCN,SCN_GT_GXX::CTRL_X_PATMOD_K_BEGIN_X_X_X_X_X_RESET_TOPSKU,SCN_GT_GXX::CTRL_X_AUX_K_PREHVQK_X_X_X_X_X_SET_SKU_LFM,SCN_GT_GXX::CHAIN_ALL_GFXSB_K_BEGIN_HITO_GT_NOM_LFM_HVM_HRY_RAWSTR%,SCN_GT_GXX::STUCKAT_ALL_GFXSB_K_BEGIN_HITO_GT_NOM_LFM_HRY_RAWSTR%,9131573,9007521,180595
SCN_GT_GXX,gtlscnodepar1,gt-gtslice3-gtxecore3-gtlscnodepar1,GT_GXX,gt,gtslice3,gtxecore3,gtlscnodepar1,,365,NVL_GT_SCN,SCN_GT_GXX::CTRL_X_PATMOD_K_BEGIN_X_X_X_X_X_RESET_TOPSKU,SCN_GT_GXX::CTRL_X_AUX_K_PREHVQK_X_X_X_X_X_SET_SKU_LFM,SCN_GT_GXX::CHAIN_ALL_GFXSB_K_BEGIN_HITO_GT_NOM_LFM_HVM_HRY_RAWSTR%,SCN_GT_GXX::STUCKAT_ALL_GFXSB_K_BEGIN_HITO_GT_NOM_LFM_HRY_RAWSTR%,8723346,8643432,141852
SCN_GT_GXX,gtxecorepar1,gt-gtslice3-gtxecore3-gtxecorepar1,GT_GXX,gt,gtslice3,gtxecore3,gtxecorepar1,,366,NVL_GT_SCN,SCN_GT_GXX::CTRL_X_PATMOD_K_BEGIN_X_X_X_X_X_RESET_TOPSKU,SCN_GT_GXX::CTRL_X_AUX_K_PREHVQK_X_X_X_X_X_SET_SKU_LFM,SCN_GT_GXX::CHAIN_ALL_GFXSB_K_BEGIN_HITO_GT_NOM_LFM_HVM_HRY_RAWSTR%,SCN_GT_GXX::STUCKAT_ALL_GFXSB_K_BEGIN_HITO_GT_NOM_LFM_HRY_RAWSTR%,11985757,11899189,168366
SCN_GT_GXX,gtxecorepar3,gt-gtslice3-gtxecore3-gtxecorepar3,GT_GXX,gt,gtslice3,gtxecore3,gtxecorepar3,,368,NVL_GT_SCN,SCN_GT_GXX::CTRL_X_PATMOD_K_BEGIN_X_X_X_X_X_RESET_TOPSKU,SCN_GT_GXX::CTRL_X_AUX_K_PREHVQK_X_X_X_X_X_SET_SKU_LFM,SCN_GT_GXX::CHAIN_ALL_GFXSB_K_BEGIN_HITO_GT_NOM_LFM_HVM_HRY_RAWSTR%,SCN_GT_GXX::STUCKAT_ALL_GFXSB_K_BEGIN_HITO_GT_NOM_LFM_HRY_RAWSTR%,13365253,13272040,270643
SCN_GT_GXX,gtxecorepar4,gt-gtslice3-gtxecore3-gtxecorepar4,GT_GXX,gt,gtslice3,gtxecore3,gtxecorepar4,,369,NVL_GT_SCN,SCN_GT_GXX::CTRL_X_PATMOD_K_BEGIN_X_X_X_X_X_RESET_TOPSKU,SCN_GT_GXX::CTRL_X_AUX_K_PREHVQK_X_X_X_X_X_SET_SKU_LFM,SCN_GT_GXX::CHAIN_ALL_GFXSB_K_BEGIN_HITO_GT_NOM_LFM_HVM_HRY_RAWSTR%,SCN_GT_GXX::STUCKAT_ALL_GFXSB_K_BEGIN_HITO_GT_NOM_LFM_HRY_RAWSTR%,11841780,11789789,160657
SCN_GT_GXX,gtxecorepar5,gt-gtslice3-gtxecore3-gtxecorepar5,GT_GXX,gt,gtslice3,gtxecore3,gtxecorepar5,,370,NVL_GT_SCN,SCN_GT_GXX::CTRL_X_PATMOD_K_BEGIN_X_X_X_X_X_RESET_TOPSKU,SCN_GT_GXX::CTRL_X_AUX_K_PREHVQK_X_X_X_X_X_SET_SKU_LFM,SCN_GT_GXX::CHAIN_ALL_GFXSB_K_BEGIN_HITO_GT_NOM_LFM_HVM_HRY_RAWSTR%,SCN_GT_GXX::STUCKAT_ALL_GFXSB_K_BEGIN_HITO_GT_NOM_LFM_HRY_RAWSTR%,12540921,12467757,218756
SCN_GT_GXX,gteusystop0,gt-gtslice3-gtxecore3-gteusystop0,GT_GXX,gt,gtslice3,gtxecore3,gteusystop0,,1878,NVL_GT_SCN,SCN_GT_GXX::CTRL_X_PATMOD_K_BEGIN_X_X_X_X_X_RESET_TOPSKU,SCN_GT_GXX::CTRL_X_AUX_K_PREHVQK_X_X_X_X_X_SET_SKU_LFM,SCN_GT_GXX::CHAIN_ALL_GFXSB_K_BEGIN_HITO_GT_NOM_LFM_HVM_HRY_RAWSTR%,SCN_GT_GXX::STUCKAT_ALL_GFXSB_K_BEGIN_HITO_GT_NOM_LFM_HRY_RAWSTR%,6398977,6378032,107295
SCN_GT_GXX,gteutop,gt-gtslice3-gtxecore3-gteutop0,GT_GXX,gt,gtslice3,gtxecore3,gteutop0,,356,NVL_GT_SCN,SCN_GT_GXX::CTRL_X_PATMOD_K_BEGIN_X_X_X_X_X_RESET_TOPSKU,SCN_GT_GXX::CTRL_X_AUX_K_PREHVQK_X_X_X_X_X_SET_SKU_LFM,SCN_GT_GXX::CHAIN_ALL_GFXSB_K_BEGIN_HITO_GT_NOM_LFM_HVM_HRY_RAWSTR%,SCN_GT_GXX::STUCKAT_ALL_GFXSB_K_BEGIN_HITO_GT_NOM_LFM_HRY_RAWSTR%,9749809,9701968,140224
SCN_GT_GXX,gteusysalt,gt-gtslice3-gtxecore3-gteusystop1,GT_GXX,gt,gtslice3,gtxecore3,gteusystop1,,1879,NVL_GT_SCN,SCN_GT_GXX::CTRL_X_PATMOD_K_BEGIN_X_X_X_X_X_RESET_TOPSKU,SCN_GT_GXX::CTRL_X_AUX_K_PREHVQK_X_X_X_X_X_SET_SKU_LFM,SCN_GT_GXX::CHAIN_ALL_GFXSB_K_BEGIN_HITO_GT_NOM_LFM_HVM_HRY_RAWSTR%,SCN_GT_GXX::STUCKAT_ALL_GFXSB_K_BEGIN_HITO_GT_NOM_LFM_HRY_RAWSTR%,6337642,6316608,105129
SCN_GT_GXX,gteuside,gt-gtslice3-gtxecore3-gteutop1,GT_GXX,gt,gtslice3,gtxecore3,gteutop1,,357,NVL_GT_SCN,SCN_GT_GXX::CTRL_X_PATMOD_K_BEGIN_X_X_X_X_X_RESET_TOPSKU,SCN_GT_GXX::CTRL_X_AUX_K_PREHVQK_X_X_X_X_X_SET_SKU_LFM,SCN_GT_GXX::CHAIN_ALL_GFXSB_K_BEGIN_HITO_GT_NOM_LFM_HVM_HRY_RAWSTR%,SCN_GT_GXX::STUCKAT_ALL_GFXSB_K_BEGIN_HITO_GT_NOM_LFM_HRY_RAWSTR%,9711074,9663298,140224
SCN_GT_GXX,gteusysside,gt-gtslice3-gtxecore3-gteusystop2,GT_GXX,gt,gtslice3,gtxecore3,gteusystop2,,1880,NVL_GT_SCN,SCN_GT_GXX::CTRL_X_PATMOD_K_BEGIN_X_X_X_X_X_RESET_TOPSKU,SCN_GT_GXX::CTRL_X_AUX_K_PREHVQK_X_X_X_X_X_SET_SKU_LFM,SCN_GT_GXX::CHAIN_ALL_GFXSB_K_BEGIN_HITO_GT_NOM_LFM_HVM_HRY_RAWSTR%,SCN_GT_GXX::STUCKAT_ALL_GFXSB_K_BEGIN_HITO_GT_NOM_LFM_HRY_RAWSTR%,6361608,6340759,105129
SCN_GT_GXX,gteuside,gt-gtslice3-gtxecore3-gteutop2,GT_GXX,gt,gtslice3,gtxecore3,gteutop2,,358,NVL_GT_SCN,SCN_GT_GXX::CTRL_X_PATMOD_K_BEGIN_X_X_X_X_X_RESET_TOPSKU,SCN_GT_GXX::CTRL_X_AUX_K_PREHVQK_X_X_X_X_X_SET_SKU_LFM,SCN_GT_GXX::CHAIN_ALL_GFXSB_K_BEGIN_HITO_GT_NOM_LFM_HVM_HRY_RAWSTR%,SCN_GT_GXX::STUCKAT_ALL_GFXSB_K_BEGIN_HITO_GT_NOM_LFM_HRY_RAWSTR%,9711074,9663298,140224
SCN_GT_GXX,gteusysside,gt-gtslice3-gtxecore3-gteusystop3,GT_GXX,gt,gtslice3,gtxecore3,gteusystop3,,1881,NVL_GT_SCN,SCN_GT_GXX::CTRL_X_PATMOD_K_BEGIN_X_X_X_X_X_RESET_TOPSKU,SCN_GT_GXX::CTRL_X_AUX_K_PREHVQK_X_X_X_X_X_SET_SKU_LFM,SCN_GT_GXX::CHAIN_ALL_GFXSB_K_BEGIN_HITO_GT_NOM_LFM_HVM_HRY_RAWSTR%,SCN_GT_GXX::STUCKAT_ALL_GFXSB_K_BEGIN_HITO_GT_NOM_LFM_HRY_RAWSTR%,6361608,6340759,105129
SCN_GT_GXX,gteuside,gt-gtslice3-gtxecore3-gteutop3,GT_GXX,gt,gtslice3,gtxecore3,gteutop3,,359,NVL_GT_SCN,SCN_GT_GXX::CTRL_X_PATMOD_K_BEGIN_X_X_X_X_X_RESET_TOPSKU,SCN_GT_GXX::CTRL_X_AUX_K_PREHVQK_X_X_X_X_X_SET_SKU_LFM,SCN_GT_GXX::CHAIN_ALL_GFXSB_K_BEGIN_HITO_GT_NOM_LFM_HVM_HRY_RAWSTR%,SCN_GT_GXX::STUCKAT_ALL_GFXSB_K_BEGIN_HITO_GT_NOM_LFM_HRY_RAWSTR%,9711074,9663298,140224
SCN_GT_GXX,gteusystop4,gt-gtslice3-gtxecore3-gteusystop4,GT_GXX,gt,gtslice3,gtxecore3,gteusystop4,,1882,NVL_GT_SCN,SCN_GT_GXX::CTRL_X_PATMOD_K_BEGIN_X_X_X_X_X_RESET_TOPSKU,SCN_GT_GXX::CTRL_X_AUX_K_PREHVQK_X_X_X_X_X_SET_SKU_LFM,SCN_GT_GXX::CHAIN_ALL_GFXSB_K_BEGIN_HITO_GT_NOM_LFM_HVM_HRY_RAWSTR%,SCN_GT_GXX::STUCKAT_ALL_GFXSB_K_BEGIN_HITO_GT_NOM_LFM_HRY_RAWSTR%,6394691,6373730,106636
SCN_GT_GXX,gteutop,gt-gtslice3-gtxecore3-gteutop4,GT_GXX,gt,gtslice3,gtxecore3,gteutop4,,360,NVL_GT_SCN,SCN_GT_GXX::CTRL_X_PATMOD_K_BEGIN_X_X_X_X_X_RESET_TOPSKU,SCN_GT_GXX::CTRL_X_AUX_K_PREHVQK_X_X_X_X_X_SET_SKU_LFM,SCN_GT_GXX::CHAIN_ALL_GFXSB_K_BEGIN_HITO_GT_NOM_LFM_HVM_HRY_RAWSTR%,SCN_GT_GXX::STUCKAT_ALL_GFXSB_K_BEGIN_HITO_GT_NOM_LFM_HRY_RAWSTR%,9749809,9701968,140224
SCN_GT_GXX,gteuside,gt-gtslice3-gtxecore3-gteutop5,GT_GXX,gt,gtslice3,gtxecore3,gteutop5,,361,NVL_GT_SCN,SCN_GT_GXX::CTRL_X_PATMOD_K_BEGIN_X_X_X_X_X_RESET_TOPSKU,SCN_GT_GXX::CTRL_X_AUX_K_PREHVQK_X_X_X_X_X_SET_SKU_LFM,SCN_GT_GXX::CHAIN_ALL_GFXSB_K_BEGIN_HITO_GT_NOM_LFM_HVM_HRY_RAWSTR%,SCN_GT_GXX::STUCKAT_ALL_GFXSB_K_BEGIN_HITO_GT_NOM_LFM_HRY_RAWSTR%,9711074,9663298,140224
SCN_GT_GXX,gteusysside,gt-gtslice3-gtxecore3-gteusystop6,GT_GXX,gt,gtslice3,gtxecore3,gteusystop6,,1884,NVL_GT_SCN,SCN_GT_GXX::CTRL_X_PATMOD_K_BEGIN_X_X_X_X_X_RESET_TOPSKU,SCN_GT_GXX::CTRL_X_AUX_K_PREHVQK_X_X_X_X_X_SET_SKU_LFM,SCN_GT_GXX::CHAIN_ALL_GFXSB_K_BEGIN_HITO_GT_NOM_LFM_HVM_HRY_RAWSTR%,SCN_GT_GXX::STUCKAT_ALL_GFXSB_K_BEGIN_HITO_GT_NOM_LFM_HRY_RAWSTR%,6361608,6340759,105129
SCN_GT_GXX,gteuside,gt-gtslice3-gtxecore3-gteutop6,GT_GXX,gt,gtslice3,gtxecore3,gteutop6,,362,NVL_GT_SCN,SCN_GT_GXX::CTRL_X_PATMOD_K_BEGIN_X_X_X_X_X_RESET_TOPSKU,SCN_GT_GXX::CTRL_X_AUX_K_PREHVQK_X_X_X_X_X_SET_SKU_LFM,SCN_GT_GXX::CHAIN_ALL_GFXSB_K_BEGIN_HITO_GT_NOM_LFM_HVM_HRY_RAWSTR%,SCN_GT_GXX::STUCKAT_ALL_GFXSB_K_BEGIN_HITO_GT_NOM_LFM_HRY_RAWSTR%,9711074,9663298,140224
SCN_GT_GXX,gteusysside,gt-gtslice3-gtxecore3-gteusystop7,GT_GXX,gt,gtslice3,gtxecore3,gteusystop7,,1885,NVL_GT_SCN,SCN_GT_GXX::CTRL_X_PATMOD_K_BEGIN_X_X_X_X_X_RESET_TOPSKU,SCN_GT_GXX::CTRL_X_AUX_K_PREHVQK_X_X_X_X_X_SET_SKU_LFM,SCN_GT_GXX::CHAIN_ALL_GFXSB_K_BEGIN_HITO_GT_NOM_LFM_HVM_HRY_RAWSTR%,SCN_GT_GXX::STUCKAT_ALL_GFXSB_K_BEGIN_HITO_GT_NOM_LFM_HRY_RAWSTR%,6361608,6340759,105129
SCN_GT_GXX,gteuside,gt-gtslice3-gtxecore3-gteutop7,GT_GXX,gt,gtslice3,gtxecore3,gteutop7,,363,NVL_GT_SCN,SCN_GT_GXX::CTRL_X_PATMOD_K_BEGIN_X_X_X_X_X_RESET_TOPSKU,SCN_GT_GXX::CTRL_X_AUX_K_PREHVQK_X_X_X_X_X_SET_SKU_LFM,SCN_GT_GXX::CHAIN_ALL_GFXSB_K_BEGIN_HITO_GT_NOM_LFM_HVM_HRY_RAWSTR%,SCN_GT_GXX::STUCKAT_ALL_GFXSB_K_BEGIN_HITO_GT_NOM_LFM_HRY_RAWSTR%,9711074,9663298,140224
SCN_GT_GXX,gtxecorepar2,gt-gtslice3-gtxecore3-gtxecorepar2,GT_GXX,gt,gtslice3,gtxecore3,gtxecorepar2,,367,NVL_GT_SCN,SCN_GT_GXX::CTRL_X_PATMOD_K_BEGIN_X_X_X_X_X_RESET_TOPSKU,SCN_GT_GXX::CTRL_X_AUX_K_PREHVQK_X_X_X_X_X_SET_SKU_LFM,SCN_GT_GXX::CHAIN_ALL_GFXSB_K_BEGIN_HITO_GT_NOM_LFM_HVM_HRY_RAWSTR%,SCN_GT_GXX::STUCKAT_ALL_GFXSB_K_BEGIN_HITO_GT_NOM_LFM_HRY_RAWSTR%,7685097,7626107,100212
SCN_GT_GXX,gteusysside,gt-gtslice3-gtxecore3-gteusystop5,GT_GXX,gt,gtslice3,gtxecore3,gteusystop5,,1883,NVL_GT_SCN,SCN_GT_GXX::CTRL_X_PATMOD_K_BEGIN_X_X_X_X_X_RESET_TOPSKU,SCN_GT_GXX::CTRL_X_AUX_K_PREHVQK_X_X_X_X_X_SET_SKU_LFM,SCN_GT_GXX::CHAIN_ALL_GFXSB_K_BEGIN_HITO_GT_NOM_LFM_HVM_HRY_RAWSTR%,SCN_GT_GXX::STUCKAT_ALL_GFXSB_K_BEGIN_HITO_GT_NOM_LFM_HRY_RAWSTR%,6361608,6340759,105129
SCN_GT_GXX,gtrasterpar2,gt-gtslice3-gtsc-gtrasterpar2,GT_GXX,gt,gtslice3,gtsc,gtrasterpar2,,291,NVL_GT_SCN,SCN_GT_GXX::CTRL_X_PATMOD_K_BEGIN_X_X_X_X_X_RESET_TOPSKU,SCN_GT_GXX::CTRL_X_AUX_K_PREHVQK_X_X_X_X_X_SET_SKU_LFM,SCN_GT_GXX::CHAIN_ALL_GFXSB_K_BEGIN_HITO_GT_NOM_LFM_HVM_HRY_RAWSTR%,SCN_GT_GXX::STUCKAT_ALL_GFXSB_K_BEGIN_HITO_GT_NOM_LFM_HRY_RAWSTR%,10762799,10627137,228584
SCN_GT_GXX,gtrasterpar3,gt-gtslice3-gtsc-gtrasterpar3,GT_GXX,gt,gtslice3,gtsc,gtrasterpar3,,292,NVL_GT_SCN,SCN_GT_GXX::CTRL_X_PATMOD_K_BEGIN_X_X_X_X_X_RESET_TOPSKU,SCN_GT_GXX::CTRL_X_AUX_K_PREHVQK_X_X_X_X_X_SET_SKU_LFM,SCN_GT_GXX::CHAIN_ALL_GFXSB_K_BEGIN_HITO_GT_NOM_LFM_HVM_HRY_RAWSTR%,SCN_GT_GXX::STUCKAT_ALL_GFXSB_K_BEGIN_HITO_GT_NOM_LFM_HRY_RAWSTR%,11549858,11485157,269146
SCN_GT_GXX,gtcpipepar1,gt-gtslice3-gtsc-gtscpipe0-gtcpipepar1,GT_GXX,gt,gtslice3,gtsc,gtscpipe0,gtcpipepar1,293,NVL_GT_SCN,SCN_GT_GXX::CTRL_X_PATMOD_K_BEGIN_X_X_X_X_X_RESET_TOPSKU,SCN_GT_GXX::CTRL_X_AUX_K_PREHVQK_X_X_X_X_X_SET_SKU_LFM,SCN_GT_GXX::CHAIN_ALL_GFXSB_K_BEGIN_HITO_GT_NOM_LFM_HVM_HRY_RAWSTR%,SCN_GT_GXX::STUCKAT_ALL_GFXSB_K_BEGIN_HITO_GT_NOM_LFM_HRY_RAWSTR%,10746850,10696909,194538
SCN_GT_GXX,gtcpipepar2,gt-gtslice3-gtsc-gtscpipe0-gtcpipepar2,GT_GXX,gt,gtslice3,gtsc,gtscpipe0,gtcpipepar2,294,NVL_GT_SCN,SCN_GT_GXX::CTRL_X_PATMOD_K_BEGIN_X_X_X_X_X_RESET_TOPSKU,SCN_GT_GXX::CTRL_X_AUX_K_PREHVQK_X_X_X_X_X_SET_SKU_LFM,SCN_GT_GXX::CHAIN_ALL_GFXSB_K_BEGIN_HITO_GT_NOM_LFM_HVM_HRY_RAWSTR%,SCN_GT_GXX::STUCKAT_ALL_GFXSB_K_BEGIN_HITO_GT_NOM_LFM_HRY_RAWSTR%,10756187,10689922,230394
SCN_GT_GXX,gtfixpar1,gt-gtslice3-gtsc-gtscpipe0-gtfixpar1,GT_GXX,gt,gtslice3,gtsc,gtscpipe0,gtfixpar1,295,NVL_GT_SCN,SCN_GT_GXX::CTRL_X_PATMOD_K_BEGIN_X_X_X_X_X_RESET_TOPSKU,SCN_GT_GXX::CTRL_X_AUX_K_PREHVQK_X_X_X_X_X_SET_SKU_LFM,SCN_GT_GXX::CHAIN_ALL_GFXSB_K_BEGIN_HITO_GT_NOM_LFM_HVM_HRY_RAWSTR%,SCN_GT_GXX::STUCKAT_ALL_GFXSB_K_BEGIN_HITO_GT_NOM_LFM_HRY_RAWSTR%,4895039,4724601,86543
SCN_GT_GXX,gtfixpar2,gt-gtslice3-gtsc-gtscpipe0-gtfixpar2,GT_GXX,gt,gtslice3,gtsc,gtscpipe0,gtfixpar2,296,NVL_GT_SCN,SCN_GT_GXX::CTRL_X_PATMOD_K_BEGIN_X_X_X_X_X_RESET_TOPSKU,SCN_GT_GXX::CTRL_X_AUX_K_PREHVQK_X_X_X_X_X_SET_SKU_LFM,SCN_GT_GXX::CHAIN_ALL_GFXSB_K_BEGIN_HITO_GT_NOM_LFM_HVM_HRY_RAWSTR%,SCN_GT_GXX::STUCKAT_ALL_GFXSB_K_BEGIN_HITO_GT_NOM_LFM_HRY_RAWSTR%,13679498,13553314,259495
SCN_GT_GXX,gtfixpar3,gt-gtslice3-gtsc-gtscpipe0-gtfixpar3,GT_GXX,gt,gtslice3,gtsc,gtscpipe0,gtfixpar3,297,NVL_GT_SCN,SCN_GT_GXX::CTRL_X_PATMOD_K_BEGIN_X_X_X_X_X_RESET_TOPSKU,SCN_GT_GXX::CTRL_X_AUX_K_PREHVQK_X_X_X_X_X_SET_SKU_LFM,SCN_GT_GXX::CHAIN_ALL_GFXSB_K_BEGIN_HITO_GT_NOM_LFM_HVM_HRY_RAWSTR%,SCN_GT_GXX::STUCKAT_ALL_GFXSB_K_BEGIN_HITO_GT_NOM_LFM_HRY_RAWSTR%,10627088,10527045,224971
SCN_GT_GXX,gtstlbpar1,gt-gtslice3-gtsc-gtscpipe0-gtstlbpar1,GT_GXX,gt,gtslice3,gtsc,gtscpipe0,gtstlbpar1,298,NVL_GT_SCN,SCN_GT_GXX::CTRL_X_PATMOD_K_BEGIN_X_X_X_X_X_RESET_TOPSKU,SCN_GT_GXX::CTRL_X_AUX_K_PREHVQK_X_X_X_X_X_SET_SKU_LFM,SCN_GT_GXX::CHAIN_ALL_GFXSB_K_BEGIN_HITO_GT_NOM_LFM_HVM_HRY_RAWSTR%,SCN_GT_GXX::STUCKAT_ALL_GFXSB_K_BEGIN_HITO_GT_NOM_LFM_HRY_RAWSTR%,6105618,6061686,103677
SCN_GT_GXX,gtxetlbpar1,gt-gtslice3-gtsc-gtscpipe0-gtxetlbpar1,GT_GXX,gt,gtslice3,gtsc,gtscpipe0,gtxetlbpar1,299,NVL_GT_SCN,SCN_GT_GXX::CTRL_X_PATMOD_K_BEGIN_X_X_X_X_X_RESET_TOPSKU,SCN_GT_GXX::CTRL_X_AUX_K_PREHVQK_X_X_X_X_X_SET_SKU_LFM,SCN_GT_GXX::CHAIN_ALL_GFXSB_K_BEGIN_HITO_GT_NOM_LFM_HVM_HRY_RAWSTR%,SCN_GT_GXX::STUCKAT_ALL_GFXSB_K_BEGIN_HITO_GT_NOM_LFM_HRY_RAWSTR%,6576463,6504549,121628
SCN_GT_GXX,gtxetlbpar2,gt-gtslice3-gtsc-gtscpipe0-gtxetlbpar2,GT_GXX,gt,gtslice3,gtsc,gtscpipe0,gtxetlbpar2,300,NVL_GT_SCN,SCN_GT_GXX::CTRL_X_PATMOD_K_BEGIN_X_X_X_X_X_RESET_TOPSKU,SCN_GT_GXX::CTRL_X_AUX_K_PREHVQK_X_X_X_X_X_SET_SKU_LFM,SCN_GT_GXX::CHAIN_ALL_GFXSB_K_BEGIN_HITO_GT_NOM_LFM_HVM_HRY_RAWSTR%,SCN_GT_GXX::STUCKAT_ALL_GFXSB_K_BEGIN_HITO_GT_NOM_LFM_HRY_RAWSTR%,10665366,10573421,126009
SCN_GT_GXX,gtzpipepar1,gt-gtslice3-gtsc-gtscpipe0-gtzpipepar1,GT_GXX,gt,gtslice3,gtsc,gtscpipe0,gtzpipepar1,301,NVL_GT_SCN,SCN_GT_GXX::CTRL_X_PATMOD_K_BEGIN_X_X_X_X_X_RESET_TOPSKU,SCN_GT_GXX::CTRL_X_AUX_K_PREHVQK_X_X_X_X_X_SET_SKU_LFM,SCN_GT_GXX::CHAIN_ALL_GFXSB_K_BEGIN_HITO_GT_NOM_LFM_HVM_HRY_RAWSTR%,SCN_GT_GXX::STUCKAT_ALL_GFXSB_K_BEGIN_HITO_GT_NOM_LFM_HRY_RAWSTR%,11122704,11025644,266022
SCN_GT_GXX,gtcpipepar1,gt-gtslice3-gtsc-gtscpipe1-gtcpipepar1,GT_GXX,gt,gtslice3,gtsc,gtscpipe1,gtcpipepar1,302,NVL_GT_SCN,SCN_GT_GXX::CTRL_X_PATMOD_K_BEGIN_X_X_X_X_X_RESET_TOPSKU,SCN_GT_GXX::CTRL_X_AUX_K_PREHVQK_X_X_X_X_X_SET_SKU_LFM,SCN_GT_GXX::CHAIN_ALL_GFXSB_K_BEGIN_HITO_GT_NOM_LFM_HVM_HRY_RAWSTR%,SCN_GT_GXX::STUCKAT_ALL_GFXSB_K_BEGIN_HITO_GT_NOM_LFM_HRY_RAWSTR%,10746850,10696909,194538
SCN_GT_GXX,gtcpipepar2,gt-gtslice3-gtsc-gtscpipe1-gtcpipepar2,GT_GXX,gt,gtslice3,gtsc,gtscpipe1,gtcpipepar2,303,NVL_GT_SCN,SCN_GT_GXX::CTRL_X_PATMOD_K_BEGIN_X_X_X_X_X_RESET_TOPSKU,SCN_GT_GXX::CTRL_X_AUX_K_PREHVQK_X_X_X_X_X_SET_SKU_LFM,SCN_GT_GXX::CHAIN_ALL_GFXSB_K_BEGIN_HITO_GT_NOM_LFM_HVM_HRY_RAWSTR%,SCN_GT_GXX::STUCKAT_ALL_GFXSB_K_BEGIN_HITO_GT_NOM_LFM_HRY_RAWSTR%,10756187,10689922,230394
SCN_GT_GXX,gtfixpar1,gt-gtslice3-gtsc-gtscpipe1-gtfixpar1,GT_GXX,gt,gtslice3,gtsc,gtscpipe1,gtfixpar1,304,NVL_GT_SCN,SCN_GT_GXX::CTRL_X_PATMOD_K_BEGIN_X_X_X_X_X_RESET_TOPSKU,SCN_GT_GXX::CTRL_X_AUX_K_PREHVQK_X_X_X_X_X_SET_SKU_LFM,SCN_GT_GXX::CHAIN_ALL_GFXSB_K_BEGIN_HITO_GT_NOM_LFM_HVM_HRY_RAWSTR%,SCN_GT_GXX::STUCKAT_ALL_GFXSB_K_BEGIN_HITO_GT_NOM_LFM_HRY_RAWSTR%,4895039,4724601,86543
SCN_GT_GXX,gtfixpar2,gt-gtslice3-gtsc-gtscpipe1-gtfixpar2,GT_GXX,gt,gtslice3,gtsc,gtscpipe1,gtfixpar2,305,NVL_GT_SCN,SCN_GT_GXX::CTRL_X_PATMOD_K_BEGIN_X_X_X_X_X_RESET_TOPSKU,SCN_GT_GXX::CTRL_X_AUX_K_PREHVQK_X_X_X_X_X_SET_SKU_LFM,SCN_GT_GXX::CHAIN_ALL_GFXSB_K_BEGIN_HITO_GT_NOM_LFM_HVM_HRY_RAWSTR%,SCN_GT_GXX::STUCKAT_ALL_GFXSB_K_BEGIN_HITO_GT_NOM_LFM_HRY_RAWSTR%,13679498,13553314,259495
SCN_GT_GXX,gtfixpar3,gt-gtslice3-gtsc-gtscpipe1-gtfixpar3,GT_GXX,gt,gtslice3,gtsc,gtscpipe1,gtfixpar3,306,NVL_GT_SCN,SCN_GT_GXX::CTRL_X_PATMOD_K_BEGIN_X_X_X_X_X_RESET_TOPSKU,SCN_GT_GXX::CTRL_X_AUX_K_PREHVQK_X_X_X_X_X_SET_SKU_LFM,SCN_GT_GXX::CHAIN_ALL_GFXSB_K_BEGIN_HITO_GT_NOM_LFM_HVM_HRY_RAWSTR%,SCN_GT_GXX::STUCKAT_ALL_GFXSB_K_BEGIN_HITO_GT_NOM_LFM_HRY_RAWSTR%,10627088,10527045,224971
SCN_GT_GXX,gtstlbpar1,gt-gtslice3-gtsc-gtscpipe1-gtstlbpar1,GT_GXX,gt,gtslice3,gtsc,gtscpipe1,gtstlbpar1,307,NVL_GT_SCN,SCN_GT_GXX::CTRL_X_PATMOD_K_BEGIN_X_X_X_X_X_RESET_TOPSKU,SCN_GT_GXX::CTRL_X_AUX_K_PREHVQK_X_X_X_X_X_SET_SKU_LFM,SCN_GT_GXX::CHAIN_ALL_GFXSB_K_BEGIN_HITO_GT_NOM_LFM_HVM_HRY_RAWSTR%,SCN_GT_GXX::STUCKAT_ALL_GFXSB_K_BEGIN_HITO_GT_NOM_LFM_HRY_RAWSTR%,6105618,6061686,103677
SCN_GT_GXX,gtxetlbpar1,gt-gtslice3-gtsc-gtscpipe1-gtxetlbpar1,GT_GXX,gt,gtslice3,gtsc,gtscpipe1,gtxetlbpar1,308,NVL_GT_SCN,SCN_GT_GXX::CTRL_X_PATMOD_K_BEGIN_X_X_X_X_X_RESET_TOPSKU,SCN_GT_GXX::CTRL_X_AUX_K_PREHVQK_X_X_X_X_X_SET_SKU_LFM,SCN_GT_GXX::CHAIN_ALL_GFXSB_K_BEGIN_HITO_GT_NOM_LFM_HVM_HRY_RAWSTR%,SCN_GT_GXX::STUCKAT_ALL_GFXSB_K_BEGIN_HITO_GT_NOM_LFM_HRY_RAWSTR%,6576463,6504549,121628
SCN_GT_GXX,gtxetlbpar2,gt-gtslice3-gtsc-gtscpipe1-gtxetlbpar2,GT_GXX,gt,gtslice3,gtsc,gtscpipe1,gtxetlbpar2,309,NVL_GT_SCN,SCN_GT_GXX::CTRL_X_PATMOD_K_BEGIN_X_X_X_X_X_RESET_TOPSKU,SCN_GT_GXX::CTRL_X_AUX_K_PREHVQK_X_X_X_X_X_SET_SKU_LFM,SCN_GT_GXX::CHAIN_ALL_GFXSB_K_BEGIN_HITO_GT_NOM_LFM_HVM_HRY_RAWSTR%,SCN_GT_GXX::STUCKAT_ALL_GFXSB_K_BEGIN_HITO_GT_NOM_LFM_HRY_RAWSTR%,10665366,10573421,126009
SCN_GT_GXX,gtzpipepar1,gt-gtslice3-gtsc-gtscpipe1-gtzpipepar1,GT_GXX,gt,gtslice3,gtsc,gtscpipe1,gtzpipepar1,310,NVL_GT_SCN,SCN_GT_GXX::CTRL_X_PATMOD_K_BEGIN_X_X_X_X_X_RESET_TOPSKU,SCN_GT_GXX::CTRL_X_AUX_K_PREHVQK_X_X_X_X_X_SET_SKU_LFM,SCN_GT_GXX::CHAIN_ALL_GFXSB_K_BEGIN_HITO_GT_NOM_LFM_HVM_HRY_RAWSTR%,SCN_GT_GXX::STUCKAT_ALL_GFXSB_K_BEGIN_HITO_GT_NOM_LFM_HRY_RAWSTR%,11122704,11025644,266022
SCN_GT_GXX,gtrasterpar1,gt-gtslice3-gtsc-gtrasterpar1,GT_GXX,gt,gtslice3,gtsc,gtrasterpar1,,290,NVL_GT_SCN,SCN_GT_GXX::CTRL_X_PATMOD_K_BEGIN_X_X_X_X_X_RESET_TOPSKU,SCN_GT_GXX::CTRL_X_AUX_K_PREHVQK_X_X_X_X_X_SET_SKU_LFM,SCN_GT_GXX::CHAIN_ALL_GFXSB_K_BEGIN_HITO_GT_NOM_LFM_HVM_HRY_RAWSTR%,SCN_GT_GXX::STUCKAT_ALL_GFXSB_K_BEGIN_HITO_GT_NOM_LFM_HRY_RAWSTR%,12503971,12385578,201027
SCN_GT_GXX,gtlscbankpar1,gt-gtslice4-gtxecore0-gtlscbankpar1,GT_GXX,gt,gtslice4,gtxecore0,gtlscbankpar1,,400,NVL_GT_SCN,SCN_GT_GXX::CTRL_X_PATMOD_K_BEGIN_X_X_X_X_X_RESET_TOPSKU,SCN_GT_GXX::CTRL_X_AUX_K_PREHVQK_X_X_X_X_X_SET_SKU_LFM,SCN_GT_GXX::CHAIN_ALL_GFXSB_K_BEGIN_HITO_GT_NOM_LFM_HVM_HRY_RAWSTR%,SCN_GT_GXX::STUCKAT_ALL_GFXSB_K_BEGIN_HITO_GT_NOM_LFM_HRY_RAWSTR%,9131573,9007521,180595
SCN_GT_GXX,gtlscnodepar1,gt-gtslice4-gtxecore0-gtlscnodepar1,GT_GXX,gt,gtslice4,gtxecore0,gtlscnodepar1,,401,NVL_GT_SCN,SCN_GT_GXX::CTRL_X_PATMOD_K_BEGIN_X_X_X_X_X_RESET_TOPSKU,SCN_GT_GXX::CTRL_X_AUX_K_PREHVQK_X_X_X_X_X_SET_SKU_LFM,SCN_GT_GXX::CHAIN_ALL_GFXSB_K_BEGIN_HITO_GT_NOM_LFM_HVM_HRY_RAWSTR%,SCN_GT_GXX::STUCKAT_ALL_GFXSB_K_BEGIN_HITO_GT_NOM_LFM_HRY_RAWSTR%,8723346,8643432,141852
SCN_GT_GXX,gtxecorepar1,gt-gtslice4-gtxecore0-gtxecorepar1,GT_GXX,gt,gtslice4,gtxecore0,gtxecorepar1,,402,NVL_GT_SCN,SCN_GT_GXX::CTRL_X_PATMOD_K_BEGIN_X_X_X_X_X_RESET_TOPSKU,SCN_GT_GXX::CTRL_X_AUX_K_PREHVQK_X_X_X_X_X_SET_SKU_LFM,SCN_GT_GXX::CHAIN_ALL_GFXSB_K_BEGIN_HITO_GT_NOM_LFM_HVM_HRY_RAWSTR%,SCN_GT_GXX::STUCKAT_ALL_GFXSB_K_BEGIN_HITO_GT_NOM_LFM_HRY_RAWSTR%,11985757,11899189,168366
SCN_GT_GXX,gtxecorepar3,gt-gtslice4-gtxecore0-gtxecorepar3,GT_GXX,gt,gtslice4,gtxecore0,gtxecorepar3,,404,NVL_GT_SCN,SCN_GT_GXX::CTRL_X_PATMOD_K_BEGIN_X_X_X_X_X_RESET_TOPSKU,SCN_GT_GXX::CTRL_X_AUX_K_PREHVQK_X_X_X_X_X_SET_SKU_LFM,SCN_GT_GXX::CHAIN_ALL_GFXSB_K_BEGIN_HITO_GT_NOM_LFM_HVM_HRY_RAWSTR%,SCN_GT_GXX::STUCKAT_ALL_GFXSB_K_BEGIN_HITO_GT_NOM_LFM_HRY_RAWSTR%,13365253,13272040,270643
SCN_GT_GXX,gtxecorepar4,gt-gtslice4-gtxecore0-gtxecorepar4,GT_GXX,gt,gtslice4,gtxecore0,gtxecorepar4,,405,NVL_GT_SCN,SCN_GT_GXX::CTRL_X_PATMOD_K_BEGIN_X_X_X_X_X_RESET_TOPSKU,SCN_GT_GXX::CTRL_X_AUX_K_PREHVQK_X_X_X_X_X_SET_SKU_LFM,SCN_GT_GXX::CHAIN_ALL_GFXSB_K_BEGIN_HITO_GT_NOM_LFM_HVM_HRY_RAWSTR%,SCN_GT_GXX::STUCKAT_ALL_GFXSB_K_BEGIN_HITO_GT_NOM_LFM_HRY_RAWSTR%,11841780,11789789,160657
SCN_GT_GXX,gtxecorepar5,gt-gtslice4-gtxecore0-gtxecorepar5,GT_GXX,gt,gtslice4,gtxecore0,gtxecorepar5,,406,NVL_GT_SCN,SCN_GT_GXX::CTRL_X_PATMOD_K_BEGIN_X_X_X_X_X_RESET_TOPSKU,SCN_GT_GXX::CTRL_X_AUX_K_PREHVQK_X_X_X_X_X_SET_SKU_LFM,SCN_GT_GXX::CHAIN_ALL_GFXSB_K_BEGIN_HITO_GT_NOM_LFM_HVM_HRY_RAWSTR%,SCN_GT_GXX::STUCKAT_ALL_GFXSB_K_BEGIN_HITO_GT_NOM_LFM_HRY_RAWSTR%,12540921,12467757,218756
SCN_GT_GXX,gteusystop0,gt-gtslice4-gtxecore0-gteusystop0,GT_GXX,gt,gtslice4,gtxecore0,gteusystop0,,1886,NVL_GT_SCN,SCN_GT_GXX::CTRL_X_PATMOD_K_BEGIN_X_X_X_X_X_RESET_TOPSKU,SCN_GT_GXX::CTRL_X_AUX_K_PREHVQK_X_X_X_X_X_SET_SKU_LFM,SCN_GT_GXX::CHAIN_ALL_GFXSB_K_BEGIN_HITO_GT_NOM_LFM_HVM_HRY_RAWSTR%,SCN_GT_GXX::STUCKAT_ALL_GFXSB_K_BEGIN_HITO_GT_NOM_LFM_HRY_RAWSTR%,6398977,6378032,107295
SCN_GT_GXX,gteutop,gt-gtslice4-gtxecore0-gteutop0,GT_GXX,gt,gtslice4,gtxecore0,gteutop0,,392,NVL_GT_SCN,SCN_GT_GXX::CTRL_X_PATMOD_K_BEGIN_X_X_X_X_X_RESET_TOPSKU,SCN_GT_GXX::CTRL_X_AUX_K_PREHVQK_X_X_X_X_X_SET_SKU_LFM,SCN_GT_GXX::CHAIN_ALL_GFXSB_K_BEGIN_HITO_GT_NOM_LFM_HVM_HRY_RAWSTR%,SCN_GT_GXX::STUCKAT_ALL_GFXSB_K_BEGIN_HITO_GT_NOM_LFM_HRY_RAWSTR%,9749809,9701968,140224
SCN_GT_GXX,gteusysalt,gt-gtslice4-gtxecore0-gteusystop1,GT_GXX,gt,gtslice4,gtxecore0,gteusystop1,,1887,NVL_GT_SCN,SCN_GT_GXX::CTRL_X_PATMOD_K_BEGIN_X_X_X_X_X_RESET_TOPSKU,SCN_GT_GXX::CTRL_X_AUX_K_PREHVQK_X_X_X_X_X_SET_SKU_LFM,SCN_GT_GXX::CHAIN_ALL_GFXSB_K_BEGIN_HITO_GT_NOM_LFM_HVM_HRY_RAWSTR%,SCN_GT_GXX::STUCKAT_ALL_GFXSB_K_BEGIN_HITO_GT_NOM_LFM_HRY_RAWSTR%,6337642,6316608,105129
SCN_GT_GXX,gteuside,gt-gtslice4-gtxecore0-gteutop1,GT_GXX,gt,gtslice4,gtxecore0,gteutop1,,393,NVL_GT_SCN,SCN_GT_GXX::CTRL_X_PATMOD_K_BEGIN_X_X_X_X_X_RESET_TOPSKU,SCN_GT_GXX::CTRL_X_AUX_K_PREHVQK_X_X_X_X_X_SET_SKU_LFM,SCN_GT_GXX::CHAIN_ALL_GFXSB_K_BEGIN_HITO_GT_NOM_LFM_HVM_HRY_RAWSTR%,SCN_GT_GXX::STUCKAT_ALL_GFXSB_K_BEGIN_HITO_GT_NOM_LFM_HRY_RAWSTR%,9711074,9663298,140224
SCN_GT_GXX,gteusysside,gt-gtslice4-gtxecore0-gteusystop2,GT_GXX,gt,gtslice4,gtxecore0,gteusystop2,,1888,NVL_GT_SCN,SCN_GT_GXX::CTRL_X_PATMOD_K_BEGIN_X_X_X_X_X_RESET_TOPSKU,SCN_GT_GXX::CTRL_X_AUX_K_PREHVQK_X_X_X_X_X_SET_SKU_LFM,SCN_GT_GXX::CHAIN_ALL_GFXSB_K_BEGIN_HITO_GT_NOM_LFM_HVM_HRY_RAWSTR%,SCN_GT_GXX::STUCKAT_ALL_GFXSB_K_BEGIN_HITO_GT_NOM_LFM_HRY_RAWSTR%,6361608,6340759,105129
SCN_GT_GXX,gteuside,gt-gtslice4-gtxecore0-gteutop2,GT_GXX,gt,gtslice4,gtxecore0,gteutop2,,394,NVL_GT_SCN,SCN_GT_GXX::CTRL_X_PATMOD_K_BEGIN_X_X_X_X_X_RESET_TOPSKU,SCN_GT_GXX::CTRL_X_AUX_K_PREHVQK_X_X_X_X_X_SET_SKU_LFM,SCN_GT_GXX::CHAIN_ALL_GFXSB_K_BEGIN_HITO_GT_NOM_LFM_HVM_HRY_RAWSTR%,SCN_GT_GXX::STUCKAT_ALL_GFXSB_K_BEGIN_HITO_GT_NOM_LFM_HRY_RAWSTR%,9711074,9663298,140224
SCN_GT_GXX,gteusysside,gt-gtslice4-gtxecore0-gteusystop3,GT_GXX,gt,gtslice4,gtxecore0,gteusystop3,,1889,NVL_GT_SCN,SCN_GT_GXX::CTRL_X_PATMOD_K_BEGIN_X_X_X_X_X_RESET_TOPSKU,SCN_GT_GXX::CTRL_X_AUX_K_PREHVQK_X_X_X_X_X_SET_SKU_LFM,SCN_GT_GXX::CHAIN_ALL_GFXSB_K_BEGIN_HITO_GT_NOM_LFM_HVM_HRY_RAWSTR%,SCN_GT_GXX::STUCKAT_ALL_GFXSB_K_BEGIN_HITO_GT_NOM_LFM_HRY_RAWSTR%,6361608,6340759,105129
SCN_GT_GXX,gteuside,gt-gtslice4-gtxecore0-gteutop3,GT_GXX,gt,gtslice4,gtxecore0,gteutop3,,395,NVL_GT_SCN,SCN_GT_GXX::CTRL_X_PATMOD_K_BEGIN_X_X_X_X_X_RESET_TOPSKU,SCN_GT_GXX::CTRL_X_AUX_K_PREHVQK_X_X_X_X_X_SET_SKU_LFM,SCN_GT_GXX::CHAIN_ALL_GFXSB_K_BEGIN_HITO_GT_NOM_LFM_HVM_HRY_RAWSTR%,SCN_GT_GXX::STUCKAT_ALL_GFXSB_K_BEGIN_HITO_GT_NOM_LFM_HRY_RAWSTR%,9711074,9663298,140224
SCN_GT_GXX,gteusystop4,gt-gtslice4-gtxecore0-gteusystop4,GT_GXX,gt,gtslice4,gtxecore0,gteusystop4,,1890,NVL_GT_SCN,SCN_GT_GXX::CTRL_X_PATMOD_K_BEGIN_X_X_X_X_X_RESET_TOPSKU,SCN_GT_GXX::CTRL_X_AUX_K_PREHVQK_X_X_X_X_X_SET_SKU_LFM,SCN_GT_GXX::CHAIN_ALL_GFXSB_K_BEGIN_HITO_GT_NOM_LFM_HVM_HRY_RAWSTR%,SCN_GT_GXX::STUCKAT_ALL_GFXSB_K_BEGIN_HITO_GT_NOM_LFM_HRY_RAWSTR%,6394691,6373730,106636
SCN_GT_GXX,gteutop,gt-gtslice4-gtxecore0-gteutop4,GT_GXX,gt,gtslice4,gtxecore0,gteutop4,,396,NVL_GT_SCN,SCN_GT_GXX::CTRL_X_PATMOD_K_BEGIN_X_X_X_X_X_RESET_TOPSKU,SCN_GT_GXX::CTRL_X_AUX_K_PREHVQK_X_X_X_X_X_SET_SKU_LFM,SCN_GT_GXX::CHAIN_ALL_GFXSB_K_BEGIN_HITO_GT_NOM_LFM_HVM_HRY_RAWSTR%,SCN_GT_GXX::STUCKAT_ALL_GFXSB_K_BEGIN_HITO_GT_NOM_LFM_HRY_RAWSTR%,9749809,9701968,140224
SCN_GT_GXX,gteuside,gt-gtslice4-gtxecore0-gteutop5,GT_GXX,gt,gtslice4,gtxecore0,gteutop5,,397,NVL_GT_SCN,SCN_GT_GXX::CTRL_X_PATMOD_K_BEGIN_X_X_X_X_X_RESET_TOPSKU,SCN_GT_GXX::CTRL_X_AUX_K_PREHVQK_X_X_X_X_X_SET_SKU_LFM,SCN_GT_GXX::CHAIN_ALL_GFXSB_K_BEGIN_HITO_GT_NOM_LFM_HVM_HRY_RAWSTR%,SCN_GT_GXX::STUCKAT_ALL_GFXSB_K_BEGIN_HITO_GT_NOM_LFM_HRY_RAWSTR%,9711074,9663298,140224
SCN_GT_GXX,gteusysside,gt-gtslice4-gtxecore0-gteusystop6,GT_GXX,gt,gtslice4,gtxecore0,gteusystop6,,1892,NVL_GT_SCN,SCN_GT_GXX::CTRL_X_PATMOD_K_BEGIN_X_X_X_X_X_RESET_TOPSKU,SCN_GT_GXX::CTRL_X_AUX_K_PREHVQK_X_X_X_X_X_SET_SKU_LFM,SCN_GT_GXX::CHAIN_ALL_GFXSB_K_BEGIN_HITO_GT_NOM_LFM_HVM_HRY_RAWSTR%,SCN_GT_GXX::STUCKAT_ALL_GFXSB_K_BEGIN_HITO_GT_NOM_LFM_HRY_RAWSTR%,6361608,6340759,105129
SCN_GT_GXX,gteuside,gt-gtslice4-gtxecore0-gteutop6,GT_GXX,gt,gtslice4,gtxecore0,gteutop6,,398,NVL_GT_SCN,SCN_GT_GXX::CTRL_X_PATMOD_K_BEGIN_X_X_X_X_X_RESET_TOPSKU,SCN_GT_GXX::CTRL_X_AUX_K_PREHVQK_X_X_X_X_X_SET_SKU_LFM,SCN_GT_GXX::CHAIN_ALL_GFXSB_K_BEGIN_HITO_GT_NOM_LFM_HVM_HRY_RAWSTR%,SCN_GT_GXX::STUCKAT_ALL_GFXSB_K_BEGIN_HITO_GT_NOM_LFM_HRY_RAWSTR%,9711074,9663298,140224
SCN_GT_GXX,gteusysside,gt-gtslice4-gtxecore0-gteusystop7,GT_GXX,gt,gtslice4,gtxecore0,gteusystop7,,1893,NVL_GT_SCN,SCN_GT_GXX::CTRL_X_PATMOD_K_BEGIN_X_X_X_X_X_RESET_TOPSKU,SCN_GT_GXX::CTRL_X_AUX_K_PREHVQK_X_X_X_X_X_SET_SKU_LFM,SCN_GT_GXX::CHAIN_ALL_GFXSB_K_BEGIN_HITO_GT_NOM_LFM_HVM_HRY_RAWSTR%,SCN_GT_GXX::STUCKAT_ALL_GFXSB_K_BEGIN_HITO_GT_NOM_LFM_HRY_RAWSTR%,6361608,6340759,105129
SCN_GT_GXX,gteuside,gt-gtslice4-gtxecore0-gteutop7,GT_GXX,gt,gtslice4,gtxecore0,gteutop7,,399,NVL_GT_SCN,SCN_GT_GXX::CTRL_X_PATMOD_K_BEGIN_X_X_X_X_X_RESET_TOPSKU,SCN_GT_GXX::CTRL_X_AUX_K_PREHVQK_X_X_X_X_X_SET_SKU_LFM,SCN_GT_GXX::CHAIN_ALL_GFXSB_K_BEGIN_HITO_GT_NOM_LFM_HVM_HRY_RAWSTR%,SCN_GT_GXX::STUCKAT_ALL_GFXSB_K_BEGIN_HITO_GT_NOM_LFM_HRY_RAWSTR%,9711074,9663298,140224
SCN_GT_GXX,gtxecorepar2,gt-gtslice4-gtxecore0-gtxecorepar2,GT_GXX,gt,gtslice4,gtxecore0,gtxecorepar2,,403,NVL_GT_SCN,SCN_GT_GXX::CTRL_X_PATMOD_K_BEGIN_X_X_X_X_X_RESET_TOPSKU,SCN_GT_GXX::CTRL_X_AUX_K_PREHVQK_X_X_X_X_X_SET_SKU_LFM,SCN_GT_GXX::CHAIN_ALL_GFXSB_K_BEGIN_HITO_GT_NOM_LFM_HVM_HRY_RAWSTR%,SCN_GT_GXX::STUCKAT_ALL_GFXSB_K_BEGIN_HITO_GT_NOM_LFM_HRY_RAWSTR%,7685097,7626107,100212
SCN_GT_GXX,gteusysside,gt-gtslice4-gtxecore0-gteusystop5,GT_GXX,gt,gtslice4,gtxecore0,gteusystop5,,1891,NVL_GT_SCN,SCN_GT_GXX::CTRL_X_PATMOD_K_BEGIN_X_X_X_X_X_RESET_TOPSKU,SCN_GT_GXX::CTRL_X_AUX_K_PREHVQK_X_X_X_X_X_SET_SKU_LFM,SCN_GT_GXX::CHAIN_ALL_GFXSB_K_BEGIN_HITO_GT_NOM_LFM_HVM_HRY_RAWSTR%,SCN_GT_GXX::STUCKAT_ALL_GFXSB_K_BEGIN_HITO_GT_NOM_LFM_HRY_RAWSTR%,6361608,6340759,105129
SCN_GT_GXX,gtlscbankpar1,gt-gtslice4-gtxecore1-gtlscbankpar1,GT_GXX,gt,gtslice4,gtxecore1,gtlscbankpar1,,415,NVL_GT_SCN,SCN_GT_GXX::CTRL_X_PATMOD_K_BEGIN_X_X_X_X_X_RESET_TOPSKU,SCN_GT_GXX::CTRL_X_AUX_K_PREHVQK_X_X_X_X_X_SET_SKU_LFM,SCN_GT_GXX::CHAIN_ALL_GFXSB_K_BEGIN_HITO_GT_NOM_LFM_HVM_HRY_RAWSTR%,SCN_GT_GXX::STUCKAT_ALL_GFXSB_K_BEGIN_HITO_GT_NOM_LFM_HRY_RAWSTR%,9131573,9007521,180595
SCN_GT_GXX,gtlscnodepar1,gt-gtslice4-gtxecore1-gtlscnodepar1,GT_GXX,gt,gtslice4,gtxecore1,gtlscnodepar1,,416,NVL_GT_SCN,SCN_GT_GXX::CTRL_X_PATMOD_K_BEGIN_X_X_X_X_X_RESET_TOPSKU,SCN_GT_GXX::CTRL_X_AUX_K_PREHVQK_X_X_X_X_X_SET_SKU_LFM,SCN_GT_GXX::CHAIN_ALL_GFXSB_K_BEGIN_HITO_GT_NOM_LFM_HVM_HRY_RAWSTR%,SCN_GT_GXX::STUCKAT_ALL_GFXSB_K_BEGIN_HITO_GT_NOM_LFM_HRY_RAWSTR%,8723346,8643432,141852
SCN_GT_GXX,gtxecorepar1,gt-gtslice4-gtxecore1-gtxecorepar1,GT_GXX,gt,gtslice4,gtxecore1,gtxecorepar1,,417,NVL_GT_SCN,SCN_GT_GXX::CTRL_X_PATMOD_K_BEGIN_X_X_X_X_X_RESET_TOPSKU,SCN_GT_GXX::CTRL_X_AUX_K_PREHVQK_X_X_X_X_X_SET_SKU_LFM,SCN_GT_GXX::CHAIN_ALL_GFXSB_K_BEGIN_HITO_GT_NOM_LFM_HVM_HRY_RAWSTR%,SCN_GT_GXX::STUCKAT_ALL_GFXSB_K_BEGIN_HITO_GT_NOM_LFM_HRY_RAWSTR%,11985757,11899189,168366
SCN_GT_GXX,gtxecorepar3,gt-gtslice4-gtxecore1-gtxecorepar3,GT_GXX,gt,gtslice4,gtxecore1,gtxecorepar3,,419,NVL_GT_SCN,SCN_GT_GXX::CTRL_X_PATMOD_K_BEGIN_X_X_X_X_X_RESET_TOPSKU,SCN_GT_GXX::CTRL_X_AUX_K_PREHVQK_X_X_X_X_X_SET_SKU_LFM,SCN_GT_GXX::CHAIN_ALL_GFXSB_K_BEGIN_HITO_GT_NOM_LFM_HVM_HRY_RAWSTR%,SCN_GT_GXX::STUCKAT_ALL_GFXSB_K_BEGIN_HITO_GT_NOM_LFM_HRY_RAWSTR%,13365253,13272040,270643
SCN_GT_GXX,gtxecorepar4,gt-gtslice4-gtxecore1-gtxecorepar4,GT_GXX,gt,gtslice4,gtxecore1,gtxecorepar4,,420,NVL_GT_SCN,SCN_GT_GXX::CTRL_X_PATMOD_K_BEGIN_X_X_X_X_X_RESET_TOPSKU,SCN_GT_GXX::CTRL_X_AUX_K_PREHVQK_X_X_X_X_X_SET_SKU_LFM,SCN_GT_GXX::CHAIN_ALL_GFXSB_K_BEGIN_HITO_GT_NOM_LFM_HVM_HRY_RAWSTR%,SCN_GT_GXX::STUCKAT_ALL_GFXSB_K_BEGIN_HITO_GT_NOM_LFM_HRY_RAWSTR%,11841780,11789789,160657
SCN_GT_GXX,gtxecorepar5,gt-gtslice4-gtxecore1-gtxecorepar5,GT_GXX,gt,gtslice4,gtxecore1,gtxecorepar5,,421,NVL_GT_SCN,SCN_GT_GXX::CTRL_X_PATMOD_K_BEGIN_X_X_X_X_X_RESET_TOPSKU,SCN_GT_GXX::CTRL_X_AUX_K_PREHVQK_X_X_X_X_X_SET_SKU_LFM,SCN_GT_GXX::CHAIN_ALL_GFXSB_K_BEGIN_HITO_GT_NOM_LFM_HVM_HRY_RAWSTR%,SCN_GT_GXX::STUCKAT_ALL_GFXSB_K_BEGIN_HITO_GT_NOM_LFM_HRY_RAWSTR%,12540921,12467757,218756
SCN_GT_GXX,gteusystop0,gt-gtslice4-gtxecore1-gteusystop0,GT_GXX,gt,gtslice4,gtxecore1,gteusystop0,,1894,NVL_GT_SCN,SCN_GT_GXX::CTRL_X_PATMOD_K_BEGIN_X_X_X_X_X_RESET_TOPSKU,SCN_GT_GXX::CTRL_X_AUX_K_PREHVQK_X_X_X_X_X_SET_SKU_LFM,SCN_GT_GXX::CHAIN_ALL_GFXSB_K_BEGIN_HITO_GT_NOM_LFM_HVM_HRY_RAWSTR%,SCN_GT_GXX::STUCKAT_ALL_GFXSB_K_BEGIN_HITO_GT_NOM_LFM_HRY_RAWSTR%,6398977,6378032,107295
SCN_GT_GXX,gteutop,gt-gtslice4-gtxecore1-gteutop0,GT_GXX,gt,gtslice4,gtxecore1,gteutop0,,407,NVL_GT_SCN,SCN_GT_GXX::CTRL_X_PATMOD_K_BEGIN_X_X_X_X_X_RESET_TOPSKU,SCN_GT_GXX::CTRL_X_AUX_K_PREHVQK_X_X_X_X_X_SET_SKU_LFM,SCN_GT_GXX::CHAIN_ALL_GFXSB_K_BEGIN_HITO_GT_NOM_LFM_HVM_HRY_RAWSTR%,SCN_GT_GXX::STUCKAT_ALL_GFXSB_K_BEGIN_HITO_GT_NOM_LFM_HRY_RAWSTR%,9749809,9701968,140224
SCN_GT_GXX,gteusysalt,gt-gtslice4-gtxecore1-gteusystop1,GT_GXX,gt,gtslice4,gtxecore1,gteusystop1,,1895,NVL_GT_SCN,SCN_GT_GXX::CTRL_X_PATMOD_K_BEGIN_X_X_X_X_X_RESET_TOPSKU,SCN_GT_GXX::CTRL_X_AUX_K_PREHVQK_X_X_X_X_X_SET_SKU_LFM,SCN_GT_GXX::CHAIN_ALL_GFXSB_K_BEGIN_HITO_GT_NOM_LFM_HVM_HRY_RAWSTR%,SCN_GT_GXX::STUCKAT_ALL_GFXSB_K_BEGIN_HITO_GT_NOM_LFM_HRY_RAWSTR%,6337642,6316608,105129
SCN_GT_GXX,gteuside,gt-gtslice4-gtxecore1-gteutop1,GT_GXX,gt,gtslice4,gtxecore1,gteutop1,,408,NVL_GT_SCN,SCN_GT_GXX::CTRL_X_PATMOD_K_BEGIN_X_X_X_X_X_RESET_TOPSKU,SCN_GT_GXX::CTRL_X_AUX_K_PREHVQK_X_X_X_X_X_SET_SKU_LFM,SCN_GT_GXX::CHAIN_ALL_GFXSB_K_BEGIN_HITO_GT_NOM_LFM_HVM_HRY_RAWSTR%,SCN_GT_GXX::STUCKAT_ALL_GFXSB_K_BEGIN_HITO_GT_NOM_LFM_HRY_RAWSTR%,9711074,9663298,140224
SCN_GT_GXX,gteusysside,gt-gtslice4-gtxecore1-gteusystop2,GT_GXX,gt,gtslice4,gtxecore1,gteusystop2,,1896,NVL_GT_SCN,SCN_GT_GXX::CTRL_X_PATMOD_K_BEGIN_X_X_X_X_X_RESET_TOPSKU,SCN_GT_GXX::CTRL_X_AUX_K_PREHVQK_X_X_X_X_X_SET_SKU_LFM,SCN_GT_GXX::CHAIN_ALL_GFXSB_K_BEGIN_HITO_GT_NOM_LFM_HVM_HRY_RAWSTR%,SCN_GT_GXX::STUCKAT_ALL_GFXSB_K_BEGIN_HITO_GT_NOM_LFM_HRY_RAWSTR%,6361608,6340759,105129
SCN_GT_GXX,gteuside,gt-gtslice4-gtxecore1-gteutop2,GT_GXX,gt,gtslice4,gtxecore1,gteutop2,,409,NVL_GT_SCN,SCN_GT_GXX::CTRL_X_PATMOD_K_BEGIN_X_X_X_X_X_RESET_TOPSKU,SCN_GT_GXX::CTRL_X_AUX_K_PREHVQK_X_X_X_X_X_SET_SKU_LFM,SCN_GT_GXX::CHAIN_ALL_GFXSB_K_BEGIN_HITO_GT_NOM_LFM_HVM_HRY_RAWSTR%,SCN_GT_GXX::STUCKAT_ALL_GFXSB_K_BEGIN_HITO_GT_NOM_LFM_HRY_RAWSTR%,9711074,9663298,140224
SCN_GT_GXX,gteusysside,gt-gtslice4-gtxecore1-gteusystop3,GT_GXX,gt,gtslice4,gtxecore1,gteusystop3,,1897,NVL_GT_SCN,SCN_GT_GXX::CTRL_X_PATMOD_K_BEGIN_X_X_X_X_X_RESET_TOPSKU,SCN_GT_GXX::CTRL_X_AUX_K_PREHVQK_X_X_X_X_X_SET_SKU_LFM,SCN_GT_GXX::CHAIN_ALL_GFXSB_K_BEGIN_HITO_GT_NOM_LFM_HVM_HRY_RAWSTR%,SCN_GT_GXX::STUCKAT_ALL_GFXSB_K_BEGIN_HITO_GT_NOM_LFM_HRY_RAWSTR%,6361608,6340759,105129
SCN_GT_GXX,gteuside,gt-gtslice4-gtxecore1-gteutop3,GT_GXX,gt,gtslice4,gtxecore1,gteutop3,,410,NVL_GT_SCN,SCN_GT_GXX::CTRL_X_PATMOD_K_BEGIN_X_X_X_X_X_RESET_TOPSKU,SCN_GT_GXX::CTRL_X_AUX_K_PREHVQK_X_X_X_X_X_SET_SKU_LFM,SCN_GT_GXX::CHAIN_ALL_GFXSB_K_BEGIN_HITO_GT_NOM_LFM_HVM_HRY_RAWSTR%,SCN_GT_GXX::STUCKAT_ALL_GFXSB_K_BEGIN_HITO_GT_NOM_LFM_HRY_RAWSTR%,9711074,9663298,140224
SCN_GT_GXX,gteusystop4,gt-gtslice4-gtxecore1-gteusystop4,GT_GXX,gt,gtslice4,gtxecore1,gteusystop4,,1898,NVL_GT_SCN,SCN_GT_GXX::CTRL_X_PATMOD_K_BEGIN_X_X_X_X_X_RESET_TOPSKU,SCN_GT_GXX::CTRL_X_AUX_K_PREHVQK_X_X_X_X_X_SET_SKU_LFM,SCN_GT_GXX::CHAIN_ALL_GFXSB_K_BEGIN_HITO_GT_NOM_LFM_HVM_HRY_RAWSTR%,SCN_GT_GXX::STUCKAT_ALL_GFXSB_K_BEGIN_HITO_GT_NOM_LFM_HRY_RAWSTR%,6394691,6373730,106636
SCN_GT_GXX,gteutop,gt-gtslice4-gtxecore1-gteutop4,GT_GXX,gt,gtslice4,gtxecore1,gteutop4,,411,NVL_GT_SCN,SCN_GT_GXX::CTRL_X_PATMOD_K_BEGIN_X_X_X_X_X_RESET_TOPSKU,SCN_GT_GXX::CTRL_X_AUX_K_PREHVQK_X_X_X_X_X_SET_SKU_LFM,SCN_GT_GXX::CHAIN_ALL_GFXSB_K_BEGIN_HITO_GT_NOM_LFM_HVM_HRY_RAWSTR%,SCN_GT_GXX::STUCKAT_ALL_GFXSB_K_BEGIN_HITO_GT_NOM_LFM_HRY_RAWSTR%,9749809,9701968,140224
SCN_GT_GXX,gteuside,gt-gtslice4-gtxecore1-gteutop5,GT_GXX,gt,gtslice4,gtxecore1,gteutop5,,412,NVL_GT_SCN,SCN_GT_GXX::CTRL_X_PATMOD_K_BEGIN_X_X_X_X_X_RESET_TOPSKU,SCN_GT_GXX::CTRL_X_AUX_K_PREHVQK_X_X_X_X_X_SET_SKU_LFM,SCN_GT_GXX::CHAIN_ALL_GFXSB_K_BEGIN_HITO_GT_NOM_LFM_HVM_HRY_RAWSTR%,SCN_GT_GXX::STUCKAT_ALL_GFXSB_K_BEGIN_HITO_GT_NOM_LFM_HRY_RAWSTR%,9711074,9663298,140224
SCN_GT_GXX,gteusysside,gt-gtslice4-gtxecore1-gteusystop6,GT_GXX,gt,gtslice4,gtxecore1,gteusystop6,,1900,NVL_GT_SCN,SCN_GT_GXX::CTRL_X_PATMOD_K_BEGIN_X_X_X_X_X_RESET_TOPSKU,SCN_GT_GXX::CTRL_X_AUX_K_PREHVQK_X_X_X_X_X_SET_SKU_LFM,SCN_GT_GXX::CHAIN_ALL_GFXSB_K_BEGIN_HITO_GT_NOM_LFM_HVM_HRY_RAWSTR%,SCN_GT_GXX::STUCKAT_ALL_GFXSB_K_BEGIN_HITO_GT_NOM_LFM_HRY_RAWSTR%,6361608,6340759,105129
SCN_GT_GXX,gteuside,gt-gtslice4-gtxecore1-gteutop6,GT_GXX,gt,gtslice4,gtxecore1,gteutop6,,413,NVL_GT_SCN,SCN_GT_GXX::CTRL_X_PATMOD_K_BEGIN_X_X_X_X_X_RESET_TOPSKU,SCN_GT_GXX::CTRL_X_AUX_K_PREHVQK_X_X_X_X_X_SET_SKU_LFM,SCN_GT_GXX::CHAIN_ALL_GFXSB_K_BEGIN_HITO_GT_NOM_LFM_HVM_HRY_RAWSTR%,SCN_GT_GXX::STUCKAT_ALL_GFXSB_K_BEGIN_HITO_GT_NOM_LFM_HRY_RAWSTR%,9711074,9663298,140224
SCN_GT_GXX,gteusysside,gt-gtslice4-gtxecore1-gteusystop7,GT_GXX,gt,gtslice4,gtxecore1,gteusystop7,,1901,NVL_GT_SCN,SCN_GT_GXX::CTRL_X_PATMOD_K_BEGIN_X_X_X_X_X_RESET_TOPSKU,SCN_GT_GXX::CTRL_X_AUX_K_PREHVQK_X_X_X_X_X_SET_SKU_LFM,SCN_GT_GXX::CHAIN_ALL_GFXSB_K_BEGIN_HITO_GT_NOM_LFM_HVM_HRY_RAWSTR%,SCN_GT_GXX::STUCKAT_ALL_GFXSB_K_BEGIN_HITO_GT_NOM_LFM_HRY_RAWSTR%,6361608,6340759,105129
SCN_GT_GXX,gteuside,gt-gtslice4-gtxecore1-gteutop7,GT_GXX,gt,gtslice4,gtxecore1,gteutop7,,414,NVL_GT_SCN,SCN_GT_GXX::CTRL_X_PATMOD_K_BEGIN_X_X_X_X_X_RESET_TOPSKU,SCN_GT_GXX::CTRL_X_AUX_K_PREHVQK_X_X_X_X_X_SET_SKU_LFM,SCN_GT_GXX::CHAIN_ALL_GFXSB_K_BEGIN_HITO_GT_NOM_LFM_HVM_HRY_RAWSTR%,SCN_GT_GXX::STUCKAT_ALL_GFXSB_K_BEGIN_HITO_GT_NOM_LFM_HRY_RAWSTR%,9711074,9663298,140224
SCN_GT_GXX,gtxecorepar2,gt-gtslice4-gtxecore1-gtxecorepar2,GT_GXX,gt,gtslice4,gtxecore1,gtxecorepar2,,418,NVL_GT_SCN,SCN_GT_GXX::CTRL_X_PATMOD_K_BEGIN_X_X_X_X_X_RESET_TOPSKU,SCN_GT_GXX::CTRL_X_AUX_K_PREHVQK_X_X_X_X_X_SET_SKU_LFM,SCN_GT_GXX::CHAIN_ALL_GFXSB_K_BEGIN_HITO_GT_NOM_LFM_HVM_HRY_RAWSTR%,SCN_GT_GXX::STUCKAT_ALL_GFXSB_K_BEGIN_HITO_GT_NOM_LFM_HRY_RAWSTR%,7685097,7626107,100212
SCN_GT_GXX,gteusysside,gt-gtslice4-gtxecore1-gteusystop5,GT_GXX,gt,gtslice4,gtxecore1,gteusystop5,,1899,NVL_GT_SCN,SCN_GT_GXX::CTRL_X_PATMOD_K_BEGIN_X_X_X_X_X_RESET_TOPSKU,SCN_GT_GXX::CTRL_X_AUX_K_PREHVQK_X_X_X_X_X_SET_SKU_LFM,SCN_GT_GXX::CHAIN_ALL_GFXSB_K_BEGIN_HITO_GT_NOM_LFM_HVM_HRY_RAWSTR%,SCN_GT_GXX::STUCKAT_ALL_GFXSB_K_BEGIN_HITO_GT_NOM_LFM_HRY_RAWSTR%,6361608,6340759,105129
SCN_GT_GXX,gtlscbankpar1,gt-gtslice4-gtxecore2-gtlscbankpar1,GT_GXX,gt,gtslice4,gtxecore2,gtlscbankpar1,,430,NVL_GT_SCN,SCN_GT_GXX::CTRL_X_PATMOD_K_BEGIN_X_X_X_X_X_RESET_TOPSKU,SCN_GT_GXX::CTRL_X_AUX_K_PREHVQK_X_X_X_X_X_SET_SKU_LFM,SCN_GT_GXX::CHAIN_ALL_GFXSB_K_BEGIN_HITO_GT_NOM_LFM_HVM_HRY_RAWSTR%,SCN_GT_GXX::STUCKAT_ALL_GFXSB_K_BEGIN_HITO_GT_NOM_LFM_HRY_RAWSTR%,9131573,9007521,180595
SCN_GT_GXX,gtlscnodepar1,gt-gtslice4-gtxecore2-gtlscnodepar1,GT_GXX,gt,gtslice4,gtxecore2,gtlscnodepar1,,431,NVL_GT_SCN,SCN_GT_GXX::CTRL_X_PATMOD_K_BEGIN_X_X_X_X_X_RESET_TOPSKU,SCN_GT_GXX::CTRL_X_AUX_K_PREHVQK_X_X_X_X_X_SET_SKU_LFM,SCN_GT_GXX::CHAIN_ALL_GFXSB_K_BEGIN_HITO_GT_NOM_LFM_HVM_HRY_RAWSTR%,SCN_GT_GXX::STUCKAT_ALL_GFXSB_K_BEGIN_HITO_GT_NOM_LFM_HRY_RAWSTR%,8723346,8643432,141852
SCN_GT_GXX,gtxecorepar1,gt-gtslice4-gtxecore2-gtxecorepar1,GT_GXX,gt,gtslice4,gtxecore2,gtxecorepar1,,432,NVL_GT_SCN,SCN_GT_GXX::CTRL_X_PATMOD_K_BEGIN_X_X_X_X_X_RESET_TOPSKU,SCN_GT_GXX::CTRL_X_AUX_K_PREHVQK_X_X_X_X_X_SET_SKU_LFM,SCN_GT_GXX::CHAIN_ALL_GFXSB_K_BEGIN_HITO_GT_NOM_LFM_HVM_HRY_RAWSTR%,SCN_GT_GXX::STUCKAT_ALL_GFXSB_K_BEGIN_HITO_GT_NOM_LFM_HRY_RAWSTR%,11985757,11899189,168366
SCN_GT_GXX,gtxecorepar3,gt-gtslice4-gtxecore2-gtxecorepar3,GT_GXX,gt,gtslice4,gtxecore2,gtxecorepar3,,434,NVL_GT_SCN,SCN_GT_GXX::CTRL_X_PATMOD_K_BEGIN_X_X_X_X_X_RESET_TOPSKU,SCN_GT_GXX::CTRL_X_AUX_K_PREHVQK_X_X_X_X_X_SET_SKU_LFM,SCN_GT_GXX::CHAIN_ALL_GFXSB_K_BEGIN_HITO_GT_NOM_LFM_HVM_HRY_RAWSTR%,SCN_GT_GXX::STUCKAT_ALL_GFXSB_K_BEGIN_HITO_GT_NOM_LFM_HRY_RAWSTR%,13365253,13272040,270643
SCN_GT_GXX,gtxecorepar4,gt-gtslice4-gtxecore2-gtxecorepar4,GT_GXX,gt,gtslice4,gtxecore2,gtxecorepar4,,435,NVL_GT_SCN,SCN_GT_GXX::CTRL_X_PATMOD_K_BEGIN_X_X_X_X_X_RESET_TOPSKU,SCN_GT_GXX::CTRL_X_AUX_K_PREHVQK_X_X_X_X_X_SET_SKU_LFM,SCN_GT_GXX::CHAIN_ALL_GFXSB_K_BEGIN_HITO_GT_NOM_LFM_HVM_HRY_RAWSTR%,SCN_GT_GXX::STUCKAT_ALL_GFXSB_K_BEGIN_HITO_GT_NOM_LFM_HRY_RAWSTR%,11841780,11789789,160657
SCN_GT_GXX,gtxecorepar5,gt-gtslice4-gtxecore2-gtxecorepar5,GT_GXX,gt,gtslice4,gtxecore2,gtxecorepar5,,436,NVL_GT_SCN,SCN_GT_GXX::CTRL_X_PATMOD_K_BEGIN_X_X_X_X_X_RESET_TOPSKU,SCN_GT_GXX::CTRL_X_AUX_K_PREHVQK_X_X_X_X_X_SET_SKU_LFM,SCN_GT_GXX::CHAIN_ALL_GFXSB_K_BEGIN_HITO_GT_NOM_LFM_HVM_HRY_RAWSTR%,SCN_GT_GXX::STUCKAT_ALL_GFXSB_K_BEGIN_HITO_GT_NOM_LFM_HRY_RAWSTR%,12540921,12467757,218756
SCN_GT_GXX,gteusystop0,gt-gtslice4-gtxecore2-gteusystop0,GT_GXX,gt,gtslice4,gtxecore2,gteusystop0,,1902,NVL_GT_SCN,SCN_GT_GXX::CTRL_X_PATMOD_K_BEGIN_X_X_X_X_X_RESET_TOPSKU,SCN_GT_GXX::CTRL_X_AUX_K_PREHVQK_X_X_X_X_X_SET_SKU_LFM,SCN_GT_GXX::CHAIN_ALL_GFXSB_K_BEGIN_HITO_GT_NOM_LFM_HVM_HRY_RAWSTR%,SCN_GT_GXX::STUCKAT_ALL_GFXSB_K_BEGIN_HITO_GT_NOM_LFM_HRY_RAWSTR%,6398977,6378032,107295
SCN_GT_GXX,gteutop,gt-gtslice4-gtxecore2-gteutop0,GT_GXX,gt,gtslice4,gtxecore2,gteutop0,,422,NVL_GT_SCN,SCN_GT_GXX::CTRL_X_PATMOD_K_BEGIN_X_X_X_X_X_RESET_TOPSKU,SCN_GT_GXX::CTRL_X_AUX_K_PREHVQK_X_X_X_X_X_SET_SKU_LFM,SCN_GT_GXX::CHAIN_ALL_GFXSB_K_BEGIN_HITO_GT_NOM_LFM_HVM_HRY_RAWSTR%,SCN_GT_GXX::STUCKAT_ALL_GFXSB_K_BEGIN_HITO_GT_NOM_LFM_HRY_RAWSTR%,9749809,9701968,140224
SCN_GT_GXX,gteusysalt,gt-gtslice4-gtxecore2-gteusystop1,GT_GXX,gt,gtslice4,gtxecore2,gteusystop1,,1903,NVL_GT_SCN,SCN_GT_GXX::CTRL_X_PATMOD_K_BEGIN_X_X_X_X_X_RESET_TOPSKU,SCN_GT_GXX::CTRL_X_AUX_K_PREHVQK_X_X_X_X_X_SET_SKU_LFM,SCN_GT_GXX::CHAIN_ALL_GFXSB_K_BEGIN_HITO_GT_NOM_LFM_HVM_HRY_RAWSTR%,SCN_GT_GXX::STUCKAT_ALL_GFXSB_K_BEGIN_HITO_GT_NOM_LFM_HRY_RAWSTR%,6337642,6316608,105129
SCN_GT_GXX,gteuside,gt-gtslice4-gtxecore2-gteutop1,GT_GXX,gt,gtslice4,gtxecore2,gteutop1,,423,NVL_GT_SCN,SCN_GT_GXX::CTRL_X_PATMOD_K_BEGIN_X_X_X_X_X_RESET_TOPSKU,SCN_GT_GXX::CTRL_X_AUX_K_PREHVQK_X_X_X_X_X_SET_SKU_LFM,SCN_GT_GXX::CHAIN_ALL_GFXSB_K_BEGIN_HITO_GT_NOM_LFM_HVM_HRY_RAWSTR%,SCN_GT_GXX::STUCKAT_ALL_GFXSB_K_BEGIN_HITO_GT_NOM_LFM_HRY_RAWSTR%,9711074,9663298,140224
SCN_GT_GXX,gteusysside,gt-gtslice4-gtxecore2-gteusystop2,GT_GXX,gt,gtslice4,gtxecore2,gteusystop2,,1904,NVL_GT_SCN,SCN_GT_GXX::CTRL_X_PATMOD_K_BEGIN_X_X_X_X_X_RESET_TOPSKU,SCN_GT_GXX::CTRL_X_AUX_K_PREHVQK_X_X_X_X_X_SET_SKU_LFM,SCN_GT_GXX::CHAIN_ALL_GFXSB_K_BEGIN_HITO_GT_NOM_LFM_HVM_HRY_RAWSTR%,SCN_GT_GXX::STUCKAT_ALL_GFXSB_K_BEGIN_HITO_GT_NOM_LFM_HRY_RAWSTR%,6361608,6340759,105129
SCN_GT_GXX,gteuside,gt-gtslice4-gtxecore2-gteutop2,GT_GXX,gt,gtslice4,gtxecore2,gteutop2,,424,NVL_GT_SCN,SCN_GT_GXX::CTRL_X_PATMOD_K_BEGIN_X_X_X_X_X_RESET_TOPSKU,SCN_GT_GXX::CTRL_X_AUX_K_PREHVQK_X_X_X_X_X_SET_SKU_LFM,SCN_GT_GXX::CHAIN_ALL_GFXSB_K_BEGIN_HITO_GT_NOM_LFM_HVM_HRY_RAWSTR%,SCN_GT_GXX::STUCKAT_ALL_GFXSB_K_BEGIN_HITO_GT_NOM_LFM_HRY_RAWSTR%,9711074,9663298,140224
SCN_GT_GXX,gteusysside,gt-gtslice4-gtxecore2-gteusystop3,GT_GXX,gt,gtslice4,gtxecore2,gteusystop3,,1905,NVL_GT_SCN,SCN_GT_GXX::CTRL_X_PATMOD_K_BEGIN_X_X_X_X_X_RESET_TOPSKU,SCN_GT_GXX::CTRL_X_AUX_K_PREHVQK_X_X_X_X_X_SET_SKU_LFM,SCN_GT_GXX::CHAIN_ALL_GFXSB_K_BEGIN_HITO_GT_NOM_LFM_HVM_HRY_RAWSTR%,SCN_GT_GXX::STUCKAT_ALL_GFXSB_K_BEGIN_HITO_GT_NOM_LFM_HRY_RAWSTR%,6361608,6340759,105129
SCN_GT_GXX,gteuside,gt-gtslice4-gtxecore2-gteutop3,GT_GXX,gt,gtslice4,gtxecore2,gteutop3,,425,NVL_GT_SCN,SCN_GT_GXX::CTRL_X_PATMOD_K_BEGIN_X_X_X_X_X_RESET_TOPSKU,SCN_GT_GXX::CTRL_X_AUX_K_PREHVQK_X_X_X_X_X_SET_SKU_LFM,SCN_GT_GXX::CHAIN_ALL_GFXSB_K_BEGIN_HITO_GT_NOM_LFM_HVM_HRY_RAWSTR%,SCN_GT_GXX::STUCKAT_ALL_GFXSB_K_BEGIN_HITO_GT_NOM_LFM_HRY_RAWSTR%,9711074,9663298,140224
SCN_GT_GXX,gteusystop4,gt-gtslice4-gtxecore2-gteusystop4,GT_GXX,gt,gtslice4,gtxecore2,gteusystop4,,1906,NVL_GT_SCN,SCN_GT_GXX::CTRL_X_PATMOD_K_BEGIN_X_X_X_X_X_RESET_TOPSKU,SCN_GT_GXX::CTRL_X_AUX_K_PREHVQK_X_X_X_X_X_SET_SKU_LFM,SCN_GT_GXX::CHAIN_ALL_GFXSB_K_BEGIN_HITO_GT_NOM_LFM_HVM_HRY_RAWSTR%,SCN_GT_GXX::STUCKAT_ALL_GFXSB_K_BEGIN_HITO_GT_NOM_LFM_HRY_RAWSTR%,6394691,6373730,106636
SCN_GT_GXX,gteutop,gt-gtslice4-gtxecore2-gteutop4,GT_GXX,gt,gtslice4,gtxecore2,gteutop4,,426,NVL_GT_SCN,SCN_GT_GXX::CTRL_X_PATMOD_K_BEGIN_X_X_X_X_X_RESET_TOPSKU,SCN_GT_GXX::CTRL_X_AUX_K_PREHVQK_X_X_X_X_X_SET_SKU_LFM,SCN_GT_GXX::CHAIN_ALL_GFXSB_K_BEGIN_HITO_GT_NOM_LFM_HVM_HRY_RAWSTR%,SCN_GT_GXX::STUCKAT_ALL_GFXSB_K_BEGIN_HITO_GT_NOM_LFM_HRY_RAWSTR%,9749809,9701968,140224
SCN_GT_GXX,gteuside,gt-gtslice4-gtxecore2-gteutop5,GT_GXX,gt,gtslice4,gtxecore2,gteutop5,,427,NVL_GT_SCN,SCN_GT_GXX::CTRL_X_PATMOD_K_BEGIN_X_X_X_X_X_RESET_TOPSKU,SCN_GT_GXX::CTRL_X_AUX_K_PREHVQK_X_X_X_X_X_SET_SKU_LFM,SCN_GT_GXX::CHAIN_ALL_GFXSB_K_BEGIN_HITO_GT_NOM_LFM_HVM_HRY_RAWSTR%,SCN_GT_GXX::STUCKAT_ALL_GFXSB_K_BEGIN_HITO_GT_NOM_LFM_HRY_RAWSTR%,9711074,9663298,140224
SCN_GT_GXX,gteusysside,gt-gtslice4-gtxecore2-gteusystop6,GT_GXX,gt,gtslice4,gtxecore2,gteusystop6,,1908,NVL_GT_SCN,SCN_GT_GXX::CTRL_X_PATMOD_K_BEGIN_X_X_X_X_X_RESET_TOPSKU,SCN_GT_GXX::CTRL_X_AUX_K_PREHVQK_X_X_X_X_X_SET_SKU_LFM,SCN_GT_GXX::CHAIN_ALL_GFXSB_K_BEGIN_HITO_GT_NOM_LFM_HVM_HRY_RAWSTR%,SCN_GT_GXX::STUCKAT_ALL_GFXSB_K_BEGIN_HITO_GT_NOM_LFM_HRY_RAWSTR%,6361608,6340759,105129
SCN_GT_GXX,gteuside,gt-gtslice4-gtxecore2-gteutop6,GT_GXX,gt,gtslice4,gtxecore2,gteutop6,,428,NVL_GT_SCN,SCN_GT_GXX::CTRL_X_PATMOD_K_BEGIN_X_X_X_X_X_RESET_TOPSKU,SCN_GT_GXX::CTRL_X_AUX_K_PREHVQK_X_X_X_X_X_SET_SKU_LFM,SCN_GT_GXX::CHAIN_ALL_GFXSB_K_BEGIN_HITO_GT_NOM_LFM_HVM_HRY_RAWSTR%,SCN_GT_GXX::STUCKAT_ALL_GFXSB_K_BEGIN_HITO_GT_NOM_LFM_HRY_RAWSTR%,9711074,9663298,140224
SCN_GT_GXX,gteusysside,gt-gtslice4-gtxecore2-gteusystop7,GT_GXX,gt,gtslice4,gtxecore2,gteusystop7,,1909,NVL_GT_SCN,SCN_GT_GXX::CTRL_X_PATMOD_K_BEGIN_X_X_X_X_X_RESET_TOPSKU,SCN_GT_GXX::CTRL_X_AUX_K_PREHVQK_X_X_X_X_X_SET_SKU_LFM,SCN_GT_GXX::CHAIN_ALL_GFXSB_K_BEGIN_HITO_GT_NOM_LFM_HVM_HRY_RAWSTR%,SCN_GT_GXX::STUCKAT_ALL_GFXSB_K_BEGIN_HITO_GT_NOM_LFM_HRY_RAWSTR%,6361608,6340759,105129
SCN_GT_GXX,gteuside,gt-gtslice4-gtxecore2-gteutop7,GT_GXX,gt,gtslice4,gtxecore2,gteutop7,,429,NVL_GT_SCN,SCN_GT_GXX::CTRL_X_PATMOD_K_BEGIN_X_X_X_X_X_RESET_TOPSKU,SCN_GT_GXX::CTRL_X_AUX_K_PREHVQK_X_X_X_X_X_SET_SKU_LFM,SCN_GT_GXX::CHAIN_ALL_GFXSB_K_BEGIN_HITO_GT_NOM_LFM_HVM_HRY_RAWSTR%,SCN_GT_GXX::STUCKAT_ALL_GFXSB_K_BEGIN_HITO_GT_NOM_LFM_HRY_RAWSTR%,9711074,9663298,140224
SCN_GT_GXX,gtxecorepar2,gt-gtslice4-gtxecore2-gtxecorepar2,GT_GXX,gt,gtslice4,gtxecore2,gtxecorepar2,,433,NVL_GT_SCN,SCN_GT_GXX::CTRL_X_PATMOD_K_BEGIN_X_X_X_X_X_RESET_TOPSKU,SCN_GT_GXX::CTRL_X_AUX_K_PREHVQK_X_X_X_X_X_SET_SKU_LFM,SCN_GT_GXX::CHAIN_ALL_GFXSB_K_BEGIN_HITO_GT_NOM_LFM_HVM_HRY_RAWSTR%,SCN_GT_GXX::STUCKAT_ALL_GFXSB_K_BEGIN_HITO_GT_NOM_LFM_HRY_RAWSTR%,7685097,7626107,100212
SCN_GT_GXX,gteusysside,gt-gtslice4-gtxecore2-gteusystop5,GT_GXX,gt,gtslice4,gtxecore2,gteusystop5,,1907,NVL_GT_SCN,SCN_GT_GXX::CTRL_X_PATMOD_K_BEGIN_X_X_X_X_X_RESET_TOPSKU,SCN_GT_GXX::CTRL_X_AUX_K_PREHVQK_X_X_X_X_X_SET_SKU_LFM,SCN_GT_GXX::CHAIN_ALL_GFXSB_K_BEGIN_HITO_GT_NOM_LFM_HVM_HRY_RAWSTR%,SCN_GT_GXX::STUCKAT_ALL_GFXSB_K_BEGIN_HITO_GT_NOM_LFM_HRY_RAWSTR%,6361608,6340759,105129
SCN_GT_GXX,gtlscbankpar1,gt-gtslice4-gtxecore3-gtlscbankpar1,GT_GXX,gt,gtslice4,gtxecore3,gtlscbankpar1,,445,NVL_GT_SCN,SCN_GT_GXX::CTRL_X_PATMOD_K_BEGIN_X_X_X_X_X_RESET_TOPSKU,SCN_GT_GXX::CTRL_X_AUX_K_PREHVQK_X_X_X_X_X_SET_SKU_LFM,SCN_GT_GXX::CHAIN_ALL_GFXSB_K_BEGIN_HITO_GT_NOM_LFM_HVM_HRY_RAWSTR%,SCN_GT_GXX::STUCKAT_ALL_GFXSB_K_BEGIN_HITO_GT_NOM_LFM_HRY_RAWSTR%,9131573,9007521,180595
SCN_GT_GXX,gtlscnodepar1,gt-gtslice4-gtxecore3-gtlscnodepar1,GT_GXX,gt,gtslice4,gtxecore3,gtlscnodepar1,,446,NVL_GT_SCN,SCN_GT_GXX::CTRL_X_PATMOD_K_BEGIN_X_X_X_X_X_RESET_TOPSKU,SCN_GT_GXX::CTRL_X_AUX_K_PREHVQK_X_X_X_X_X_SET_SKU_LFM,SCN_GT_GXX::CHAIN_ALL_GFXSB_K_BEGIN_HITO_GT_NOM_LFM_HVM_HRY_RAWSTR%,SCN_GT_GXX::STUCKAT_ALL_GFXSB_K_BEGIN_HITO_GT_NOM_LFM_HRY_RAWSTR%,8723346,8643432,141852
SCN_GT_GXX,gtxecorepar1,gt-gtslice4-gtxecore3-gtxecorepar1,GT_GXX,gt,gtslice4,gtxecore3,gtxecorepar1,,447,NVL_GT_SCN,SCN_GT_GXX::CTRL_X_PATMOD_K_BEGIN_X_X_X_X_X_RESET_TOPSKU,SCN_GT_GXX::CTRL_X_AUX_K_PREHVQK_X_X_X_X_X_SET_SKU_LFM,SCN_GT_GXX::CHAIN_ALL_GFXSB_K_BEGIN_HITO_GT_NOM_LFM_HVM_HRY_RAWSTR%,SCN_GT_GXX::STUCKAT_ALL_GFXSB_K_BEGIN_HITO_GT_NOM_LFM_HRY_RAWSTR%,11985757,11899189,168366
SCN_GT_GXX,gtxecorepar3,gt-gtslice4-gtxecore3-gtxecorepar3,GT_GXX,gt,gtslice4,gtxecore3,gtxecorepar3,,449,NVL_GT_SCN,SCN_GT_GXX::CTRL_X_PATMOD_K_BEGIN_X_X_X_X_X_RESET_TOPSKU,SCN_GT_GXX::CTRL_X_AUX_K_PREHVQK_X_X_X_X_X_SET_SKU_LFM,SCN_GT_GXX::CHAIN_ALL_GFXSB_K_BEGIN_HITO_GT_NOM_LFM_HVM_HRY_RAWSTR%,SCN_GT_GXX::STUCKAT_ALL_GFXSB_K_BEGIN_HITO_GT_NOM_LFM_HRY_RAWSTR%,13365253,13272040,270643
SCN_GT_GXX,gtxecorepar4,gt-gtslice4-gtxecore3-gtxecorepar4,GT_GXX,gt,gtslice4,gtxecore3,gtxecorepar4,,450,NVL_GT_SCN,SCN_GT_GXX::CTRL_X_PATMOD_K_BEGIN_X_X_X_X_X_RESET_TOPSKU,SCN_GT_GXX::CTRL_X_AUX_K_PREHVQK_X_X_X_X_X_SET_SKU_LFM,SCN_GT_GXX::CHAIN_ALL_GFXSB_K_BEGIN_HITO_GT_NOM_LFM_HVM_HRY_RAWSTR%,SCN_GT_GXX::STUCKAT_ALL_GFXSB_K_BEGIN_HITO_GT_NOM_LFM_HRY_RAWSTR%,11841780,11789789,160657
SCN_GT_GXX,gtxecorepar5,gt-gtslice4-gtxecore3-gtxecorepar5,GT_GXX,gt,gtslice4,gtxecore3,gtxecorepar5,,451,NVL_GT_SCN,SCN_GT_GXX::CTRL_X_PATMOD_K_BEGIN_X_X_X_X_X_RESET_TOPSKU,SCN_GT_GXX::CTRL_X_AUX_K_PREHVQK_X_X_X_X_X_SET_SKU_LFM,SCN_GT_GXX::CHAIN_ALL_GFXSB_K_BEGIN_HITO_GT_NOM_LFM_HVM_HRY_RAWSTR%,SCN_GT_GXX::STUCKAT_ALL_GFXSB_K_BEGIN_HITO_GT_NOM_LFM_HRY_RAWSTR%,12540921,12467757,218756
SCN_GT_GXX,gteusystop0,gt-gtslice4-gtxecore3-gteusystop0,GT_GXX,gt,gtslice4,gtxecore3,gteusystop0,,1910,NVL_GT_SCN,SCN_GT_GXX::CTRL_X_PATMOD_K_BEGIN_X_X_X_X_X_RESET_TOPSKU,SCN_GT_GXX::CTRL_X_AUX_K_PREHVQK_X_X_X_X_X_SET_SKU_LFM,SCN_GT_GXX::CHAIN_ALL_GFXSB_K_BEGIN_HITO_GT_NOM_LFM_HVM_HRY_RAWSTR%,SCN_GT_GXX::STUCKAT_ALL_GFXSB_K_BEGIN_HITO_GT_NOM_LFM_HRY_RAWSTR%,6398977,6378032,107295
SCN_GT_GXX,gteutop,gt-gtslice4-gtxecore3-gteutop0,GT_GXX,gt,gtslice4,gtxecore3,gteutop0,,437,NVL_GT_SCN,SCN_GT_GXX::CTRL_X_PATMOD_K_BEGIN_X_X_X_X_X_RESET_TOPSKU,SCN_GT_GXX::CTRL_X_AUX_K_PREHVQK_X_X_X_X_X_SET_SKU_LFM,SCN_GT_GXX::CHAIN_ALL_GFXSB_K_BEGIN_HITO_GT_NOM_LFM_HVM_HRY_RAWSTR%,SCN_GT_GXX::STUCKAT_ALL_GFXSB_K_BEGIN_HITO_GT_NOM_LFM_HRY_RAWSTR%,9749809,9701968,140224
SCN_GT_GXX,gteusysalt,gt-gtslice4-gtxecore3-gteusystop1,GT_GXX,gt,gtslice4,gtxecore3,gteusystop1,,1911,NVL_GT_SCN,SCN_GT_GXX::CTRL_X_PATMOD_K_BEGIN_X_X_X_X_X_RESET_TOPSKU,SCN_GT_GXX::CTRL_X_AUX_K_PREHVQK_X_X_X_X_X_SET_SKU_LFM,SCN_GT_GXX::CHAIN_ALL_GFXSB_K_BEGIN_HITO_GT_NOM_LFM_HVM_HRY_RAWSTR%,SCN_GT_GXX::STUCKAT_ALL_GFXSB_K_BEGIN_HITO_GT_NOM_LFM_HRY_RAWSTR%,6337642,6316608,105129
SCN_GT_GXX,gteuside,gt-gtslice4-gtxecore3-gteutop1,GT_GXX,gt,gtslice4,gtxecore3,gteutop1,,438,NVL_GT_SCN,SCN_GT_GXX::CTRL_X_PATMOD_K_BEGIN_X_X_X_X_X_RESET_TOPSKU,SCN_GT_GXX::CTRL_X_AUX_K_PREHVQK_X_X_X_X_X_SET_SKU_LFM,SCN_GT_GXX::CHAIN_ALL_GFXSB_K_BEGIN_HITO_GT_NOM_LFM_HVM_HRY_RAWSTR%,SCN_GT_GXX::STUCKAT_ALL_GFXSB_K_BEGIN_HITO_GT_NOM_LFM_HRY_RAWSTR%,9711074,9663298,140224
SCN_GT_GXX,gteusysside,gt-gtslice4-gtxecore3-gteusystop2,GT_GXX,gt,gtslice4,gtxecore3,gteusystop2,,1912,NVL_GT_SCN,SCN_GT_GXX::CTRL_X_PATMOD_K_BEGIN_X_X_X_X_X_RESET_TOPSKU,SCN_GT_GXX::CTRL_X_AUX_K_PREHVQK_X_X_X_X_X_SET_SKU_LFM,SCN_GT_GXX::CHAIN_ALL_GFXSB_K_BEGIN_HITO_GT_NOM_LFM_HVM_HRY_RAWSTR%,SCN_GT_GXX::STUCKAT_ALL_GFXSB_K_BEGIN_HITO_GT_NOM_LFM_HRY_RAWSTR%,6361608,6340759,105129
SCN_GT_GXX,gteuside,gt-gtslice4-gtxecore3-gteutop2,GT_GXX,gt,gtslice4,gtxecore3,gteutop2,,439,NVL_GT_SCN,SCN_GT_GXX::CTRL_X_PATMOD_K_BEGIN_X_X_X_X_X_RESET_TOPSKU,SCN_GT_GXX::CTRL_X_AUX_K_PREHVQK_X_X_X_X_X_SET_SKU_LFM,SCN_GT_GXX::CHAIN_ALL_GFXSB_K_BEGIN_HITO_GT_NOM_LFM_HVM_HRY_RAWSTR%,SCN_GT_GXX::STUCKAT_ALL_GFXSB_K_BEGIN_HITO_GT_NOM_LFM_HRY_RAWSTR%,9711074,9663298,140224
SCN_GT_GXX,gteusysside,gt-gtslice4-gtxecore3-gteusystop3,GT_GXX,gt,gtslice4,gtxecore3,gteusystop3,,1913,NVL_GT_SCN,SCN_GT_GXX::CTRL_X_PATMOD_K_BEGIN_X_X_X_X_X_RESET_TOPSKU,SCN_GT_GXX::CTRL_X_AUX_K_PREHVQK_X_X_X_X_X_SET_SKU_LFM,SCN_GT_GXX::CHAIN_ALL_GFXSB_K_BEGIN_HITO_GT_NOM_LFM_HVM_HRY_RAWSTR%,SCN_GT_GXX::STUCKAT_ALL_GFXSB_K_BEGIN_HITO_GT_NOM_LFM_HRY_RAWSTR%,6361608,6340759,105129
SCN_GT_GXX,gteuside,gt-gtslice4-gtxecore3-gteutop3,GT_GXX,gt,gtslice4,gtxecore3,gteutop3,,440,NVL_GT_SCN,SCN_GT_GXX::CTRL_X_PATMOD_K_BEGIN_X_X_X_X_X_RESET_TOPSKU,SCN_GT_GXX::CTRL_X_AUX_K_PREHVQK_X_X_X_X_X_SET_SKU_LFM,SCN_GT_GXX::CHAIN_ALL_GFXSB_K_BEGIN_HITO_GT_NOM_LFM_HVM_HRY_RAWSTR%,SCN_GT_GXX::STUCKAT_ALL_GFXSB_K_BEGIN_HITO_GT_NOM_LFM_HRY_RAWSTR%,9711074,9663298,140224
SCN_GT_GXX,gteusystop4,gt-gtslice4-gtxecore3-gteusystop4,GT_GXX,gt,gtslice4,gtxecore3,gteusystop4,,1914,NVL_GT_SCN,SCN_GT_GXX::CTRL_X_PATMOD_K_BEGIN_X_X_X_X_X_RESET_TOPSKU,SCN_GT_GXX::CTRL_X_AUX_K_PREHVQK_X_X_X_X_X_SET_SKU_LFM,SCN_GT_GXX::CHAIN_ALL_GFXSB_K_BEGIN_HITO_GT_NOM_LFM_HVM_HRY_RAWSTR%,SCN_GT_GXX::STUCKAT_ALL_GFXSB_K_BEGIN_HITO_GT_NOM_LFM_HRY_RAWSTR%,6394691,6373730,106636
SCN_GT_GXX,gteutop,gt-gtslice4-gtxecore3-gteutop4,GT_GXX,gt,gtslice4,gtxecore3,gteutop4,,441,NVL_GT_SCN,SCN_GT_GXX::CTRL_X_PATMOD_K_BEGIN_X_X_X_X_X_RESET_TOPSKU,SCN_GT_GXX::CTRL_X_AUX_K_PREHVQK_X_X_X_X_X_SET_SKU_LFM,SCN_GT_GXX::CHAIN_ALL_GFXSB_K_BEGIN_HITO_GT_NOM_LFM_HVM_HRY_RAWSTR%,SCN_GT_GXX::STUCKAT_ALL_GFXSB_K_BEGIN_HITO_GT_NOM_LFM_HRY_RAWSTR%,9749809,9701968,140224
SCN_GT_GXX,gteuside,gt-gtslice4-gtxecore3-gteutop5,GT_GXX,gt,gtslice4,gtxecore3,gteutop5,,442,NVL_GT_SCN,SCN_GT_GXX::CTRL_X_PATMOD_K_BEGIN_X_X_X_X_X_RESET_TOPSKU,SCN_GT_GXX::CTRL_X_AUX_K_PREHVQK_X_X_X_X_X_SET_SKU_LFM,SCN_GT_GXX::CHAIN_ALL_GFXSB_K_BEGIN_HITO_GT_NOM_LFM_HVM_HRY_RAWSTR%,SCN_GT_GXX::STUCKAT_ALL_GFXSB_K_BEGIN_HITO_GT_NOM_LFM_HRY_RAWSTR%,9711074,9663298,140224
SCN_GT_GXX,gteusysside,gt-gtslice4-gtxecore3-gteusystop6,GT_GXX,gt,gtslice4,gtxecore3,gteusystop6,,1916,NVL_GT_SCN,SCN_GT_GXX::CTRL_X_PATMOD_K_BEGIN_X_X_X_X_X_RESET_TOPSKU,SCN_GT_GXX::CTRL_X_AUX_K_PREHVQK_X_X_X_X_X_SET_SKU_LFM,SCN_GT_GXX::CHAIN_ALL_GFXSB_K_BEGIN_HITO_GT_NOM_LFM_HVM_HRY_RAWSTR%,SCN_GT_GXX::STUCKAT_ALL_GFXSB_K_BEGIN_HITO_GT_NOM_LFM_HRY_RAWSTR%,6361608,6340759,105129
SCN_GT_GXX,gteuside,gt-gtslice4-gtxecore3-gteutop6,GT_GXX,gt,gtslice4,gtxecore3,gteutop6,,443,NVL_GT_SCN,SCN_GT_GXX::CTRL_X_PATMOD_K_BEGIN_X_X_X_X_X_RESET_TOPSKU,SCN_GT_GXX::CTRL_X_AUX_K_PREHVQK_X_X_X_X_X_SET_SKU_LFM,SCN_GT_GXX::CHAIN_ALL_GFXSB_K_BEGIN_HITO_GT_NOM_LFM_HVM_HRY_RAWSTR%,SCN_GT_GXX::STUCKAT_ALL_GFXSB_K_BEGIN_HITO_GT_NOM_LFM_HRY_RAWSTR%,9711074,9663298,140224
SCN_GT_GXX,gteusysside,gt-gtslice4-gtxecore3-gteusystop7,GT_GXX,gt,gtslice4,gtxecore3,gteusystop7,,1917,NVL_GT_SCN,SCN_GT_GXX::CTRL_X_PATMOD_K_BEGIN_X_X_X_X_X_RESET_TOPSKU,SCN_GT_GXX::CTRL_X_AUX_K_PREHVQK_X_X_X_X_X_SET_SKU_LFM,SCN_GT_GXX::CHAIN_ALL_GFXSB_K_BEGIN_HITO_GT_NOM_LFM_HVM_HRY_RAWSTR%,SCN_GT_GXX::STUCKAT_ALL_GFXSB_K_BEGIN_HITO_GT_NOM_LFM_HRY_RAWSTR%,6361608,6340759,105129
SCN_GT_GXX,gteuside,gt-gtslice4-gtxecore3-gteutop7,GT_GXX,gt,gtslice4,gtxecore3,gteutop7,,444,NVL_GT_SCN,SCN_GT_GXX::CTRL_X_PATMOD_K_BEGIN_X_X_X_X_X_RESET_TOPSKU,SCN_GT_GXX::CTRL_X_AUX_K_PREHVQK_X_X_X_X_X_SET_SKU_LFM,SCN_GT_GXX::CHAIN_ALL_GFXSB_K_BEGIN_HITO_GT_NOM_LFM_HVM_HRY_RAWSTR%,SCN_GT_GXX::STUCKAT_ALL_GFXSB_K_BEGIN_HITO_GT_NOM_LFM_HRY_RAWSTR%,9711074,9663298,140224
SCN_GT_GXX,gtxecorepar2,gt-gtslice4-gtxecore3-gtxecorepar2,GT_GXX,gt,gtslice4,gtxecore3,gtxecorepar2,,448,NVL_GT_SCN,SCN_GT_GXX::CTRL_X_PATMOD_K_BEGIN_X_X_X_X_X_RESET_TOPSKU,SCN_GT_GXX::CTRL_X_AUX_K_PREHVQK_X_X_X_X_X_SET_SKU_LFM,SCN_GT_GXX::CHAIN_ALL_GFXSB_K_BEGIN_HITO_GT_NOM_LFM_HVM_HRY_RAWSTR%,SCN_GT_GXX::STUCKAT_ALL_GFXSB_K_BEGIN_HITO_GT_NOM_LFM_HRY_RAWSTR%,7685097,7626107,100212
SCN_GT_GXX,gteusysside,gt-gtslice4-gtxecore3-gteusystop5,GT_GXX,gt,gtslice4,gtxecore3,gteusystop5,,1915,NVL_GT_SCN,SCN_GT_GXX::CTRL_X_PATMOD_K_BEGIN_X_X_X_X_X_RESET_TOPSKU,SCN_GT_GXX::CTRL_X_AUX_K_PREHVQK_X_X_X_X_X_SET_SKU_LFM,SCN_GT_GXX::CHAIN_ALL_GFXSB_K_BEGIN_HITO_GT_NOM_LFM_HVM_HRY_RAWSTR%,SCN_GT_GXX::STUCKAT_ALL_GFXSB_K_BEGIN_HITO_GT_NOM_LFM_HRY_RAWSTR%,6361608,6340759,105129
SCN_GT_GXX,gtrasterpar2,gt-gtslice4-gtsc-gtrasterpar2,GT_GXX,gt,gtslice4,gtsc,gtrasterpar2,,372,NVL_GT_SCN,SCN_GT_GXX::CTRL_X_PATMOD_K_BEGIN_X_X_X_X_X_RESET_TOPSKU,SCN_GT_GXX::CTRL_X_AUX_K_PREHVQK_X_X_X_X_X_SET_SKU_LFM,SCN_GT_GXX::CHAIN_ALL_GFXSB_K_BEGIN_HITO_GT_NOM_LFM_HVM_HRY_RAWSTR%,SCN_GT_GXX::STUCKAT_ALL_GFXSB_K_BEGIN_HITO_GT_NOM_LFM_HRY_RAWSTR%,10762799,10627137,228584
SCN_GT_GXX,gtrasterpar3,gt-gtslice4-gtsc-gtrasterpar3,GT_GXX,gt,gtslice4,gtsc,gtrasterpar3,,373,NVL_GT_SCN,SCN_GT_GXX::CTRL_X_PATMOD_K_BEGIN_X_X_X_X_X_RESET_TOPSKU,SCN_GT_GXX::CTRL_X_AUX_K_PREHVQK_X_X_X_X_X_SET_SKU_LFM,SCN_GT_GXX::CHAIN_ALL_GFXSB_K_BEGIN_HITO_GT_NOM_LFM_HVM_HRY_RAWSTR%,SCN_GT_GXX::STUCKAT_ALL_GFXSB_K_BEGIN_HITO_GT_NOM_LFM_HRY_RAWSTR%,11549858,11485157,269146
SCN_GT_GXX,gtcpipepar1,gt-gtslice4-gtsc-gtscpipe0-gtcpipepar1,GT_GXX,gt,gtslice4,gtsc,gtscpipe0,gtcpipepar1,374,NVL_GT_SCN,SCN_GT_GXX::CTRL_X_PATMOD_K_BEGIN_X_X_X_X_X_RESET_TOPSKU,SCN_GT_GXX::CTRL_X_AUX_K_PREHVQK_X_X_X_X_X_SET_SKU_LFM,SCN_GT_GXX::CHAIN_ALL_GFXSB_K_BEGIN_HITO_GT_NOM_LFM_HVM_HRY_RAWSTR%,SCN_GT_GXX::STUCKAT_ALL_GFXSB_K_BEGIN_HITO_GT_NOM_LFM_HRY_RAWSTR%,10746850,10696909,194538
SCN_GT_GXX,gtcpipepar2,gt-gtslice4-gtsc-gtscpipe0-gtcpipepar2,GT_GXX,gt,gtslice4,gtsc,gtscpipe0,gtcpipepar2,375,NVL_GT_SCN,SCN_GT_GXX::CTRL_X_PATMOD_K_BEGIN_X_X_X_X_X_RESET_TOPSKU,SCN_GT_GXX::CTRL_X_AUX_K_PREHVQK_X_X_X_X_X_SET_SKU_LFM,SCN_GT_GXX::CHAIN_ALL_GFXSB_K_BEGIN_HITO_GT_NOM_LFM_HVM_HRY_RAWSTR%,SCN_GT_GXX::STUCKAT_ALL_GFXSB_K_BEGIN_HITO_GT_NOM_LFM_HRY_RAWSTR%,10756187,10689922,230394
SCN_GT_GXX,gtfixpar1,gt-gtslice4-gtsc-gtscpipe0-gtfixpar1,GT_GXX,gt,gtslice4,gtsc,gtscpipe0,gtfixpar1,376,NVL_GT_SCN,SCN_GT_GXX::CTRL_X_PATMOD_K_BEGIN_X_X_X_X_X_RESET_TOPSKU,SCN_GT_GXX::CTRL_X_AUX_K_PREHVQK_X_X_X_X_X_SET_SKU_LFM,SCN_GT_GXX::CHAIN_ALL_GFXSB_K_BEGIN_HITO_GT_NOM_LFM_HVM_HRY_RAWSTR%,SCN_GT_GXX::STUCKAT_ALL_GFXSB_K_BEGIN_HITO_GT_NOM_LFM_HRY_RAWSTR%,4895039,4724601,86543
SCN_GT_GXX,gtfixpar2,gt-gtslice4-gtsc-gtscpipe0-gtfixpar2,GT_GXX,gt,gtslice4,gtsc,gtscpipe0,gtfixpar2,377,NVL_GT_SCN,SCN_GT_GXX::CTRL_X_PATMOD_K_BEGIN_X_X_X_X_X_RESET_TOPSKU,SCN_GT_GXX::CTRL_X_AUX_K_PREHVQK_X_X_X_X_X_SET_SKU_LFM,SCN_GT_GXX::CHAIN_ALL_GFXSB_K_BEGIN_HITO_GT_NOM_LFM_HVM_HRY_RAWSTR%,SCN_GT_GXX::STUCKAT_ALL_GFXSB_K_BEGIN_HITO_GT_NOM_LFM_HRY_RAWSTR%,13679498,13553314,259495
SCN_GT_GXX,gtfixpar3,gt-gtslice4-gtsc-gtscpipe0-gtfixpar3,GT_GXX,gt,gtslice4,gtsc,gtscpipe0,gtfixpar3,378,NVL_GT_SCN,SCN_GT_GXX::CTRL_X_PATMOD_K_BEGIN_X_X_X_X_X_RESET_TOPSKU,SCN_GT_GXX::CTRL_X_AUX_K_PREHVQK_X_X_X_X_X_SET_SKU_LFM,SCN_GT_GXX::CHAIN_ALL_GFXSB_K_BEGIN_HITO_GT_NOM_LFM_HVM_HRY_RAWSTR%,SCN_GT_GXX::STUCKAT_ALL_GFXSB_K_BEGIN_HITO_GT_NOM_LFM_HRY_RAWSTR%,10627088,10527045,224971
SCN_GT_GXX,gtstlbpar1,gt-gtslice4-gtsc-gtscpipe0-gtstlbpar1,GT_GXX,gt,gtslice4,gtsc,gtscpipe0,gtstlbpar1,379,NVL_GT_SCN,SCN_GT_GXX::CTRL_X_PATMOD_K_BEGIN_X_X_X_X_X_RESET_TOPSKU,SCN_GT_GXX::CTRL_X_AUX_K_PREHVQK_X_X_X_X_X_SET_SKU_LFM,SCN_GT_GXX::CHAIN_ALL_GFXSB_K_BEGIN_HITO_GT_NOM_LFM_HVM_HRY_RAWSTR%,SCN_GT_GXX::STUCKAT_ALL_GFXSB_K_BEGIN_HITO_GT_NOM_LFM_HRY_RAWSTR%,6105618,6061686,103677
SCN_GT_GXX,gtxetlbpar1,gt-gtslice4-gtsc-gtscpipe0-gtxetlbpar1,GT_GXX,gt,gtslice4,gtsc,gtscpipe0,gtxetlbpar1,380,NVL_GT_SCN,SCN_GT_GXX::CTRL_X_PATMOD_K_BEGIN_X_X_X_X_X_RESET_TOPSKU,SCN_GT_GXX::CTRL_X_AUX_K_PREHVQK_X_X_X_X_X_SET_SKU_LFM,SCN_GT_GXX::CHAIN_ALL_GFXSB_K_BEGIN_HITO_GT_NOM_LFM_HVM_HRY_RAWSTR%,SCN_GT_GXX::STUCKAT_ALL_GFXSB_K_BEGIN_HITO_GT_NOM_LFM_HRY_RAWSTR%,6576463,6504549,121628
SCN_GT_GXX,gtxetlbpar2,gt-gtslice4-gtsc-gtscpipe0-gtxetlbpar2,GT_GXX,gt,gtslice4,gtsc,gtscpipe0,gtxetlbpar2,381,NVL_GT_SCN,SCN_GT_GXX::CTRL_X_PATMOD_K_BEGIN_X_X_X_X_X_RESET_TOPSKU,SCN_GT_GXX::CTRL_X_AUX_K_PREHVQK_X_X_X_X_X_SET_SKU_LFM,SCN_GT_GXX::CHAIN_ALL_GFXSB_K_BEGIN_HITO_GT_NOM_LFM_HVM_HRY_RAWSTR%,SCN_GT_GXX::STUCKAT_ALL_GFXSB_K_BEGIN_HITO_GT_NOM_LFM_HRY_RAWSTR%,10665366,10573421,126009
SCN_GT_GXX,gtzpipepar1,gt-gtslice4-gtsc-gtscpipe0-gtzpipepar1,GT_GXX,gt,gtslice4,gtsc,gtscpipe0,gtzpipepar1,382,NVL_GT_SCN,SCN_GT_GXX::CTRL_X_PATMOD_K_BEGIN_X_X_X_X_X_RESET_TOPSKU,SCN_GT_GXX::CTRL_X_AUX_K_PREHVQK_X_X_X_X_X_SET_SKU_LFM,SCN_GT_GXX::CHAIN_ALL_GFXSB_K_BEGIN_HITO_GT_NOM_LFM_HVM_HRY_RAWSTR%,SCN_GT_GXX::STUCKAT_ALL_GFXSB_K_BEGIN_HITO_GT_NOM_LFM_HRY_RAWSTR%,11122704,11025644,266022
SCN_GT_GXX,gtcpipepar1,gt-gtslice4-gtsc-gtscpipe1-gtcpipepar1,GT_GXX,gt,gtslice4,gtsc,gtscpipe1,gtcpipepar1,383,NVL_GT_SCN,SCN_GT_GXX::CTRL_X_PATMOD_K_BEGIN_X_X_X_X_X_RESET_TOPSKU,SCN_GT_GXX::CTRL_X_AUX_K_PREHVQK_X_X_X_X_X_SET_SKU_LFM,SCN_GT_GXX::CHAIN_ALL_GFXSB_K_BEGIN_HITO_GT_NOM_LFM_HVM_HRY_RAWSTR%,SCN_GT_GXX::STUCKAT_ALL_GFXSB_K_BEGIN_HITO_GT_NOM_LFM_HRY_RAWSTR%,10746850,10696909,194538
SCN_GT_GXX,gtcpipepar2,gt-gtslice4-gtsc-gtscpipe1-gtcpipepar2,GT_GXX,gt,gtslice4,gtsc,gtscpipe1,gtcpipepar2,384,NVL_GT_SCN,SCN_GT_GXX::CTRL_X_PATMOD_K_BEGIN_X_X_X_X_X_RESET_TOPSKU,SCN_GT_GXX::CTRL_X_AUX_K_PREHVQK_X_X_X_X_X_SET_SKU_LFM,SCN_GT_GXX::CHAIN_ALL_GFXSB_K_BEGIN_HITO_GT_NOM_LFM_HVM_HRY_RAWSTR%,SCN_GT_GXX::STUCKAT_ALL_GFXSB_K_BEGIN_HITO_GT_NOM_LFM_HRY_RAWSTR%,10756187,10689922,230394
SCN_GT_GXX,gtfixpar1,gt-gtslice4-gtsc-gtscpipe1-gtfixpar1,GT_GXX,gt,gtslice4,gtsc,gtscpipe1,gtfixpar1,385,NVL_GT_SCN,SCN_GT_GXX::CTRL_X_PATMOD_K_BEGIN_X_X_X_X_X_RESET_TOPSKU,SCN_GT_GXX::CTRL_X_AUX_K_PREHVQK_X_X_X_X_X_SET_SKU_LFM,SCN_GT_GXX::CHAIN_ALL_GFXSB_K_BEGIN_HITO_GT_NOM_LFM_HVM_HRY_RAWSTR%,SCN_GT_GXX::STUCKAT_ALL_GFXSB_K_BEGIN_HITO_GT_NOM_LFM_HRY_RAWSTR%,4895039,4724601,86543
SCN_GT_GXX,gtfixpar2,gt-gtslice4-gtsc-gtscpipe1-gtfixpar2,GT_GXX,gt,gtslice4,gtsc,gtscpipe1,gtfixpar2,386,NVL_GT_SCN,SCN_GT_GXX::CTRL_X_PATMOD_K_BEGIN_X_X_X_X_X_RESET_TOPSKU,SCN_GT_GXX::CTRL_X_AUX_K_PREHVQK_X_X_X_X_X_SET_SKU_LFM,SCN_GT_GXX::CHAIN_ALL_GFXSB_K_BEGIN_HITO_GT_NOM_LFM_HVM_HRY_RAWSTR%,SCN_GT_GXX::STUCKAT_ALL_GFXSB_K_BEGIN_HITO_GT_NOM_LFM_HRY_RAWSTR%,13679498,13553314,259495
SCN_GT_GXX,gtfixpar3,gt-gtslice4-gtsc-gtscpipe1-gtfixpar3,GT_GXX,gt,gtslice4,gtsc,gtscpipe1,gtfixpar3,387,NVL_GT_SCN,SCN_GT_GXX::CTRL_X_PATMOD_K_BEGIN_X_X_X_X_X_RESET_TOPSKU,SCN_GT_GXX::CTRL_X_AUX_K_PREHVQK_X_X_X_X_X_SET_SKU_LFM,SCN_GT_GXX::CHAIN_ALL_GFXSB_K_BEGIN_HITO_GT_NOM_LFM_HVM_HRY_RAWSTR%,SCN_GT_GXX::STUCKAT_ALL_GFXSB_K_BEGIN_HITO_GT_NOM_LFM_HRY_RAWSTR%,10627088,10527045,224971
SCN_GT_GXX,gtstlbpar1,gt-gtslice4-gtsc-gtscpipe1-gtstlbpar1,GT_GXX,gt,gtslice4,gtsc,gtscpipe1,gtstlbpar1,388,NVL_GT_SCN,SCN_GT_GXX::CTRL_X_PATMOD_K_BEGIN_X_X_X_X_X_RESET_TOPSKU,SCN_GT_GXX::CTRL_X_AUX_K_PREHVQK_X_X_X_X_X_SET_SKU_LFM,SCN_GT_GXX::CHAIN_ALL_GFXSB_K_BEGIN_HITO_GT_NOM_LFM_HVM_HRY_RAWSTR%,SCN_GT_GXX::STUCKAT_ALL_GFXSB_K_BEGIN_HITO_GT_NOM_LFM_HRY_RAWSTR%,6105618,6061686,103677
SCN_GT_GXX,gtxetlbpar1,gt-gtslice4-gtsc-gtscpipe1-gtxetlbpar1,GT_GXX,gt,gtslice4,gtsc,gtscpipe1,gtxetlbpar1,389,NVL_GT_SCN,SCN_GT_GXX::CTRL_X_PATMOD_K_BEGIN_X_X_X_X_X_RESET_TOPSKU,SCN_GT_GXX::CTRL_X_AUX_K_PREHVQK_X_X_X_X_X_SET_SKU_LFM,SCN_GT_GXX::CHAIN_ALL_GFXSB_K_BEGIN_HITO_GT_NOM_LFM_HVM_HRY_RAWSTR%,SCN_GT_GXX::STUCKAT_ALL_GFXSB_K_BEGIN_HITO_GT_NOM_LFM_HRY_RAWSTR%,6576463,6504549,121628
SCN_GT_GXX,gtxetlbpar2,gt-gtslice4-gtsc-gtscpipe1-gtxetlbpar2,GT_GXX,gt,gtslice4,gtsc,gtscpipe1,gtxetlbpar2,390,NVL_GT_SCN,SCN_GT_GXX::CTRL_X_PATMOD_K_BEGIN_X_X_X_X_X_RESET_TOPSKU,SCN_GT_GXX::CTRL_X_AUX_K_PREHVQK_X_X_X_X_X_SET_SKU_LFM,SCN_GT_GXX::CHAIN_ALL_GFXSB_K_BEGIN_HITO_GT_NOM_LFM_HVM_HRY_RAWSTR%,SCN_GT_GXX::STUCKAT_ALL_GFXSB_K_BEGIN_HITO_GT_NOM_LFM_HRY_RAWSTR%,10665366,10573421,126009
SCN_GT_GXX,gtzpipepar1,gt-gtslice4-gtsc-gtscpipe1-gtzpipepar1,GT_GXX,gt,gtslice4,gtsc,gtscpipe1,gtzpipepar1,391,NVL_GT_SCN,SCN_GT_GXX::CTRL_X_PATMOD_K_BEGIN_X_X_X_X_X_RESET_TOPSKU,SCN_GT_GXX::CTRL_X_AUX_K_PREHVQK_X_X_X_X_X_SET_SKU_LFM,SCN_GT_GXX::CHAIN_ALL_GFXSB_K_BEGIN_HITO_GT_NOM_LFM_HVM_HRY_RAWSTR%,SCN_GT_GXX::STUCKAT_ALL_GFXSB_K_BEGIN_HITO_GT_NOM_LFM_HRY_RAWSTR%,11122704,11025644,266022
SCN_GT_GXX,gtrasterpar1,gt-gtslice4-gtsc-gtrasterpar1,GT_GXX,gt,gtslice4,gtsc,gtrasterpar1,,371,NVL_GT_SCN,SCN_GT_GXX::CTRL_X_PATMOD_K_BEGIN_X_X_X_X_X_RESET_TOPSKU,SCN_GT_GXX::CTRL_X_AUX_K_PREHVQK_X_X_X_X_X_SET_SKU_LFM,SCN_GT_GXX::CHAIN_ALL_GFXSB_K_BEGIN_HITO_GT_NOM_LFM_HVM_HRY_RAWSTR%,SCN_GT_GXX::STUCKAT_ALL_GFXSB_K_BEGIN_HITO_GT_NOM_LFM_HRY_RAWSTR%,12503971,12385578,201027
SCN_GT_GXX,gtlscbankpar1,gt-gtslice5-gtxecore0-gtlscbankpar1,GT_GXX,gt,gtslice5,gtxecore0,gtlscbankpar1,,481,NVL_GT_SCN,SCN_GT_GXX::CTRL_X_PATMOD_K_BEGIN_X_X_X_X_X_RESET_TOPSKU,SCN_GT_GXX::CTRL_X_AUX_K_PREHVQK_X_X_X_X_X_SET_SKU_LFM,SCN_GT_GXX::CHAIN_ALL_GFXSB_K_BEGIN_HITO_GT_NOM_LFM_HVM_HRY_RAWSTR%,SCN_GT_GXX::STUCKAT_ALL_GFXSB_K_BEGIN_HITO_GT_NOM_LFM_HRY_RAWSTR%,9131573,9007521,180595
SCN_GT_GXX,gtlscnodepar1,gt-gtslice5-gtxecore0-gtlscnodepar1,GT_GXX,gt,gtslice5,gtxecore0,gtlscnodepar1,,482,NVL_GT_SCN,SCN_GT_GXX::CTRL_X_PATMOD_K_BEGIN_X_X_X_X_X_RESET_TOPSKU,SCN_GT_GXX::CTRL_X_AUX_K_PREHVQK_X_X_X_X_X_SET_SKU_LFM,SCN_GT_GXX::CHAIN_ALL_GFXSB_K_BEGIN_HITO_GT_NOM_LFM_HVM_HRY_RAWSTR%,SCN_GT_GXX::STUCKAT_ALL_GFXSB_K_BEGIN_HITO_GT_NOM_LFM_HRY_RAWSTR%,8723346,8643432,141852
SCN_GT_GXX,gtxecorepar1,gt-gtslice5-gtxecore0-gtxecorepar1,GT_GXX,gt,gtslice5,gtxecore0,gtxecorepar1,,483,NVL_GT_SCN,SCN_GT_GXX::CTRL_X_PATMOD_K_BEGIN_X_X_X_X_X_RESET_TOPSKU,SCN_GT_GXX::CTRL_X_AUX_K_PREHVQK_X_X_X_X_X_SET_SKU_LFM,SCN_GT_GXX::CHAIN_ALL_GFXSB_K_BEGIN_HITO_GT_NOM_LFM_HVM_HRY_RAWSTR%,SCN_GT_GXX::STUCKAT_ALL_GFXSB_K_BEGIN_HITO_GT_NOM_LFM_HRY_RAWSTR%,11985757,11899189,168366
SCN_GT_GXX,gtxecorepar3,gt-gtslice5-gtxecore0-gtxecorepar3,GT_GXX,gt,gtslice5,gtxecore0,gtxecorepar3,,485,NVL_GT_SCN,SCN_GT_GXX::CTRL_X_PATMOD_K_BEGIN_X_X_X_X_X_RESET_TOPSKU,SCN_GT_GXX::CTRL_X_AUX_K_PREHVQK_X_X_X_X_X_SET_SKU_LFM,SCN_GT_GXX::CHAIN_ALL_GFXSB_K_BEGIN_HITO_GT_NOM_LFM_HVM_HRY_RAWSTR%,SCN_GT_GXX::STUCKAT_ALL_GFXSB_K_BEGIN_HITO_GT_NOM_LFM_HRY_RAWSTR%,13365253,13272040,270643
SCN_GT_GXX,gtxecorepar4,gt-gtslice5-gtxecore0-gtxecorepar4,GT_GXX,gt,gtslice5,gtxecore0,gtxecorepar4,,486,NVL_GT_SCN,SCN_GT_GXX::CTRL_X_PATMOD_K_BEGIN_X_X_X_X_X_RESET_TOPSKU,SCN_GT_GXX::CTRL_X_AUX_K_PREHVQK_X_X_X_X_X_SET_SKU_LFM,SCN_GT_GXX::CHAIN_ALL_GFXSB_K_BEGIN_HITO_GT_NOM_LFM_HVM_HRY_RAWSTR%,SCN_GT_GXX::STUCKAT_ALL_GFXSB_K_BEGIN_HITO_GT_NOM_LFM_HRY_RAWSTR%,11841780,11789789,160657
SCN_GT_GXX,gtxecorepar5,gt-gtslice5-gtxecore0-gtxecorepar5,GT_GXX,gt,gtslice5,gtxecore0,gtxecorepar5,,487,NVL_GT_SCN,SCN_GT_GXX::CTRL_X_PATMOD_K_BEGIN_X_X_X_X_X_RESET_TOPSKU,SCN_GT_GXX::CTRL_X_AUX_K_PREHVQK_X_X_X_X_X_SET_SKU_LFM,SCN_GT_GXX::CHAIN_ALL_GFXSB_K_BEGIN_HITO_GT_NOM_LFM_HVM_HRY_RAWSTR%,SCN_GT_GXX::STUCKAT_ALL_GFXSB_K_BEGIN_HITO_GT_NOM_LFM_HRY_RAWSTR%,12540921,12467757,218756
SCN_GT_GXX,gteusystop0,gt-gtslice5-gtxecore0-gteusystop0,GT_GXX,gt,gtslice5,gtxecore0,gteusystop0,,1918,NVL_GT_SCN,SCN_GT_GXX::CTRL_X_PATMOD_K_BEGIN_X_X_X_X_X_RESET_TOPSKU,SCN_GT_GXX::CTRL_X_AUX_K_PREHVQK_X_X_X_X_X_SET_SKU_LFM,SCN_GT_GXX::CHAIN_ALL_GFXSB_K_BEGIN_HITO_GT_NOM_LFM_HVM_HRY_RAWSTR%,SCN_GT_GXX::STUCKAT_ALL_GFXSB_K_BEGIN_HITO_GT_NOM_LFM_HRY_RAWSTR%,6398977,6378032,107295
SCN_GT_GXX,gteutop,gt-gtslice5-gtxecore0-gteutop0,GT_GXX,gt,gtslice5,gtxecore0,gteutop0,,473,NVL_GT_SCN,SCN_GT_GXX::CTRL_X_PATMOD_K_BEGIN_X_X_X_X_X_RESET_TOPSKU,SCN_GT_GXX::CTRL_X_AUX_K_PREHVQK_X_X_X_X_X_SET_SKU_LFM,SCN_GT_GXX::CHAIN_ALL_GFXSB_K_BEGIN_HITO_GT_NOM_LFM_HVM_HRY_RAWSTR%,SCN_GT_GXX::STUCKAT_ALL_GFXSB_K_BEGIN_HITO_GT_NOM_LFM_HRY_RAWSTR%,9749809,9701968,140224
SCN_GT_GXX,gteusysalt,gt-gtslice5-gtxecore0-gteusystop1,GT_GXX,gt,gtslice5,gtxecore0,gteusystop1,,1919,NVL_GT_SCN,SCN_GT_GXX::CTRL_X_PATMOD_K_BEGIN_X_X_X_X_X_RESET_TOPSKU,SCN_GT_GXX::CTRL_X_AUX_K_PREHVQK_X_X_X_X_X_SET_SKU_LFM,SCN_GT_GXX::CHAIN_ALL_GFXSB_K_BEGIN_HITO_GT_NOM_LFM_HVM_HRY_RAWSTR%,SCN_GT_GXX::STUCKAT_ALL_GFXSB_K_BEGIN_HITO_GT_NOM_LFM_HRY_RAWSTR%,6337642,6316608,105129
SCN_GT_GXX,gteuside,gt-gtslice5-gtxecore0-gteutop1,GT_GXX,gt,gtslice5,gtxecore0,gteutop1,,474,NVL_GT_SCN,SCN_GT_GXX::CTRL_X_PATMOD_K_BEGIN_X_X_X_X_X_RESET_TOPSKU,SCN_GT_GXX::CTRL_X_AUX_K_PREHVQK_X_X_X_X_X_SET_SKU_LFM,SCN_GT_GXX::CHAIN_ALL_GFXSB_K_BEGIN_HITO_GT_NOM_LFM_HVM_HRY_RAWSTR%,SCN_GT_GXX::STUCKAT_ALL_GFXSB_K_BEGIN_HITO_GT_NOM_LFM_HRY_RAWSTR%,9711074,9663298,140224
SCN_GT_GXX,gteusysside,gt-gtslice5-gtxecore0-gteusystop2,GT_GXX,gt,gtslice5,gtxecore0,gteusystop2,,1920,NVL_GT_SCN,SCN_GT_GXX::CTRL_X_PATMOD_K_BEGIN_X_X_X_X_X_RESET_TOPSKU,SCN_GT_GXX::CTRL_X_AUX_K_PREHVQK_X_X_X_X_X_SET_SKU_LFM,SCN_GT_GXX::CHAIN_ALL_GFXSB_K_BEGIN_HITO_GT_NOM_LFM_HVM_HRY_RAWSTR%,SCN_GT_GXX::STUCKAT_ALL_GFXSB_K_BEGIN_HITO_GT_NOM_LFM_HRY_RAWSTR%,6361608,6340759,105129
SCN_GT_GXX,gteuside,gt-gtslice5-gtxecore0-gteutop2,GT_GXX,gt,gtslice5,gtxecore0,gteutop2,,475,NVL_GT_SCN,SCN_GT_GXX::CTRL_X_PATMOD_K_BEGIN_X_X_X_X_X_RESET_TOPSKU,SCN_GT_GXX::CTRL_X_AUX_K_PREHVQK_X_X_X_X_X_SET_SKU_LFM,SCN_GT_GXX::CHAIN_ALL_GFXSB_K_BEGIN_HITO_GT_NOM_LFM_HVM_HRY_RAWSTR%,SCN_GT_GXX::STUCKAT_ALL_GFXSB_K_BEGIN_HITO_GT_NOM_LFM_HRY_RAWSTR%,9711074,9663298,140224
SCN_GT_GXX,gteusysside,gt-gtslice5-gtxecore0-gteusystop3,GT_GXX,gt,gtslice5,gtxecore0,gteusystop3,,1921,NVL_GT_SCN,SCN_GT_GXX::CTRL_X_PATMOD_K_BEGIN_X_X_X_X_X_RESET_TOPSKU,SCN_GT_GXX::CTRL_X_AUX_K_PREHVQK_X_X_X_X_X_SET_SKU_LFM,SCN_GT_GXX::CHAIN_ALL_GFXSB_K_BEGIN_HITO_GT_NOM_LFM_HVM_HRY_RAWSTR%,SCN_GT_GXX::STUCKAT_ALL_GFXSB_K_BEGIN_HITO_GT_NOM_LFM_HRY_RAWSTR%,6361608,6340759,105129
SCN_GT_GXX,gteuside,gt-gtslice5-gtxecore0-gteutop3,GT_GXX,gt,gtslice5,gtxecore0,gteutop3,,476,NVL_GT_SCN,SCN_GT_GXX::CTRL_X_PATMOD_K_BEGIN_X_X_X_X_X_RESET_TOPSKU,SCN_GT_GXX::CTRL_X_AUX_K_PREHVQK_X_X_X_X_X_SET_SKU_LFM,SCN_GT_GXX::CHAIN_ALL_GFXSB_K_BEGIN_HITO_GT_NOM_LFM_HVM_HRY_RAWSTR%,SCN_GT_GXX::STUCKAT_ALL_GFXSB_K_BEGIN_HITO_GT_NOM_LFM_HRY_RAWSTR%,9711074,9663298,140224
SCN_GT_GXX,gteusystop4,gt-gtslice5-gtxecore0-gteusystop4,GT_GXX,gt,gtslice5,gtxecore0,gteusystop4,,1922,NVL_GT_SCN,SCN_GT_GXX::CTRL_X_PATMOD_K_BEGIN_X_X_X_X_X_RESET_TOPSKU,SCN_GT_GXX::CTRL_X_AUX_K_PREHVQK_X_X_X_X_X_SET_SKU_LFM,SCN_GT_GXX::CHAIN_ALL_GFXSB_K_BEGIN_HITO_GT_NOM_LFM_HVM_HRY_RAWSTR%,SCN_GT_GXX::STUCKAT_ALL_GFXSB_K_BEGIN_HITO_GT_NOM_LFM_HRY_RAWSTR%,6394691,6373730,106636
SCN_GT_GXX,gteutop,gt-gtslice5-gtxecore0-gteutop4,GT_GXX,gt,gtslice5,gtxecore0,gteutop4,,477,NVL_GT_SCN,SCN_GT_GXX::CTRL_X_PATMOD_K_BEGIN_X_X_X_X_X_RESET_TOPSKU,SCN_GT_GXX::CTRL_X_AUX_K_PREHVQK_X_X_X_X_X_SET_SKU_LFM,SCN_GT_GXX::CHAIN_ALL_GFXSB_K_BEGIN_HITO_GT_NOM_LFM_HVM_HRY_RAWSTR%,SCN_GT_GXX::STUCKAT_ALL_GFXSB_K_BEGIN_HITO_GT_NOM_LFM_HRY_RAWSTR%,9749809,9701968,140224
SCN_GT_GXX,gteuside,gt-gtslice5-gtxecore0-gteutop5,GT_GXX,gt,gtslice5,gtxecore0,gteutop5,,478,NVL_GT_SCN,SCN_GT_GXX::CTRL_X_PATMOD_K_BEGIN_X_X_X_X_X_RESET_TOPSKU,SCN_GT_GXX::CTRL_X_AUX_K_PREHVQK_X_X_X_X_X_SET_SKU_LFM,SCN_GT_GXX::CHAIN_ALL_GFXSB_K_BEGIN_HITO_GT_NOM_LFM_HVM_HRY_RAWSTR%,SCN_GT_GXX::STUCKAT_ALL_GFXSB_K_BEGIN_HITO_GT_NOM_LFM_HRY_RAWSTR%,9711074,9663298,140224
SCN_GT_GXX,gteusysside,gt-gtslice5-gtxecore0-gteusystop6,GT_GXX,gt,gtslice5,gtxecore0,gteusystop6,,1924,NVL_GT_SCN,SCN_GT_GXX::CTRL_X_PATMOD_K_BEGIN_X_X_X_X_X_RESET_TOPSKU,SCN_GT_GXX::CTRL_X_AUX_K_PREHVQK_X_X_X_X_X_SET_SKU_LFM,SCN_GT_GXX::CHAIN_ALL_GFXSB_K_BEGIN_HITO_GT_NOM_LFM_HVM_HRY_RAWSTR%,SCN_GT_GXX::STUCKAT_ALL_GFXSB_K_BEGIN_HITO_GT_NOM_LFM_HRY_RAWSTR%,6361608,6340759,105129
SCN_GT_GXX,gteuside,gt-gtslice5-gtxecore0-gteutop6,GT_GXX,gt,gtslice5,gtxecore0,gteutop6,,479,NVL_GT_SCN,SCN_GT_GXX::CTRL_X_PATMOD_K_BEGIN_X_X_X_X_X_RESET_TOPSKU,SCN_GT_GXX::CTRL_X_AUX_K_PREHVQK_X_X_X_X_X_SET_SKU_LFM,SCN_GT_GXX::CHAIN_ALL_GFXSB_K_BEGIN_HITO_GT_NOM_LFM_HVM_HRY_RAWSTR%,SCN_GT_GXX::STUCKAT_ALL_GFXSB_K_BEGIN_HITO_GT_NOM_LFM_HRY_RAWSTR%,9711074,9663298,140224
SCN_GT_GXX,gteusysside,gt-gtslice5-gtxecore0-gteusystop7,GT_GXX,gt,gtslice5,gtxecore0,gteusystop7,,1925,NVL_GT_SCN,SCN_GT_GXX::CTRL_X_PATMOD_K_BEGIN_X_X_X_X_X_RESET_TOPSKU,SCN_GT_GXX::CTRL_X_AUX_K_PREHVQK_X_X_X_X_X_SET_SKU_LFM,SCN_GT_GXX::CHAIN_ALL_GFXSB_K_BEGIN_HITO_GT_NOM_LFM_HVM_HRY_RAWSTR%,SCN_GT_GXX::STUCKAT_ALL_GFXSB_K_BEGIN_HITO_GT_NOM_LFM_HRY_RAWSTR%,6361608,6340759,105129
SCN_GT_GXX,gteuside,gt-gtslice5-gtxecore0-gteutop7,GT_GXX,gt,gtslice5,gtxecore0,gteutop7,,480,NVL_GT_SCN,SCN_GT_GXX::CTRL_X_PATMOD_K_BEGIN_X_X_X_X_X_RESET_TOPSKU,SCN_GT_GXX::CTRL_X_AUX_K_PREHVQK_X_X_X_X_X_SET_SKU_LFM,SCN_GT_GXX::CHAIN_ALL_GFXSB_K_BEGIN_HITO_GT_NOM_LFM_HVM_HRY_RAWSTR%,SCN_GT_GXX::STUCKAT_ALL_GFXSB_K_BEGIN_HITO_GT_NOM_LFM_HRY_RAWSTR%,9711074,9663298,140224
SCN_GT_GXX,gtxecorepar2,gt-gtslice5-gtxecore0-gtxecorepar2,GT_GXX,gt,gtslice5,gtxecore0,gtxecorepar2,,484,NVL_GT_SCN,SCN_GT_GXX::CTRL_X_PATMOD_K_BEGIN_X_X_X_X_X_RESET_TOPSKU,SCN_GT_GXX::CTRL_X_AUX_K_PREHVQK_X_X_X_X_X_SET_SKU_LFM,SCN_GT_GXX::CHAIN_ALL_GFXSB_K_BEGIN_HITO_GT_NOM_LFM_HVM_HRY_RAWSTR%,SCN_GT_GXX::STUCKAT_ALL_GFXSB_K_BEGIN_HITO_GT_NOM_LFM_HRY_RAWSTR%,7685097,7626107,100212
SCN_GT_GXX,gteusysside,gt-gtslice5-gtxecore0-gteusystop5,GT_GXX,gt,gtslice5,gtxecore0,gteusystop5,,1923,NVL_GT_SCN,SCN_GT_GXX::CTRL_X_PATMOD_K_BEGIN_X_X_X_X_X_RESET_TOPSKU,SCN_GT_GXX::CTRL_X_AUX_K_PREHVQK_X_X_X_X_X_SET_SKU_LFM,SCN_GT_GXX::CHAIN_ALL_GFXSB_K_BEGIN_HITO_GT_NOM_LFM_HVM_HRY_RAWSTR%,SCN_GT_GXX::STUCKAT_ALL_GFXSB_K_BEGIN_HITO_GT_NOM_LFM_HRY_RAWSTR%,6361608,6340759,105129
SCN_GT_GXX,gtlscbankpar1,gt-gtslice5-gtxecore1-gtlscbankpar1,GT_GXX,gt,gtslice5,gtxecore1,gtlscbankpar1,,496,NVL_GT_SCN,SCN_GT_GXX::CTRL_X_PATMOD_K_BEGIN_X_X_X_X_X_RESET_TOPSKU,SCN_GT_GXX::CTRL_X_AUX_K_PREHVQK_X_X_X_X_X_SET_SKU_LFM,SCN_GT_GXX::CHAIN_ALL_GFXSB_K_BEGIN_HITO_GT_NOM_LFM_HVM_HRY_RAWSTR%,SCN_GT_GXX::STUCKAT_ALL_GFXSB_K_BEGIN_HITO_GT_NOM_LFM_HRY_RAWSTR%,9131573,9007521,180595
SCN_GT_GXX,gtlscnodepar1,gt-gtslice5-gtxecore1-gtlscnodepar1,GT_GXX,gt,gtslice5,gtxecore1,gtlscnodepar1,,497,NVL_GT_SCN,SCN_GT_GXX::CTRL_X_PATMOD_K_BEGIN_X_X_X_X_X_RESET_TOPSKU,SCN_GT_GXX::CTRL_X_AUX_K_PREHVQK_X_X_X_X_X_SET_SKU_LFM,SCN_GT_GXX::CHAIN_ALL_GFXSB_K_BEGIN_HITO_GT_NOM_LFM_HVM_HRY_RAWSTR%,SCN_GT_GXX::STUCKAT_ALL_GFXSB_K_BEGIN_HITO_GT_NOM_LFM_HRY_RAWSTR%,8723346,8643432,141852
SCN_GT_GXX,gtxecorepar1,gt-gtslice5-gtxecore1-gtxecorepar1,GT_GXX,gt,gtslice5,gtxecore1,gtxecorepar1,,498,NVL_GT_SCN,SCN_GT_GXX::CTRL_X_PATMOD_K_BEGIN_X_X_X_X_X_RESET_TOPSKU,SCN_GT_GXX::CTRL_X_AUX_K_PREHVQK_X_X_X_X_X_SET_SKU_LFM,SCN_GT_GXX::CHAIN_ALL_GFXSB_K_BEGIN_HITO_GT_NOM_LFM_HVM_HRY_RAWSTR%,SCN_GT_GXX::STUCKAT_ALL_GFXSB_K_BEGIN_HITO_GT_NOM_LFM_HRY_RAWSTR%,11985757,11899189,168366
SCN_GT_GXX,gtxecorepar3,gt-gtslice5-gtxecore1-gtxecorepar3,GT_GXX,gt,gtslice5,gtxecore1,gtxecorepar3,,500,NVL_GT_SCN,SCN_GT_GXX::CTRL_X_PATMOD_K_BEGIN_X_X_X_X_X_RESET_TOPSKU,SCN_GT_GXX::CTRL_X_AUX_K_PREHVQK_X_X_X_X_X_SET_SKU_LFM,SCN_GT_GXX::CHAIN_ALL_GFXSB_K_BEGIN_HITO_GT_NOM_LFM_HVM_HRY_RAWSTR%,SCN_GT_GXX::STUCKAT_ALL_GFXSB_K_BEGIN_HITO_GT_NOM_LFM_HRY_RAWSTR%,13365253,13272040,270643
SCN_GT_GXX,gtxecorepar4,gt-gtslice5-gtxecore1-gtxecorepar4,GT_GXX,gt,gtslice5,gtxecore1,gtxecorepar4,,501,NVL_GT_SCN,SCN_GT_GXX::CTRL_X_PATMOD_K_BEGIN_X_X_X_X_X_RESET_TOPSKU,SCN_GT_GXX::CTRL_X_AUX_K_PREHVQK_X_X_X_X_X_SET_SKU_LFM,SCN_GT_GXX::CHAIN_ALL_GFXSB_K_BEGIN_HITO_GT_NOM_LFM_HVM_HRY_RAWSTR%,SCN_GT_GXX::STUCKAT_ALL_GFXSB_K_BEGIN_HITO_GT_NOM_LFM_HRY_RAWSTR%,11841780,11789789,160657
SCN_GT_GXX,gtxecorepar5,gt-gtslice5-gtxecore1-gtxecorepar5,GT_GXX,gt,gtslice5,gtxecore1,gtxecorepar5,,502,NVL_GT_SCN,SCN_GT_GXX::CTRL_X_PATMOD_K_BEGIN_X_X_X_X_X_RESET_TOPSKU,SCN_GT_GXX::CTRL_X_AUX_K_PREHVQK_X_X_X_X_X_SET_SKU_LFM,SCN_GT_GXX::CHAIN_ALL_GFXSB_K_BEGIN_HITO_GT_NOM_LFM_HVM_HRY_RAWSTR%,SCN_GT_GXX::STUCKAT_ALL_GFXSB_K_BEGIN_HITO_GT_NOM_LFM_HRY_RAWSTR%,12540921,12467757,218756
SCN_GT_GXX,gteusystop0,gt-gtslice5-gtxecore1-gteusystop0,GT_GXX,gt,gtslice5,gtxecore1,gteusystop0,,1926,NVL_GT_SCN,SCN_GT_GXX::CTRL_X_PATMOD_K_BEGIN_X_X_X_X_X_RESET_TOPSKU,SCN_GT_GXX::CTRL_X_AUX_K_PREHVQK_X_X_X_X_X_SET_SKU_LFM,SCN_GT_GXX::CHAIN_ALL_GFXSB_K_BEGIN_HITO_GT_NOM_LFM_HVM_HRY_RAWSTR%,SCN_GT_GXX::STUCKAT_ALL_GFXSB_K_BEGIN_HITO_GT_NOM_LFM_HRY_RAWSTR%,6398977,6378032,107295
SCN_GT_GXX,gteutop,gt-gtslice5-gtxecore1-gteutop0,GT_GXX,gt,gtslice5,gtxecore1,gteutop0,,488,NVL_GT_SCN,SCN_GT_GXX::CTRL_X_PATMOD_K_BEGIN_X_X_X_X_X_RESET_TOPSKU,SCN_GT_GXX::CTRL_X_AUX_K_PREHVQK_X_X_X_X_X_SET_SKU_LFM,SCN_GT_GXX::CHAIN_ALL_GFXSB_K_BEGIN_HITO_GT_NOM_LFM_HVM_HRY_RAWSTR%,SCN_GT_GXX::STUCKAT_ALL_GFXSB_K_BEGIN_HITO_GT_NOM_LFM_HRY_RAWSTR%,9749809,9701968,140224
SCN_GT_GXX,gteusysalt,gt-gtslice5-gtxecore1-gteusystop1,GT_GXX,gt,gtslice5,gtxecore1,gteusystop1,,1927,NVL_GT_SCN,SCN_GT_GXX::CTRL_X_PATMOD_K_BEGIN_X_X_X_X_X_RESET_TOPSKU,SCN_GT_GXX::CTRL_X_AUX_K_PREHVQK_X_X_X_X_X_SET_SKU_LFM,SCN_GT_GXX::CHAIN_ALL_GFXSB_K_BEGIN_HITO_GT_NOM_LFM_HVM_HRY_RAWSTR%,SCN_GT_GXX::STUCKAT_ALL_GFXSB_K_BEGIN_HITO_GT_NOM_LFM_HRY_RAWSTR%,6337642,6316608,105129
SCN_GT_GXX,gteuside,gt-gtslice5-gtxecore1-gteutop1,GT_GXX,gt,gtslice5,gtxecore1,gteutop1,,489,NVL_GT_SCN,SCN_GT_GXX::CTRL_X_PATMOD_K_BEGIN_X_X_X_X_X_RESET_TOPSKU,SCN_GT_GXX::CTRL_X_AUX_K_PREHVQK_X_X_X_X_X_SET_SKU_LFM,SCN_GT_GXX::CHAIN_ALL_GFXSB_K_BEGIN_HITO_GT_NOM_LFM_HVM_HRY_RAWSTR%,SCN_GT_GXX::STUCKAT_ALL_GFXSB_K_BEGIN_HITO_GT_NOM_LFM_HRY_RAWSTR%,9711074,9663298,140224
SCN_GT_GXX,gteusysside,gt-gtslice5-gtxecore1-gteusystop2,GT_GXX,gt,gtslice5,gtxecore1,gteusystop2,,1928,NVL_GT_SCN,SCN_GT_GXX::CTRL_X_PATMOD_K_BEGIN_X_X_X_X_X_RESET_TOPSKU,SCN_GT_GXX::CTRL_X_AUX_K_PREHVQK_X_X_X_X_X_SET_SKU_LFM,SCN_GT_GXX::CHAIN_ALL_GFXSB_K_BEGIN_HITO_GT_NOM_LFM_HVM_HRY_RAWSTR%,SCN_GT_GXX::STUCKAT_ALL_GFXSB_K_BEGIN_HITO_GT_NOM_LFM_HRY_RAWSTR%,6361608,6340759,105129
SCN_GT_GXX,gteuside,gt-gtslice5-gtxecore1-gteutop2,GT_GXX,gt,gtslice5,gtxecore1,gteutop2,,490,NVL_GT_SCN,SCN_GT_GXX::CTRL_X_PATMOD_K_BEGIN_X_X_X_X_X_RESET_TOPSKU,SCN_GT_GXX::CTRL_X_AUX_K_PREHVQK_X_X_X_X_X_SET_SKU_LFM,SCN_GT_GXX::CHAIN_ALL_GFXSB_K_BEGIN_HITO_GT_NOM_LFM_HVM_HRY_RAWSTR%,SCN_GT_GXX::STUCKAT_ALL_GFXSB_K_BEGIN_HITO_GT_NOM_LFM_HRY_RAWSTR%,9711074,9663298,140224
SCN_GT_GXX,gteusysside,gt-gtslice5-gtxecore1-gteusystop3,GT_GXX,gt,gtslice5,gtxecore1,gteusystop3,,1929,NVL_GT_SCN,SCN_GT_GXX::CTRL_X_PATMOD_K_BEGIN_X_X_X_X_X_RESET_TOPSKU,SCN_GT_GXX::CTRL_X_AUX_K_PREHVQK_X_X_X_X_X_SET_SKU_LFM,SCN_GT_GXX::CHAIN_ALL_GFXSB_K_BEGIN_HITO_GT_NOM_LFM_HVM_HRY_RAWSTR%,SCN_GT_GXX::STUCKAT_ALL_GFXSB_K_BEGIN_HITO_GT_NOM_LFM_HRY_RAWSTR%,6361608,6340759,105129
SCN_GT_GXX,gteuside,gt-gtslice5-gtxecore1-gteutop3,GT_GXX,gt,gtslice5,gtxecore1,gteutop3,,491,NVL_GT_SCN,SCN_GT_GXX::CTRL_X_PATMOD_K_BEGIN_X_X_X_X_X_RESET_TOPSKU,SCN_GT_GXX::CTRL_X_AUX_K_PREHVQK_X_X_X_X_X_SET_SKU_LFM,SCN_GT_GXX::CHAIN_ALL_GFXSB_K_BEGIN_HITO_GT_NOM_LFM_HVM_HRY_RAWSTR%,SCN_GT_GXX::STUCKAT_ALL_GFXSB_K_BEGIN_HITO_GT_NOM_LFM_HRY_RAWSTR%,9711074,9663298,140224
SCN_GT_GXX,gteusystop4,gt-gtslice5-gtxecore1-gteusystop4,GT_GXX,gt,gtslice5,gtxecore1,gteusystop4,,1930,NVL_GT_SCN,SCN_GT_GXX::CTRL_X_PATMOD_K_BEGIN_X_X_X_X_X_RESET_TOPSKU,SCN_GT_GXX::CTRL_X_AUX_K_PREHVQK_X_X_X_X_X_SET_SKU_LFM,SCN_GT_GXX::CHAIN_ALL_GFXSB_K_BEGIN_HITO_GT_NOM_LFM_HVM_HRY_RAWSTR%,SCN_GT_GXX::STUCKAT_ALL_GFXSB_K_BEGIN_HITO_GT_NOM_LFM_HRY_RAWSTR%,6394691,6373730,106636
SCN_GT_GXX,gteutop,gt-gtslice5-gtxecore1-gteutop4,GT_GXX,gt,gtslice5,gtxecore1,gteutop4,,492,NVL_GT_SCN,SCN_GT_GXX::CTRL_X_PATMOD_K_BEGIN_X_X_X_X_X_RESET_TOPSKU,SCN_GT_GXX::CTRL_X_AUX_K_PREHVQK_X_X_X_X_X_SET_SKU_LFM,SCN_GT_GXX::CHAIN_ALL_GFXSB_K_BEGIN_HITO_GT_NOM_LFM_HVM_HRY_RAWSTR%,SCN_GT_GXX::STUCKAT_ALL_GFXSB_K_BEGIN_HITO_GT_NOM_LFM_HRY_RAWSTR%,9749809,9701968,140224
SCN_GT_GXX,gteuside,gt-gtslice5-gtxecore1-gteutop5,GT_GXX,gt,gtslice5,gtxecore1,gteutop5,,493,NVL_GT_SCN,SCN_GT_GXX::CTRL_X_PATMOD_K_BEGIN_X_X_X_X_X_RESET_TOPSKU,SCN_GT_GXX::CTRL_X_AUX_K_PREHVQK_X_X_X_X_X_SET_SKU_LFM,SCN_GT_GXX::CHAIN_ALL_GFXSB_K_BEGIN_HITO_GT_NOM_LFM_HVM_HRY_RAWSTR%,SCN_GT_GXX::STUCKAT_ALL_GFXSB_K_BEGIN_HITO_GT_NOM_LFM_HRY_RAWSTR%,9711074,9663298,140224
SCN_GT_GXX,gteusysside,gt-gtslice5-gtxecore1-gteusystop6,GT_GXX,gt,gtslice5,gtxecore1,gteusystop6,,1932,NVL_GT_SCN,SCN_GT_GXX::CTRL_X_PATMOD_K_BEGIN_X_X_X_X_X_RESET_TOPSKU,SCN_GT_GXX::CTRL_X_AUX_K_PREHVQK_X_X_X_X_X_SET_SKU_LFM,SCN_GT_GXX::CHAIN_ALL_GFXSB_K_BEGIN_HITO_GT_NOM_LFM_HVM_HRY_RAWSTR%,SCN_GT_GXX::STUCKAT_ALL_GFXSB_K_BEGIN_HITO_GT_NOM_LFM_HRY_RAWSTR%,6361608,6340759,105129
SCN_GT_GXX,gteuside,gt-gtslice5-gtxecore1-gteutop6,GT_GXX,gt,gtslice5,gtxecore1,gteutop6,,494,NVL_GT_SCN,SCN_GT_GXX::CTRL_X_PATMOD_K_BEGIN_X_X_X_X_X_RESET_TOPSKU,SCN_GT_GXX::CTRL_X_AUX_K_PREHVQK_X_X_X_X_X_SET_SKU_LFM,SCN_GT_GXX::CHAIN_ALL_GFXSB_K_BEGIN_HITO_GT_NOM_LFM_HVM_HRY_RAWSTR%,SCN_GT_GXX::STUCKAT_ALL_GFXSB_K_BEGIN_HITO_GT_NOM_LFM_HRY_RAWSTR%,9711074,9663298,140224
SCN_GT_GXX,gteusysside,gt-gtslice5-gtxecore1-gteusystop7,GT_GXX,gt,gtslice5,gtxecore1,gteusystop7,,1933,NVL_GT_SCN,SCN_GT_GXX::CTRL_X_PATMOD_K_BEGIN_X_X_X_X_X_RESET_TOPSKU,SCN_GT_GXX::CTRL_X_AUX_K_PREHVQK_X_X_X_X_X_SET_SKU_LFM,SCN_GT_GXX::CHAIN_ALL_GFXSB_K_BEGIN_HITO_GT_NOM_LFM_HVM_HRY_RAWSTR%,SCN_GT_GXX::STUCKAT_ALL_GFXSB_K_BEGIN_HITO_GT_NOM_LFM_HRY_RAWSTR%,6361608,6340759,105129
SCN_GT_GXX,gteuside,gt-gtslice5-gtxecore1-gteutop7,GT_GXX,gt,gtslice5,gtxecore1,gteutop7,,495,NVL_GT_SCN,SCN_GT_GXX::CTRL_X_PATMOD_K_BEGIN_X_X_X_X_X_RESET_TOPSKU,SCN_GT_GXX::CTRL_X_AUX_K_PREHVQK_X_X_X_X_X_SET_SKU_LFM,SCN_GT_GXX::CHAIN_ALL_GFXSB_K_BEGIN_HITO_GT_NOM_LFM_HVM_HRY_RAWSTR%,SCN_GT_GXX::STUCKAT_ALL_GFXSB_K_BEGIN_HITO_GT_NOM_LFM_HRY_RAWSTR%,9711074,9663298,140224
SCN_GT_GXX,gtxecorepar2,gt-gtslice5-gtxecore1-gtxecorepar2,GT_GXX,gt,gtslice5,gtxecore1,gtxecorepar2,,499,NVL_GT_SCN,SCN_GT_GXX::CTRL_X_PATMOD_K_BEGIN_X_X_X_X_X_RESET_TOPSKU,SCN_GT_GXX::CTRL_X_AUX_K_PREHVQK_X_X_X_X_X_SET_SKU_LFM,SCN_GT_GXX::CHAIN_ALL_GFXSB_K_BEGIN_HITO_GT_NOM_LFM_HVM_HRY_RAWSTR%,SCN_GT_GXX::STUCKAT_ALL_GFXSB_K_BEGIN_HITO_GT_NOM_LFM_HRY_RAWSTR%,7685097,7626107,100212
SCN_GT_GXX,gteusysside,gt-gtslice5-gtxecore1-gteusystop5,GT_GXX,gt,gtslice5,gtxecore1,gteusystop5,,1931,NVL_GT_SCN,SCN_GT_GXX::CTRL_X_PATMOD_K_BEGIN_X_X_X_X_X_RESET_TOPSKU,SCN_GT_GXX::CTRL_X_AUX_K_PREHVQK_X_X_X_X_X_SET_SKU_LFM,SCN_GT_GXX::CHAIN_ALL_GFXSB_K_BEGIN_HITO_GT_NOM_LFM_HVM_HRY_RAWSTR%,SCN_GT_GXX::STUCKAT_ALL_GFXSB_K_BEGIN_HITO_GT_NOM_LFM_HRY_RAWSTR%,6361608,6340759,105129
SCN_GT_GXX,gtlscbankpar1,gt-gtslice5-gtxecore2-gtlscbankpar1,GT_GXX,gt,gtslice5,gtxecore2,gtlscbankpar1,,511,NVL_GT_SCN,SCN_GT_GXX::CTRL_X_PATMOD_K_BEGIN_X_X_X_X_X_RESET_TOPSKU,SCN_GT_GXX::CTRL_X_AUX_K_PREHVQK_X_X_X_X_X_SET_SKU_LFM,SCN_GT_GXX::CHAIN_ALL_GFXSB_K_BEGIN_HITO_GT_NOM_LFM_HVM_HRY_RAWSTR%,SCN_GT_GXX::STUCKAT_ALL_GFXSB_K_BEGIN_HITO_GT_NOM_LFM_HRY_RAWSTR%,9131573,9007521,180595
SCN_GT_GXX,gtlscnodepar1,gt-gtslice5-gtxecore2-gtlscnodepar1,GT_GXX,gt,gtslice5,gtxecore2,gtlscnodepar1,,512,NVL_GT_SCN,SCN_GT_GXX::CTRL_X_PATMOD_K_BEGIN_X_X_X_X_X_RESET_TOPSKU,SCN_GT_GXX::CTRL_X_AUX_K_PREHVQK_X_X_X_X_X_SET_SKU_LFM,SCN_GT_GXX::CHAIN_ALL_GFXSB_K_BEGIN_HITO_GT_NOM_LFM_HVM_HRY_RAWSTR%,SCN_GT_GXX::STUCKAT_ALL_GFXSB_K_BEGIN_HITO_GT_NOM_LFM_HRY_RAWSTR%,8723346,8643432,141852
SCN_GT_GXX,gtxecorepar1,gt-gtslice5-gtxecore2-gtxecorepar1,GT_GXX,gt,gtslice5,gtxecore2,gtxecorepar1,,513,NVL_GT_SCN,SCN_GT_GXX::CTRL_X_PATMOD_K_BEGIN_X_X_X_X_X_RESET_TOPSKU,SCN_GT_GXX::CTRL_X_AUX_K_PREHVQK_X_X_X_X_X_SET_SKU_LFM,SCN_GT_GXX::CHAIN_ALL_GFXSB_K_BEGIN_HITO_GT_NOM_LFM_HVM_HRY_RAWSTR%,SCN_GT_GXX::STUCKAT_ALL_GFXSB_K_BEGIN_HITO_GT_NOM_LFM_HRY_RAWSTR%,11985757,11899189,168366
SCN_GT_GXX,gtxecorepar3,gt-gtslice5-gtxecore2-gtxecorepar3,GT_GXX,gt,gtslice5,gtxecore2,gtxecorepar3,,515,NVL_GT_SCN,SCN_GT_GXX::CTRL_X_PATMOD_K_BEGIN_X_X_X_X_X_RESET_TOPSKU,SCN_GT_GXX::CTRL_X_AUX_K_PREHVQK_X_X_X_X_X_SET_SKU_LFM,SCN_GT_GXX::CHAIN_ALL_GFXSB_K_BEGIN_HITO_GT_NOM_LFM_HVM_HRY_RAWSTR%,SCN_GT_GXX::STUCKAT_ALL_GFXSB_K_BEGIN_HITO_GT_NOM_LFM_HRY_RAWSTR%,13365253,13272040,270643
SCN_GT_GXX,gtxecorepar4,gt-gtslice5-gtxecore2-gtxecorepar4,GT_GXX,gt,gtslice5,gtxecore2,gtxecorepar4,,516,NVL_GT_SCN,SCN_GT_GXX::CTRL_X_PATMOD_K_BEGIN_X_X_X_X_X_RESET_TOPSKU,SCN_GT_GXX::CTRL_X_AUX_K_PREHVQK_X_X_X_X_X_SET_SKU_LFM,SCN_GT_GXX::CHAIN_ALL_GFXSB_K_BEGIN_HITO_GT_NOM_LFM_HVM_HRY_RAWSTR%,SCN_GT_GXX::STUCKAT_ALL_GFXSB_K_BEGIN_HITO_GT_NOM_LFM_HRY_RAWSTR%,11841780,11789789,160657
SCN_GT_GXX,gtxecorepar5,gt-gtslice5-gtxecore2-gtxecorepar5,GT_GXX,gt,gtslice5,gtxecore2,gtxecorepar5,,517,NVL_GT_SCN,SCN_GT_GXX::CTRL_X_PATMOD_K_BEGIN_X_X_X_X_X_RESET_TOPSKU,SCN_GT_GXX::CTRL_X_AUX_K_PREHVQK_X_X_X_X_X_SET_SKU_LFM,SCN_GT_GXX::CHAIN_ALL_GFXSB_K_BEGIN_HITO_GT_NOM_LFM_HVM_HRY_RAWSTR%,SCN_GT_GXX::STUCKAT_ALL_GFXSB_K_BEGIN_HITO_GT_NOM_LFM_HRY_RAWSTR%,12540921,12467757,218756
SCN_GT_GXX,gteusystop0,gt-gtslice5-gtxecore2-gteusystop0,GT_GXX,gt,gtslice5,gtxecore2,gteusystop0,,1934,NVL_GT_SCN,SCN_GT_GXX::CTRL_X_PATMOD_K_BEGIN_X_X_X_X_X_RESET_TOPSKU,SCN_GT_GXX::CTRL_X_AUX_K_PREHVQK_X_X_X_X_X_SET_SKU_LFM,SCN_GT_GXX::CHAIN_ALL_GFXSB_K_BEGIN_HITO_GT_NOM_LFM_HVM_HRY_RAWSTR%,SCN_GT_GXX::STUCKAT_ALL_GFXSB_K_BEGIN_HITO_GT_NOM_LFM_HRY_RAWSTR%,6398977,6378032,107295
SCN_GT_GXX,gteutop,gt-gtslice5-gtxecore2-gteutop0,GT_GXX,gt,gtslice5,gtxecore2,gteutop0,,503,NVL_GT_SCN,SCN_GT_GXX::CTRL_X_PATMOD_K_BEGIN_X_X_X_X_X_RESET_TOPSKU,SCN_GT_GXX::CTRL_X_AUX_K_PREHVQK_X_X_X_X_X_SET_SKU_LFM,SCN_GT_GXX::CHAIN_ALL_GFXSB_K_BEGIN_HITO_GT_NOM_LFM_HVM_HRY_RAWSTR%,SCN_GT_GXX::STUCKAT_ALL_GFXSB_K_BEGIN_HITO_GT_NOM_LFM_HRY_RAWSTR%,9749809,9701968,140224
SCN_GT_GXX,gteusysalt,gt-gtslice5-gtxecore2-gteusystop1,GT_GXX,gt,gtslice5,gtxecore2,gteusystop1,,1935,NVL_GT_SCN,SCN_GT_GXX::CTRL_X_PATMOD_K_BEGIN_X_X_X_X_X_RESET_TOPSKU,SCN_GT_GXX::CTRL_X_AUX_K_PREHVQK_X_X_X_X_X_SET_SKU_LFM,SCN_GT_GXX::CHAIN_ALL_GFXSB_K_BEGIN_HITO_GT_NOM_LFM_HVM_HRY_RAWSTR%,SCN_GT_GXX::STUCKAT_ALL_GFXSB_K_BEGIN_HITO_GT_NOM_LFM_HRY_RAWSTR%,6337642,6316608,105129
SCN_GT_GXX,gteuside,gt-gtslice5-gtxecore2-gteutop1,GT_GXX,gt,gtslice5,gtxecore2,gteutop1,,504,NVL_GT_SCN,SCN_GT_GXX::CTRL_X_PATMOD_K_BEGIN_X_X_X_X_X_RESET_TOPSKU,SCN_GT_GXX::CTRL_X_AUX_K_PREHVQK_X_X_X_X_X_SET_SKU_LFM,SCN_GT_GXX::CHAIN_ALL_GFXSB_K_BEGIN_HITO_GT_NOM_LFM_HVM_HRY_RAWSTR%,SCN_GT_GXX::STUCKAT_ALL_GFXSB_K_BEGIN_HITO_GT_NOM_LFM_HRY_RAWSTR%,9711074,9663298,140224
SCN_GT_GXX,gteusysside,gt-gtslice5-gtxecore2-gteusystop2,GT_GXX,gt,gtslice5,gtxecore2,gteusystop2,,1936,NVL_GT_SCN,SCN_GT_GXX::CTRL_X_PATMOD_K_BEGIN_X_X_X_X_X_RESET_TOPSKU,SCN_GT_GXX::CTRL_X_AUX_K_PREHVQK_X_X_X_X_X_SET_SKU_LFM,SCN_GT_GXX::CHAIN_ALL_GFXSB_K_BEGIN_HITO_GT_NOM_LFM_HVM_HRY_RAWSTR%,SCN_GT_GXX::STUCKAT_ALL_GFXSB_K_BEGIN_HITO_GT_NOM_LFM_HRY_RAWSTR%,6361608,6340759,105129
SCN_GT_GXX,gteuside,gt-gtslice5-gtxecore2-gteutop2,GT_GXX,gt,gtslice5,gtxecore2,gteutop2,,505,NVL_GT_SCN,SCN_GT_GXX::CTRL_X_PATMOD_K_BEGIN_X_X_X_X_X_RESET_TOPSKU,SCN_GT_GXX::CTRL_X_AUX_K_PREHVQK_X_X_X_X_X_SET_SKU_LFM,SCN_GT_GXX::CHAIN_ALL_GFXSB_K_BEGIN_HITO_GT_NOM_LFM_HVM_HRY_RAWSTR%,SCN_GT_GXX::STUCKAT_ALL_GFXSB_K_BEGIN_HITO_GT_NOM_LFM_HRY_RAWSTR%,9711074,9663298,140224
SCN_GT_GXX,gteusysside,gt-gtslice5-gtxecore2-gteusystop3,GT_GXX,gt,gtslice5,gtxecore2,gteusystop3,,1937,NVL_GT_SCN,SCN_GT_GXX::CTRL_X_PATMOD_K_BEGIN_X_X_X_X_X_RESET_TOPSKU,SCN_GT_GXX::CTRL_X_AUX_K_PREHVQK_X_X_X_X_X_SET_SKU_LFM,SCN_GT_GXX::CHAIN_ALL_GFXSB_K_BEGIN_HITO_GT_NOM_LFM_HVM_HRY_RAWSTR%,SCN_GT_GXX::STUCKAT_ALL_GFXSB_K_BEGIN_HITO_GT_NOM_LFM_HRY_RAWSTR%,6361608,6340759,105129
SCN_GT_GXX,gteuside,gt-gtslice5-gtxecore2-gteutop3,GT_GXX,gt,gtslice5,gtxecore2,gteutop3,,506,NVL_GT_SCN,SCN_GT_GXX::CTRL_X_PATMOD_K_BEGIN_X_X_X_X_X_RESET_TOPSKU,SCN_GT_GXX::CTRL_X_AUX_K_PREHVQK_X_X_X_X_X_SET_SKU_LFM,SCN_GT_GXX::CHAIN_ALL_GFXSB_K_BEGIN_HITO_GT_NOM_LFM_HVM_HRY_RAWSTR%,SCN_GT_GXX::STUCKAT_ALL_GFXSB_K_BEGIN_HITO_GT_NOM_LFM_HRY_RAWSTR%,9711074,9663298,140224
SCN_GT_GXX,gteusystop4,gt-gtslice5-gtxecore2-gteusystop4,GT_GXX,gt,gtslice5,gtxecore2,gteusystop4,,1938,NVL_GT_SCN,SCN_GT_GXX::CTRL_X_PATMOD_K_BEGIN_X_X_X_X_X_RESET_TOPSKU,SCN_GT_GXX::CTRL_X_AUX_K_PREHVQK_X_X_X_X_X_SET_SKU_LFM,SCN_GT_GXX::CHAIN_ALL_GFXSB_K_BEGIN_HITO_GT_NOM_LFM_HVM_HRY_RAWSTR%,SCN_GT_GXX::STUCKAT_ALL_GFXSB_K_BEGIN_HITO_GT_NOM_LFM_HRY_RAWSTR%,6394691,6373730,106636
SCN_GT_GXX,gteutop,gt-gtslice5-gtxecore2-gteutop4,GT_GXX,gt,gtslice5,gtxecore2,gteutop4,,507,NVL_GT_SCN,SCN_GT_GXX::CTRL_X_PATMOD_K_BEGIN_X_X_X_X_X_RESET_TOPSKU,SCN_GT_GXX::CTRL_X_AUX_K_PREHVQK_X_X_X_X_X_SET_SKU_LFM,SCN_GT_GXX::CHAIN_ALL_GFXSB_K_BEGIN_HITO_GT_NOM_LFM_HVM_HRY_RAWSTR%,SCN_GT_GXX::STUCKAT_ALL_GFXSB_K_BEGIN_HITO_GT_NOM_LFM_HRY_RAWSTR%,9749809,9701968,140224
SCN_GT_GXX,gteuside,gt-gtslice5-gtxecore2-gteutop5,GT_GXX,gt,gtslice5,gtxecore2,gteutop5,,508,NVL_GT_SCN,SCN_GT_GXX::CTRL_X_PATMOD_K_BEGIN_X_X_X_X_X_RESET_TOPSKU,SCN_GT_GXX::CTRL_X_AUX_K_PREHVQK_X_X_X_X_X_SET_SKU_LFM,SCN_GT_GXX::CHAIN_ALL_GFXSB_K_BEGIN_HITO_GT_NOM_LFM_HVM_HRY_RAWSTR%,SCN_GT_GXX::STUCKAT_ALL_GFXSB_K_BEGIN_HITO_GT_NOM_LFM_HRY_RAWSTR%,9711074,9663298,140224
SCN_GT_GXX,gteusysside,gt-gtslice5-gtxecore2-gteusystop6,GT_GXX,gt,gtslice5,gtxecore2,gteusystop6,,1940,NVL_GT_SCN,SCN_GT_GXX::CTRL_X_PATMOD_K_BEGIN_X_X_X_X_X_RESET_TOPSKU,SCN_GT_GXX::CTRL_X_AUX_K_PREHVQK_X_X_X_X_X_SET_SKU_LFM,SCN_GT_GXX::CHAIN_ALL_GFXSB_K_BEGIN_HITO_GT_NOM_LFM_HVM_HRY_RAWSTR%,SCN_GT_GXX::STUCKAT_ALL_GFXSB_K_BEGIN_HITO_GT_NOM_LFM_HRY_RAWSTR%,6361608,6340759,105129
SCN_GT_GXX,gteuside,gt-gtslice5-gtxecore2-gteutop6,GT_GXX,gt,gtslice5,gtxecore2,gteutop6,,509,NVL_GT_SCN,SCN_GT_GXX::CTRL_X_PATMOD_K_BEGIN_X_X_X_X_X_RESET_TOPSKU,SCN_GT_GXX::CTRL_X_AUX_K_PREHVQK_X_X_X_X_X_SET_SKU_LFM,SCN_GT_GXX::CHAIN_ALL_GFXSB_K_BEGIN_HITO_GT_NOM_LFM_HVM_HRY_RAWSTR%,SCN_GT_GXX::STUCKAT_ALL_GFXSB_K_BEGIN_HITO_GT_NOM_LFM_HRY_RAWSTR%,9711074,9663298,140224
SCN_GT_GXX,gteusysside,gt-gtslice5-gtxecore2-gteusystop7,GT_GXX,gt,gtslice5,gtxecore2,gteusystop7,,1941,NVL_GT_SCN,SCN_GT_GXX::CTRL_X_PATMOD_K_BEGIN_X_X_X_X_X_RESET_TOPSKU,SCN_GT_GXX::CTRL_X_AUX_K_PREHVQK_X_X_X_X_X_SET_SKU_LFM,SCN_GT_GXX::CHAIN_ALL_GFXSB_K_BEGIN_HITO_GT_NOM_LFM_HVM_HRY_RAWSTR%,SCN_GT_GXX::STUCKAT_ALL_GFXSB_K_BEGIN_HITO_GT_NOM_LFM_HRY_RAWSTR%,6361608,6340759,105129
SCN_GT_GXX,gteuside,gt-gtslice5-gtxecore2-gteutop7,GT_GXX,gt,gtslice5,gtxecore2,gteutop7,,510,NVL_GT_SCN,SCN_GT_GXX::CTRL_X_PATMOD_K_BEGIN_X_X_X_X_X_RESET_TOPSKU,SCN_GT_GXX::CTRL_X_AUX_K_PREHVQK_X_X_X_X_X_SET_SKU_LFM,SCN_GT_GXX::CHAIN_ALL_GFXSB_K_BEGIN_HITO_GT_NOM_LFM_HVM_HRY_RAWSTR%,SCN_GT_GXX::STUCKAT_ALL_GFXSB_K_BEGIN_HITO_GT_NOM_LFM_HRY_RAWSTR%,9711074,9663298,140224
SCN_GT_GXX,gtxecorepar2,gt-gtslice5-gtxecore2-gtxecorepar2,GT_GXX,gt,gtslice5,gtxecore2,gtxecorepar2,,514,NVL_GT_SCN,SCN_GT_GXX::CTRL_X_PATMOD_K_BEGIN_X_X_X_X_X_RESET_TOPSKU,SCN_GT_GXX::CTRL_X_AUX_K_PREHVQK_X_X_X_X_X_SET_SKU_LFM,SCN_GT_GXX::CHAIN_ALL_GFXSB_K_BEGIN_HITO_GT_NOM_LFM_HVM_HRY_RAWSTR%,SCN_GT_GXX::STUCKAT_ALL_GFXSB_K_BEGIN_HITO_GT_NOM_LFM_HRY_RAWSTR%,7685097,7626107,100212
SCN_GT_GXX,gteusysside,gt-gtslice5-gtxecore2-gteusystop5,GT_GXX,gt,gtslice5,gtxecore2,gteusystop5,,1939,NVL_GT_SCN,SCN_GT_GXX::CTRL_X_PATMOD_K_BEGIN_X_X_X_X_X_RESET_TOPSKU,SCN_GT_GXX::CTRL_X_AUX_K_PREHVQK_X_X_X_X_X_SET_SKU_LFM,SCN_GT_GXX::CHAIN_ALL_GFXSB_K_BEGIN_HITO_GT_NOM_LFM_HVM_HRY_RAWSTR%,SCN_GT_GXX::STUCKAT_ALL_GFXSB_K_BEGIN_HITO_GT_NOM_LFM_HRY_RAWSTR%,6361608,6340759,105129
SCN_GT_GXX,gtlscbankpar1,gt-gtslice5-gtxecore3-gtlscbankpar1,GT_GXX,gt,gtslice5,gtxecore3,gtlscbankpar1,,526,NVL_GT_SCN,SCN_GT_GXX::CTRL_X_PATMOD_K_BEGIN_X_X_X_X_X_RESET_TOPSKU,SCN_GT_GXX::CTRL_X_AUX_K_PREHVQK_X_X_X_X_X_SET_SKU_LFM,SCN_GT_GXX::CHAIN_ALL_GFXSB_K_BEGIN_HITO_GT_NOM_LFM_HVM_HRY_RAWSTR%,SCN_GT_GXX::STUCKAT_ALL_GFXSB_K_BEGIN_HITO_GT_NOM_LFM_HRY_RAWSTR%,9131573,9007521,180595
SCN_GT_GXX,gtlscnodepar1,gt-gtslice5-gtxecore3-gtlscnodepar1,GT_GXX,gt,gtslice5,gtxecore3,gtlscnodepar1,,527,NVL_GT_SCN,SCN_GT_GXX::CTRL_X_PATMOD_K_BEGIN_X_X_X_X_X_RESET_TOPSKU,SCN_GT_GXX::CTRL_X_AUX_K_PREHVQK_X_X_X_X_X_SET_SKU_LFM,SCN_GT_GXX::CHAIN_ALL_GFXSB_K_BEGIN_HITO_GT_NOM_LFM_HVM_HRY_RAWSTR%,SCN_GT_GXX::STUCKAT_ALL_GFXSB_K_BEGIN_HITO_GT_NOM_LFM_HRY_RAWSTR%,8723346,8643432,141852
SCN_GT_GXX,gtxecorepar1,gt-gtslice5-gtxecore3-gtxecorepar1,GT_GXX,gt,gtslice5,gtxecore3,gtxecorepar1,,528,NVL_GT_SCN,SCN_GT_GXX::CTRL_X_PATMOD_K_BEGIN_X_X_X_X_X_RESET_TOPSKU,SCN_GT_GXX::CTRL_X_AUX_K_PREHVQK_X_X_X_X_X_SET_SKU_LFM,SCN_GT_GXX::CHAIN_ALL_GFXSB_K_BEGIN_HITO_GT_NOM_LFM_HVM_HRY_RAWSTR%,SCN_GT_GXX::STUCKAT_ALL_GFXSB_K_BEGIN_HITO_GT_NOM_LFM_HRY_RAWSTR%,11985757,11899189,168366
SCN_GT_GXX,gtxecorepar3,gt-gtslice5-gtxecore3-gtxecorepar3,GT_GXX,gt,gtslice5,gtxecore3,gtxecorepar3,,530,NVL_GT_SCN,SCN_GT_GXX::CTRL_X_PATMOD_K_BEGIN_X_X_X_X_X_RESET_TOPSKU,SCN_GT_GXX::CTRL_X_AUX_K_PREHVQK_X_X_X_X_X_SET_SKU_LFM,SCN_GT_GXX::CHAIN_ALL_GFXSB_K_BEGIN_HITO_GT_NOM_LFM_HVM_HRY_RAWSTR%,SCN_GT_GXX::STUCKAT_ALL_GFXSB_K_BEGIN_HITO_GT_NOM_LFM_HRY_RAWSTR%,13365253,13272040,270643
SCN_GT_GXX,gtxecorepar4,gt-gtslice5-gtxecore3-gtxecorepar4,GT_GXX,gt,gtslice5,gtxecore3,gtxecorepar4,,531,NVL_GT_SCN,SCN_GT_GXX::CTRL_X_PATMOD_K_BEGIN_X_X_X_X_X_RESET_TOPSKU,SCN_GT_GXX::CTRL_X_AUX_K_PREHVQK_X_X_X_X_X_SET_SKU_LFM,SCN_GT_GXX::CHAIN_ALL_GFXSB_K_BEGIN_HITO_GT_NOM_LFM_HVM_HRY_RAWSTR%,SCN_GT_GXX::STUCKAT_ALL_GFXSB_K_BEGIN_HITO_GT_NOM_LFM_HRY_RAWSTR%,11841780,11789789,160657
SCN_GT_GXX,gtxecorepar5,gt-gtslice5-gtxecore3-gtxecorepar5,GT_GXX,gt,gtslice5,gtxecore3,gtxecorepar5,,532,NVL_GT_SCN,SCN_GT_GXX::CTRL_X_PATMOD_K_BEGIN_X_X_X_X_X_RESET_TOPSKU,SCN_GT_GXX::CTRL_X_AUX_K_PREHVQK_X_X_X_X_X_SET_SKU_LFM,SCN_GT_GXX::CHAIN_ALL_GFXSB_K_BEGIN_HITO_GT_NOM_LFM_HVM_HRY_RAWSTR%,SCN_GT_GXX::STUCKAT_ALL_GFXSB_K_BEGIN_HITO_GT_NOM_LFM_HRY_RAWSTR%,12540921,12467757,218756
SCN_GT_GXX,gteusystop0,gt-gtslice5-gtxecore3-gteusystop0,GT_GXX,gt,gtslice5,gtxecore3,gteusystop0,,1942,NVL_GT_SCN,SCN_GT_GXX::CTRL_X_PATMOD_K_BEGIN_X_X_X_X_X_RESET_TOPSKU,SCN_GT_GXX::CTRL_X_AUX_K_PREHVQK_X_X_X_X_X_SET_SKU_LFM,SCN_GT_GXX::CHAIN_ALL_GFXSB_K_BEGIN_HITO_GT_NOM_LFM_HVM_HRY_RAWSTR%,SCN_GT_GXX::STUCKAT_ALL_GFXSB_K_BEGIN_HITO_GT_NOM_LFM_HRY_RAWSTR%,6398977,6378032,107295
SCN_GT_GXX,gteutop,gt-gtslice5-gtxecore3-gteutop0,GT_GXX,gt,gtslice5,gtxecore3,gteutop0,,518,NVL_GT_SCN,SCN_GT_GXX::CTRL_X_PATMOD_K_BEGIN_X_X_X_X_X_RESET_TOPSKU,SCN_GT_GXX::CTRL_X_AUX_K_PREHVQK_X_X_X_X_X_SET_SKU_LFM,SCN_GT_GXX::CHAIN_ALL_GFXSB_K_BEGIN_HITO_GT_NOM_LFM_HVM_HRY_RAWSTR%,SCN_GT_GXX::STUCKAT_ALL_GFXSB_K_BEGIN_HITO_GT_NOM_LFM_HRY_RAWSTR%,9749809,9701968,140224
SCN_GT_GXX,gteusysalt,gt-gtslice5-gtxecore3-gteusystop1,GT_GXX,gt,gtslice5,gtxecore3,gteusystop1,,1943,NVL_GT_SCN,SCN_GT_GXX::CTRL_X_PATMOD_K_BEGIN_X_X_X_X_X_RESET_TOPSKU,SCN_GT_GXX::CTRL_X_AUX_K_PREHVQK_X_X_X_X_X_SET_SKU_LFM,SCN_GT_GXX::CHAIN_ALL_GFXSB_K_BEGIN_HITO_GT_NOM_LFM_HVM_HRY_RAWSTR%,SCN_GT_GXX::STUCKAT_ALL_GFXSB_K_BEGIN_HITO_GT_NOM_LFM_HRY_RAWSTR%,6337642,6316608,105129
SCN_GT_GXX,gteuside,gt-gtslice5-gtxecore3-gteutop1,GT_GXX,gt,gtslice5,gtxecore3,gteutop1,,519,NVL_GT_SCN,SCN_GT_GXX::CTRL_X_PATMOD_K_BEGIN_X_X_X_X_X_RESET_TOPSKU,SCN_GT_GXX::CTRL_X_AUX_K_PREHVQK_X_X_X_X_X_SET_SKU_LFM,SCN_GT_GXX::CHAIN_ALL_GFXSB_K_BEGIN_HITO_GT_NOM_LFM_HVM_HRY_RAWSTR%,SCN_GT_GXX::STUCKAT_ALL_GFXSB_K_BEGIN_HITO_GT_NOM_LFM_HRY_RAWSTR%,9711074,9663298,140224
SCN_GT_GXX,gteusysside,gt-gtslice5-gtxecore3-gteusystop2,GT_GXX,gt,gtslice5,gtxecore3,gteusystop2,,1944,NVL_GT_SCN,SCN_GT_GXX::CTRL_X_PATMOD_K_BEGIN_X_X_X_X_X_RESET_TOPSKU,SCN_GT_GXX::CTRL_X_AUX_K_PREHVQK_X_X_X_X_X_SET_SKU_LFM,SCN_GT_GXX::CHAIN_ALL_GFXSB_K_BEGIN_HITO_GT_NOM_LFM_HVM_HRY_RAWSTR%,SCN_GT_GXX::STUCKAT_ALL_GFXSB_K_BEGIN_HITO_GT_NOM_LFM_HRY_RAWSTR%,6361608,6340759,105129
SCN_GT_GXX,gteuside,gt-gtslice5-gtxecore3-gteutop2,GT_GXX,gt,gtslice5,gtxecore3,gteutop2,,520,NVL_GT_SCN,SCN_GT_GXX::CTRL_X_PATMOD_K_BEGIN_X_X_X_X_X_RESET_TOPSKU,SCN_GT_GXX::CTRL_X_AUX_K_PREHVQK_X_X_X_X_X_SET_SKU_LFM,SCN_GT_GXX::CHAIN_ALL_GFXSB_K_BEGIN_HITO_GT_NOM_LFM_HVM_HRY_RAWSTR%,SCN_GT_GXX::STUCKAT_ALL_GFXSB_K_BEGIN_HITO_GT_NOM_LFM_HRY_RAWSTR%,9711074,9663298,140224
SCN_GT_GXX,gteusysside,gt-gtslice5-gtxecore3-gteusystop3,GT_GXX,gt,gtslice5,gtxecore3,gteusystop3,,1945,NVL_GT_SCN,SCN_GT_GXX::CTRL_X_PATMOD_K_BEGIN_X_X_X_X_X_RESET_TOPSKU,SCN_GT_GXX::CTRL_X_AUX_K_PREHVQK_X_X_X_X_X_SET_SKU_LFM,SCN_GT_GXX::CHAIN_ALL_GFXSB_K_BEGIN_HITO_GT_NOM_LFM_HVM_HRY_RAWSTR%,SCN_GT_GXX::STUCKAT_ALL_GFXSB_K_BEGIN_HITO_GT_NOM_LFM_HRY_RAWSTR%,6361608,6340759,105129
SCN_GT_GXX,gteuside,gt-gtslice5-gtxecore3-gteutop3,GT_GXX,gt,gtslice5,gtxecore3,gteutop3,,521,NVL_GT_SCN,SCN_GT_GXX::CTRL_X_PATMOD_K_BEGIN_X_X_X_X_X_RESET_TOPSKU,SCN_GT_GXX::CTRL_X_AUX_K_PREHVQK_X_X_X_X_X_SET_SKU_LFM,SCN_GT_GXX::CHAIN_ALL_GFXSB_K_BEGIN_HITO_GT_NOM_LFM_HVM_HRY_RAWSTR%,SCN_GT_GXX::STUCKAT_ALL_GFXSB_K_BEGIN_HITO_GT_NOM_LFM_HRY_RAWSTR%,9711074,9663298,140224
SCN_GT_GXX,gteusystop4,gt-gtslice5-gtxecore3-gteusystop4,GT_GXX,gt,gtslice5,gtxecore3,gteusystop4,,1946,NVL_GT_SCN,SCN_GT_GXX::CTRL_X_PATMOD_K_BEGIN_X_X_X_X_X_RESET_TOPSKU,SCN_GT_GXX::CTRL_X_AUX_K_PREHVQK_X_X_X_X_X_SET_SKU_LFM,SCN_GT_GXX::CHAIN_ALL_GFXSB_K_BEGIN_HITO_GT_NOM_LFM_HVM_HRY_RAWSTR%,SCN_GT_GXX::STUCKAT_ALL_GFXSB_K_BEGIN_HITO_GT_NOM_LFM_HRY_RAWSTR%,6394691,6373730,106636
SCN_GT_GXX,gteutop,gt-gtslice5-gtxecore3-gteutop4,GT_GXX,gt,gtslice5,gtxecore3,gteutop4,,522,NVL_GT_SCN,SCN_GT_GXX::CTRL_X_PATMOD_K_BEGIN_X_X_X_X_X_RESET_TOPSKU,SCN_GT_GXX::CTRL_X_AUX_K_PREHVQK_X_X_X_X_X_SET_SKU_LFM,SCN_GT_GXX::CHAIN_ALL_GFXSB_K_BEGIN_HITO_GT_NOM_LFM_HVM_HRY_RAWSTR%,SCN_GT_GXX::STUCKAT_ALL_GFXSB_K_BEGIN_HITO_GT_NOM_LFM_HRY_RAWSTR%,9749809,9701968,140224
SCN_GT_GXX,gteuside,gt-gtslice5-gtxecore3-gteutop5,GT_GXX,gt,gtslice5,gtxecore3,gteutop5,,523,NVL_GT_SCN,SCN_GT_GXX::CTRL_X_PATMOD_K_BEGIN_X_X_X_X_X_RESET_TOPSKU,SCN_GT_GXX::CTRL_X_AUX_K_PREHVQK_X_X_X_X_X_SET_SKU_LFM,SCN_GT_GXX::CHAIN_ALL_GFXSB_K_BEGIN_HITO_GT_NOM_LFM_HVM_HRY_RAWSTR%,SCN_GT_GXX::STUCKAT_ALL_GFXSB_K_BEGIN_HITO_GT_NOM_LFM_HRY_RAWSTR%,9711074,9663298,140224
SCN_GT_GXX,gteusysside,gt-gtslice5-gtxecore3-gteusystop6,GT_GXX,gt,gtslice5,gtxecore3,gteusystop6,,1948,NVL_GT_SCN,SCN_GT_GXX::CTRL_X_PATMOD_K_BEGIN_X_X_X_X_X_RESET_TOPSKU,SCN_GT_GXX::CTRL_X_AUX_K_PREHVQK_X_X_X_X_X_SET_SKU_LFM,SCN_GT_GXX::CHAIN_ALL_GFXSB_K_BEGIN_HITO_GT_NOM_LFM_HVM_HRY_RAWSTR%,SCN_GT_GXX::STUCKAT_ALL_GFXSB_K_BEGIN_HITO_GT_NOM_LFM_HRY_RAWSTR%,6361608,6340759,105129
SCN_GT_GXX,gteuside,gt-gtslice5-gtxecore3-gteutop6,GT_GXX,gt,gtslice5,gtxecore3,gteutop6,,524,NVL_GT_SCN,SCN_GT_GXX::CTRL_X_PATMOD_K_BEGIN_X_X_X_X_X_RESET_TOPSKU,SCN_GT_GXX::CTRL_X_AUX_K_PREHVQK_X_X_X_X_X_SET_SKU_LFM,SCN_GT_GXX::CHAIN_ALL_GFXSB_K_BEGIN_HITO_GT_NOM_LFM_HVM_HRY_RAWSTR%,SCN_GT_GXX::STUCKAT_ALL_GFXSB_K_BEGIN_HITO_GT_NOM_LFM_HRY_RAWSTR%,9711074,9663298,140224
SCN_GT_GXX,gteusysside,gt-gtslice5-gtxecore3-gteusystop7,GT_GXX,gt,gtslice5,gtxecore3,gteusystop7,,1949,NVL_GT_SCN,SCN_GT_GXX::CTRL_X_PATMOD_K_BEGIN_X_X_X_X_X_RESET_TOPSKU,SCN_GT_GXX::CTRL_X_AUX_K_PREHVQK_X_X_X_X_X_SET_SKU_LFM,SCN_GT_GXX::CHAIN_ALL_GFXSB_K_BEGIN_HITO_GT_NOM_LFM_HVM_HRY_RAWSTR%,SCN_GT_GXX::STUCKAT_ALL_GFXSB_K_BEGIN_HITO_GT_NOM_LFM_HRY_RAWSTR%,6361608,6340759,105129
SCN_GT_GXX,gteuside,gt-gtslice5-gtxecore3-gteutop7,GT_GXX,gt,gtslice5,gtxecore3,gteutop7,,525,NVL_GT_SCN,SCN_GT_GXX::CTRL_X_PATMOD_K_BEGIN_X_X_X_X_X_RESET_TOPSKU,SCN_GT_GXX::CTRL_X_AUX_K_PREHVQK_X_X_X_X_X_SET_SKU_LFM,SCN_GT_GXX::CHAIN_ALL_GFXSB_K_BEGIN_HITO_GT_NOM_LFM_HVM_HRY_RAWSTR%,SCN_GT_GXX::STUCKAT_ALL_GFXSB_K_BEGIN_HITO_GT_NOM_LFM_HRY_RAWSTR%,9711074,9663298,140224
SCN_GT_GXX,gtxecorepar2,gt-gtslice5-gtxecore3-gtxecorepar2,GT_GXX,gt,gtslice5,gtxecore3,gtxecorepar2,,529,NVL_GT_SCN,SCN_GT_GXX::CTRL_X_PATMOD_K_BEGIN_X_X_X_X_X_RESET_TOPSKU,SCN_GT_GXX::CTRL_X_AUX_K_PREHVQK_X_X_X_X_X_SET_SKU_LFM,SCN_GT_GXX::CHAIN_ALL_GFXSB_K_BEGIN_HITO_GT_NOM_LFM_HVM_HRY_RAWSTR%,SCN_GT_GXX::STUCKAT_ALL_GFXSB_K_BEGIN_HITO_GT_NOM_LFM_HRY_RAWSTR%,7685097,7626107,100212
SCN_GT_GXX,gteusysside,gt-gtslice5-gtxecore3-gteusystop5,GT_GXX,gt,gtslice5,gtxecore3,gteusystop5,,1947,NVL_GT_SCN,SCN_GT_GXX::CTRL_X_PATMOD_K_BEGIN_X_X_X_X_X_RESET_TOPSKU,SCN_GT_GXX::CTRL_X_AUX_K_PREHVQK_X_X_X_X_X_SET_SKU_LFM,SCN_GT_GXX::CHAIN_ALL_GFXSB_K_BEGIN_HITO_GT_NOM_LFM_HVM_HRY_RAWSTR%,SCN_GT_GXX::STUCKAT_ALL_GFXSB_K_BEGIN_HITO_GT_NOM_LFM_HRY_RAWSTR%,6361608,6340759,105129
SCN_GT_GXX,gtrasterpar2,gt-gtslice5-gtsc-gtrasterpar2,GT_GXX,gt,gtslice5,gtsc,gtrasterpar2,,453,NVL_GT_SCN,SCN_GT_GXX::CTRL_X_PATMOD_K_BEGIN_X_X_X_X_X_RESET_TOPSKU,SCN_GT_GXX::CTRL_X_AUX_K_PREHVQK_X_X_X_X_X_SET_SKU_LFM,SCN_GT_GXX::CHAIN_ALL_GFXSB_K_BEGIN_HITO_GT_NOM_LFM_HVM_HRY_RAWSTR%,SCN_GT_GXX::STUCKAT_ALL_GFXSB_K_BEGIN_HITO_GT_NOM_LFM_HRY_RAWSTR%,10762799,10627137,228584
SCN_GT_GXX,gtrasterpar3,gt-gtslice5-gtsc-gtrasterpar3,GT_GXX,gt,gtslice5,gtsc,gtrasterpar3,,454,NVL_GT_SCN,SCN_GT_GXX::CTRL_X_PATMOD_K_BEGIN_X_X_X_X_X_RESET_TOPSKU,SCN_GT_GXX::CTRL_X_AUX_K_PREHVQK_X_X_X_X_X_SET_SKU_LFM,SCN_GT_GXX::CHAIN_ALL_GFXSB_K_BEGIN_HITO_GT_NOM_LFM_HVM_HRY_RAWSTR%,SCN_GT_GXX::STUCKAT_ALL_GFXSB_K_BEGIN_HITO_GT_NOM_LFM_HRY_RAWSTR%,11549858,11485157,269146
SCN_GT_GXX,gtcpipepar1,gt-gtslice5-gtsc-gtscpipe0-gtcpipepar1,GT_GXX,gt,gtslice5,gtsc,gtscpipe0,gtcpipepar1,455,NVL_GT_SCN,SCN_GT_GXX::CTRL_X_PATMOD_K_BEGIN_X_X_X_X_X_RESET_TOPSKU,SCN_GT_GXX::CTRL_X_AUX_K_PREHVQK_X_X_X_X_X_SET_SKU_LFM,SCN_GT_GXX::CHAIN_ALL_GFXSB_K_BEGIN_HITO_GT_NOM_LFM_HVM_HRY_RAWSTR%,SCN_GT_GXX::STUCKAT_ALL_GFXSB_K_BEGIN_HITO_GT_NOM_LFM_HRY_RAWSTR%,10746850,10696909,194538
SCN_GT_GXX,gtcpipepar2,gt-gtslice5-gtsc-gtscpipe0-gtcpipepar2,GT_GXX,gt,gtslice5,gtsc,gtscpipe0,gtcpipepar2,456,NVL_GT_SCN,SCN_GT_GXX::CTRL_X_PATMOD_K_BEGIN_X_X_X_X_X_RESET_TOPSKU,SCN_GT_GXX::CTRL_X_AUX_K_PREHVQK_X_X_X_X_X_SET_SKU_LFM,SCN_GT_GXX::CHAIN_ALL_GFXSB_K_BEGIN_HITO_GT_NOM_LFM_HVM_HRY_RAWSTR%,SCN_GT_GXX::STUCKAT_ALL_GFXSB_K_BEGIN_HITO_GT_NOM_LFM_HRY_RAWSTR%,10756187,10689922,230394
SCN_GT_GXX,gtfixpar1,gt-gtslice5-gtsc-gtscpipe0-gtfixpar1,GT_GXX,gt,gtslice5,gtsc,gtscpipe0,gtfixpar1,457,NVL_GT_SCN,SCN_GT_GXX::CTRL_X_PATMOD_K_BEGIN_X_X_X_X_X_RESET_TOPSKU,SCN_GT_GXX::CTRL_X_AUX_K_PREHVQK_X_X_X_X_X_SET_SKU_LFM,SCN_GT_GXX::CHAIN_ALL_GFXSB_K_BEGIN_HITO_GT_NOM_LFM_HVM_HRY_RAWSTR%,SCN_GT_GXX::STUCKAT_ALL_GFXSB_K_BEGIN_HITO_GT_NOM_LFM_HRY_RAWSTR%,4895039,4724601,86543
SCN_GT_GXX,gtfixpar2,gt-gtslice5-gtsc-gtscpipe0-gtfixpar2,GT_GXX,gt,gtslice5,gtsc,gtscpipe0,gtfixpar2,458,NVL_GT_SCN,SCN_GT_GXX::CTRL_X_PATMOD_K_BEGIN_X_X_X_X_X_RESET_TOPSKU,SCN_GT_GXX::CTRL_X_AUX_K_PREHVQK_X_X_X_X_X_SET_SKU_LFM,SCN_GT_GXX::CHAIN_ALL_GFXSB_K_BEGIN_HITO_GT_NOM_LFM_HVM_HRY_RAWSTR%,SCN_GT_GXX::STUCKAT_ALL_GFXSB_K_BEGIN_HITO_GT_NOM_LFM_HRY_RAWSTR%,13679498,13553314,259495
SCN_GT_GXX,gtfixpar3,gt-gtslice5-gtsc-gtscpipe0-gtfixpar3,GT_GXX,gt,gtslice5,gtsc,gtscpipe0,gtfixpar3,459,NVL_GT_SCN,SCN_GT_GXX::CTRL_X_PATMOD_K_BEGIN_X_X_X_X_X_RESET_TOPSKU,SCN_GT_GXX::CTRL_X_AUX_K_PREHVQK_X_X_X_X_X_SET_SKU_LFM,SCN_GT_GXX::CHAIN_ALL_GFXSB_K_BEGIN_HITO_GT_NOM_LFM_HVM_HRY_RAWSTR%,SCN_GT_GXX::STUCKAT_ALL_GFXSB_K_BEGIN_HITO_GT_NOM_LFM_HRY_RAWSTR%,10627088,10527045,224971
SCN_GT_GXX,gtstlbpar1,gt-gtslice5-gtsc-gtscpipe0-gtstlbpar1,GT_GXX,gt,gtslice5,gtsc,gtscpipe0,gtstlbpar1,460,NVL_GT_SCN,SCN_GT_GXX::CTRL_X_PATMOD_K_BEGIN_X_X_X_X_X_RESET_TOPSKU,SCN_GT_GXX::CTRL_X_AUX_K_PREHVQK_X_X_X_X_X_SET_SKU_LFM,SCN_GT_GXX::CHAIN_ALL_GFXSB_K_BEGIN_HITO_GT_NOM_LFM_HVM_HRY_RAWSTR%,SCN_GT_GXX::STUCKAT_ALL_GFXSB_K_BEGIN_HITO_GT_NOM_LFM_HRY_RAWSTR%,6105618,6061686,103677
SCN_GT_GXX,gtxetlbpar1,gt-gtslice5-gtsc-gtscpipe0-gtxetlbpar1,GT_GXX,gt,gtslice5,gtsc,gtscpipe0,gtxetlbpar1,461,NVL_GT_SCN,SCN_GT_GXX::CTRL_X_PATMOD_K_BEGIN_X_X_X_X_X_RESET_TOPSKU,SCN_GT_GXX::CTRL_X_AUX_K_PREHVQK_X_X_X_X_X_SET_SKU_LFM,SCN_GT_GXX::CHAIN_ALL_GFXSB_K_BEGIN_HITO_GT_NOM_LFM_HVM_HRY_RAWSTR%,SCN_GT_GXX::STUCKAT_ALL_GFXSB_K_BEGIN_HITO_GT_NOM_LFM_HRY_RAWSTR%,6576463,6504549,121628
SCN_GT_GXX,gtxetlbpar2,gt-gtslice5-gtsc-gtscpipe0-gtxetlbpar2,GT_GXX,gt,gtslice5,gtsc,gtscpipe0,gtxetlbpar2,462,NVL_GT_SCN,SCN_GT_GXX::CTRL_X_PATMOD_K_BEGIN_X_X_X_X_X_RESET_TOPSKU,SCN_GT_GXX::CTRL_X_AUX_K_PREHVQK_X_X_X_X_X_SET_SKU_LFM,SCN_GT_GXX::CHAIN_ALL_GFXSB_K_BEGIN_HITO_GT_NOM_LFM_HVM_HRY_RAWSTR%,SCN_GT_GXX::STUCKAT_ALL_GFXSB_K_BEGIN_HITO_GT_NOM_LFM_HRY_RAWSTR%,10665366,10573421,126009
SCN_GT_GXX,gtzpipepar1,gt-gtslice5-gtsc-gtscpipe0-gtzpipepar1,GT_GXX,gt,gtslice5,gtsc,gtscpipe0,gtzpipepar1,463,NVL_GT_SCN,SCN_GT_GXX::CTRL_X_PATMOD_K_BEGIN_X_X_X_X_X_RESET_TOPSKU,SCN_GT_GXX::CTRL_X_AUX_K_PREHVQK_X_X_X_X_X_SET_SKU_LFM,SCN_GT_GXX::CHAIN_ALL_GFXSB_K_BEGIN_HITO_GT_NOM_LFM_HVM_HRY_RAWSTR%,SCN_GT_GXX::STUCKAT_ALL_GFXSB_K_BEGIN_HITO_GT_NOM_LFM_HRY_RAWSTR%,11122704,11025644,266022
SCN_GT_GXX,gtcpipepar1,gt-gtslice5-gtsc-gtscpipe1-gtcpipepar1,GT_GXX,gt,gtslice5,gtsc,gtscpipe1,gtcpipepar1,464,NVL_GT_SCN,SCN_GT_GXX::CTRL_X_PATMOD_K_BEGIN_X_X_X_X_X_RESET_TOPSKU,SCN_GT_GXX::CTRL_X_AUX_K_PREHVQK_X_X_X_X_X_SET_SKU_LFM,SCN_GT_GXX::CHAIN_ALL_GFXSB_K_BEGIN_HITO_GT_NOM_LFM_HVM_HRY_RAWSTR%,SCN_GT_GXX::STUCKAT_ALL_GFXSB_K_BEGIN_HITO_GT_NOM_LFM_HRY_RAWSTR%,10746850,10696909,194538
SCN_GT_GXX,gtcpipepar2,gt-gtslice5-gtsc-gtscpipe1-gtcpipepar2,GT_GXX,gt,gtslice5,gtsc,gtscpipe1,gtcpipepar2,465,NVL_GT_SCN,SCN_GT_GXX::CTRL_X_PATMOD_K_BEGIN_X_X_X_X_X_RESET_TOPSKU,SCN_GT_GXX::CTRL_X_AUX_K_PREHVQK_X_X_X_X_X_SET_SKU_LFM,SCN_GT_GXX::CHAIN_ALL_GFXSB_K_BEGIN_HITO_GT_NOM_LFM_HVM_HRY_RAWSTR%,SCN_GT_GXX::STUCKAT_ALL_GFXSB_K_BEGIN_HITO_GT_NOM_LFM_HRY_RAWSTR%,10756187,10689922,230394
SCN_GT_GXX,gtfixpar1,gt-gtslice5-gtsc-gtscpipe1-gtfixpar1,GT_GXX,gt,gtslice5,gtsc,gtscpipe1,gtfixpar1,466,NVL_GT_SCN,SCN_GT_GXX::CTRL_X_PATMOD_K_BEGIN_X_X_X_X_X_RESET_TOPSKU,SCN_GT_GXX::CTRL_X_AUX_K_PREHVQK_X_X_X_X_X_SET_SKU_LFM,SCN_GT_GXX::CHAIN_ALL_GFXSB_K_BEGIN_HITO_GT_NOM_LFM_HVM_HRY_RAWSTR%,SCN_GT_GXX::STUCKAT_ALL_GFXSB_K_BEGIN_HITO_GT_NOM_LFM_HRY_RAWSTR%,4895039,4724601,86543
SCN_GT_GXX,gtfixpar2,gt-gtslice5-gtsc-gtscpipe1-gtfixpar2,GT_GXX,gt,gtslice5,gtsc,gtscpipe1,gtfixpar2,467,NVL_GT_SCN,SCN_GT_GXX::CTRL_X_PATMOD_K_BEGIN_X_X_X_X_X_RESET_TOPSKU,SCN_GT_GXX::CTRL_X_AUX_K_PREHVQK_X_X_X_X_X_SET_SKU_LFM,SCN_GT_GXX::CHAIN_ALL_GFXSB_K_BEGIN_HITO_GT_NOM_LFM_HVM_HRY_RAWSTR%,SCN_GT_GXX::STUCKAT_ALL_GFXSB_K_BEGIN_HITO_GT_NOM_LFM_HRY_RAWSTR%,13679498,13553314,259495
SCN_GT_GXX,gtfixpar3,gt-gtslice5-gtsc-gtscpipe1-gtfixpar3,GT_GXX,gt,gtslice5,gtsc,gtscpipe1,gtfixpar3,468,NVL_GT_SCN,SCN_GT_GXX::CTRL_X_PATMOD_K_BEGIN_X_X_X_X_X_RESET_TOPSKU,SCN_GT_GXX::CTRL_X_AUX_K_PREHVQK_X_X_X_X_X_SET_SKU_LFM,SCN_GT_GXX::CHAIN_ALL_GFXSB_K_BEGIN_HITO_GT_NOM_LFM_HVM_HRY_RAWSTR%,SCN_GT_GXX::STUCKAT_ALL_GFXSB_K_BEGIN_HITO_GT_NOM_LFM_HRY_RAWSTR%,10627088,10527045,224971
SCN_GT_GXX,gtstlbpar1,gt-gtslice5-gtsc-gtscpipe1-gtstlbpar1,GT_GXX,gt,gtslice5,gtsc,gtscpipe1,gtstlbpar1,469,NVL_GT_SCN,SCN_GT_GXX::CTRL_X_PATMOD_K_BEGIN_X_X_X_X_X_RESET_TOPSKU,SCN_GT_GXX::CTRL_X_AUX_K_PREHVQK_X_X_X_X_X_SET_SKU_LFM,SCN_GT_GXX::CHAIN_ALL_GFXSB_K_BEGIN_HITO_GT_NOM_LFM_HVM_HRY_RAWSTR%,SCN_GT_GXX::STUCKAT_ALL_GFXSB_K_BEGIN_HITO_GT_NOM_LFM_HRY_RAWSTR%,6105618,6061686,103677
SCN_GT_GXX,gtxetlbpar1,gt-gtslice5-gtsc-gtscpipe1-gtxetlbpar1,GT_GXX,gt,gtslice5,gtsc,gtscpipe1,gtxetlbpar1,470,NVL_GT_SCN,SCN_GT_GXX::CTRL_X_PATMOD_K_BEGIN_X_X_X_X_X_RESET_TOPSKU,SCN_GT_GXX::CTRL_X_AUX_K_PREHVQK_X_X_X_X_X_SET_SKU_LFM,SCN_GT_GXX::CHAIN_ALL_GFXSB_K_BEGIN_HITO_GT_NOM_LFM_HVM_HRY_RAWSTR%,SCN_GT_GXX::STUCKAT_ALL_GFXSB_K_BEGIN_HITO_GT_NOM_LFM_HRY_RAWSTR%,6576463,6504549,121628
SCN_GT_GXX,gtxetlbpar2,gt-gtslice5-gtsc-gtscpipe1-gtxetlbpar2,GT_GXX,gt,gtslice5,gtsc,gtscpipe1,gtxetlbpar2,471,NVL_GT_SCN,SCN_GT_GXX::CTRL_X_PATMOD_K_BEGIN_X_X_X_X_X_RESET_TOPSKU,SCN_GT_GXX::CTRL_X_AUX_K_PREHVQK_X_X_X_X_X_SET_SKU_LFM,SCN_GT_GXX::CHAIN_ALL_GFXSB_K_BEGIN_HITO_GT_NOM_LFM_HVM_HRY_RAWSTR%,SCN_GT_GXX::STUCKAT_ALL_GFXSB_K_BEGIN_HITO_GT_NOM_LFM_HRY_RAWSTR%,10665366,10573421,126009
SCN_GT_GXX,gtzpipepar1,gt-gtslice5-gtsc-gtscpipe1-gtzpipepar1,GT_GXX,gt,gtslice5,gtsc,gtscpipe1,gtzpipepar1,472,NVL_GT_SCN,SCN_GT_GXX::CTRL_X_PATMOD_K_BEGIN_X_X_X_X_X_RESET_TOPSKU,SCN_GT_GXX::CTRL_X_AUX_K_PREHVQK_X_X_X_X_X_SET_SKU_LFM,SCN_GT_GXX::CHAIN_ALL_GFXSB_K_BEGIN_HITO_GT_NOM_LFM_HVM_HRY_RAWSTR%,SCN_GT_GXX::STUCKAT_ALL_GFXSB_K_BEGIN_HITO_GT_NOM_LFM_HRY_RAWSTR%,11122704,11025644,266022
SCN_GT_GXX,gtrasterpar1,gt-gtslice5-gtsc-gtrasterpar1,GT_GXX,gt,gtslice5,gtsc,gtrasterpar1,,452,NVL_GT_SCN,SCN_GT_GXX::CTRL_X_PATMOD_K_BEGIN_X_X_X_X_X_RESET_TOPSKU,SCN_GT_GXX::CTRL_X_AUX_K_PREHVQK_X_X_X_X_X_SET_SKU_LFM,SCN_GT_GXX::CHAIN_ALL_GFXSB_K_BEGIN_HITO_GT_NOM_LFM_HVM_HRY_RAWSTR%,SCN_GT_GXX::STUCKAT_ALL_GFXSB_K_BEGIN_HITO_GT_NOM_LFM_HRY_RAWSTR%,12503971,12385578,201027
SCN_GT_GXX,gtlscbankpar1,gt-gtslice6-gtxecore0-gtlscbankpar1,GT_GXX,gt,gtslice6,gtxecore0,gtlscbankpar1,,562,NVL_GT_SCN,SCN_GT_GXX::CTRL_X_PATMOD_K_BEGIN_X_X_X_X_X_RESET_TOPSKU,SCN_GT_GXX::CTRL_X_AUX_K_PREHVQK_X_X_X_X_X_SET_SKU_LFM,SCN_GT_GXX::CHAIN_ALL_GFXSB_K_BEGIN_HITO_GT_NOM_LFM_HVM_HRY_RAWSTR%,SCN_GT_GXX::STUCKAT_ALL_GFXSB_K_BEGIN_HITO_GT_NOM_LFM_HRY_RAWSTR%,9131573,9007521,180595
SCN_GT_GXX,gtlscnodepar1,gt-gtslice6-gtxecore0-gtlscnodepar1,GT_GXX,gt,gtslice6,gtxecore0,gtlscnodepar1,,563,NVL_GT_SCN,SCN_GT_GXX::CTRL_X_PATMOD_K_BEGIN_X_X_X_X_X_RESET_TOPSKU,SCN_GT_GXX::CTRL_X_AUX_K_PREHVQK_X_X_X_X_X_SET_SKU_LFM,SCN_GT_GXX::CHAIN_ALL_GFXSB_K_BEGIN_HITO_GT_NOM_LFM_HVM_HRY_RAWSTR%,SCN_GT_GXX::STUCKAT_ALL_GFXSB_K_BEGIN_HITO_GT_NOM_LFM_HRY_RAWSTR%,8723346,8643432,141852
SCN_GT_GXX,gtxecorepar1,gt-gtslice6-gtxecore0-gtxecorepar1,GT_GXX,gt,gtslice6,gtxecore0,gtxecorepar1,,564,NVL_GT_SCN,SCN_GT_GXX::CTRL_X_PATMOD_K_BEGIN_X_X_X_X_X_RESET_TOPSKU,SCN_GT_GXX::CTRL_X_AUX_K_PREHVQK_X_X_X_X_X_SET_SKU_LFM,SCN_GT_GXX::CHAIN_ALL_GFXSB_K_BEGIN_HITO_GT_NOM_LFM_HVM_HRY_RAWSTR%,SCN_GT_GXX::STUCKAT_ALL_GFXSB_K_BEGIN_HITO_GT_NOM_LFM_HRY_RAWSTR%,11985757,11899189,168366
SCN_GT_GXX,gtxecorepar3,gt-gtslice6-gtxecore0-gtxecorepar3,GT_GXX,gt,gtslice6,gtxecore0,gtxecorepar3,,566,NVL_GT_SCN,SCN_GT_GXX::CTRL_X_PATMOD_K_BEGIN_X_X_X_X_X_RESET_TOPSKU,SCN_GT_GXX::CTRL_X_AUX_K_PREHVQK_X_X_X_X_X_SET_SKU_LFM,SCN_GT_GXX::CHAIN_ALL_GFXSB_K_BEGIN_HITO_GT_NOM_LFM_HVM_HRY_RAWSTR%,SCN_GT_GXX::STUCKAT_ALL_GFXSB_K_BEGIN_HITO_GT_NOM_LFM_HRY_RAWSTR%,13365253,13272040,270643
SCN_GT_GXX,gtxecorepar4,gt-gtslice6-gtxecore0-gtxecorepar4,GT_GXX,gt,gtslice6,gtxecore0,gtxecorepar4,,567,NVL_GT_SCN,SCN_GT_GXX::CTRL_X_PATMOD_K_BEGIN_X_X_X_X_X_RESET_TOPSKU,SCN_GT_GXX::CTRL_X_AUX_K_PREHVQK_X_X_X_X_X_SET_SKU_LFM,SCN_GT_GXX::CHAIN_ALL_GFXSB_K_BEGIN_HITO_GT_NOM_LFM_HVM_HRY_RAWSTR%,SCN_GT_GXX::STUCKAT_ALL_GFXSB_K_BEGIN_HITO_GT_NOM_LFM_HRY_RAWSTR%,11841780,11789789,160657
SCN_GT_GXX,gtxecorepar5,gt-gtslice6-gtxecore0-gtxecorepar5,GT_GXX,gt,gtslice6,gtxecore0,gtxecorepar5,,568,NVL_GT_SCN,SCN_GT_GXX::CTRL_X_PATMOD_K_BEGIN_X_X_X_X_X_RESET_TOPSKU,SCN_GT_GXX::CTRL_X_AUX_K_PREHVQK_X_X_X_X_X_SET_SKU_LFM,SCN_GT_GXX::CHAIN_ALL_GFXSB_K_BEGIN_HITO_GT_NOM_LFM_HVM_HRY_RAWSTR%,SCN_GT_GXX::STUCKAT_ALL_GFXSB_K_BEGIN_HITO_GT_NOM_LFM_HRY_RAWSTR%,12540921,12467757,218756
SCN_GT_GXX,gteusystop0,gt-gtslice6-gtxecore0-gteusystop0,GT_GXX,gt,gtslice6,gtxecore0,gteusystop0,,1950,NVL_GT_SCN,SCN_GT_GXX::CTRL_X_PATMOD_K_BEGIN_X_X_X_X_X_RESET_TOPSKU,SCN_GT_GXX::CTRL_X_AUX_K_PREHVQK_X_X_X_X_X_SET_SKU_LFM,SCN_GT_GXX::CHAIN_ALL_GFXSB_K_BEGIN_HITO_GT_NOM_LFM_HVM_HRY_RAWSTR%,SCN_GT_GXX::STUCKAT_ALL_GFXSB_K_BEGIN_HITO_GT_NOM_LFM_HRY_RAWSTR%,6398977,6378032,107295
SCN_GT_GXX,gteutop,gt-gtslice6-gtxecore0-gteutop0,GT_GXX,gt,gtslice6,gtxecore0,gteutop0,,554,NVL_GT_SCN,SCN_GT_GXX::CTRL_X_PATMOD_K_BEGIN_X_X_X_X_X_RESET_TOPSKU,SCN_GT_GXX::CTRL_X_AUX_K_PREHVQK_X_X_X_X_X_SET_SKU_LFM,SCN_GT_GXX::CHAIN_ALL_GFXSB_K_BEGIN_HITO_GT_NOM_LFM_HVM_HRY_RAWSTR%,SCN_GT_GXX::STUCKAT_ALL_GFXSB_K_BEGIN_HITO_GT_NOM_LFM_HRY_RAWSTR%,9749809,9701968,140224
SCN_GT_GXX,gteusysalt,gt-gtslice6-gtxecore0-gteusystop1,GT_GXX,gt,gtslice6,gtxecore0,gteusystop1,,1951,NVL_GT_SCN,SCN_GT_GXX::CTRL_X_PATMOD_K_BEGIN_X_X_X_X_X_RESET_TOPSKU,SCN_GT_GXX::CTRL_X_AUX_K_PREHVQK_X_X_X_X_X_SET_SKU_LFM,SCN_GT_GXX::CHAIN_ALL_GFXSB_K_BEGIN_HITO_GT_NOM_LFM_HVM_HRY_RAWSTR%,SCN_GT_GXX::STUCKAT_ALL_GFXSB_K_BEGIN_HITO_GT_NOM_LFM_HRY_RAWSTR%,6337642,6316608,105129
SCN_GT_GXX,gteuside,gt-gtslice6-gtxecore0-gteutop1,GT_GXX,gt,gtslice6,gtxecore0,gteutop1,,555,NVL_GT_SCN,SCN_GT_GXX::CTRL_X_PATMOD_K_BEGIN_X_X_X_X_X_RESET_TOPSKU,SCN_GT_GXX::CTRL_X_AUX_K_PREHVQK_X_X_X_X_X_SET_SKU_LFM,SCN_GT_GXX::CHAIN_ALL_GFXSB_K_BEGIN_HITO_GT_NOM_LFM_HVM_HRY_RAWSTR%,SCN_GT_GXX::STUCKAT_ALL_GFXSB_K_BEGIN_HITO_GT_NOM_LFM_HRY_RAWSTR%,9711074,9663298,140224
SCN_GT_GXX,gteusysside,gt-gtslice6-gtxecore0-gteusystop2,GT_GXX,gt,gtslice6,gtxecore0,gteusystop2,,1952,NVL_GT_SCN,SCN_GT_GXX::CTRL_X_PATMOD_K_BEGIN_X_X_X_X_X_RESET_TOPSKU,SCN_GT_GXX::CTRL_X_AUX_K_PREHVQK_X_X_X_X_X_SET_SKU_LFM,SCN_GT_GXX::CHAIN_ALL_GFXSB_K_BEGIN_HITO_GT_NOM_LFM_HVM_HRY_RAWSTR%,SCN_GT_GXX::STUCKAT_ALL_GFXSB_K_BEGIN_HITO_GT_NOM_LFM_HRY_RAWSTR%,6361608,6340759,105129
SCN_GT_GXX,gteuside,gt-gtslice6-gtxecore0-gteutop2,GT_GXX,gt,gtslice6,gtxecore0,gteutop2,,556,NVL_GT_SCN,SCN_GT_GXX::CTRL_X_PATMOD_K_BEGIN_X_X_X_X_X_RESET_TOPSKU,SCN_GT_GXX::CTRL_X_AUX_K_PREHVQK_X_X_X_X_X_SET_SKU_LFM,SCN_GT_GXX::CHAIN_ALL_GFXSB_K_BEGIN_HITO_GT_NOM_LFM_HVM_HRY_RAWSTR%,SCN_GT_GXX::STUCKAT_ALL_GFXSB_K_BEGIN_HITO_GT_NOM_LFM_HRY_RAWSTR%,9711074,9663298,140224
SCN_GT_GXX,gteusysside,gt-gtslice6-gtxecore0-gteusystop3,GT_GXX,gt,gtslice6,gtxecore0,gteusystop3,,1953,NVL_GT_SCN,SCN_GT_GXX::CTRL_X_PATMOD_K_BEGIN_X_X_X_X_X_RESET_TOPSKU,SCN_GT_GXX::CTRL_X_AUX_K_PREHVQK_X_X_X_X_X_SET_SKU_LFM,SCN_GT_GXX::CHAIN_ALL_GFXSB_K_BEGIN_HITO_GT_NOM_LFM_HVM_HRY_RAWSTR%,SCN_GT_GXX::STUCKAT_ALL_GFXSB_K_BEGIN_HITO_GT_NOM_LFM_HRY_RAWSTR%,6361608,6340759,105129
SCN_GT_GXX,gteuside,gt-gtslice6-gtxecore0-gteutop3,GT_GXX,gt,gtslice6,gtxecore0,gteutop3,,557,NVL_GT_SCN,SCN_GT_GXX::CTRL_X_PATMOD_K_BEGIN_X_X_X_X_X_RESET_TOPSKU,SCN_GT_GXX::CTRL_X_AUX_K_PREHVQK_X_X_X_X_X_SET_SKU_LFM,SCN_GT_GXX::CHAIN_ALL_GFXSB_K_BEGIN_HITO_GT_NOM_LFM_HVM_HRY_RAWSTR%,SCN_GT_GXX::STUCKAT_ALL_GFXSB_K_BEGIN_HITO_GT_NOM_LFM_HRY_RAWSTR%,9711074,9663298,140224
SCN_GT_GXX,gteusystop4,gt-gtslice6-gtxecore0-gteusystop4,GT_GXX,gt,gtslice6,gtxecore0,gteusystop4,,1954,NVL_GT_SCN,SCN_GT_GXX::CTRL_X_PATMOD_K_BEGIN_X_X_X_X_X_RESET_TOPSKU,SCN_GT_GXX::CTRL_X_AUX_K_PREHVQK_X_X_X_X_X_SET_SKU_LFM,SCN_GT_GXX::CHAIN_ALL_GFXSB_K_BEGIN_HITO_GT_NOM_LFM_HVM_HRY_RAWSTR%,SCN_GT_GXX::STUCKAT_ALL_GFXSB_K_BEGIN_HITO_GT_NOM_LFM_HRY_RAWSTR%,6394691,6373730,106636
SCN_GT_GXX,gteutop,gt-gtslice6-gtxecore0-gteutop4,GT_GXX,gt,gtslice6,gtxecore0,gteutop4,,558,NVL_GT_SCN,SCN_GT_GXX::CTRL_X_PATMOD_K_BEGIN_X_X_X_X_X_RESET_TOPSKU,SCN_GT_GXX::CTRL_X_AUX_K_PREHVQK_X_X_X_X_X_SET_SKU_LFM,SCN_GT_GXX::CHAIN_ALL_GFXSB_K_BEGIN_HITO_GT_NOM_LFM_HVM_HRY_RAWSTR%,SCN_GT_GXX::STUCKAT_ALL_GFXSB_K_BEGIN_HITO_GT_NOM_LFM_HRY_RAWSTR%,9749809,9701968,140224
SCN_GT_GXX,gteuside,gt-gtslice6-gtxecore0-gteutop5,GT_GXX,gt,gtslice6,gtxecore0,gteutop5,,559,NVL_GT_SCN,SCN_GT_GXX::CTRL_X_PATMOD_K_BEGIN_X_X_X_X_X_RESET_TOPSKU,SCN_GT_GXX::CTRL_X_AUX_K_PREHVQK_X_X_X_X_X_SET_SKU_LFM,SCN_GT_GXX::CHAIN_ALL_GFXSB_K_BEGIN_HITO_GT_NOM_LFM_HVM_HRY_RAWSTR%,SCN_GT_GXX::STUCKAT_ALL_GFXSB_K_BEGIN_HITO_GT_NOM_LFM_HRY_RAWSTR%,9711074,9663298,140224
SCN_GT_GXX,gteusysside,gt-gtslice6-gtxecore0-gteusystop6,GT_GXX,gt,gtslice6,gtxecore0,gteusystop6,,1956,NVL_GT_SCN,SCN_GT_GXX::CTRL_X_PATMOD_K_BEGIN_X_X_X_X_X_RESET_TOPSKU,SCN_GT_GXX::CTRL_X_AUX_K_PREHVQK_X_X_X_X_X_SET_SKU_LFM,SCN_GT_GXX::CHAIN_ALL_GFXSB_K_BEGIN_HITO_GT_NOM_LFM_HVM_HRY_RAWSTR%,SCN_GT_GXX::STUCKAT_ALL_GFXSB_K_BEGIN_HITO_GT_NOM_LFM_HRY_RAWSTR%,6361608,6340759,105129
SCN_GT_GXX,gteuside,gt-gtslice6-gtxecore0-gteutop6,GT_GXX,gt,gtslice6,gtxecore0,gteutop6,,560,NVL_GT_SCN,SCN_GT_GXX::CTRL_X_PATMOD_K_BEGIN_X_X_X_X_X_RESET_TOPSKU,SCN_GT_GXX::CTRL_X_AUX_K_PREHVQK_X_X_X_X_X_SET_SKU_LFM,SCN_GT_GXX::CHAIN_ALL_GFXSB_K_BEGIN_HITO_GT_NOM_LFM_HVM_HRY_RAWSTR%,SCN_GT_GXX::STUCKAT_ALL_GFXSB_K_BEGIN_HITO_GT_NOM_LFM_HRY_RAWSTR%,9711074,9663298,140224
SCN_GT_GXX,gteusysside,gt-gtslice6-gtxecore0-gteusystop7,GT_GXX,gt,gtslice6,gtxecore0,gteusystop7,,1957,NVL_GT_SCN,SCN_GT_GXX::CTRL_X_PATMOD_K_BEGIN_X_X_X_X_X_RESET_TOPSKU,SCN_GT_GXX::CTRL_X_AUX_K_PREHVQK_X_X_X_X_X_SET_SKU_LFM,SCN_GT_GXX::CHAIN_ALL_GFXSB_K_BEGIN_HITO_GT_NOM_LFM_HVM_HRY_RAWSTR%,SCN_GT_GXX::STUCKAT_ALL_GFXSB_K_BEGIN_HITO_GT_NOM_LFM_HRY_RAWSTR%,6361608,6340759,105129
SCN_GT_GXX,gteuside,gt-gtslice6-gtxecore0-gteutop7,GT_GXX,gt,gtslice6,gtxecore0,gteutop7,,561,NVL_GT_SCN,SCN_GT_GXX::CTRL_X_PATMOD_K_BEGIN_X_X_X_X_X_RESET_TOPSKU,SCN_GT_GXX::CTRL_X_AUX_K_PREHVQK_X_X_X_X_X_SET_SKU_LFM,SCN_GT_GXX::CHAIN_ALL_GFXSB_K_BEGIN_HITO_GT_NOM_LFM_HVM_HRY_RAWSTR%,SCN_GT_GXX::STUCKAT_ALL_GFXSB_K_BEGIN_HITO_GT_NOM_LFM_HRY_RAWSTR%,9711074,9663298,140224
SCN_GT_GXX,gtxecorepar2,gt-gtslice6-gtxecore0-gtxecorepar2,GT_GXX,gt,gtslice6,gtxecore0,gtxecorepar2,,565,NVL_GT_SCN,SCN_GT_GXX::CTRL_X_PATMOD_K_BEGIN_X_X_X_X_X_RESET_TOPSKU,SCN_GT_GXX::CTRL_X_AUX_K_PREHVQK_X_X_X_X_X_SET_SKU_LFM,SCN_GT_GXX::CHAIN_ALL_GFXSB_K_BEGIN_HITO_GT_NOM_LFM_HVM_HRY_RAWSTR%,SCN_GT_GXX::STUCKAT_ALL_GFXSB_K_BEGIN_HITO_GT_NOM_LFM_HRY_RAWSTR%,7685097,7626107,100212
SCN_GT_GXX,gteusysside,gt-gtslice6-gtxecore0-gteusystop5,GT_GXX,gt,gtslice6,gtxecore0,gteusystop5,,1955,NVL_GT_SCN,SCN_GT_GXX::CTRL_X_PATMOD_K_BEGIN_X_X_X_X_X_RESET_TOPSKU,SCN_GT_GXX::CTRL_X_AUX_K_PREHVQK_X_X_X_X_X_SET_SKU_LFM,SCN_GT_GXX::CHAIN_ALL_GFXSB_K_BEGIN_HITO_GT_NOM_LFM_HVM_HRY_RAWSTR%,SCN_GT_GXX::STUCKAT_ALL_GFXSB_K_BEGIN_HITO_GT_NOM_LFM_HRY_RAWSTR%,6361608,6340759,105129
SCN_GT_GXX,gtlscbankpar1,gt-gtslice6-gtxecore1-gtlscbankpar1,GT_GXX,gt,gtslice6,gtxecore1,gtlscbankpar1,,577,NVL_GT_SCN,SCN_GT_GXX::CTRL_X_PATMOD_K_BEGIN_X_X_X_X_X_RESET_TOPSKU,SCN_GT_GXX::CTRL_X_AUX_K_PREHVQK_X_X_X_X_X_SET_SKU_LFM,SCN_GT_GXX::CHAIN_ALL_GFXSB_K_BEGIN_HITO_GT_NOM_LFM_HVM_HRY_RAWSTR%,SCN_GT_GXX::STUCKAT_ALL_GFXSB_K_BEGIN_HITO_GT_NOM_LFM_HRY_RAWSTR%,9131573,9007521,180595
SCN_GT_GXX,gtlscnodepar1,gt-gtslice6-gtxecore1-gtlscnodepar1,GT_GXX,gt,gtslice6,gtxecore1,gtlscnodepar1,,578,NVL_GT_SCN,SCN_GT_GXX::CTRL_X_PATMOD_K_BEGIN_X_X_X_X_X_RESET_TOPSKU,SCN_GT_GXX::CTRL_X_AUX_K_PREHVQK_X_X_X_X_X_SET_SKU_LFM,SCN_GT_GXX::CHAIN_ALL_GFXSB_K_BEGIN_HITO_GT_NOM_LFM_HVM_HRY_RAWSTR%,SCN_GT_GXX::STUCKAT_ALL_GFXSB_K_BEGIN_HITO_GT_NOM_LFM_HRY_RAWSTR%,8723346,8643432,141852
SCN_GT_GXX,gtxecorepar1,gt-gtslice6-gtxecore1-gtxecorepar1,GT_GXX,gt,gtslice6,gtxecore1,gtxecorepar1,,579,NVL_GT_SCN,SCN_GT_GXX::CTRL_X_PATMOD_K_BEGIN_X_X_X_X_X_RESET_TOPSKU,SCN_GT_GXX::CTRL_X_AUX_K_PREHVQK_X_X_X_X_X_SET_SKU_LFM,SCN_GT_GXX::CHAIN_ALL_GFXSB_K_BEGIN_HITO_GT_NOM_LFM_HVM_HRY_RAWSTR%,SCN_GT_GXX::STUCKAT_ALL_GFXSB_K_BEGIN_HITO_GT_NOM_LFM_HRY_RAWSTR%,11985757,11899189,168366
SCN_GT_GXX,gtxecorepar3,gt-gtslice6-gtxecore1-gtxecorepar3,GT_GXX,gt,gtslice6,gtxecore1,gtxecorepar3,,581,NVL_GT_SCN,SCN_GT_GXX::CTRL_X_PATMOD_K_BEGIN_X_X_X_X_X_RESET_TOPSKU,SCN_GT_GXX::CTRL_X_AUX_K_PREHVQK_X_X_X_X_X_SET_SKU_LFM,SCN_GT_GXX::CHAIN_ALL_GFXSB_K_BEGIN_HITO_GT_NOM_LFM_HVM_HRY_RAWSTR%,SCN_GT_GXX::STUCKAT_ALL_GFXSB_K_BEGIN_HITO_GT_NOM_LFM_HRY_RAWSTR%,13365253,13272040,270643
SCN_GT_GXX,gtxecorepar4,gt-gtslice6-gtxecore1-gtxecorepar4,GT_GXX,gt,gtslice6,gtxecore1,gtxecorepar4,,582,NVL_GT_SCN,SCN_GT_GXX::CTRL_X_PATMOD_K_BEGIN_X_X_X_X_X_RESET_TOPSKU,SCN_GT_GXX::CTRL_X_AUX_K_PREHVQK_X_X_X_X_X_SET_SKU_LFM,SCN_GT_GXX::CHAIN_ALL_GFXSB_K_BEGIN_HITO_GT_NOM_LFM_HVM_HRY_RAWSTR%,SCN_GT_GXX::STUCKAT_ALL_GFXSB_K_BEGIN_HITO_GT_NOM_LFM_HRY_RAWSTR%,11841780,11789789,160657
SCN_GT_GXX,gtxecorepar5,gt-gtslice6-gtxecore1-gtxecorepar5,GT_GXX,gt,gtslice6,gtxecore1,gtxecorepar5,,583,NVL_GT_SCN,SCN_GT_GXX::CTRL_X_PATMOD_K_BEGIN_X_X_X_X_X_RESET_TOPSKU,SCN_GT_GXX::CTRL_X_AUX_K_PREHVQK_X_X_X_X_X_SET_SKU_LFM,SCN_GT_GXX::CHAIN_ALL_GFXSB_K_BEGIN_HITO_GT_NOM_LFM_HVM_HRY_RAWSTR%,SCN_GT_GXX::STUCKAT_ALL_GFXSB_K_BEGIN_HITO_GT_NOM_LFM_HRY_RAWSTR%,12540921,12467757,218756
SCN_GT_GXX,gteusystop0,gt-gtslice6-gtxecore1-gteusystop0,GT_GXX,gt,gtslice6,gtxecore1,gteusystop0,,1958,NVL_GT_SCN,SCN_GT_GXX::CTRL_X_PATMOD_K_BEGIN_X_X_X_X_X_RESET_TOPSKU,SCN_GT_GXX::CTRL_X_AUX_K_PREHVQK_X_X_X_X_X_SET_SKU_LFM,SCN_GT_GXX::CHAIN_ALL_GFXSB_K_BEGIN_HITO_GT_NOM_LFM_HVM_HRY_RAWSTR%,SCN_GT_GXX::STUCKAT_ALL_GFXSB_K_BEGIN_HITO_GT_NOM_LFM_HRY_RAWSTR%,6398977,6378032,107295
SCN_GT_GXX,gteutop,gt-gtslice6-gtxecore1-gteutop0,GT_GXX,gt,gtslice6,gtxecore1,gteutop0,,569,NVL_GT_SCN,SCN_GT_GXX::CTRL_X_PATMOD_K_BEGIN_X_X_X_X_X_RESET_TOPSKU,SCN_GT_GXX::CTRL_X_AUX_K_PREHVQK_X_X_X_X_X_SET_SKU_LFM,SCN_GT_GXX::CHAIN_ALL_GFXSB_K_BEGIN_HITO_GT_NOM_LFM_HVM_HRY_RAWSTR%,SCN_GT_GXX::STUCKAT_ALL_GFXSB_K_BEGIN_HITO_GT_NOM_LFM_HRY_RAWSTR%,9749809,9701968,140224
SCN_GT_GXX,gteusysalt,gt-gtslice6-gtxecore1-gteusystop1,GT_GXX,gt,gtslice6,gtxecore1,gteusystop1,,1959,NVL_GT_SCN,SCN_GT_GXX::CTRL_X_PATMOD_K_BEGIN_X_X_X_X_X_RESET_TOPSKU,SCN_GT_GXX::CTRL_X_AUX_K_PREHVQK_X_X_X_X_X_SET_SKU_LFM,SCN_GT_GXX::CHAIN_ALL_GFXSB_K_BEGIN_HITO_GT_NOM_LFM_HVM_HRY_RAWSTR%,SCN_GT_GXX::STUCKAT_ALL_GFXSB_K_BEGIN_HITO_GT_NOM_LFM_HRY_RAWSTR%,6337642,6316608,105129
SCN_GT_GXX,gteuside,gt-gtslice6-gtxecore1-gteutop1,GT_GXX,gt,gtslice6,gtxecore1,gteutop1,,570,NVL_GT_SCN,SCN_GT_GXX::CTRL_X_PATMOD_K_BEGIN_X_X_X_X_X_RESET_TOPSKU,SCN_GT_GXX::CTRL_X_AUX_K_PREHVQK_X_X_X_X_X_SET_SKU_LFM,SCN_GT_GXX::CHAIN_ALL_GFXSB_K_BEGIN_HITO_GT_NOM_LFM_HVM_HRY_RAWSTR%,SCN_GT_GXX::STUCKAT_ALL_GFXSB_K_BEGIN_HITO_GT_NOM_LFM_HRY_RAWSTR%,9711074,9663298,140224
SCN_GT_GXX,gteusysside,gt-gtslice6-gtxecore1-gteusystop2,GT_GXX,gt,gtslice6,gtxecore1,gteusystop2,,1960,NVL_GT_SCN,SCN_GT_GXX::CTRL_X_PATMOD_K_BEGIN_X_X_X_X_X_RESET_TOPSKU,SCN_GT_GXX::CTRL_X_AUX_K_PREHVQK_X_X_X_X_X_SET_SKU_LFM,SCN_GT_GXX::CHAIN_ALL_GFXSB_K_BEGIN_HITO_GT_NOM_LFM_HVM_HRY_RAWSTR%,SCN_GT_GXX::STUCKAT_ALL_GFXSB_K_BEGIN_HITO_GT_NOM_LFM_HRY_RAWSTR%,6361608,6340759,105129
SCN_GT_GXX,gteuside,gt-gtslice6-gtxecore1-gteutop2,GT_GXX,gt,gtslice6,gtxecore1,gteutop2,,571,NVL_GT_SCN,SCN_GT_GXX::CTRL_X_PATMOD_K_BEGIN_X_X_X_X_X_RESET_TOPSKU,SCN_GT_GXX::CTRL_X_AUX_K_PREHVQK_X_X_X_X_X_SET_SKU_LFM,SCN_GT_GXX::CHAIN_ALL_GFXSB_K_BEGIN_HITO_GT_NOM_LFM_HVM_HRY_RAWSTR%,SCN_GT_GXX::STUCKAT_ALL_GFXSB_K_BEGIN_HITO_GT_NOM_LFM_HRY_RAWSTR%,9711074,9663298,140224
SCN_GT_GXX,gteusysside,gt-gtslice6-gtxecore1-gteusystop3,GT_GXX,gt,gtslice6,gtxecore1,gteusystop3,,1961,NVL_GT_SCN,SCN_GT_GXX::CTRL_X_PATMOD_K_BEGIN_X_X_X_X_X_RESET_TOPSKU,SCN_GT_GXX::CTRL_X_AUX_K_PREHVQK_X_X_X_X_X_SET_SKU_LFM,SCN_GT_GXX::CHAIN_ALL_GFXSB_K_BEGIN_HITO_GT_NOM_LFM_HVM_HRY_RAWSTR%,SCN_GT_GXX::STUCKAT_ALL_GFXSB_K_BEGIN_HITO_GT_NOM_LFM_HRY_RAWSTR%,6361608,6340759,105129
SCN_GT_GXX,gteuside,gt-gtslice6-gtxecore1-gteutop3,GT_GXX,gt,gtslice6,gtxecore1,gteutop3,,572,NVL_GT_SCN,SCN_GT_GXX::CTRL_X_PATMOD_K_BEGIN_X_X_X_X_X_RESET_TOPSKU,SCN_GT_GXX::CTRL_X_AUX_K_PREHVQK_X_X_X_X_X_SET_SKU_LFM,SCN_GT_GXX::CHAIN_ALL_GFXSB_K_BEGIN_HITO_GT_NOM_LFM_HVM_HRY_RAWSTR%,SCN_GT_GXX::STUCKAT_ALL_GFXSB_K_BEGIN_HITO_GT_NOM_LFM_HRY_RAWSTR%,9711074,9663298,140224
SCN_GT_GXX,gteusystop4,gt-gtslice6-gtxecore1-gteusystop4,GT_GXX,gt,gtslice6,gtxecore1,gteusystop4,,1962,NVL_GT_SCN,SCN_GT_GXX::CTRL_X_PATMOD_K_BEGIN_X_X_X_X_X_RESET_TOPSKU,SCN_GT_GXX::CTRL_X_AUX_K_PREHVQK_X_X_X_X_X_SET_SKU_LFM,SCN_GT_GXX::CHAIN_ALL_GFXSB_K_BEGIN_HITO_GT_NOM_LFM_HVM_HRY_RAWSTR%,SCN_GT_GXX::STUCKAT_ALL_GFXSB_K_BEGIN_HITO_GT_NOM_LFM_HRY_RAWSTR%,6394691,6373730,106636
SCN_GT_GXX,gteutop,gt-gtslice6-gtxecore1-gteutop4,GT_GXX,gt,gtslice6,gtxecore1,gteutop4,,573,NVL_GT_SCN,SCN_GT_GXX::CTRL_X_PATMOD_K_BEGIN_X_X_X_X_X_RESET_TOPSKU,SCN_GT_GXX::CTRL_X_AUX_K_PREHVQK_X_X_X_X_X_SET_SKU_LFM,SCN_GT_GXX::CHAIN_ALL_GFXSB_K_BEGIN_HITO_GT_NOM_LFM_HVM_HRY_RAWSTR%,SCN_GT_GXX::STUCKAT_ALL_GFXSB_K_BEGIN_HITO_GT_NOM_LFM_HRY_RAWSTR%,9749809,9701968,140224
SCN_GT_GXX,gteuside,gt-gtslice6-gtxecore1-gteutop5,GT_GXX,gt,gtslice6,gtxecore1,gteutop5,,574,NVL_GT_SCN,SCN_GT_GXX::CTRL_X_PATMOD_K_BEGIN_X_X_X_X_X_RESET_TOPSKU,SCN_GT_GXX::CTRL_X_AUX_K_PREHVQK_X_X_X_X_X_SET_SKU_LFM,SCN_GT_GXX::CHAIN_ALL_GFXSB_K_BEGIN_HITO_GT_NOM_LFM_HVM_HRY_RAWSTR%,SCN_GT_GXX::STUCKAT_ALL_GFXSB_K_BEGIN_HITO_GT_NOM_LFM_HRY_RAWSTR%,9711074,9663298,140224
SCN_GT_GXX,gteusysside,gt-gtslice6-gtxecore1-gteusystop6,GT_GXX,gt,gtslice6,gtxecore1,gteusystop6,,1964,NVL_GT_SCN,SCN_GT_GXX::CTRL_X_PATMOD_K_BEGIN_X_X_X_X_X_RESET_TOPSKU,SCN_GT_GXX::CTRL_X_AUX_K_PREHVQK_X_X_X_X_X_SET_SKU_LFM,SCN_GT_GXX::CHAIN_ALL_GFXSB_K_BEGIN_HITO_GT_NOM_LFM_HVM_HRY_RAWSTR%,SCN_GT_GXX::STUCKAT_ALL_GFXSB_K_BEGIN_HITO_GT_NOM_LFM_HRY_RAWSTR%,6361608,6340759,105129
SCN_GT_GXX,gteuside,gt-gtslice6-gtxecore1-gteutop6,GT_GXX,gt,gtslice6,gtxecore1,gteutop6,,575,NVL_GT_SCN,SCN_GT_GXX::CTRL_X_PATMOD_K_BEGIN_X_X_X_X_X_RESET_TOPSKU,SCN_GT_GXX::CTRL_X_AUX_K_PREHVQK_X_X_X_X_X_SET_SKU_LFM,SCN_GT_GXX::CHAIN_ALL_GFXSB_K_BEGIN_HITO_GT_NOM_LFM_HVM_HRY_RAWSTR%,SCN_GT_GXX::STUCKAT_ALL_GFXSB_K_BEGIN_HITO_GT_NOM_LFM_HRY_RAWSTR%,9711074,9663298,140224
SCN_GT_GXX,gteusysside,gt-gtslice6-gtxecore1-gteusystop7,GT_GXX,gt,gtslice6,gtxecore1,gteusystop7,,1965,NVL_GT_SCN,SCN_GT_GXX::CTRL_X_PATMOD_K_BEGIN_X_X_X_X_X_RESET_TOPSKU,SCN_GT_GXX::CTRL_X_AUX_K_PREHVQK_X_X_X_X_X_SET_SKU_LFM,SCN_GT_GXX::CHAIN_ALL_GFXSB_K_BEGIN_HITO_GT_NOM_LFM_HVM_HRY_RAWSTR%,SCN_GT_GXX::STUCKAT_ALL_GFXSB_K_BEGIN_HITO_GT_NOM_LFM_HRY_RAWSTR%,6361608,6340759,105129
SCN_GT_GXX,gteuside,gt-gtslice6-gtxecore1-gteutop7,GT_GXX,gt,gtslice6,gtxecore1,gteutop7,,576,NVL_GT_SCN,SCN_GT_GXX::CTRL_X_PATMOD_K_BEGIN_X_X_X_X_X_RESET_TOPSKU,SCN_GT_GXX::CTRL_X_AUX_K_PREHVQK_X_X_X_X_X_SET_SKU_LFM,SCN_GT_GXX::CHAIN_ALL_GFXSB_K_BEGIN_HITO_GT_NOM_LFM_HVM_HRY_RAWSTR%,SCN_GT_GXX::STUCKAT_ALL_GFXSB_K_BEGIN_HITO_GT_NOM_LFM_HRY_RAWSTR%,9711074,9663298,140224
SCN_GT_GXX,gtxecorepar2,gt-gtslice6-gtxecore1-gtxecorepar2,GT_GXX,gt,gtslice6,gtxecore1,gtxecorepar2,,580,NVL_GT_SCN,SCN_GT_GXX::CTRL_X_PATMOD_K_BEGIN_X_X_X_X_X_RESET_TOPSKU,SCN_GT_GXX::CTRL_X_AUX_K_PREHVQK_X_X_X_X_X_SET_SKU_LFM,SCN_GT_GXX::CHAIN_ALL_GFXSB_K_BEGIN_HITO_GT_NOM_LFM_HVM_HRY_RAWSTR%,SCN_GT_GXX::STUCKAT_ALL_GFXSB_K_BEGIN_HITO_GT_NOM_LFM_HRY_RAWSTR%,7685097,7626107,100212
SCN_GT_GXX,gteusysside,gt-gtslice6-gtxecore1-gteusystop5,GT_GXX,gt,gtslice6,gtxecore1,gteusystop5,,1963,NVL_GT_SCN,SCN_GT_GXX::CTRL_X_PATMOD_K_BEGIN_X_X_X_X_X_RESET_TOPSKU,SCN_GT_GXX::CTRL_X_AUX_K_PREHVQK_X_X_X_X_X_SET_SKU_LFM,SCN_GT_GXX::CHAIN_ALL_GFXSB_K_BEGIN_HITO_GT_NOM_LFM_HVM_HRY_RAWSTR%,SCN_GT_GXX::STUCKAT_ALL_GFXSB_K_BEGIN_HITO_GT_NOM_LFM_HRY_RAWSTR%,6361608,6340759,105129
SCN_GT_GXX,gtlscbankpar1,gt-gtslice6-gtxecore2-gtlscbankpar1,GT_GXX,gt,gtslice6,gtxecore2,gtlscbankpar1,,592,NVL_GT_SCN,SCN_GT_GXX::CTRL_X_PATMOD_K_BEGIN_X_X_X_X_X_RESET_TOPSKU,SCN_GT_GXX::CTRL_X_AUX_K_PREHVQK_X_X_X_X_X_SET_SKU_LFM,SCN_GT_GXX::CHAIN_ALL_GFXSB_K_BEGIN_HITO_GT_NOM_LFM_HVM_HRY_RAWSTR%,SCN_GT_GXX::STUCKAT_ALL_GFXSB_K_BEGIN_HITO_GT_NOM_LFM_HRY_RAWSTR%,9131573,9007521,180595
SCN_GT_GXX,gtlscnodepar1,gt-gtslice6-gtxecore2-gtlscnodepar1,GT_GXX,gt,gtslice6,gtxecore2,gtlscnodepar1,,593,NVL_GT_SCN,SCN_GT_GXX::CTRL_X_PATMOD_K_BEGIN_X_X_X_X_X_RESET_TOPSKU,SCN_GT_GXX::CTRL_X_AUX_K_PREHVQK_X_X_X_X_X_SET_SKU_LFM,SCN_GT_GXX::CHAIN_ALL_GFXSB_K_BEGIN_HITO_GT_NOM_LFM_HVM_HRY_RAWSTR%,SCN_GT_GXX::STUCKAT_ALL_GFXSB_K_BEGIN_HITO_GT_NOM_LFM_HRY_RAWSTR%,8723346,8643432,141852
SCN_GT_GXX,gtxecorepar1,gt-gtslice6-gtxecore2-gtxecorepar1,GT_GXX,gt,gtslice6,gtxecore2,gtxecorepar1,,594,NVL_GT_SCN,SCN_GT_GXX::CTRL_X_PATMOD_K_BEGIN_X_X_X_X_X_RESET_TOPSKU,SCN_GT_GXX::CTRL_X_AUX_K_PREHVQK_X_X_X_X_X_SET_SKU_LFM,SCN_GT_GXX::CHAIN_ALL_GFXSB_K_BEGIN_HITO_GT_NOM_LFM_HVM_HRY_RAWSTR%,SCN_GT_GXX::STUCKAT_ALL_GFXSB_K_BEGIN_HITO_GT_NOM_LFM_HRY_RAWSTR%,11985757,11899189,168366
SCN_GT_GXX,gtxecorepar3,gt-gtslice6-gtxecore2-gtxecorepar3,GT_GXX,gt,gtslice6,gtxecore2,gtxecorepar3,,596,NVL_GT_SCN,SCN_GT_GXX::CTRL_X_PATMOD_K_BEGIN_X_X_X_X_X_RESET_TOPSKU,SCN_GT_GXX::CTRL_X_AUX_K_PREHVQK_X_X_X_X_X_SET_SKU_LFM,SCN_GT_GXX::CHAIN_ALL_GFXSB_K_BEGIN_HITO_GT_NOM_LFM_HVM_HRY_RAWSTR%,SCN_GT_GXX::STUCKAT_ALL_GFXSB_K_BEGIN_HITO_GT_NOM_LFM_HRY_RAWSTR%,13365253,13272040,270643
SCN_GT_GXX,gtxecorepar4,gt-gtslice6-gtxecore2-gtxecorepar4,GT_GXX,gt,gtslice6,gtxecore2,gtxecorepar4,,597,NVL_GT_SCN,SCN_GT_GXX::CTRL_X_PATMOD_K_BEGIN_X_X_X_X_X_RESET_TOPSKU,SCN_GT_GXX::CTRL_X_AUX_K_PREHVQK_X_X_X_X_X_SET_SKU_LFM,SCN_GT_GXX::CHAIN_ALL_GFXSB_K_BEGIN_HITO_GT_NOM_LFM_HVM_HRY_RAWSTR%,SCN_GT_GXX::STUCKAT_ALL_GFXSB_K_BEGIN_HITO_GT_NOM_LFM_HRY_RAWSTR%,11841780,11789789,160657
SCN_GT_GXX,gtxecorepar5,gt-gtslice6-gtxecore2-gtxecorepar5,GT_GXX,gt,gtslice6,gtxecore2,gtxecorepar5,,598,NVL_GT_SCN,SCN_GT_GXX::CTRL_X_PATMOD_K_BEGIN_X_X_X_X_X_RESET_TOPSKU,SCN_GT_GXX::CTRL_X_AUX_K_PREHVQK_X_X_X_X_X_SET_SKU_LFM,SCN_GT_GXX::CHAIN_ALL_GFXSB_K_BEGIN_HITO_GT_NOM_LFM_HVM_HRY_RAWSTR%,SCN_GT_GXX::STUCKAT_ALL_GFXSB_K_BEGIN_HITO_GT_NOM_LFM_HRY_RAWSTR%,12540921,12467757,218756
SCN_GT_GXX,gteusystop0,gt-gtslice6-gtxecore2-gteusystop0,GT_GXX,gt,gtslice6,gtxecore2,gteusystop0,,1966,NVL_GT_SCN,SCN_GT_GXX::CTRL_X_PATMOD_K_BEGIN_X_X_X_X_X_RESET_TOPSKU,SCN_GT_GXX::CTRL_X_AUX_K_PREHVQK_X_X_X_X_X_SET_SKU_LFM,SCN_GT_GXX::CHAIN_ALL_GFXSB_K_BEGIN_HITO_GT_NOM_LFM_HVM_HRY_RAWSTR%,SCN_GT_GXX::STUCKAT_ALL_GFXSB_K_BEGIN_HITO_GT_NOM_LFM_HRY_RAWSTR%,6398977,6378032,107295
SCN_GT_GXX,gteutop,gt-gtslice6-gtxecore2-gteutop0,GT_GXX,gt,gtslice6,gtxecore2,gteutop0,,584,NVL_GT_SCN,SCN_GT_GXX::CTRL_X_PATMOD_K_BEGIN_X_X_X_X_X_RESET_TOPSKU,SCN_GT_GXX::CTRL_X_AUX_K_PREHVQK_X_X_X_X_X_SET_SKU_LFM,SCN_GT_GXX::CHAIN_ALL_GFXSB_K_BEGIN_HITO_GT_NOM_LFM_HVM_HRY_RAWSTR%,SCN_GT_GXX::STUCKAT_ALL_GFXSB_K_BEGIN_HITO_GT_NOM_LFM_HRY_RAWSTR%,9749809,9701968,140224
SCN_GT_GXX,gteusysalt,gt-gtslice6-gtxecore2-gteusystop1,GT_GXX,gt,gtslice6,gtxecore2,gteusystop1,,1967,NVL_GT_SCN,SCN_GT_GXX::CTRL_X_PATMOD_K_BEGIN_X_X_X_X_X_RESET_TOPSKU,SCN_GT_GXX::CTRL_X_AUX_K_PREHVQK_X_X_X_X_X_SET_SKU_LFM,SCN_GT_GXX::CHAIN_ALL_GFXSB_K_BEGIN_HITO_GT_NOM_LFM_HVM_HRY_RAWSTR%,SCN_GT_GXX::STUCKAT_ALL_GFXSB_K_BEGIN_HITO_GT_NOM_LFM_HRY_RAWSTR%,6337642,6316608,105129
SCN_GT_GXX,gteuside,gt-gtslice6-gtxecore2-gteutop1,GT_GXX,gt,gtslice6,gtxecore2,gteutop1,,585,NVL_GT_SCN,SCN_GT_GXX::CTRL_X_PATMOD_K_BEGIN_X_X_X_X_X_RESET_TOPSKU,SCN_GT_GXX::CTRL_X_AUX_K_PREHVQK_X_X_X_X_X_SET_SKU_LFM,SCN_GT_GXX::CHAIN_ALL_GFXSB_K_BEGIN_HITO_GT_NOM_LFM_HVM_HRY_RAWSTR%,SCN_GT_GXX::STUCKAT_ALL_GFXSB_K_BEGIN_HITO_GT_NOM_LFM_HRY_RAWSTR%,9711074,9663298,140224
SCN_GT_GXX,gteusysside,gt-gtslice6-gtxecore2-gteusystop2,GT_GXX,gt,gtslice6,gtxecore2,gteusystop2,,1968,NVL_GT_SCN,SCN_GT_GXX::CTRL_X_PATMOD_K_BEGIN_X_X_X_X_X_RESET_TOPSKU,SCN_GT_GXX::CTRL_X_AUX_K_PREHVQK_X_X_X_X_X_SET_SKU_LFM,SCN_GT_GXX::CHAIN_ALL_GFXSB_K_BEGIN_HITO_GT_NOM_LFM_HVM_HRY_RAWSTR%,SCN_GT_GXX::STUCKAT_ALL_GFXSB_K_BEGIN_HITO_GT_NOM_LFM_HRY_RAWSTR%,6361608,6340759,105129
SCN_GT_GXX,gteuside,gt-gtslice6-gtxecore2-gteutop2,GT_GXX,gt,gtslice6,gtxecore2,gteutop2,,586,NVL_GT_SCN,SCN_GT_GXX::CTRL_X_PATMOD_K_BEGIN_X_X_X_X_X_RESET_TOPSKU,SCN_GT_GXX::CTRL_X_AUX_K_PREHVQK_X_X_X_X_X_SET_SKU_LFM,SCN_GT_GXX::CHAIN_ALL_GFXSB_K_BEGIN_HITO_GT_NOM_LFM_HVM_HRY_RAWSTR%,SCN_GT_GXX::STUCKAT_ALL_GFXSB_K_BEGIN_HITO_GT_NOM_LFM_HRY_RAWSTR%,9711074,9663298,140224
SCN_GT_GXX,gteusysside,gt-gtslice6-gtxecore2-gteusystop3,GT_GXX,gt,gtslice6,gtxecore2,gteusystop3,,1969,NVL_GT_SCN,SCN_GT_GXX::CTRL_X_PATMOD_K_BEGIN_X_X_X_X_X_RESET_TOPSKU,SCN_GT_GXX::CTRL_X_AUX_K_PREHVQK_X_X_X_X_X_SET_SKU_LFM,SCN_GT_GXX::CHAIN_ALL_GFXSB_K_BEGIN_HITO_GT_NOM_LFM_HVM_HRY_RAWSTR%,SCN_GT_GXX::STUCKAT_ALL_GFXSB_K_BEGIN_HITO_GT_NOM_LFM_HRY_RAWSTR%,6361608,6340759,105129
SCN_GT_GXX,gteuside,gt-gtslice6-gtxecore2-gteutop3,GT_GXX,gt,gtslice6,gtxecore2,gteutop3,,587,NVL_GT_SCN,SCN_GT_GXX::CTRL_X_PATMOD_K_BEGIN_X_X_X_X_X_RESET_TOPSKU,SCN_GT_GXX::CTRL_X_AUX_K_PREHVQK_X_X_X_X_X_SET_SKU_LFM,SCN_GT_GXX::CHAIN_ALL_GFXSB_K_BEGIN_HITO_GT_NOM_LFM_HVM_HRY_RAWSTR%,SCN_GT_GXX::STUCKAT_ALL_GFXSB_K_BEGIN_HITO_GT_NOM_LFM_HRY_RAWSTR%,9711074,9663298,140224
SCN_GT_GXX,gteusystop4,gt-gtslice6-gtxecore2-gteusystop4,GT_GXX,gt,gtslice6,gtxecore2,gteusystop4,,1970,NVL_GT_SCN,SCN_GT_GXX::CTRL_X_PATMOD_K_BEGIN_X_X_X_X_X_RESET_TOPSKU,SCN_GT_GXX::CTRL_X_AUX_K_PREHVQK_X_X_X_X_X_SET_SKU_LFM,SCN_GT_GXX::CHAIN_ALL_GFXSB_K_BEGIN_HITO_GT_NOM_LFM_HVM_HRY_RAWSTR%,SCN_GT_GXX::STUCKAT_ALL_GFXSB_K_BEGIN_HITO_GT_NOM_LFM_HRY_RAWSTR%,6394691,6373730,106636
SCN_GT_GXX,gteutop,gt-gtslice6-gtxecore2-gteutop4,GT_GXX,gt,gtslice6,gtxecore2,gteutop4,,588,NVL_GT_SCN,SCN_GT_GXX::CTRL_X_PATMOD_K_BEGIN_X_X_X_X_X_RESET_TOPSKU,SCN_GT_GXX::CTRL_X_AUX_K_PREHVQK_X_X_X_X_X_SET_SKU_LFM,SCN_GT_GXX::CHAIN_ALL_GFXSB_K_BEGIN_HITO_GT_NOM_LFM_HVM_HRY_RAWSTR%,SCN_GT_GXX::STUCKAT_ALL_GFXSB_K_BEGIN_HITO_GT_NOM_LFM_HRY_RAWSTR%,9749809,9701968,140224
SCN_GT_GXX,gteuside,gt-gtslice6-gtxecore2-gteutop5,GT_GXX,gt,gtslice6,gtxecore2,gteutop5,,589,NVL_GT_SCN,SCN_GT_GXX::CTRL_X_PATMOD_K_BEGIN_X_X_X_X_X_RESET_TOPSKU,SCN_GT_GXX::CTRL_X_AUX_K_PREHVQK_X_X_X_X_X_SET_SKU_LFM,SCN_GT_GXX::CHAIN_ALL_GFXSB_K_BEGIN_HITO_GT_NOM_LFM_HVM_HRY_RAWSTR%,SCN_GT_GXX::STUCKAT_ALL_GFXSB_K_BEGIN_HITO_GT_NOM_LFM_HRY_RAWSTR%,9711074,9663298,140224
SCN_GT_GXX,gteusysside,gt-gtslice6-gtxecore2-gteusystop6,GT_GXX,gt,gtslice6,gtxecore2,gteusystop6,,1972,NVL_GT_SCN,SCN_GT_GXX::CTRL_X_PATMOD_K_BEGIN_X_X_X_X_X_RESET_TOPSKU,SCN_GT_GXX::CTRL_X_AUX_K_PREHVQK_X_X_X_X_X_SET_SKU_LFM,SCN_GT_GXX::CHAIN_ALL_GFXSB_K_BEGIN_HITO_GT_NOM_LFM_HVM_HRY_RAWSTR%,SCN_GT_GXX::STUCKAT_ALL_GFXSB_K_BEGIN_HITO_GT_NOM_LFM_HRY_RAWSTR%,6361608,6340759,105129
SCN_GT_GXX,gteuside,gt-gtslice6-gtxecore2-gteutop6,GT_GXX,gt,gtslice6,gtxecore2,gteutop6,,590,NVL_GT_SCN,SCN_GT_GXX::CTRL_X_PATMOD_K_BEGIN_X_X_X_X_X_RESET_TOPSKU,SCN_GT_GXX::CTRL_X_AUX_K_PREHVQK_X_X_X_X_X_SET_SKU_LFM,SCN_GT_GXX::CHAIN_ALL_GFXSB_K_BEGIN_HITO_GT_NOM_LFM_HVM_HRY_RAWSTR%,SCN_GT_GXX::STUCKAT_ALL_GFXSB_K_BEGIN_HITO_GT_NOM_LFM_HRY_RAWSTR%,9711074,9663298,140224
SCN_GT_GXX,gteusysside,gt-gtslice6-gtxecore2-gteusystop7,GT_GXX,gt,gtslice6,gtxecore2,gteusystop7,,1973,NVL_GT_SCN,SCN_GT_GXX::CTRL_X_PATMOD_K_BEGIN_X_X_X_X_X_RESET_TOPSKU,SCN_GT_GXX::CTRL_X_AUX_K_PREHVQK_X_X_X_X_X_SET_SKU_LFM,SCN_GT_GXX::CHAIN_ALL_GFXSB_K_BEGIN_HITO_GT_NOM_LFM_HVM_HRY_RAWSTR%,SCN_GT_GXX::STUCKAT_ALL_GFXSB_K_BEGIN_HITO_GT_NOM_LFM_HRY_RAWSTR%,6361608,6340759,105129
SCN_GT_GXX,gteuside,gt-gtslice6-gtxecore2-gteutop7,GT_GXX,gt,gtslice6,gtxecore2,gteutop7,,591,NVL_GT_SCN,SCN_GT_GXX::CTRL_X_PATMOD_K_BEGIN_X_X_X_X_X_RESET_TOPSKU,SCN_GT_GXX::CTRL_X_AUX_K_PREHVQK_X_X_X_X_X_SET_SKU_LFM,SCN_GT_GXX::CHAIN_ALL_GFXSB_K_BEGIN_HITO_GT_NOM_LFM_HVM_HRY_RAWSTR%,SCN_GT_GXX::STUCKAT_ALL_GFXSB_K_BEGIN_HITO_GT_NOM_LFM_HRY_RAWSTR%,9711074,9663298,140224
SCN_GT_GXX,gtxecorepar2,gt-gtslice6-gtxecore2-gtxecorepar2,GT_GXX,gt,gtslice6,gtxecore2,gtxecorepar2,,595,NVL_GT_SCN,SCN_GT_GXX::CTRL_X_PATMOD_K_BEGIN_X_X_X_X_X_RESET_TOPSKU,SCN_GT_GXX::CTRL_X_AUX_K_PREHVQK_X_X_X_X_X_SET_SKU_LFM,SCN_GT_GXX::CHAIN_ALL_GFXSB_K_BEGIN_HITO_GT_NOM_LFM_HVM_HRY_RAWSTR%,SCN_GT_GXX::STUCKAT_ALL_GFXSB_K_BEGIN_HITO_GT_NOM_LFM_HRY_RAWSTR%,7685097,7626107,100212
SCN_GT_GXX,gteusysside,gt-gtslice6-gtxecore2-gteusystop5,GT_GXX,gt,gtslice6,gtxecore2,gteusystop5,,1971,NVL_GT_SCN,SCN_GT_GXX::CTRL_X_PATMOD_K_BEGIN_X_X_X_X_X_RESET_TOPSKU,SCN_GT_GXX::CTRL_X_AUX_K_PREHVQK_X_X_X_X_X_SET_SKU_LFM,SCN_GT_GXX::CHAIN_ALL_GFXSB_K_BEGIN_HITO_GT_NOM_LFM_HVM_HRY_RAWSTR%,SCN_GT_GXX::STUCKAT_ALL_GFXSB_K_BEGIN_HITO_GT_NOM_LFM_HRY_RAWSTR%,6361608,6340759,105129
SCN_GT_GXX,gtlscbankpar1,gt-gtslice6-gtxecore3-gtlscbankpar1,GT_GXX,gt,gtslice6,gtxecore3,gtlscbankpar1,,607,NVL_GT_SCN,SCN_GT_GXX::CTRL_X_PATMOD_K_BEGIN_X_X_X_X_X_RESET_TOPSKU,SCN_GT_GXX::CTRL_X_AUX_K_PREHVQK_X_X_X_X_X_SET_SKU_LFM,SCN_GT_GXX::CHAIN_ALL_GFXSB_K_BEGIN_HITO_GT_NOM_LFM_HVM_HRY_RAWSTR%,SCN_GT_GXX::STUCKAT_ALL_GFXSB_K_BEGIN_HITO_GT_NOM_LFM_HRY_RAWSTR%,9131573,9007521,180595
SCN_GT_GXX,gtlscnodepar1,gt-gtslice6-gtxecore3-gtlscnodepar1,GT_GXX,gt,gtslice6,gtxecore3,gtlscnodepar1,,608,NVL_GT_SCN,SCN_GT_GXX::CTRL_X_PATMOD_K_BEGIN_X_X_X_X_X_RESET_TOPSKU,SCN_GT_GXX::CTRL_X_AUX_K_PREHVQK_X_X_X_X_X_SET_SKU_LFM,SCN_GT_GXX::CHAIN_ALL_GFXSB_K_BEGIN_HITO_GT_NOM_LFM_HVM_HRY_RAWSTR%,SCN_GT_GXX::STUCKAT_ALL_GFXSB_K_BEGIN_HITO_GT_NOM_LFM_HRY_RAWSTR%,8723346,8643432,141852
SCN_GT_GXX,gtxecorepar1,gt-gtslice6-gtxecore3-gtxecorepar1,GT_GXX,gt,gtslice6,gtxecore3,gtxecorepar1,,609,NVL_GT_SCN,SCN_GT_GXX::CTRL_X_PATMOD_K_BEGIN_X_X_X_X_X_RESET_TOPSKU,SCN_GT_GXX::CTRL_X_AUX_K_PREHVQK_X_X_X_X_X_SET_SKU_LFM,SCN_GT_GXX::CHAIN_ALL_GFXSB_K_BEGIN_HITO_GT_NOM_LFM_HVM_HRY_RAWSTR%,SCN_GT_GXX::STUCKAT_ALL_GFXSB_K_BEGIN_HITO_GT_NOM_LFM_HRY_RAWSTR%,11985757,11899189,168366
SCN_GT_GXX,gtxecorepar3,gt-gtslice6-gtxecore3-gtxecorepar3,GT_GXX,gt,gtslice6,gtxecore3,gtxecorepar3,,611,NVL_GT_SCN,SCN_GT_GXX::CTRL_X_PATMOD_K_BEGIN_X_X_X_X_X_RESET_TOPSKU,SCN_GT_GXX::CTRL_X_AUX_K_PREHVQK_X_X_X_X_X_SET_SKU_LFM,SCN_GT_GXX::CHAIN_ALL_GFXSB_K_BEGIN_HITO_GT_NOM_LFM_HVM_HRY_RAWSTR%,SCN_GT_GXX::STUCKAT_ALL_GFXSB_K_BEGIN_HITO_GT_NOM_LFM_HRY_RAWSTR%,13365253,13272040,270643
SCN_GT_GXX,gtxecorepar4,gt-gtslice6-gtxecore3-gtxecorepar4,GT_GXX,gt,gtslice6,gtxecore3,gtxecorepar4,,612,NVL_GT_SCN,SCN_GT_GXX::CTRL_X_PATMOD_K_BEGIN_X_X_X_X_X_RESET_TOPSKU,SCN_GT_GXX::CTRL_X_AUX_K_PREHVQK_X_X_X_X_X_SET_SKU_LFM,SCN_GT_GXX::CHAIN_ALL_GFXSB_K_BEGIN_HITO_GT_NOM_LFM_HVM_HRY_RAWSTR%,SCN_GT_GXX::STUCKAT_ALL_GFXSB_K_BEGIN_HITO_GT_NOM_LFM_HRY_RAWSTR%,11841780,11789789,160657
SCN_GT_GXX,gtxecorepar5,gt-gtslice6-gtxecore3-gtxecorepar5,GT_GXX,gt,gtslice6,gtxecore3,gtxecorepar5,,613,NVL_GT_SCN,SCN_GT_GXX::CTRL_X_PATMOD_K_BEGIN_X_X_X_X_X_RESET_TOPSKU,SCN_GT_GXX::CTRL_X_AUX_K_PREHVQK_X_X_X_X_X_SET_SKU_LFM,SCN_GT_GXX::CHAIN_ALL_GFXSB_K_BEGIN_HITO_GT_NOM_LFM_HVM_HRY_RAWSTR%,SCN_GT_GXX::STUCKAT_ALL_GFXSB_K_BEGIN_HITO_GT_NOM_LFM_HRY_RAWSTR%,12540921,12467757,218756
SCN_GT_GXX,gteusystop0,gt-gtslice6-gtxecore3-gteusystop0,GT_GXX,gt,gtslice6,gtxecore3,gteusystop0,,1974,NVL_GT_SCN,SCN_GT_GXX::CTRL_X_PATMOD_K_BEGIN_X_X_X_X_X_RESET_TOPSKU,SCN_GT_GXX::CTRL_X_AUX_K_PREHVQK_X_X_X_X_X_SET_SKU_LFM,SCN_GT_GXX::CHAIN_ALL_GFXSB_K_BEGIN_HITO_GT_NOM_LFM_HVM_HRY_RAWSTR%,SCN_GT_GXX::STUCKAT_ALL_GFXSB_K_BEGIN_HITO_GT_NOM_LFM_HRY_RAWSTR%,6398977,6378032,107295
SCN_GT_GXX,gteutop,gt-gtslice6-gtxecore3-gteutop0,GT_GXX,gt,gtslice6,gtxecore3,gteutop0,,599,NVL_GT_SCN,SCN_GT_GXX::CTRL_X_PATMOD_K_BEGIN_X_X_X_X_X_RESET_TOPSKU,SCN_GT_GXX::CTRL_X_AUX_K_PREHVQK_X_X_X_X_X_SET_SKU_LFM,SCN_GT_GXX::CHAIN_ALL_GFXSB_K_BEGIN_HITO_GT_NOM_LFM_HVM_HRY_RAWSTR%,SCN_GT_GXX::STUCKAT_ALL_GFXSB_K_BEGIN_HITO_GT_NOM_LFM_HRY_RAWSTR%,9749809,9701968,140224
SCN_GT_GXX,gteusysalt,gt-gtslice6-gtxecore3-gteusystop1,GT_GXX,gt,gtslice6,gtxecore3,gteusystop1,,1975,NVL_GT_SCN,SCN_GT_GXX::CTRL_X_PATMOD_K_BEGIN_X_X_X_X_X_RESET_TOPSKU,SCN_GT_GXX::CTRL_X_AUX_K_PREHVQK_X_X_X_X_X_SET_SKU_LFM,SCN_GT_GXX::CHAIN_ALL_GFXSB_K_BEGIN_HITO_GT_NOM_LFM_HVM_HRY_RAWSTR%,SCN_GT_GXX::STUCKAT_ALL_GFXSB_K_BEGIN_HITO_GT_NOM_LFM_HRY_RAWSTR%,6337642,6316608,105129
SCN_GT_GXX,gteuside,gt-gtslice6-gtxecore3-gteutop1,GT_GXX,gt,gtslice6,gtxecore3,gteutop1,,600,NVL_GT_SCN,SCN_GT_GXX::CTRL_X_PATMOD_K_BEGIN_X_X_X_X_X_RESET_TOPSKU,SCN_GT_GXX::CTRL_X_AUX_K_PREHVQK_X_X_X_X_X_SET_SKU_LFM,SCN_GT_GXX::CHAIN_ALL_GFXSB_K_BEGIN_HITO_GT_NOM_LFM_HVM_HRY_RAWSTR%,SCN_GT_GXX::STUCKAT_ALL_GFXSB_K_BEGIN_HITO_GT_NOM_LFM_HRY_RAWSTR%,9711074,9663298,140224
SCN_GT_GXX,gteusysside,gt-gtslice6-gtxecore3-gteusystop2,GT_GXX,gt,gtslice6,gtxecore3,gteusystop2,,1976,NVL_GT_SCN,SCN_GT_GXX::CTRL_X_PATMOD_K_BEGIN_X_X_X_X_X_RESET_TOPSKU,SCN_GT_GXX::CTRL_X_AUX_K_PREHVQK_X_X_X_X_X_SET_SKU_LFM,SCN_GT_GXX::CHAIN_ALL_GFXSB_K_BEGIN_HITO_GT_NOM_LFM_HVM_HRY_RAWSTR%,SCN_GT_GXX::STUCKAT_ALL_GFXSB_K_BEGIN_HITO_GT_NOM_LFM_HRY_RAWSTR%,6361608,6340759,105129
SCN_GT_GXX,gteuside,gt-gtslice6-gtxecore3-gteutop2,GT_GXX,gt,gtslice6,gtxecore3,gteutop2,,601,NVL_GT_SCN,SCN_GT_GXX::CTRL_X_PATMOD_K_BEGIN_X_X_X_X_X_RESET_TOPSKU,SCN_GT_GXX::CTRL_X_AUX_K_PREHVQK_X_X_X_X_X_SET_SKU_LFM,SCN_GT_GXX::CHAIN_ALL_GFXSB_K_BEGIN_HITO_GT_NOM_LFM_HVM_HRY_RAWSTR%,SCN_GT_GXX::STUCKAT_ALL_GFXSB_K_BEGIN_HITO_GT_NOM_LFM_HRY_RAWSTR%,9711074,9663298,140224
SCN_GT_GXX,gteusysside,gt-gtslice6-gtxecore3-gteusystop3,GT_GXX,gt,gtslice6,gtxecore3,gteusystop3,,1977,NVL_GT_SCN,SCN_GT_GXX::CTRL_X_PATMOD_K_BEGIN_X_X_X_X_X_RESET_TOPSKU,SCN_GT_GXX::CTRL_X_AUX_K_PREHVQK_X_X_X_X_X_SET_SKU_LFM,SCN_GT_GXX::CHAIN_ALL_GFXSB_K_BEGIN_HITO_GT_NOM_LFM_HVM_HRY_RAWSTR%,SCN_GT_GXX::STUCKAT_ALL_GFXSB_K_BEGIN_HITO_GT_NOM_LFM_HRY_RAWSTR%,6361608,6340759,105129
SCN_GT_GXX,gteuside,gt-gtslice6-gtxecore3-gteutop3,GT_GXX,gt,gtslice6,gtxecore3,gteutop3,,602,NVL_GT_SCN,SCN_GT_GXX::CTRL_X_PATMOD_K_BEGIN_X_X_X_X_X_RESET_TOPSKU,SCN_GT_GXX::CTRL_X_AUX_K_PREHVQK_X_X_X_X_X_SET_SKU_LFM,SCN_GT_GXX::CHAIN_ALL_GFXSB_K_BEGIN_HITO_GT_NOM_LFM_HVM_HRY_RAWSTR%,SCN_GT_GXX::STUCKAT_ALL_GFXSB_K_BEGIN_HITO_GT_NOM_LFM_HRY_RAWSTR%,9711074,9663298,140224
SCN_GT_GXX,gteusystop4,gt-gtslice6-gtxecore3-gteusystop4,GT_GXX,gt,gtslice6,gtxecore3,gteusystop4,,1978,NVL_GT_SCN,SCN_GT_GXX::CTRL_X_PATMOD_K_BEGIN_X_X_X_X_X_RESET_TOPSKU,SCN_GT_GXX::CTRL_X_AUX_K_PREHVQK_X_X_X_X_X_SET_SKU_LFM,SCN_GT_GXX::CHAIN_ALL_GFXSB_K_BEGIN_HITO_GT_NOM_LFM_HVM_HRY_RAWSTR%,SCN_GT_GXX::STUCKAT_ALL_GFXSB_K_BEGIN_HITO_GT_NOM_LFM_HRY_RAWSTR%,6394691,6373730,106636
SCN_GT_GXX,gteutop,gt-gtslice6-gtxecore3-gteutop4,GT_GXX,gt,gtslice6,gtxecore3,gteutop4,,603,NVL_GT_SCN,SCN_GT_GXX::CTRL_X_PATMOD_K_BEGIN_X_X_X_X_X_RESET_TOPSKU,SCN_GT_GXX::CTRL_X_AUX_K_PREHVQK_X_X_X_X_X_SET_SKU_LFM,SCN_GT_GXX::CHAIN_ALL_GFXSB_K_BEGIN_HITO_GT_NOM_LFM_HVM_HRY_RAWSTR%,SCN_GT_GXX::STUCKAT_ALL_GFXSB_K_BEGIN_HITO_GT_NOM_LFM_HRY_RAWSTR%,9749809,9701968,140224
SCN_GT_GXX,gteuside,gt-gtslice6-gtxecore3-gteutop5,GT_GXX,gt,gtslice6,gtxecore3,gteutop5,,604,NVL_GT_SCN,SCN_GT_GXX::CTRL_X_PATMOD_K_BEGIN_X_X_X_X_X_RESET_TOPSKU,SCN_GT_GXX::CTRL_X_AUX_K_PREHVQK_X_X_X_X_X_SET_SKU_LFM,SCN_GT_GXX::CHAIN_ALL_GFXSB_K_BEGIN_HITO_GT_NOM_LFM_HVM_HRY_RAWSTR%,SCN_GT_GXX::STUCKAT_ALL_GFXSB_K_BEGIN_HITO_GT_NOM_LFM_HRY_RAWSTR%,9711074,9663298,140224
SCN_GT_GXX,gteusysside,gt-gtslice6-gtxecore3-gteusystop6,GT_GXX,gt,gtslice6,gtxecore3,gteusystop6,,1980,NVL_GT_SCN,SCN_GT_GXX::CTRL_X_PATMOD_K_BEGIN_X_X_X_X_X_RESET_TOPSKU,SCN_GT_GXX::CTRL_X_AUX_K_PREHVQK_X_X_X_X_X_SET_SKU_LFM,SCN_GT_GXX::CHAIN_ALL_GFXSB_K_BEGIN_HITO_GT_NOM_LFM_HVM_HRY_RAWSTR%,SCN_GT_GXX::STUCKAT_ALL_GFXSB_K_BEGIN_HITO_GT_NOM_LFM_HRY_RAWSTR%,6361608,6340759,105129
SCN_GT_GXX,gteuside,gt-gtslice6-gtxecore3-gteutop6,GT_GXX,gt,gtslice6,gtxecore3,gteutop6,,605,NVL_GT_SCN,SCN_GT_GXX::CTRL_X_PATMOD_K_BEGIN_X_X_X_X_X_RESET_TOPSKU,SCN_GT_GXX::CTRL_X_AUX_K_PREHVQK_X_X_X_X_X_SET_SKU_LFM,SCN_GT_GXX::CHAIN_ALL_GFXSB_K_BEGIN_HITO_GT_NOM_LFM_HVM_HRY_RAWSTR%,SCN_GT_GXX::STUCKAT_ALL_GFXSB_K_BEGIN_HITO_GT_NOM_LFM_HRY_RAWSTR%,9711074,9663298,140224
SCN_GT_GXX,gteusysside,gt-gtslice6-gtxecore3-gteusystop7,GT_GXX,gt,gtslice6,gtxecore3,gteusystop7,,1981,NVL_GT_SCN,SCN_GT_GXX::CTRL_X_PATMOD_K_BEGIN_X_X_X_X_X_RESET_TOPSKU,SCN_GT_GXX::CTRL_X_AUX_K_PREHVQK_X_X_X_X_X_SET_SKU_LFM,SCN_GT_GXX::CHAIN_ALL_GFXSB_K_BEGIN_HITO_GT_NOM_LFM_HVM_HRY_RAWSTR%,SCN_GT_GXX::STUCKAT_ALL_GFXSB_K_BEGIN_HITO_GT_NOM_LFM_HRY_RAWSTR%,6361608,6340759,105129
SCN_GT_GXX,gteuside,gt-gtslice6-gtxecore3-gteutop7,GT_GXX,gt,gtslice6,gtxecore3,gteutop7,,606,NVL_GT_SCN,SCN_GT_GXX::CTRL_X_PATMOD_K_BEGIN_X_X_X_X_X_RESET_TOPSKU,SCN_GT_GXX::CTRL_X_AUX_K_PREHVQK_X_X_X_X_X_SET_SKU_LFM,SCN_GT_GXX::CHAIN_ALL_GFXSB_K_BEGIN_HITO_GT_NOM_LFM_HVM_HRY_RAWSTR%,SCN_GT_GXX::STUCKAT_ALL_GFXSB_K_BEGIN_HITO_GT_NOM_LFM_HRY_RAWSTR%,9711074,9663298,140224
SCN_GT_GXX,gtxecorepar2,gt-gtslice6-gtxecore3-gtxecorepar2,GT_GXX,gt,gtslice6,gtxecore3,gtxecorepar2,,610,NVL_GT_SCN,SCN_GT_GXX::CTRL_X_PATMOD_K_BEGIN_X_X_X_X_X_RESET_TOPSKU,SCN_GT_GXX::CTRL_X_AUX_K_PREHVQK_X_X_X_X_X_SET_SKU_LFM,SCN_GT_GXX::CHAIN_ALL_GFXSB_K_BEGIN_HITO_GT_NOM_LFM_HVM_HRY_RAWSTR%,SCN_GT_GXX::STUCKAT_ALL_GFXSB_K_BEGIN_HITO_GT_NOM_LFM_HRY_RAWSTR%,7685097,7626107,100212
SCN_GT_GXX,gteusysside,gt-gtslice6-gtxecore3-gteusystop5,GT_GXX,gt,gtslice6,gtxecore3,gteusystop5,,1979,NVL_GT_SCN,SCN_GT_GXX::CTRL_X_PATMOD_K_BEGIN_X_X_X_X_X_RESET_TOPSKU,SCN_GT_GXX::CTRL_X_AUX_K_PREHVQK_X_X_X_X_X_SET_SKU_LFM,SCN_GT_GXX::CHAIN_ALL_GFXSB_K_BEGIN_HITO_GT_NOM_LFM_HVM_HRY_RAWSTR%,SCN_GT_GXX::STUCKAT_ALL_GFXSB_K_BEGIN_HITO_GT_NOM_LFM_HRY_RAWSTR%,6361608,6340759,105129
SCN_GT_GXX,gtrasterpar2,gt-gtslice6-gtsc-gtrasterpar2,GT_GXX,gt,gtslice6,gtsc,gtrasterpar2,,534,NVL_GT_SCN,SCN_GT_GXX::CTRL_X_PATMOD_K_BEGIN_X_X_X_X_X_RESET_TOPSKU,SCN_GT_GXX::CTRL_X_AUX_K_PREHVQK_X_X_X_X_X_SET_SKU_LFM,SCN_GT_GXX::CHAIN_ALL_GFXSB_K_BEGIN_HITO_GT_NOM_LFM_HVM_HRY_RAWSTR%,SCN_GT_GXX::STUCKAT_ALL_GFXSB_K_BEGIN_HITO_GT_NOM_LFM_HRY_RAWSTR%,10762799,10627137,228584
SCN_GT_GXX,gtrasterpar3,gt-gtslice6-gtsc-gtrasterpar3,GT_GXX,gt,gtslice6,gtsc,gtrasterpar3,,535,NVL_GT_SCN,SCN_GT_GXX::CTRL_X_PATMOD_K_BEGIN_X_X_X_X_X_RESET_TOPSKU,SCN_GT_GXX::CTRL_X_AUX_K_PREHVQK_X_X_X_X_X_SET_SKU_LFM,SCN_GT_GXX::CHAIN_ALL_GFXSB_K_BEGIN_HITO_GT_NOM_LFM_HVM_HRY_RAWSTR%,SCN_GT_GXX::STUCKAT_ALL_GFXSB_K_BEGIN_HITO_GT_NOM_LFM_HRY_RAWSTR%,11549858,11485157,269146
SCN_GT_GXX,gtcpipepar1,gt-gtslice6-gtsc-gtscpipe0-gtcpipepar1,GT_GXX,gt,gtslice6,gtsc,gtscpipe0,gtcpipepar1,536,NVL_GT_SCN,SCN_GT_GXX::CTRL_X_PATMOD_K_BEGIN_X_X_X_X_X_RESET_TOPSKU,SCN_GT_GXX::CTRL_X_AUX_K_PREHVQK_X_X_X_X_X_SET_SKU_LFM,SCN_GT_GXX::CHAIN_ALL_GFXSB_K_BEGIN_HITO_GT_NOM_LFM_HVM_HRY_RAWSTR%,SCN_GT_GXX::STUCKAT_ALL_GFXSB_K_BEGIN_HITO_GT_NOM_LFM_HRY_RAWSTR%,10746850,10696909,194538
SCN_GT_GXX,gtcpipepar2,gt-gtslice6-gtsc-gtscpipe0-gtcpipepar2,GT_GXX,gt,gtslice6,gtsc,gtscpipe0,gtcpipepar2,537,NVL_GT_SCN,SCN_GT_GXX::CTRL_X_PATMOD_K_BEGIN_X_X_X_X_X_RESET_TOPSKU,SCN_GT_GXX::CTRL_X_AUX_K_PREHVQK_X_X_X_X_X_SET_SKU_LFM,SCN_GT_GXX::CHAIN_ALL_GFXSB_K_BEGIN_HITO_GT_NOM_LFM_HVM_HRY_RAWSTR%,SCN_GT_GXX::STUCKAT_ALL_GFXSB_K_BEGIN_HITO_GT_NOM_LFM_HRY_RAWSTR%,10756187,10689922,230394
SCN_GT_GXX,gtfixpar1,gt-gtslice6-gtsc-gtscpipe0-gtfixpar1,GT_GXX,gt,gtslice6,gtsc,gtscpipe0,gtfixpar1,538,NVL_GT_SCN,SCN_GT_GXX::CTRL_X_PATMOD_K_BEGIN_X_X_X_X_X_RESET_TOPSKU,SCN_GT_GXX::CTRL_X_AUX_K_PREHVQK_X_X_X_X_X_SET_SKU_LFM,SCN_GT_GXX::CHAIN_ALL_GFXSB_K_BEGIN_HITO_GT_NOM_LFM_HVM_HRY_RAWSTR%,SCN_GT_GXX::STUCKAT_ALL_GFXSB_K_BEGIN_HITO_GT_NOM_LFM_HRY_RAWSTR%,4895039,4724601,86543
SCN_GT_GXX,gtfixpar2,gt-gtslice6-gtsc-gtscpipe0-gtfixpar2,GT_GXX,gt,gtslice6,gtsc,gtscpipe0,gtfixpar2,539,NVL_GT_SCN,SCN_GT_GXX::CTRL_X_PATMOD_K_BEGIN_X_X_X_X_X_RESET_TOPSKU,SCN_GT_GXX::CTRL_X_AUX_K_PREHVQK_X_X_X_X_X_SET_SKU_LFM,SCN_GT_GXX::CHAIN_ALL_GFXSB_K_BEGIN_HITO_GT_NOM_LFM_HVM_HRY_RAWSTR%,SCN_GT_GXX::STUCKAT_ALL_GFXSB_K_BEGIN_HITO_GT_NOM_LFM_HRY_RAWSTR%,13679498,13553314,259495
SCN_GT_GXX,gtfixpar3,gt-gtslice6-gtsc-gtscpipe0-gtfixpar3,GT_GXX,gt,gtslice6,gtsc,gtscpipe0,gtfixpar3,540,NVL_GT_SCN,SCN_GT_GXX::CTRL_X_PATMOD_K_BEGIN_X_X_X_X_X_RESET_TOPSKU,SCN_GT_GXX::CTRL_X_AUX_K_PREHVQK_X_X_X_X_X_SET_SKU_LFM,SCN_GT_GXX::CHAIN_ALL_GFXSB_K_BEGIN_HITO_GT_NOM_LFM_HVM_HRY_RAWSTR%,SCN_GT_GXX::STUCKAT_ALL_GFXSB_K_BEGIN_HITO_GT_NOM_LFM_HRY_RAWSTR%,10627088,10527045,224971
SCN_GT_GXX,gtstlbpar1,gt-gtslice6-gtsc-gtscpipe0-gtstlbpar1,GT_GXX,gt,gtslice6,gtsc,gtscpipe0,gtstlbpar1,541,NVL_GT_SCN,SCN_GT_GXX::CTRL_X_PATMOD_K_BEGIN_X_X_X_X_X_RESET_TOPSKU,SCN_GT_GXX::CTRL_X_AUX_K_PREHVQK_X_X_X_X_X_SET_SKU_LFM,SCN_GT_GXX::CHAIN_ALL_GFXSB_K_BEGIN_HITO_GT_NOM_LFM_HVM_HRY_RAWSTR%,SCN_GT_GXX::STUCKAT_ALL_GFXSB_K_BEGIN_HITO_GT_NOM_LFM_HRY_RAWSTR%,6105618,6061686,103677
SCN_GT_GXX,gtxetlbpar1,gt-gtslice6-gtsc-gtscpipe0-gtxetlbpar1,GT_GXX,gt,gtslice6,gtsc,gtscpipe0,gtxetlbpar1,542,NVL_GT_SCN,SCN_GT_GXX::CTRL_X_PATMOD_K_BEGIN_X_X_X_X_X_RESET_TOPSKU,SCN_GT_GXX::CTRL_X_AUX_K_PREHVQK_X_X_X_X_X_SET_SKU_LFM,SCN_GT_GXX::CHAIN_ALL_GFXSB_K_BEGIN_HITO_GT_NOM_LFM_HVM_HRY_RAWSTR%,SCN_GT_GXX::STUCKAT_ALL_GFXSB_K_BEGIN_HITO_GT_NOM_LFM_HRY_RAWSTR%,6576463,6504549,121628
SCN_GT_GXX,gtxetlbpar2,gt-gtslice6-gtsc-gtscpipe0-gtxetlbpar2,GT_GXX,gt,gtslice6,gtsc,gtscpipe0,gtxetlbpar2,543,NVL_GT_SCN,SCN_GT_GXX::CTRL_X_PATMOD_K_BEGIN_X_X_X_X_X_RESET_TOPSKU,SCN_GT_GXX::CTRL_X_AUX_K_PREHVQK_X_X_X_X_X_SET_SKU_LFM,SCN_GT_GXX::CHAIN_ALL_GFXSB_K_BEGIN_HITO_GT_NOM_LFM_HVM_HRY_RAWSTR%,SCN_GT_GXX::STUCKAT_ALL_GFXSB_K_BEGIN_HITO_GT_NOM_LFM_HRY_RAWSTR%,10665366,10573421,126009
SCN_GT_GXX,gtzpipepar1,gt-gtslice6-gtsc-gtscpipe0-gtzpipepar1,GT_GXX,gt,gtslice6,gtsc,gtscpipe0,gtzpipepar1,544,NVL_GT_SCN,SCN_GT_GXX::CTRL_X_PATMOD_K_BEGIN_X_X_X_X_X_RESET_TOPSKU,SCN_GT_GXX::CTRL_X_AUX_K_PREHVQK_X_X_X_X_X_SET_SKU_LFM,SCN_GT_GXX::CHAIN_ALL_GFXSB_K_BEGIN_HITO_GT_NOM_LFM_HVM_HRY_RAWSTR%,SCN_GT_GXX::STUCKAT_ALL_GFXSB_K_BEGIN_HITO_GT_NOM_LFM_HRY_RAWSTR%,11122704,11025644,266022
SCN_GT_GXX,gtcpipepar1,gt-gtslice6-gtsc-gtscpipe1-gtcpipepar1,GT_GXX,gt,gtslice6,gtsc,gtscpipe1,gtcpipepar1,545,NVL_GT_SCN,SCN_GT_GXX::CTRL_X_PATMOD_K_BEGIN_X_X_X_X_X_RESET_TOPSKU,SCN_GT_GXX::CTRL_X_AUX_K_PREHVQK_X_X_X_X_X_SET_SKU_LFM,SCN_GT_GXX::CHAIN_ALL_GFXSB_K_BEGIN_HITO_GT_NOM_LFM_HVM_HRY_RAWSTR%,SCN_GT_GXX::STUCKAT_ALL_GFXSB_K_BEGIN_HITO_GT_NOM_LFM_HRY_RAWSTR%,10746850,10696909,194538
SCN_GT_GXX,gtcpipepar2,gt-gtslice6-gtsc-gtscpipe1-gtcpipepar2,GT_GXX,gt,gtslice6,gtsc,gtscpipe1,gtcpipepar2,546,NVL_GT_SCN,SCN_GT_GXX::CTRL_X_PATMOD_K_BEGIN_X_X_X_X_X_RESET_TOPSKU,SCN_GT_GXX::CTRL_X_AUX_K_PREHVQK_X_X_X_X_X_SET_SKU_LFM,SCN_GT_GXX::CHAIN_ALL_GFXSB_K_BEGIN_HITO_GT_NOM_LFM_HVM_HRY_RAWSTR%,SCN_GT_GXX::STUCKAT_ALL_GFXSB_K_BEGIN_HITO_GT_NOM_LFM_HRY_RAWSTR%,10756187,10689922,230394
SCN_GT_GXX,gtfixpar1,gt-gtslice6-gtsc-gtscpipe1-gtfixpar1,GT_GXX,gt,gtslice6,gtsc,gtscpipe1,gtfixpar1,547,NVL_GT_SCN,SCN_GT_GXX::CTRL_X_PATMOD_K_BEGIN_X_X_X_X_X_RESET_TOPSKU,SCN_GT_GXX::CTRL_X_AUX_K_PREHVQK_X_X_X_X_X_SET_SKU_LFM,SCN_GT_GXX::CHAIN_ALL_GFXSB_K_BEGIN_HITO_GT_NOM_LFM_HVM_HRY_RAWSTR%,SCN_GT_GXX::STUCKAT_ALL_GFXSB_K_BEGIN_HITO_GT_NOM_LFM_HRY_RAWSTR%,4895039,4724601,86543
SCN_GT_GXX,gtfixpar2,gt-gtslice6-gtsc-gtscpipe1-gtfixpar2,GT_GXX,gt,gtslice6,gtsc,gtscpipe1,gtfixpar2,548,NVL_GT_SCN,SCN_GT_GXX::CTRL_X_PATMOD_K_BEGIN_X_X_X_X_X_RESET_TOPSKU,SCN_GT_GXX::CTRL_X_AUX_K_PREHVQK_X_X_X_X_X_SET_SKU_LFM,SCN_GT_GXX::CHAIN_ALL_GFXSB_K_BEGIN_HITO_GT_NOM_LFM_HVM_HRY_RAWSTR%,SCN_GT_GXX::STUCKAT_ALL_GFXSB_K_BEGIN_HITO_GT_NOM_LFM_HRY_RAWSTR%,13679498,13553314,259495
SCN_GT_GXX,gtfixpar3,gt-gtslice6-gtsc-gtscpipe1-gtfixpar3,GT_GXX,gt,gtslice6,gtsc,gtscpipe1,gtfixpar3,549,NVL_GT_SCN,SCN_GT_GXX::CTRL_X_PATMOD_K_BEGIN_X_X_X_X_X_RESET_TOPSKU,SCN_GT_GXX::CTRL_X_AUX_K_PREHVQK_X_X_X_X_X_SET_SKU_LFM,SCN_GT_GXX::CHAIN_ALL_GFXSB_K_BEGIN_HITO_GT_NOM_LFM_HVM_HRY_RAWSTR%,SCN_GT_GXX::STUCKAT_ALL_GFXSB_K_BEGIN_HITO_GT_NOM_LFM_HRY_RAWSTR%,10627088,10527045,224971
SCN_GT_GXX,gtstlbpar1,gt-gtslice6-gtsc-gtscpipe1-gtstlbpar1,GT_GXX,gt,gtslice6,gtsc,gtscpipe1,gtstlbpar1,550,NVL_GT_SCN,SCN_GT_GXX::CTRL_X_PATMOD_K_BEGIN_X_X_X_X_X_RESET_TOPSKU,SCN_GT_GXX::CTRL_X_AUX_K_PREHVQK_X_X_X_X_X_SET_SKU_LFM,SCN_GT_GXX::CHAIN_ALL_GFXSB_K_BEGIN_HITO_GT_NOM_LFM_HVM_HRY_RAWSTR%,SCN_GT_GXX::STUCKAT_ALL_GFXSB_K_BEGIN_HITO_GT_NOM_LFM_HRY_RAWSTR%,6105618,6061686,103677
SCN_GT_GXX,gtxetlbpar1,gt-gtslice6-gtsc-gtscpipe1-gtxetlbpar1,GT_GXX,gt,gtslice6,gtsc,gtscpipe1,gtxetlbpar1,551,NVL_GT_SCN,SCN_GT_GXX::CTRL_X_PATMOD_K_BEGIN_X_X_X_X_X_RESET_TOPSKU,SCN_GT_GXX::CTRL_X_AUX_K_PREHVQK_X_X_X_X_X_SET_SKU_LFM,SCN_GT_GXX::CHAIN_ALL_GFXSB_K_BEGIN_HITO_GT_NOM_LFM_HVM_HRY_RAWSTR%,SCN_GT_GXX::STUCKAT_ALL_GFXSB_K_BEGIN_HITO_GT_NOM_LFM_HRY_RAWSTR%,6576463,6504549,121628
SCN_GT_GXX,gtxetlbpar2,gt-gtslice6-gtsc-gtscpipe1-gtxetlbpar2,GT_GXX,gt,gtslice6,gtsc,gtscpipe1,gtxetlbpar2,552,NVL_GT_SCN,SCN_GT_GXX::CTRL_X_PATMOD_K_BEGIN_X_X_X_X_X_RESET_TOPSKU,SCN_GT_GXX::CTRL_X_AUX_K_PREHVQK_X_X_X_X_X_SET_SKU_LFM,SCN_GT_GXX::CHAIN_ALL_GFXSB_K_BEGIN_HITO_GT_NOM_LFM_HVM_HRY_RAWSTR%,SCN_GT_GXX::STUCKAT_ALL_GFXSB_K_BEGIN_HITO_GT_NOM_LFM_HRY_RAWSTR%,10665366,10573421,126009
SCN_GT_GXX,gtzpipepar1,gt-gtslice6-gtsc-gtscpipe1-gtzpipepar1,GT_GXX,gt,gtslice6,gtsc,gtscpipe1,gtzpipepar1,553,NVL_GT_SCN,SCN_GT_GXX::CTRL_X_PATMOD_K_BEGIN_X_X_X_X_X_RESET_TOPSKU,SCN_GT_GXX::CTRL_X_AUX_K_PREHVQK_X_X_X_X_X_SET_SKU_LFM,SCN_GT_GXX::CHAIN_ALL_GFXSB_K_BEGIN_HITO_GT_NOM_LFM_HVM_HRY_RAWSTR%,SCN_GT_GXX::STUCKAT_ALL_GFXSB_K_BEGIN_HITO_GT_NOM_LFM_HRY_RAWSTR%,11122704,11025644,266022
SCN_GT_GXX,gtrasterpar1,gt-gtslice6-gtsc-gtrasterpar1,GT_GXX,gt,gtslice6,gtsc,gtrasterpar1,,533,NVL_GT_SCN,SCN_GT_GXX::CTRL_X_PATMOD_K_BEGIN_X_X_X_X_X_RESET_TOPSKU,SCN_GT_GXX::CTRL_X_AUX_K_PREHVQK_X_X_X_X_X_SET_SKU_LFM,SCN_GT_GXX::CHAIN_ALL_GFXSB_K_BEGIN_HITO_GT_NOM_LFM_HVM_HRY_RAWSTR%,SCN_GT_GXX::STUCKAT_ALL_GFXSB_K_BEGIN_HITO_GT_NOM_LFM_HRY_RAWSTR%,12503971,12385578,201027
SCN_GT_GXX,gtlscbankpar1,gt-gtslice7-gtxecore0-gtlscbankpar1,GT_GXX,gt,gtslice7,gtxecore0,gtlscbankpar1,,643,NVL_GT_SCN,SCN_GT_GXX::CTRL_X_PATMOD_K_BEGIN_X_X_X_X_X_RESET_TOPSKU,SCN_GT_GXX::CTRL_X_AUX_K_PREHVQK_X_X_X_X_X_SET_SKU_LFM,SCN_GT_GXX::CHAIN_ALL_GFXSB_K_BEGIN_HITO_GT_NOM_LFM_HVM_HRY_RAWSTR%,SCN_GT_GXX::STUCKAT_ALL_GFXSB_K_BEGIN_HITO_GT_NOM_LFM_HRY_RAWSTR%,9131573,9007521,180595
SCN_GT_GXX,gtlscnodepar1,gt-gtslice7-gtxecore0-gtlscnodepar1,GT_GXX,gt,gtslice7,gtxecore0,gtlscnodepar1,,644,NVL_GT_SCN,SCN_GT_GXX::CTRL_X_PATMOD_K_BEGIN_X_X_X_X_X_RESET_TOPSKU,SCN_GT_GXX::CTRL_X_AUX_K_PREHVQK_X_X_X_X_X_SET_SKU_LFM,SCN_GT_GXX::CHAIN_ALL_GFXSB_K_BEGIN_HITO_GT_NOM_LFM_HVM_HRY_RAWSTR%,SCN_GT_GXX::STUCKAT_ALL_GFXSB_K_BEGIN_HITO_GT_NOM_LFM_HRY_RAWSTR%,8723346,8643432,141852
SCN_GT_GXX,gtxecorepar1,gt-gtslice7-gtxecore0-gtxecorepar1,GT_GXX,gt,gtslice7,gtxecore0,gtxecorepar1,,645,NVL_GT_SCN,SCN_GT_GXX::CTRL_X_PATMOD_K_BEGIN_X_X_X_X_X_RESET_TOPSKU,SCN_GT_GXX::CTRL_X_AUX_K_PREHVQK_X_X_X_X_X_SET_SKU_LFM,SCN_GT_GXX::CHAIN_ALL_GFXSB_K_BEGIN_HITO_GT_NOM_LFM_HVM_HRY_RAWSTR%,SCN_GT_GXX::STUCKAT_ALL_GFXSB_K_BEGIN_HITO_GT_NOM_LFM_HRY_RAWSTR%,11985757,11899189,168366
SCN_GT_GXX,gtxecorepar3,gt-gtslice7-gtxecore0-gtxecorepar3,GT_GXX,gt,gtslice7,gtxecore0,gtxecorepar3,,647,NVL_GT_SCN,SCN_GT_GXX::CTRL_X_PATMOD_K_BEGIN_X_X_X_X_X_RESET_TOPSKU,SCN_GT_GXX::CTRL_X_AUX_K_PREHVQK_X_X_X_X_X_SET_SKU_LFM,SCN_GT_GXX::CHAIN_ALL_GFXSB_K_BEGIN_HITO_GT_NOM_LFM_HVM_HRY_RAWSTR%,SCN_GT_GXX::STUCKAT_ALL_GFXSB_K_BEGIN_HITO_GT_NOM_LFM_HRY_RAWSTR%,13365253,13272040,270643
SCN_GT_GXX,gtxecorepar4,gt-gtslice7-gtxecore0-gtxecorepar4,GT_GXX,gt,gtslice7,gtxecore0,gtxecorepar4,,648,NVL_GT_SCN,SCN_GT_GXX::CTRL_X_PATMOD_K_BEGIN_X_X_X_X_X_RESET_TOPSKU,SCN_GT_GXX::CTRL_X_AUX_K_PREHVQK_X_X_X_X_X_SET_SKU_LFM,SCN_GT_GXX::CHAIN_ALL_GFXSB_K_BEGIN_HITO_GT_NOM_LFM_HVM_HRY_RAWSTR%,SCN_GT_GXX::STUCKAT_ALL_GFXSB_K_BEGIN_HITO_GT_NOM_LFM_HRY_RAWSTR%,11841780,11789789,160657
SCN_GT_GXX,gtxecorepar5,gt-gtslice7-gtxecore0-gtxecorepar5,GT_GXX,gt,gtslice7,gtxecore0,gtxecorepar5,,649,NVL_GT_SCN,SCN_GT_GXX::CTRL_X_PATMOD_K_BEGIN_X_X_X_X_X_RESET_TOPSKU,SCN_GT_GXX::CTRL_X_AUX_K_PREHVQK_X_X_X_X_X_SET_SKU_LFM,SCN_GT_GXX::CHAIN_ALL_GFXSB_K_BEGIN_HITO_GT_NOM_LFM_HVM_HRY_RAWSTR%,SCN_GT_GXX::STUCKAT_ALL_GFXSB_K_BEGIN_HITO_GT_NOM_LFM_HRY_RAWSTR%,12540921,12467757,218756
SCN_GT_GXX,gteusystop0,gt-gtslice7-gtxecore0-gteusystop0,GT_GXX,gt,gtslice7,gtxecore0,gteusystop0,,1982,NVL_GT_SCN,SCN_GT_GXX::CTRL_X_PATMOD_K_BEGIN_X_X_X_X_X_RESET_TOPSKU,SCN_GT_GXX::CTRL_X_AUX_K_PREHVQK_X_X_X_X_X_SET_SKU_LFM,SCN_GT_GXX::CHAIN_ALL_GFXSB_K_BEGIN_HITO_GT_NOM_LFM_HVM_HRY_RAWSTR%,SCN_GT_GXX::STUCKAT_ALL_GFXSB_K_BEGIN_HITO_GT_NOM_LFM_HRY_RAWSTR%,6398977,6378032,107295
SCN_GT_GXX,gteutop,gt-gtslice7-gtxecore0-gteutop0,GT_GXX,gt,gtslice7,gtxecore0,gteutop0,,635,NVL_GT_SCN,SCN_GT_GXX::CTRL_X_PATMOD_K_BEGIN_X_X_X_X_X_RESET_TOPSKU,SCN_GT_GXX::CTRL_X_AUX_K_PREHVQK_X_X_X_X_X_SET_SKU_LFM,SCN_GT_GXX::CHAIN_ALL_GFXSB_K_BEGIN_HITO_GT_NOM_LFM_HVM_HRY_RAWSTR%,SCN_GT_GXX::STUCKAT_ALL_GFXSB_K_BEGIN_HITO_GT_NOM_LFM_HRY_RAWSTR%,9749809,9701968,140224
SCN_GT_GXX,gteusysalt,gt-gtslice7-gtxecore0-gteusystop1,GT_GXX,gt,gtslice7,gtxecore0,gteusystop1,,1983,NVL_GT_SCN,SCN_GT_GXX::CTRL_X_PATMOD_K_BEGIN_X_X_X_X_X_RESET_TOPSKU,SCN_GT_GXX::CTRL_X_AUX_K_PREHVQK_X_X_X_X_X_SET_SKU_LFM,SCN_GT_GXX::CHAIN_ALL_GFXSB_K_BEGIN_HITO_GT_NOM_LFM_HVM_HRY_RAWSTR%,SCN_GT_GXX::STUCKAT_ALL_GFXSB_K_BEGIN_HITO_GT_NOM_LFM_HRY_RAWSTR%,6337642,6316608,105129
SCN_GT_GXX,gteuside,gt-gtslice7-gtxecore0-gteutop1,GT_GXX,gt,gtslice7,gtxecore0,gteutop1,,636,NVL_GT_SCN,SCN_GT_GXX::CTRL_X_PATMOD_K_BEGIN_X_X_X_X_X_RESET_TOPSKU,SCN_GT_GXX::CTRL_X_AUX_K_PREHVQK_X_X_X_X_X_SET_SKU_LFM,SCN_GT_GXX::CHAIN_ALL_GFXSB_K_BEGIN_HITO_GT_NOM_LFM_HVM_HRY_RAWSTR%,SCN_GT_GXX::STUCKAT_ALL_GFXSB_K_BEGIN_HITO_GT_NOM_LFM_HRY_RAWSTR%,9711074,9663298,140224
SCN_GT_GXX,gteusysside,gt-gtslice7-gtxecore0-gteusystop2,GT_GXX,gt,gtslice7,gtxecore0,gteusystop2,,1984,NVL_GT_SCN,SCN_GT_GXX::CTRL_X_PATMOD_K_BEGIN_X_X_X_X_X_RESET_TOPSKU,SCN_GT_GXX::CTRL_X_AUX_K_PREHVQK_X_X_X_X_X_SET_SKU_LFM,SCN_GT_GXX::CHAIN_ALL_GFXSB_K_BEGIN_HITO_GT_NOM_LFM_HVM_HRY_RAWSTR%,SCN_GT_GXX::STUCKAT_ALL_GFXSB_K_BEGIN_HITO_GT_NOM_LFM_HRY_RAWSTR%,6361608,6340759,105129
SCN_GT_GXX,gteuside,gt-gtslice7-gtxecore0-gteutop2,GT_GXX,gt,gtslice7,gtxecore0,gteutop2,,637,NVL_GT_SCN,SCN_GT_GXX::CTRL_X_PATMOD_K_BEGIN_X_X_X_X_X_RESET_TOPSKU,SCN_GT_GXX::CTRL_X_AUX_K_PREHVQK_X_X_X_X_X_SET_SKU_LFM,SCN_GT_GXX::CHAIN_ALL_GFXSB_K_BEGIN_HITO_GT_NOM_LFM_HVM_HRY_RAWSTR%,SCN_GT_GXX::STUCKAT_ALL_GFXSB_K_BEGIN_HITO_GT_NOM_LFM_HRY_RAWSTR%,9711074,9663298,140224
SCN_GT_GXX,gteusysside,gt-gtslice7-gtxecore0-gteusystop3,GT_GXX,gt,gtslice7,gtxecore0,gteusystop3,,1985,NVL_GT_SCN,SCN_GT_GXX::CTRL_X_PATMOD_K_BEGIN_X_X_X_X_X_RESET_TOPSKU,SCN_GT_GXX::CTRL_X_AUX_K_PREHVQK_X_X_X_X_X_SET_SKU_LFM,SCN_GT_GXX::CHAIN_ALL_GFXSB_K_BEGIN_HITO_GT_NOM_LFM_HVM_HRY_RAWSTR%,SCN_GT_GXX::STUCKAT_ALL_GFXSB_K_BEGIN_HITO_GT_NOM_LFM_HRY_RAWSTR%,6361608,6340759,105129
SCN_GT_GXX,gteuside,gt-gtslice7-gtxecore0-gteutop3,GT_GXX,gt,gtslice7,gtxecore0,gteutop3,,638,NVL_GT_SCN,SCN_GT_GXX::CTRL_X_PATMOD_K_BEGIN_X_X_X_X_X_RESET_TOPSKU,SCN_GT_GXX::CTRL_X_AUX_K_PREHVQK_X_X_X_X_X_SET_SKU_LFM,SCN_GT_GXX::CHAIN_ALL_GFXSB_K_BEGIN_HITO_GT_NOM_LFM_HVM_HRY_RAWSTR%,SCN_GT_GXX::STUCKAT_ALL_GFXSB_K_BEGIN_HITO_GT_NOM_LFM_HRY_RAWSTR%,9711074,9663298,140224
SCN_GT_GXX,gteusystop4,gt-gtslice7-gtxecore0-gteusystop4,GT_GXX,gt,gtslice7,gtxecore0,gteusystop4,,1986,NVL_GT_SCN,SCN_GT_GXX::CTRL_X_PATMOD_K_BEGIN_X_X_X_X_X_RESET_TOPSKU,SCN_GT_GXX::CTRL_X_AUX_K_PREHVQK_X_X_X_X_X_SET_SKU_LFM,SCN_GT_GXX::CHAIN_ALL_GFXSB_K_BEGIN_HITO_GT_NOM_LFM_HVM_HRY_RAWSTR%,SCN_GT_GXX::STUCKAT_ALL_GFXSB_K_BEGIN_HITO_GT_NOM_LFM_HRY_RAWSTR%,6394691,6373730,106636
SCN_GT_GXX,gteutop,gt-gtslice7-gtxecore0-gteutop4,GT_GXX,gt,gtslice7,gtxecore0,gteutop4,,639,NVL_GT_SCN,SCN_GT_GXX::CTRL_X_PATMOD_K_BEGIN_X_X_X_X_X_RESET_TOPSKU,SCN_GT_GXX::CTRL_X_AUX_K_PREHVQK_X_X_X_X_X_SET_SKU_LFM,SCN_GT_GXX::CHAIN_ALL_GFXSB_K_BEGIN_HITO_GT_NOM_LFM_HVM_HRY_RAWSTR%,SCN_GT_GXX::STUCKAT_ALL_GFXSB_K_BEGIN_HITO_GT_NOM_LFM_HRY_RAWSTR%,9749809,9701968,140224
SCN_GT_GXX,gteuside,gt-gtslice7-gtxecore0-gteutop5,GT_GXX,gt,gtslice7,gtxecore0,gteutop5,,640,NVL_GT_SCN,SCN_GT_GXX::CTRL_X_PATMOD_K_BEGIN_X_X_X_X_X_RESET_TOPSKU,SCN_GT_GXX::CTRL_X_AUX_K_PREHVQK_X_X_X_X_X_SET_SKU_LFM,SCN_GT_GXX::CHAIN_ALL_GFXSB_K_BEGIN_HITO_GT_NOM_LFM_HVM_HRY_RAWSTR%,SCN_GT_GXX::STUCKAT_ALL_GFXSB_K_BEGIN_HITO_GT_NOM_LFM_HRY_RAWSTR%,9711074,9663298,140224
SCN_GT_GXX,gteusysside,gt-gtslice7-gtxecore0-gteusystop6,GT_GXX,gt,gtslice7,gtxecore0,gteusystop6,,1988,NVL_GT_SCN,SCN_GT_GXX::CTRL_X_PATMOD_K_BEGIN_X_X_X_X_X_RESET_TOPSKU,SCN_GT_GXX::CTRL_X_AUX_K_PREHVQK_X_X_X_X_X_SET_SKU_LFM,SCN_GT_GXX::CHAIN_ALL_GFXSB_K_BEGIN_HITO_GT_NOM_LFM_HVM_HRY_RAWSTR%,SCN_GT_GXX::STUCKAT_ALL_GFXSB_K_BEGIN_HITO_GT_NOM_LFM_HRY_RAWSTR%,6361608,6340759,105129
SCN_GT_GXX,gteuside,gt-gtslice7-gtxecore0-gteutop6,GT_GXX,gt,gtslice7,gtxecore0,gteutop6,,641,NVL_GT_SCN,SCN_GT_GXX::CTRL_X_PATMOD_K_BEGIN_X_X_X_X_X_RESET_TOPSKU,SCN_GT_GXX::CTRL_X_AUX_K_PREHVQK_X_X_X_X_X_SET_SKU_LFM,SCN_GT_GXX::CHAIN_ALL_GFXSB_K_BEGIN_HITO_GT_NOM_LFM_HVM_HRY_RAWSTR%,SCN_GT_GXX::STUCKAT_ALL_GFXSB_K_BEGIN_HITO_GT_NOM_LFM_HRY_RAWSTR%,9711074,9663298,140224
SCN_GT_GXX,gteusysside,gt-gtslice7-gtxecore0-gteusystop7,GT_GXX,gt,gtslice7,gtxecore0,gteusystop7,,1989,NVL_GT_SCN,SCN_GT_GXX::CTRL_X_PATMOD_K_BEGIN_X_X_X_X_X_RESET_TOPSKU,SCN_GT_GXX::CTRL_X_AUX_K_PREHVQK_X_X_X_X_X_SET_SKU_LFM,SCN_GT_GXX::CHAIN_ALL_GFXSB_K_BEGIN_HITO_GT_NOM_LFM_HVM_HRY_RAWSTR%,SCN_GT_GXX::STUCKAT_ALL_GFXSB_K_BEGIN_HITO_GT_NOM_LFM_HRY_RAWSTR%,6361608,6340759,105129
SCN_GT_GXX,gteuside,gt-gtslice7-gtxecore0-gteutop7,GT_GXX,gt,gtslice7,gtxecore0,gteutop7,,642,NVL_GT_SCN,SCN_GT_GXX::CTRL_X_PATMOD_K_BEGIN_X_X_X_X_X_RESET_TOPSKU,SCN_GT_GXX::CTRL_X_AUX_K_PREHVQK_X_X_X_X_X_SET_SKU_LFM,SCN_GT_GXX::CHAIN_ALL_GFXSB_K_BEGIN_HITO_GT_NOM_LFM_HVM_HRY_RAWSTR%,SCN_GT_GXX::STUCKAT_ALL_GFXSB_K_BEGIN_HITO_GT_NOM_LFM_HRY_RAWSTR%,9711074,9663298,140224
SCN_GT_GXX,gtxecorepar2,gt-gtslice7-gtxecore0-gtxecorepar2,GT_GXX,gt,gtslice7,gtxecore0,gtxecorepar2,,646,NVL_GT_SCN,SCN_GT_GXX::CTRL_X_PATMOD_K_BEGIN_X_X_X_X_X_RESET_TOPSKU,SCN_GT_GXX::CTRL_X_AUX_K_PREHVQK_X_X_X_X_X_SET_SKU_LFM,SCN_GT_GXX::CHAIN_ALL_GFXSB_K_BEGIN_HITO_GT_NOM_LFM_HVM_HRY_RAWSTR%,SCN_GT_GXX::STUCKAT_ALL_GFXSB_K_BEGIN_HITO_GT_NOM_LFM_HRY_RAWSTR%,7685097,7626107,100212
SCN_GT_GXX,gteusysside,gt-gtslice7-gtxecore0-gteusystop5,GT_GXX,gt,gtslice7,gtxecore0,gteusystop5,,1987,NVL_GT_SCN,SCN_GT_GXX::CTRL_X_PATMOD_K_BEGIN_X_X_X_X_X_RESET_TOPSKU,SCN_GT_GXX::CTRL_X_AUX_K_PREHVQK_X_X_X_X_X_SET_SKU_LFM,SCN_GT_GXX::CHAIN_ALL_GFXSB_K_BEGIN_HITO_GT_NOM_LFM_HVM_HRY_RAWSTR%,SCN_GT_GXX::STUCKAT_ALL_GFXSB_K_BEGIN_HITO_GT_NOM_LFM_HRY_RAWSTR%,6361608,6340759,105129
SCN_GT_GXX,gtlscbankpar1,gt-gtslice7-gtxecore1-gtlscbankpar1,GT_GXX,gt,gtslice7,gtxecore1,gtlscbankpar1,,658,NVL_GT_SCN,SCN_GT_GXX::CTRL_X_PATMOD_K_BEGIN_X_X_X_X_X_RESET_TOPSKU,SCN_GT_GXX::CTRL_X_AUX_K_PREHVQK_X_X_X_X_X_SET_SKU_LFM,SCN_GT_GXX::CHAIN_ALL_GFXSB_K_BEGIN_HITO_GT_NOM_LFM_HVM_HRY_RAWSTR%,SCN_GT_GXX::STUCKAT_ALL_GFXSB_K_BEGIN_HITO_GT_NOM_LFM_HRY_RAWSTR%,9131573,9007521,180595
SCN_GT_GXX,gtlscnodepar1,gt-gtslice7-gtxecore1-gtlscnodepar1,GT_GXX,gt,gtslice7,gtxecore1,gtlscnodepar1,,659,NVL_GT_SCN,SCN_GT_GXX::CTRL_X_PATMOD_K_BEGIN_X_X_X_X_X_RESET_TOPSKU,SCN_GT_GXX::CTRL_X_AUX_K_PREHVQK_X_X_X_X_X_SET_SKU_LFM,SCN_GT_GXX::CHAIN_ALL_GFXSB_K_BEGIN_HITO_GT_NOM_LFM_HVM_HRY_RAWSTR%,SCN_GT_GXX::STUCKAT_ALL_GFXSB_K_BEGIN_HITO_GT_NOM_LFM_HRY_RAWSTR%,8723346,8643432,141852
SCN_GT_GXX,gtxecorepar1,gt-gtslice7-gtxecore1-gtxecorepar1,GT_GXX,gt,gtslice7,gtxecore1,gtxecorepar1,,660,NVL_GT_SCN,SCN_GT_GXX::CTRL_X_PATMOD_K_BEGIN_X_X_X_X_X_RESET_TOPSKU,SCN_GT_GXX::CTRL_X_AUX_K_PREHVQK_X_X_X_X_X_SET_SKU_LFM,SCN_GT_GXX::CHAIN_ALL_GFXSB_K_BEGIN_HITO_GT_NOM_LFM_HVM_HRY_RAWSTR%,SCN_GT_GXX::STUCKAT_ALL_GFXSB_K_BEGIN_HITO_GT_NOM_LFM_HRY_RAWSTR%,11985757,11899189,168366
SCN_GT_GXX,gtxecorepar3,gt-gtslice7-gtxecore1-gtxecorepar3,GT_GXX,gt,gtslice7,gtxecore1,gtxecorepar3,,662,NVL_GT_SCN,SCN_GT_GXX::CTRL_X_PATMOD_K_BEGIN_X_X_X_X_X_RESET_TOPSKU,SCN_GT_GXX::CTRL_X_AUX_K_PREHVQK_X_X_X_X_X_SET_SKU_LFM,SCN_GT_GXX::CHAIN_ALL_GFXSB_K_BEGIN_HITO_GT_NOM_LFM_HVM_HRY_RAWSTR%,SCN_GT_GXX::STUCKAT_ALL_GFXSB_K_BEGIN_HITO_GT_NOM_LFM_HRY_RAWSTR%,13365253,13272040,270643
SCN_GT_GXX,gtxecorepar4,gt-gtslice7-gtxecore1-gtxecorepar4,GT_GXX,gt,gtslice7,gtxecore1,gtxecorepar4,,663,NVL_GT_SCN,SCN_GT_GXX::CTRL_X_PATMOD_K_BEGIN_X_X_X_X_X_RESET_TOPSKU,SCN_GT_GXX::CTRL_X_AUX_K_PREHVQK_X_X_X_X_X_SET_SKU_LFM,SCN_GT_GXX::CHAIN_ALL_GFXSB_K_BEGIN_HITO_GT_NOM_LFM_HVM_HRY_RAWSTR%,SCN_GT_GXX::STUCKAT_ALL_GFXSB_K_BEGIN_HITO_GT_NOM_LFM_HRY_RAWSTR%,11841780,11789789,160657
SCN_GT_GXX,gtxecorepar5,gt-gtslice7-gtxecore1-gtxecorepar5,GT_GXX,gt,gtslice7,gtxecore1,gtxecorepar5,,664,NVL_GT_SCN,SCN_GT_GXX::CTRL_X_PATMOD_K_BEGIN_X_X_X_X_X_RESET_TOPSKU,SCN_GT_GXX::CTRL_X_AUX_K_PREHVQK_X_X_X_X_X_SET_SKU_LFM,SCN_GT_GXX::CHAIN_ALL_GFXSB_K_BEGIN_HITO_GT_NOM_LFM_HVM_HRY_RAWSTR%,SCN_GT_GXX::STUCKAT_ALL_GFXSB_K_BEGIN_HITO_GT_NOM_LFM_HRY_RAWSTR%,12540921,12467757,218756
SCN_GT_GXX,gteusystop0,gt-gtslice7-gtxecore1-gteusystop0,GT_GXX,gt,gtslice7,gtxecore1,gteusystop0,,1990,NVL_GT_SCN,SCN_GT_GXX::CTRL_X_PATMOD_K_BEGIN_X_X_X_X_X_RESET_TOPSKU,SCN_GT_GXX::CTRL_X_AUX_K_PREHVQK_X_X_X_X_X_SET_SKU_LFM,SCN_GT_GXX::CHAIN_ALL_GFXSB_K_BEGIN_HITO_GT_NOM_LFM_HVM_HRY_RAWSTR%,SCN_GT_GXX::STUCKAT_ALL_GFXSB_K_BEGIN_HITO_GT_NOM_LFM_HRY_RAWSTR%,6398977,6378032,107295
SCN_GT_GXX,gteutop,gt-gtslice7-gtxecore1-gteutop0,GT_GXX,gt,gtslice7,gtxecore1,gteutop0,,650,NVL_GT_SCN,SCN_GT_GXX::CTRL_X_PATMOD_K_BEGIN_X_X_X_X_X_RESET_TOPSKU,SCN_GT_GXX::CTRL_X_AUX_K_PREHVQK_X_X_X_X_X_SET_SKU_LFM,SCN_GT_GXX::CHAIN_ALL_GFXSB_K_BEGIN_HITO_GT_NOM_LFM_HVM_HRY_RAWSTR%,SCN_GT_GXX::STUCKAT_ALL_GFXSB_K_BEGIN_HITO_GT_NOM_LFM_HRY_RAWSTR%,9749809,9701968,140224
SCN_GT_GXX,gteusysalt,gt-gtslice7-gtxecore1-gteusystop1,GT_GXX,gt,gtslice7,gtxecore1,gteusystop1,,1991,NVL_GT_SCN,SCN_GT_GXX::CTRL_X_PATMOD_K_BEGIN_X_X_X_X_X_RESET_TOPSKU,SCN_GT_GXX::CTRL_X_AUX_K_PREHVQK_X_X_X_X_X_SET_SKU_LFM,SCN_GT_GXX::CHAIN_ALL_GFXSB_K_BEGIN_HITO_GT_NOM_LFM_HVM_HRY_RAWSTR%,SCN_GT_GXX::STUCKAT_ALL_GFXSB_K_BEGIN_HITO_GT_NOM_LFM_HRY_RAWSTR%,6337642,6316608,105129
SCN_GT_GXX,gteuside,gt-gtslice7-gtxecore1-gteutop1,GT_GXX,gt,gtslice7,gtxecore1,gteutop1,,651,NVL_GT_SCN,SCN_GT_GXX::CTRL_X_PATMOD_K_BEGIN_X_X_X_X_X_RESET_TOPSKU,SCN_GT_GXX::CTRL_X_AUX_K_PREHVQK_X_X_X_X_X_SET_SKU_LFM,SCN_GT_GXX::CHAIN_ALL_GFXSB_K_BEGIN_HITO_GT_NOM_LFM_HVM_HRY_RAWSTR%,SCN_GT_GXX::STUCKAT_ALL_GFXSB_K_BEGIN_HITO_GT_NOM_LFM_HRY_RAWSTR%,9711074,9663298,140224
SCN_GT_GXX,gteusysside,gt-gtslice7-gtxecore1-gteusystop2,GT_GXX,gt,gtslice7,gtxecore1,gteusystop2,,1992,NVL_GT_SCN,SCN_GT_GXX::CTRL_X_PATMOD_K_BEGIN_X_X_X_X_X_RESET_TOPSKU,SCN_GT_GXX::CTRL_X_AUX_K_PREHVQK_X_X_X_X_X_SET_SKU_LFM,SCN_GT_GXX::CHAIN_ALL_GFXSB_K_BEGIN_HITO_GT_NOM_LFM_HVM_HRY_RAWSTR%,SCN_GT_GXX::STUCKAT_ALL_GFXSB_K_BEGIN_HITO_GT_NOM_LFM_HRY_RAWSTR%,6361608,6340759,105129
SCN_GT_GXX,gteuside,gt-gtslice7-gtxecore1-gteutop2,GT_GXX,gt,gtslice7,gtxecore1,gteutop2,,652,NVL_GT_SCN,SCN_GT_GXX::CTRL_X_PATMOD_K_BEGIN_X_X_X_X_X_RESET_TOPSKU,SCN_GT_GXX::CTRL_X_AUX_K_PREHVQK_X_X_X_X_X_SET_SKU_LFM,SCN_GT_GXX::CHAIN_ALL_GFXSB_K_BEGIN_HITO_GT_NOM_LFM_HVM_HRY_RAWSTR%,SCN_GT_GXX::STUCKAT_ALL_GFXSB_K_BEGIN_HITO_GT_NOM_LFM_HRY_RAWSTR%,9711074,9663298,140224
SCN_GT_GXX,gteusysside,gt-gtslice7-gtxecore1-gteusystop3,GT_GXX,gt,gtslice7,gtxecore1,gteusystop3,,1993,NVL_GT_SCN,SCN_GT_GXX::CTRL_X_PATMOD_K_BEGIN_X_X_X_X_X_RESET_TOPSKU,SCN_GT_GXX::CTRL_X_AUX_K_PREHVQK_X_X_X_X_X_SET_SKU_LFM,SCN_GT_GXX::CHAIN_ALL_GFXSB_K_BEGIN_HITO_GT_NOM_LFM_HVM_HRY_RAWSTR%,SCN_GT_GXX::STUCKAT_ALL_GFXSB_K_BEGIN_HITO_GT_NOM_LFM_HRY_RAWSTR%,6361608,6340759,105129
SCN_GT_GXX,gteuside,gt-gtslice7-gtxecore1-gteutop3,GT_GXX,gt,gtslice7,gtxecore1,gteutop3,,653,NVL_GT_SCN,SCN_GT_GXX::CTRL_X_PATMOD_K_BEGIN_X_X_X_X_X_RESET_TOPSKU,SCN_GT_GXX::CTRL_X_AUX_K_PREHVQK_X_X_X_X_X_SET_SKU_LFM,SCN_GT_GXX::CHAIN_ALL_GFXSB_K_BEGIN_HITO_GT_NOM_LFM_HVM_HRY_RAWSTR%,SCN_GT_GXX::STUCKAT_ALL_GFXSB_K_BEGIN_HITO_GT_NOM_LFM_HRY_RAWSTR%,9711074,9663298,140224
SCN_GT_GXX,gteusystop4,gt-gtslice7-gtxecore1-gteusystop4,GT_GXX,gt,gtslice7,gtxecore1,gteusystop4,,1994,NVL_GT_SCN,SCN_GT_GXX::CTRL_X_PATMOD_K_BEGIN_X_X_X_X_X_RESET_TOPSKU,SCN_GT_GXX::CTRL_X_AUX_K_PREHVQK_X_X_X_X_X_SET_SKU_LFM,SCN_GT_GXX::CHAIN_ALL_GFXSB_K_BEGIN_HITO_GT_NOM_LFM_HVM_HRY_RAWSTR%,SCN_GT_GXX::STUCKAT_ALL_GFXSB_K_BEGIN_HITO_GT_NOM_LFM_HRY_RAWSTR%,6394691,6373730,106636
SCN_GT_GXX,gteutop,gt-gtslice7-gtxecore1-gteutop4,GT_GXX,gt,gtslice7,gtxecore1,gteutop4,,654,NVL_GT_SCN,SCN_GT_GXX::CTRL_X_PATMOD_K_BEGIN_X_X_X_X_X_RESET_TOPSKU,SCN_GT_GXX::CTRL_X_AUX_K_PREHVQK_X_X_X_X_X_SET_SKU_LFM,SCN_GT_GXX::CHAIN_ALL_GFXSB_K_BEGIN_HITO_GT_NOM_LFM_HVM_HRY_RAWSTR%,SCN_GT_GXX::STUCKAT_ALL_GFXSB_K_BEGIN_HITO_GT_NOM_LFM_HRY_RAWSTR%,9749809,9701968,140224
SCN_GT_GXX,gteuside,gt-gtslice7-gtxecore1-gteutop5,GT_GXX,gt,gtslice7,gtxecore1,gteutop5,,655,NVL_GT_SCN,SCN_GT_GXX::CTRL_X_PATMOD_K_BEGIN_X_X_X_X_X_RESET_TOPSKU,SCN_GT_GXX::CTRL_X_AUX_K_PREHVQK_X_X_X_X_X_SET_SKU_LFM,SCN_GT_GXX::CHAIN_ALL_GFXSB_K_BEGIN_HITO_GT_NOM_LFM_HVM_HRY_RAWSTR%,SCN_GT_GXX::STUCKAT_ALL_GFXSB_K_BEGIN_HITO_GT_NOM_LFM_HRY_RAWSTR%,9711074,9663298,140224
SCN_GT_GXX,gteusysside,gt-gtslice7-gtxecore1-gteusystop6,GT_GXX,gt,gtslice7,gtxecore1,gteusystop6,,1996,NVL_GT_SCN,SCN_GT_GXX::CTRL_X_PATMOD_K_BEGIN_X_X_X_X_X_RESET_TOPSKU,SCN_GT_GXX::CTRL_X_AUX_K_PREHVQK_X_X_X_X_X_SET_SKU_LFM,SCN_GT_GXX::CHAIN_ALL_GFXSB_K_BEGIN_HITO_GT_NOM_LFM_HVM_HRY_RAWSTR%,SCN_GT_GXX::STUCKAT_ALL_GFXSB_K_BEGIN_HITO_GT_NOM_LFM_HRY_RAWSTR%,6361608,6340759,105129
SCN_GT_GXX,gteuside,gt-gtslice7-gtxecore1-gteutop6,GT_GXX,gt,gtslice7,gtxecore1,gteutop6,,656,NVL_GT_SCN,SCN_GT_GXX::CTRL_X_PATMOD_K_BEGIN_X_X_X_X_X_RESET_TOPSKU,SCN_GT_GXX::CTRL_X_AUX_K_PREHVQK_X_X_X_X_X_SET_SKU_LFM,SCN_GT_GXX::CHAIN_ALL_GFXSB_K_BEGIN_HITO_GT_NOM_LFM_HVM_HRY_RAWSTR%,SCN_GT_GXX::STUCKAT_ALL_GFXSB_K_BEGIN_HITO_GT_NOM_LFM_HRY_RAWSTR%,9711074,9663298,140224
SCN_GT_GXX,gteusysside,gt-gtslice7-gtxecore1-gteusystop7,GT_GXX,gt,gtslice7,gtxecore1,gteusystop7,,1997,NVL_GT_SCN,SCN_GT_GXX::CTRL_X_PATMOD_K_BEGIN_X_X_X_X_X_RESET_TOPSKU,SCN_GT_GXX::CTRL_X_AUX_K_PREHVQK_X_X_X_X_X_SET_SKU_LFM,SCN_GT_GXX::CHAIN_ALL_GFXSB_K_BEGIN_HITO_GT_NOM_LFM_HVM_HRY_RAWSTR%,SCN_GT_GXX::STUCKAT_ALL_GFXSB_K_BEGIN_HITO_GT_NOM_LFM_HRY_RAWSTR%,6361608,6340759,105129
SCN_GT_GXX,gteuside,gt-gtslice7-gtxecore1-gteutop7,GT_GXX,gt,gtslice7,gtxecore1,gteutop7,,657,NVL_GT_SCN,SCN_GT_GXX::CTRL_X_PATMOD_K_BEGIN_X_X_X_X_X_RESET_TOPSKU,SCN_GT_GXX::CTRL_X_AUX_K_PREHVQK_X_X_X_X_X_SET_SKU_LFM,SCN_GT_GXX::CHAIN_ALL_GFXSB_K_BEGIN_HITO_GT_NOM_LFM_HVM_HRY_RAWSTR%,SCN_GT_GXX::STUCKAT_ALL_GFXSB_K_BEGIN_HITO_GT_NOM_LFM_HRY_RAWSTR%,9711074,9663298,140224
SCN_GT_GXX,gtxecorepar2,gt-gtslice7-gtxecore1-gtxecorepar2,GT_GXX,gt,gtslice7,gtxecore1,gtxecorepar2,,661,NVL_GT_SCN,SCN_GT_GXX::CTRL_X_PATMOD_K_BEGIN_X_X_X_X_X_RESET_TOPSKU,SCN_GT_GXX::CTRL_X_AUX_K_PREHVQK_X_X_X_X_X_SET_SKU_LFM,SCN_GT_GXX::CHAIN_ALL_GFXSB_K_BEGIN_HITO_GT_NOM_LFM_HVM_HRY_RAWSTR%,SCN_GT_GXX::STUCKAT_ALL_GFXSB_K_BEGIN_HITO_GT_NOM_LFM_HRY_RAWSTR%,7685097,7626107,100212
SCN_GT_GXX,gteusysside,gt-gtslice7-gtxecore1-gteusystop5,GT_GXX,gt,gtslice7,gtxecore1,gteusystop5,,1995,NVL_GT_SCN,SCN_GT_GXX::CTRL_X_PATMOD_K_BEGIN_X_X_X_X_X_RESET_TOPSKU,SCN_GT_GXX::CTRL_X_AUX_K_PREHVQK_X_X_X_X_X_SET_SKU_LFM,SCN_GT_GXX::CHAIN_ALL_GFXSB_K_BEGIN_HITO_GT_NOM_LFM_HVM_HRY_RAWSTR%,SCN_GT_GXX::STUCKAT_ALL_GFXSB_K_BEGIN_HITO_GT_NOM_LFM_HRY_RAWSTR%,6361608,6340759,105129
SCN_GT_GXX,gtlscbankpar1,gt-gtslice7-gtxecore2-gtlscbankpar1,GT_GXX,gt,gtslice7,gtxecore2,gtlscbankpar1,,673,NVL_GT_SCN,SCN_GT_GXX::CTRL_X_PATMOD_K_BEGIN_X_X_X_X_X_RESET_TOPSKU,SCN_GT_GXX::CTRL_X_AUX_K_PREHVQK_X_X_X_X_X_SET_SKU_LFM,SCN_GT_GXX::CHAIN_ALL_GFXSB_K_BEGIN_HITO_GT_NOM_LFM_HVM_HRY_RAWSTR%,SCN_GT_GXX::STUCKAT_ALL_GFXSB_K_BEGIN_HITO_GT_NOM_LFM_HRY_RAWSTR%,9131573,9007521,180595
SCN_GT_GXX,gtlscnodepar1,gt-gtslice7-gtxecore2-gtlscnodepar1,GT_GXX,gt,gtslice7,gtxecore2,gtlscnodepar1,,674,NVL_GT_SCN,SCN_GT_GXX::CTRL_X_PATMOD_K_BEGIN_X_X_X_X_X_RESET_TOPSKU,SCN_GT_GXX::CTRL_X_AUX_K_PREHVQK_X_X_X_X_X_SET_SKU_LFM,SCN_GT_GXX::CHAIN_ALL_GFXSB_K_BEGIN_HITO_GT_NOM_LFM_HVM_HRY_RAWSTR%,SCN_GT_GXX::STUCKAT_ALL_GFXSB_K_BEGIN_HITO_GT_NOM_LFM_HRY_RAWSTR%,8723346,8643432,141852
SCN_GT_GXX,gtxecorepar1,gt-gtslice7-gtxecore2-gtxecorepar1,GT_GXX,gt,gtslice7,gtxecore2,gtxecorepar1,,675,NVL_GT_SCN,SCN_GT_GXX::CTRL_X_PATMOD_K_BEGIN_X_X_X_X_X_RESET_TOPSKU,SCN_GT_GXX::CTRL_X_AUX_K_PREHVQK_X_X_X_X_X_SET_SKU_LFM,SCN_GT_GXX::CHAIN_ALL_GFXSB_K_BEGIN_HITO_GT_NOM_LFM_HVM_HRY_RAWSTR%,SCN_GT_GXX::STUCKAT_ALL_GFXSB_K_BEGIN_HITO_GT_NOM_LFM_HRY_RAWSTR%,11985757,11899189,168366
SCN_GT_GXX,gtxecorepar3,gt-gtslice7-gtxecore2-gtxecorepar3,GT_GXX,gt,gtslice7,gtxecore2,gtxecorepar3,,677,NVL_GT_SCN,SCN_GT_GXX::CTRL_X_PATMOD_K_BEGIN_X_X_X_X_X_RESET_TOPSKU,SCN_GT_GXX::CTRL_X_AUX_K_PREHVQK_X_X_X_X_X_SET_SKU_LFM,SCN_GT_GXX::CHAIN_ALL_GFXSB_K_BEGIN_HITO_GT_NOM_LFM_HVM_HRY_RAWSTR%,SCN_GT_GXX::STUCKAT_ALL_GFXSB_K_BEGIN_HITO_GT_NOM_LFM_HRY_RAWSTR%,13365253,13272040,270643
SCN_GT_GXX,gtxecorepar4,gt-gtslice7-gtxecore2-gtxecorepar4,GT_GXX,gt,gtslice7,gtxecore2,gtxecorepar4,,678,NVL_GT_SCN,SCN_GT_GXX::CTRL_X_PATMOD_K_BEGIN_X_X_X_X_X_RESET_TOPSKU,SCN_GT_GXX::CTRL_X_AUX_K_PREHVQK_X_X_X_X_X_SET_SKU_LFM,SCN_GT_GXX::CHAIN_ALL_GFXSB_K_BEGIN_HITO_GT_NOM_LFM_HVM_HRY_RAWSTR%,SCN_GT_GXX::STUCKAT_ALL_GFXSB_K_BEGIN_HITO_GT_NOM_LFM_HRY_RAWSTR%,11841780,11789789,160657
SCN_GT_GXX,gtxecorepar5,gt-gtslice7-gtxecore2-gtxecorepar5,GT_GXX,gt,gtslice7,gtxecore2,gtxecorepar5,,679,NVL_GT_SCN,SCN_GT_GXX::CTRL_X_PATMOD_K_BEGIN_X_X_X_X_X_RESET_TOPSKU,SCN_GT_GXX::CTRL_X_AUX_K_PREHVQK_X_X_X_X_X_SET_SKU_LFM,SCN_GT_GXX::CHAIN_ALL_GFXSB_K_BEGIN_HITO_GT_NOM_LFM_HVM_HRY_RAWSTR%,SCN_GT_GXX::STUCKAT_ALL_GFXSB_K_BEGIN_HITO_GT_NOM_LFM_HRY_RAWSTR%,12540921,12467757,218756
SCN_GT_GXX,gteusystop0,gt-gtslice7-gtxecore2-gteusystop0,GT_GXX,gt,gtslice7,gtxecore2,gteusystop0,,1998,NVL_GT_SCN,SCN_GT_GXX::CTRL_X_PATMOD_K_BEGIN_X_X_X_X_X_RESET_TOPSKU,SCN_GT_GXX::CTRL_X_AUX_K_PREHVQK_X_X_X_X_X_SET_SKU_LFM,SCN_GT_GXX::CHAIN_ALL_GFXSB_K_BEGIN_HITO_GT_NOM_LFM_HVM_HRY_RAWSTR%,SCN_GT_GXX::STUCKAT_ALL_GFXSB_K_BEGIN_HITO_GT_NOM_LFM_HRY_RAWSTR%,6398977,6378032,107295
SCN_GT_GXX,gteutop,gt-gtslice7-gtxecore2-gteutop0,GT_GXX,gt,gtslice7,gtxecore2,gteutop0,,665,NVL_GT_SCN,SCN_GT_GXX::CTRL_X_PATMOD_K_BEGIN_X_X_X_X_X_RESET_TOPSKU,SCN_GT_GXX::CTRL_X_AUX_K_PREHVQK_X_X_X_X_X_SET_SKU_LFM,SCN_GT_GXX::CHAIN_ALL_GFXSB_K_BEGIN_HITO_GT_NOM_LFM_HVM_HRY_RAWSTR%,SCN_GT_GXX::STUCKAT_ALL_GFXSB_K_BEGIN_HITO_GT_NOM_LFM_HRY_RAWSTR%,9749809,9701968,140224
SCN_GT_GXX,gteusysalt,gt-gtslice7-gtxecore2-gteusystop1,GT_GXX,gt,gtslice7,gtxecore2,gteusystop1,,1999,NVL_GT_SCN,SCN_GT_GXX::CTRL_X_PATMOD_K_BEGIN_X_X_X_X_X_RESET_TOPSKU,SCN_GT_GXX::CTRL_X_AUX_K_PREHVQK_X_X_X_X_X_SET_SKU_LFM,SCN_GT_GXX::CHAIN_ALL_GFXSB_K_BEGIN_HITO_GT_NOM_LFM_HVM_HRY_RAWSTR%,SCN_GT_GXX::STUCKAT_ALL_GFXSB_K_BEGIN_HITO_GT_NOM_LFM_HRY_RAWSTR%,6337642,6316608,105129
SCN_GT_GXX,gteuside,gt-gtslice7-gtxecore2-gteutop1,GT_GXX,gt,gtslice7,gtxecore2,gteutop1,,666,NVL_GT_SCN,SCN_GT_GXX::CTRL_X_PATMOD_K_BEGIN_X_X_X_X_X_RESET_TOPSKU,SCN_GT_GXX::CTRL_X_AUX_K_PREHVQK_X_X_X_X_X_SET_SKU_LFM,SCN_GT_GXX::CHAIN_ALL_GFXSB_K_BEGIN_HITO_GT_NOM_LFM_HVM_HRY_RAWSTR%,SCN_GT_GXX::STUCKAT_ALL_GFXSB_K_BEGIN_HITO_GT_NOM_LFM_HRY_RAWSTR%,9711074,9663298,140224
SCN_GT_GXX,gteusysside,gt-gtslice7-gtxecore2-gteusystop2,GT_GXX,gt,gtslice7,gtxecore2,gteusystop2,,2000,NVL_GT_SCN,SCN_GT_GXX::CTRL_X_PATMOD_K_BEGIN_X_X_X_X_X_RESET_TOPSKU,SCN_GT_GXX::CTRL_X_AUX_K_PREHVQK_X_X_X_X_X_SET_SKU_LFM,SCN_GT_GXX::CHAIN_ALL_GFXSB_K_BEGIN_HITO_GT_NOM_LFM_HVM_HRY_RAWSTR%,SCN_GT_GXX::STUCKAT_ALL_GFXSB_K_BEGIN_HITO_GT_NOM_LFM_HRY_RAWSTR%,6361608,6340759,105129
SCN_GT_GXX,gteuside,gt-gtslice7-gtxecore2-gteutop2,GT_GXX,gt,gtslice7,gtxecore2,gteutop2,,667,NVL_GT_SCN,SCN_GT_GXX::CTRL_X_PATMOD_K_BEGIN_X_X_X_X_X_RESET_TOPSKU,SCN_GT_GXX::CTRL_X_AUX_K_PREHVQK_X_X_X_X_X_SET_SKU_LFM,SCN_GT_GXX::CHAIN_ALL_GFXSB_K_BEGIN_HITO_GT_NOM_LFM_HVM_HRY_RAWSTR%,SCN_GT_GXX::STUCKAT_ALL_GFXSB_K_BEGIN_HITO_GT_NOM_LFM_HRY_RAWSTR%,9711074,9663298,140224
SCN_GT_GXX,gteusysside,gt-gtslice7-gtxecore2-gteusystop3,GT_GXX,gt,gtslice7,gtxecore2,gteusystop3,,2001,NVL_GT_SCN,SCN_GT_GXX::CTRL_X_PATMOD_K_BEGIN_X_X_X_X_X_RESET_TOPSKU,SCN_GT_GXX::CTRL_X_AUX_K_PREHVQK_X_X_X_X_X_SET_SKU_LFM,SCN_GT_GXX::CHAIN_ALL_GFXSB_K_BEGIN_HITO_GT_NOM_LFM_HVM_HRY_RAWSTR%,SCN_GT_GXX::STUCKAT_ALL_GFXSB_K_BEGIN_HITO_GT_NOM_LFM_HRY_RAWSTR%,6361608,6340759,105129
SCN_GT_GXX,gteuside,gt-gtslice7-gtxecore2-gteutop3,GT_GXX,gt,gtslice7,gtxecore2,gteutop3,,668,NVL_GT_SCN,SCN_GT_GXX::CTRL_X_PATMOD_K_BEGIN_X_X_X_X_X_RESET_TOPSKU,SCN_GT_GXX::CTRL_X_AUX_K_PREHVQK_X_X_X_X_X_SET_SKU_LFM,SCN_GT_GXX::CHAIN_ALL_GFXSB_K_BEGIN_HITO_GT_NOM_LFM_HVM_HRY_RAWSTR%,SCN_GT_GXX::STUCKAT_ALL_GFXSB_K_BEGIN_HITO_GT_NOM_LFM_HRY_RAWSTR%,9711074,9663298,140224
SCN_GT_GXX,gteusystop4,gt-gtslice7-gtxecore2-gteusystop4,GT_GXX,gt,gtslice7,gtxecore2,gteusystop4,,2002,NVL_GT_SCN,SCN_GT_GXX::CTRL_X_PATMOD_K_BEGIN_X_X_X_X_X_RESET_TOPSKU,SCN_GT_GXX::CTRL_X_AUX_K_PREHVQK_X_X_X_X_X_SET_SKU_LFM,SCN_GT_GXX::CHAIN_ALL_GFXSB_K_BEGIN_HITO_GT_NOM_LFM_HVM_HRY_RAWSTR%,SCN_GT_GXX::STUCKAT_ALL_GFXSB_K_BEGIN_HITO_GT_NOM_LFM_HRY_RAWSTR%,6394691,6373730,106636
SCN_GT_GXX,gteutop,gt-gtslice7-gtxecore2-gteutop4,GT_GXX,gt,gtslice7,gtxecore2,gteutop4,,669,NVL_GT_SCN,SCN_GT_GXX::CTRL_X_PATMOD_K_BEGIN_X_X_X_X_X_RESET_TOPSKU,SCN_GT_GXX::CTRL_X_AUX_K_PREHVQK_X_X_X_X_X_SET_SKU_LFM,SCN_GT_GXX::CHAIN_ALL_GFXSB_K_BEGIN_HITO_GT_NOM_LFM_HVM_HRY_RAWSTR%,SCN_GT_GXX::STUCKAT_ALL_GFXSB_K_BEGIN_HITO_GT_NOM_LFM_HRY_RAWSTR%,9749809,9701968,140224
SCN_GT_GXX,gteuside,gt-gtslice7-gtxecore2-gteutop5,GT_GXX,gt,gtslice7,gtxecore2,gteutop5,,670,NVL_GT_SCN,SCN_GT_GXX::CTRL_X_PATMOD_K_BEGIN_X_X_X_X_X_RESET_TOPSKU,SCN_GT_GXX::CTRL_X_AUX_K_PREHVQK_X_X_X_X_X_SET_SKU_LFM,SCN_GT_GXX::CHAIN_ALL_GFXSB_K_BEGIN_HITO_GT_NOM_LFM_HVM_HRY_RAWSTR%,SCN_GT_GXX::STUCKAT_ALL_GFXSB_K_BEGIN_HITO_GT_NOM_LFM_HRY_RAWSTR%,9711074,9663298,140224
SCN_GT_GXX,gteusysside,gt-gtslice7-gtxecore2-gteusystop6,GT_GXX,gt,gtslice7,gtxecore2,gteusystop6,,2004,NVL_GT_SCN,SCN_GT_GXX::CTRL_X_PATMOD_K_BEGIN_X_X_X_X_X_RESET_TOPSKU,SCN_GT_GXX::CTRL_X_AUX_K_PREHVQK_X_X_X_X_X_SET_SKU_LFM,SCN_GT_GXX::CHAIN_ALL_GFXSB_K_BEGIN_HITO_GT_NOM_LFM_HVM_HRY_RAWSTR%,SCN_GT_GXX::STUCKAT_ALL_GFXSB_K_BEGIN_HITO_GT_NOM_LFM_HRY_RAWSTR%,6361608,6340759,105129
SCN_GT_GXX,gteuside,gt-gtslice7-gtxecore2-gteutop6,GT_GXX,gt,gtslice7,gtxecore2,gteutop6,,671,NVL_GT_SCN,SCN_GT_GXX::CTRL_X_PATMOD_K_BEGIN_X_X_X_X_X_RESET_TOPSKU,SCN_GT_GXX::CTRL_X_AUX_K_PREHVQK_X_X_X_X_X_SET_SKU_LFM,SCN_GT_GXX::CHAIN_ALL_GFXSB_K_BEGIN_HITO_GT_NOM_LFM_HVM_HRY_RAWSTR%,SCN_GT_GXX::STUCKAT_ALL_GFXSB_K_BEGIN_HITO_GT_NOM_LFM_HRY_RAWSTR%,9711074,9663298,140224
SCN_GT_GXX,gteusysside,gt-gtslice7-gtxecore2-gteusystop7,GT_GXX,gt,gtslice7,gtxecore2,gteusystop7,,2005,NVL_GT_SCN,SCN_GT_GXX::CTRL_X_PATMOD_K_BEGIN_X_X_X_X_X_RESET_TOPSKU,SCN_GT_GXX::CTRL_X_AUX_K_PREHVQK_X_X_X_X_X_SET_SKU_LFM,SCN_GT_GXX::CHAIN_ALL_GFXSB_K_BEGIN_HITO_GT_NOM_LFM_HVM_HRY_RAWSTR%,SCN_GT_GXX::STUCKAT_ALL_GFXSB_K_BEGIN_HITO_GT_NOM_LFM_HRY_RAWSTR%,6361608,6340759,105129
SCN_GT_GXX,gteuside,gt-gtslice7-gtxecore2-gteutop7,GT_GXX,gt,gtslice7,gtxecore2,gteutop7,,672,NVL_GT_SCN,SCN_GT_GXX::CTRL_X_PATMOD_K_BEGIN_X_X_X_X_X_RESET_TOPSKU,SCN_GT_GXX::CTRL_X_AUX_K_PREHVQK_X_X_X_X_X_SET_SKU_LFM,SCN_GT_GXX::CHAIN_ALL_GFXSB_K_BEGIN_HITO_GT_NOM_LFM_HVM_HRY_RAWSTR%,SCN_GT_GXX::STUCKAT_ALL_GFXSB_K_BEGIN_HITO_GT_NOM_LFM_HRY_RAWSTR%,9711074,9663298,140224
SCN_GT_GXX,gtxecorepar2,gt-gtslice7-gtxecore2-gtxecorepar2,GT_GXX,gt,gtslice7,gtxecore2,gtxecorepar2,,676,NVL_GT_SCN,SCN_GT_GXX::CTRL_X_PATMOD_K_BEGIN_X_X_X_X_X_RESET_TOPSKU,SCN_GT_GXX::CTRL_X_AUX_K_PREHVQK_X_X_X_X_X_SET_SKU_LFM,SCN_GT_GXX::CHAIN_ALL_GFXSB_K_BEGIN_HITO_GT_NOM_LFM_HVM_HRY_RAWSTR%,SCN_GT_GXX::STUCKAT_ALL_GFXSB_K_BEGIN_HITO_GT_NOM_LFM_HRY_RAWSTR%,7685097,7626107,100212
SCN_GT_GXX,gteusysside,gt-gtslice7-gtxecore2-gteusystop5,GT_GXX,gt,gtslice7,gtxecore2,gteusystop5,,2003,NVL_GT_SCN,SCN_GT_GXX::CTRL_X_PATMOD_K_BEGIN_X_X_X_X_X_RESET_TOPSKU,SCN_GT_GXX::CTRL_X_AUX_K_PREHVQK_X_X_X_X_X_SET_SKU_LFM,SCN_GT_GXX::CHAIN_ALL_GFXSB_K_BEGIN_HITO_GT_NOM_LFM_HVM_HRY_RAWSTR%,SCN_GT_GXX::STUCKAT_ALL_GFXSB_K_BEGIN_HITO_GT_NOM_LFM_HRY_RAWSTR%,6361608,6340759,105129
SCN_GT_GXX,gtlscbankpar1,gt-gtslice7-gtxecore3-gtlscbankpar1,GT_GXX,gt,gtslice7,gtxecore3,gtlscbankpar1,,688,NVL_GT_SCN,SCN_GT_GXX::CTRL_X_PATMOD_K_BEGIN_X_X_X_X_X_RESET_TOPSKU,SCN_GT_GXX::CTRL_X_AUX_K_PREHVQK_X_X_X_X_X_SET_SKU_LFM,SCN_GT_GXX::CHAIN_ALL_GFXSB_K_BEGIN_HITO_GT_NOM_LFM_HVM_HRY_RAWSTR%,SCN_GT_GXX::STUCKAT_ALL_GFXSB_K_BEGIN_HITO_GT_NOM_LFM_HRY_RAWSTR%,9131573,9007521,180595
SCN_GT_GXX,gtlscnodepar1,gt-gtslice7-gtxecore3-gtlscnodepar1,GT_GXX,gt,gtslice7,gtxecore3,gtlscnodepar1,,689,NVL_GT_SCN,SCN_GT_GXX::CTRL_X_PATMOD_K_BEGIN_X_X_X_X_X_RESET_TOPSKU,SCN_GT_GXX::CTRL_X_AUX_K_PREHVQK_X_X_X_X_X_SET_SKU_LFM,SCN_GT_GXX::CHAIN_ALL_GFXSB_K_BEGIN_HITO_GT_NOM_LFM_HVM_HRY_RAWSTR%,SCN_GT_GXX::STUCKAT_ALL_GFXSB_K_BEGIN_HITO_GT_NOM_LFM_HRY_RAWSTR%,8723346,8643432,141852
SCN_GT_GXX,gtxecorepar1,gt-gtslice7-gtxecore3-gtxecorepar1,GT_GXX,gt,gtslice7,gtxecore3,gtxecorepar1,,690,NVL_GT_SCN,SCN_GT_GXX::CTRL_X_PATMOD_K_BEGIN_X_X_X_X_X_RESET_TOPSKU,SCN_GT_GXX::CTRL_X_AUX_K_PREHVQK_X_X_X_X_X_SET_SKU_LFM,SCN_GT_GXX::CHAIN_ALL_GFXSB_K_BEGIN_HITO_GT_NOM_LFM_HVM_HRY_RAWSTR%,SCN_GT_GXX::STUCKAT_ALL_GFXSB_K_BEGIN_HITO_GT_NOM_LFM_HRY_RAWSTR%,11985757,11899189,168366
SCN_GT_GXX,gtxecorepar3,gt-gtslice7-gtxecore3-gtxecorepar3,GT_GXX,gt,gtslice7,gtxecore3,gtxecorepar3,,692,NVL_GT_SCN,SCN_GT_GXX::CTRL_X_PATMOD_K_BEGIN_X_X_X_X_X_RESET_TOPSKU,SCN_GT_GXX::CTRL_X_AUX_K_PREHVQK_X_X_X_X_X_SET_SKU_LFM,SCN_GT_GXX::CHAIN_ALL_GFXSB_K_BEGIN_HITO_GT_NOM_LFM_HVM_HRY_RAWSTR%,SCN_GT_GXX::STUCKAT_ALL_GFXSB_K_BEGIN_HITO_GT_NOM_LFM_HRY_RAWSTR%,13365253,13272040,270643
SCN_GT_GXX,gtxecorepar4,gt-gtslice7-gtxecore3-gtxecorepar4,GT_GXX,gt,gtslice7,gtxecore3,gtxecorepar4,,693,NVL_GT_SCN,SCN_GT_GXX::CTRL_X_PATMOD_K_BEGIN_X_X_X_X_X_RESET_TOPSKU,SCN_GT_GXX::CTRL_X_AUX_K_PREHVQK_X_X_X_X_X_SET_SKU_LFM,SCN_GT_GXX::CHAIN_ALL_GFXSB_K_BEGIN_HITO_GT_NOM_LFM_HVM_HRY_RAWSTR%,SCN_GT_GXX::STUCKAT_ALL_GFXSB_K_BEGIN_HITO_GT_NOM_LFM_HRY_RAWSTR%,11841780,11789789,160657
SCN_GT_GXX,gtxecorepar5,gt-gtslice7-gtxecore3-gtxecorepar5,GT_GXX,gt,gtslice7,gtxecore3,gtxecorepar5,,694,NVL_GT_SCN,SCN_GT_GXX::CTRL_X_PATMOD_K_BEGIN_X_X_X_X_X_RESET_TOPSKU,SCN_GT_GXX::CTRL_X_AUX_K_PREHVQK_X_X_X_X_X_SET_SKU_LFM,SCN_GT_GXX::CHAIN_ALL_GFXSB_K_BEGIN_HITO_GT_NOM_LFM_HVM_HRY_RAWSTR%,SCN_GT_GXX::STUCKAT_ALL_GFXSB_K_BEGIN_HITO_GT_NOM_LFM_HRY_RAWSTR%,12540921,12467757,218756
SCN_GT_GXX,gteusystop0,gt-gtslice7-gtxecore3-gteusystop0,GT_GXX,gt,gtslice7,gtxecore3,gteusystop0,,2006,NVL_GT_SCN,SCN_GT_GXX::CTRL_X_PATMOD_K_BEGIN_X_X_X_X_X_RESET_TOPSKU,SCN_GT_GXX::CTRL_X_AUX_K_PREHVQK_X_X_X_X_X_SET_SKU_LFM,SCN_GT_GXX::CHAIN_ALL_GFXSB_K_BEGIN_HITO_GT_NOM_LFM_HVM_HRY_RAWSTR%,SCN_GT_GXX::STUCKAT_ALL_GFXSB_K_BEGIN_HITO_GT_NOM_LFM_HRY_RAWSTR%,6398977,6378032,107295
SCN_GT_GXX,gteutop,gt-gtslice7-gtxecore3-gteutop0,GT_GXX,gt,gtslice7,gtxecore3,gteutop0,,680,NVL_GT_SCN,SCN_GT_GXX::CTRL_X_PATMOD_K_BEGIN_X_X_X_X_X_RESET_TOPSKU,SCN_GT_GXX::CTRL_X_AUX_K_PREHVQK_X_X_X_X_X_SET_SKU_LFM,SCN_GT_GXX::CHAIN_ALL_GFXSB_K_BEGIN_HITO_GT_NOM_LFM_HVM_HRY_RAWSTR%,SCN_GT_GXX::STUCKAT_ALL_GFXSB_K_BEGIN_HITO_GT_NOM_LFM_HRY_RAWSTR%,9749809,9701968,140224
SCN_GT_GXX,gteusysalt,gt-gtslice7-gtxecore3-gteusystop1,GT_GXX,gt,gtslice7,gtxecore3,gteusystop1,,2007,NVL_GT_SCN,SCN_GT_GXX::CTRL_X_PATMOD_K_BEGIN_X_X_X_X_X_RESET_TOPSKU,SCN_GT_GXX::CTRL_X_AUX_K_PREHVQK_X_X_X_X_X_SET_SKU_LFM,SCN_GT_GXX::CHAIN_ALL_GFXSB_K_BEGIN_HITO_GT_NOM_LFM_HVM_HRY_RAWSTR%,SCN_GT_GXX::STUCKAT_ALL_GFXSB_K_BEGIN_HITO_GT_NOM_LFM_HRY_RAWSTR%,6337642,6316608,105129
SCN_GT_GXX,gteuside,gt-gtslice7-gtxecore3-gteutop1,GT_GXX,gt,gtslice7,gtxecore3,gteutop1,,681,NVL_GT_SCN,SCN_GT_GXX::CTRL_X_PATMOD_K_BEGIN_X_X_X_X_X_RESET_TOPSKU,SCN_GT_GXX::CTRL_X_AUX_K_PREHVQK_X_X_X_X_X_SET_SKU_LFM,SCN_GT_GXX::CHAIN_ALL_GFXSB_K_BEGIN_HITO_GT_NOM_LFM_HVM_HRY_RAWSTR%,SCN_GT_GXX::STUCKAT_ALL_GFXSB_K_BEGIN_HITO_GT_NOM_LFM_HRY_RAWSTR%,9711074,9663298,140224
SCN_GT_GXX,gteusysside,gt-gtslice7-gtxecore3-gteusystop2,GT_GXX,gt,gtslice7,gtxecore3,gteusystop2,,2008,NVL_GT_SCN,SCN_GT_GXX::CTRL_X_PATMOD_K_BEGIN_X_X_X_X_X_RESET_TOPSKU,SCN_GT_GXX::CTRL_X_AUX_K_PREHVQK_X_X_X_X_X_SET_SKU_LFM,SCN_GT_GXX::CHAIN_ALL_GFXSB_K_BEGIN_HITO_GT_NOM_LFM_HVM_HRY_RAWSTR%,SCN_GT_GXX::STUCKAT_ALL_GFXSB_K_BEGIN_HITO_GT_NOM_LFM_HRY_RAWSTR%,6361608,6340759,105129
SCN_GT_GXX,gteuside,gt-gtslice7-gtxecore3-gteutop2,GT_GXX,gt,gtslice7,gtxecore3,gteutop2,,682,NVL_GT_SCN,SCN_GT_GXX::CTRL_X_PATMOD_K_BEGIN_X_X_X_X_X_RESET_TOPSKU,SCN_GT_GXX::CTRL_X_AUX_K_PREHVQK_X_X_X_X_X_SET_SKU_LFM,SCN_GT_GXX::CHAIN_ALL_GFXSB_K_BEGIN_HITO_GT_NOM_LFM_HVM_HRY_RAWSTR%,SCN_GT_GXX::STUCKAT_ALL_GFXSB_K_BEGIN_HITO_GT_NOM_LFM_HRY_RAWSTR%,9711074,9663298,140224
SCN_GT_GXX,gteusysside,gt-gtslice7-gtxecore3-gteusystop3,GT_GXX,gt,gtslice7,gtxecore3,gteusystop3,,2009,NVL_GT_SCN,SCN_GT_GXX::CTRL_X_PATMOD_K_BEGIN_X_X_X_X_X_RESET_TOPSKU,SCN_GT_GXX::CTRL_X_AUX_K_PREHVQK_X_X_X_X_X_SET_SKU_LFM,SCN_GT_GXX::CHAIN_ALL_GFXSB_K_BEGIN_HITO_GT_NOM_LFM_HVM_HRY_RAWSTR%,SCN_GT_GXX::STUCKAT_ALL_GFXSB_K_BEGIN_HITO_GT_NOM_LFM_HRY_RAWSTR%,6361608,6340759,105129
SCN_GT_GXX,gteuside,gt-gtslice7-gtxecore3-gteutop3,GT_GXX,gt,gtslice7,gtxecore3,gteutop3,,683,NVL_GT_SCN,SCN_GT_GXX::CTRL_X_PATMOD_K_BEGIN_X_X_X_X_X_RESET_TOPSKU,SCN_GT_GXX::CTRL_X_AUX_K_PREHVQK_X_X_X_X_X_SET_SKU_LFM,SCN_GT_GXX::CHAIN_ALL_GFXSB_K_BEGIN_HITO_GT_NOM_LFM_HVM_HRY_RAWSTR%,SCN_GT_GXX::STUCKAT_ALL_GFXSB_K_BEGIN_HITO_GT_NOM_LFM_HRY_RAWSTR%,9711074,9663298,140224
SCN_GT_GXX,gteusystop4,gt-gtslice7-gtxecore3-gteusystop4,GT_GXX,gt,gtslice7,gtxecore3,gteusystop4,,2010,NVL_GT_SCN,SCN_GT_GXX::CTRL_X_PATMOD_K_BEGIN_X_X_X_X_X_RESET_TOPSKU,SCN_GT_GXX::CTRL_X_AUX_K_PREHVQK_X_X_X_X_X_SET_SKU_LFM,SCN_GT_GXX::CHAIN_ALL_GFXSB_K_BEGIN_HITO_GT_NOM_LFM_HVM_HRY_RAWSTR%,SCN_GT_GXX::STUCKAT_ALL_GFXSB_K_BEGIN_HITO_GT_NOM_LFM_HRY_RAWSTR%,6394691,6373730,106636
SCN_GT_GXX,gteutop,gt-gtslice7-gtxecore3-gteutop4,GT_GXX,gt,gtslice7,gtxecore3,gteutop4,,684,NVL_GT_SCN,SCN_GT_GXX::CTRL_X_PATMOD_K_BEGIN_X_X_X_X_X_RESET_TOPSKU,SCN_GT_GXX::CTRL_X_AUX_K_PREHVQK_X_X_X_X_X_SET_SKU_LFM,SCN_GT_GXX::CHAIN_ALL_GFXSB_K_BEGIN_HITO_GT_NOM_LFM_HVM_HRY_RAWSTR%,SCN_GT_GXX::STUCKAT_ALL_GFXSB_K_BEGIN_HITO_GT_NOM_LFM_HRY_RAWSTR%,9749809,9701968,140224
SCN_GT_GXX,gteuside,gt-gtslice7-gtxecore3-gteutop5,GT_GXX,gt,gtslice7,gtxecore3,gteutop5,,685,NVL_GT_SCN,SCN_GT_GXX::CTRL_X_PATMOD_K_BEGIN_X_X_X_X_X_RESET_TOPSKU,SCN_GT_GXX::CTRL_X_AUX_K_PREHVQK_X_X_X_X_X_SET_SKU_LFM,SCN_GT_GXX::CHAIN_ALL_GFXSB_K_BEGIN_HITO_GT_NOM_LFM_HVM_HRY_RAWSTR%,SCN_GT_GXX::STUCKAT_ALL_GFXSB_K_BEGIN_HITO_GT_NOM_LFM_HRY_RAWSTR%,9711074,9663298,140224
SCN_GT_GXX,gteusysside,gt-gtslice7-gtxecore3-gteusystop6,GT_GXX,gt,gtslice7,gtxecore3,gteusystop6,,2012,NVL_GT_SCN,SCN_GT_GXX::CTRL_X_PATMOD_K_BEGIN_X_X_X_X_X_RESET_TOPSKU,SCN_GT_GXX::CTRL_X_AUX_K_PREHVQK_X_X_X_X_X_SET_SKU_LFM,SCN_GT_GXX::CHAIN_ALL_GFXSB_K_BEGIN_HITO_GT_NOM_LFM_HVM_HRY_RAWSTR%,SCN_GT_GXX::STUCKAT_ALL_GFXSB_K_BEGIN_HITO_GT_NOM_LFM_HRY_RAWSTR%,6361608,6340759,105129
SCN_GT_GXX,gteuside,gt-gtslice7-gtxecore3-gteutop6,GT_GXX,gt,gtslice7,gtxecore3,gteutop6,,686,NVL_GT_SCN,SCN_GT_GXX::CTRL_X_PATMOD_K_BEGIN_X_X_X_X_X_RESET_TOPSKU,SCN_GT_GXX::CTRL_X_AUX_K_PREHVQK_X_X_X_X_X_SET_SKU_LFM,SCN_GT_GXX::CHAIN_ALL_GFXSB_K_BEGIN_HITO_GT_NOM_LFM_HVM_HRY_RAWSTR%,SCN_GT_GXX::STUCKAT_ALL_GFXSB_K_BEGIN_HITO_GT_NOM_LFM_HRY_RAWSTR%,9711074,9663298,140224
SCN_GT_GXX,gteusysside,gt-gtslice7-gtxecore3-gteusystop7,GT_GXX,gt,gtslice7,gtxecore3,gteusystop7,,2013,NVL_GT_SCN,SCN_GT_GXX::CTRL_X_PATMOD_K_BEGIN_X_X_X_X_X_RESET_TOPSKU,SCN_GT_GXX::CTRL_X_AUX_K_PREHVQK_X_X_X_X_X_SET_SKU_LFM,SCN_GT_GXX::CHAIN_ALL_GFXSB_K_BEGIN_HITO_GT_NOM_LFM_HVM_HRY_RAWSTR%,SCN_GT_GXX::STUCKAT_ALL_GFXSB_K_BEGIN_HITO_GT_NOM_LFM_HRY_RAWSTR%,6361608,6340759,105129
SCN_GT_GXX,gteuside,gt-gtslice7-gtxecore3-gteutop7,GT_GXX,gt,gtslice7,gtxecore3,gteutop7,,687,NVL_GT_SCN,SCN_GT_GXX::CTRL_X_PATMOD_K_BEGIN_X_X_X_X_X_RESET_TOPSKU,SCN_GT_GXX::CTRL_X_AUX_K_PREHVQK_X_X_X_X_X_SET_SKU_LFM,SCN_GT_GXX::CHAIN_ALL_GFXSB_K_BEGIN_HITO_GT_NOM_LFM_HVM_HRY_RAWSTR%,SCN_GT_GXX::STUCKAT_ALL_GFXSB_K_BEGIN_HITO_GT_NOM_LFM_HRY_RAWSTR%,9711074,9663298,140224
SCN_GT_GXX,gtxecorepar2,gt-gtslice7-gtxecore3-gtxecorepar2,GT_GXX,gt,gtslice7,gtxecore3,gtxecorepar2,,691,NVL_GT_SCN,SCN_GT_GXX::CTRL_X_PATMOD_K_BEGIN_X_X_X_X_X_RESET_TOPSKU,SCN_GT_GXX::CTRL_X_AUX_K_PREHVQK_X_X_X_X_X_SET_SKU_LFM,SCN_GT_GXX::CHAIN_ALL_GFXSB_K_BEGIN_HITO_GT_NOM_LFM_HVM_HRY_RAWSTR%,SCN_GT_GXX::STUCKAT_ALL_GFXSB_K_BEGIN_HITO_GT_NOM_LFM_HRY_RAWSTR%,7685097,7626107,100212
SCN_GT_GXX,gteusysside,gt-gtslice7-gtxecore3-gteusystop5,GT_GXX,gt,gtslice7,gtxecore3,gteusystop5,,2011,NVL_GT_SCN,SCN_GT_GXX::CTRL_X_PATMOD_K_BEGIN_X_X_X_X_X_RESET_TOPSKU,SCN_GT_GXX::CTRL_X_AUX_K_PREHVQK_X_X_X_X_X_SET_SKU_LFM,SCN_GT_GXX::CHAIN_ALL_GFXSB_K_BEGIN_HITO_GT_NOM_LFM_HVM_HRY_RAWSTR%,SCN_GT_GXX::STUCKAT_ALL_GFXSB_K_BEGIN_HITO_GT_NOM_LFM_HRY_RAWSTR%,6361608,6340759,105129
SCN_GT_GXX,gtrasterpar2,gt-gtslice7-gtsc-gtrasterpar2,GT_GXX,gt,gtslice7,gtsc,gtrasterpar2,,615,NVL_GT_SCN,SCN_GT_GXX::CTRL_X_PATMOD_K_BEGIN_X_X_X_X_X_RESET_TOPSKU,SCN_GT_GXX::CTRL_X_AUX_K_PREHVQK_X_X_X_X_X_SET_SKU_LFM,SCN_GT_GXX::CHAIN_ALL_GFXSB_K_BEGIN_HITO_GT_NOM_LFM_HVM_HRY_RAWSTR%,SCN_GT_GXX::STUCKAT_ALL_GFXSB_K_BEGIN_HITO_GT_NOM_LFM_HRY_RAWSTR%,10762799,10627137,228584
SCN_GT_GXX,gtrasterpar3,gt-gtslice7-gtsc-gtrasterpar3,GT_GXX,gt,gtslice7,gtsc,gtrasterpar3,,616,NVL_GT_SCN,SCN_GT_GXX::CTRL_X_PATMOD_K_BEGIN_X_X_X_X_X_RESET_TOPSKU,SCN_GT_GXX::CTRL_X_AUX_K_PREHVQK_X_X_X_X_X_SET_SKU_LFM,SCN_GT_GXX::CHAIN_ALL_GFXSB_K_BEGIN_HITO_GT_NOM_LFM_HVM_HRY_RAWSTR%,SCN_GT_GXX::STUCKAT_ALL_GFXSB_K_BEGIN_HITO_GT_NOM_LFM_HRY_RAWSTR%,11549858,11485157,269146
SCN_GT_GXX,gtcpipepar1,gt-gtslice7-gtsc-gtscpipe0-gtcpipepar1,GT_GXX,gt,gtslice7,gtsc,gtscpipe0,gtcpipepar1,617,NVL_GT_SCN,SCN_GT_GXX::CTRL_X_PATMOD_K_BEGIN_X_X_X_X_X_RESET_TOPSKU,SCN_GT_GXX::CTRL_X_AUX_K_PREHVQK_X_X_X_X_X_SET_SKU_LFM,SCN_GT_GXX::CHAIN_ALL_GFXSB_K_BEGIN_HITO_GT_NOM_LFM_HVM_HRY_RAWSTR%,SCN_GT_GXX::STUCKAT_ALL_GFXSB_K_BEGIN_HITO_GT_NOM_LFM_HRY_RAWSTR%,10746850,10696909,194538
SCN_GT_GXX,gtcpipepar2,gt-gtslice7-gtsc-gtscpipe0-gtcpipepar2,GT_GXX,gt,gtslice7,gtsc,gtscpipe0,gtcpipepar2,618,NVL_GT_SCN,SCN_GT_GXX::CTRL_X_PATMOD_K_BEGIN_X_X_X_X_X_RESET_TOPSKU,SCN_GT_GXX::CTRL_X_AUX_K_PREHVQK_X_X_X_X_X_SET_SKU_LFM,SCN_GT_GXX::CHAIN_ALL_GFXSB_K_BEGIN_HITO_GT_NOM_LFM_HVM_HRY_RAWSTR%,SCN_GT_GXX::STUCKAT_ALL_GFXSB_K_BEGIN_HITO_GT_NOM_LFM_HRY_RAWSTR%,10756187,10689922,230394
SCN_GT_GXX,gtfixpar1,gt-gtslice7-gtsc-gtscpipe0-gtfixpar1,GT_GXX,gt,gtslice7,gtsc,gtscpipe0,gtfixpar1,619,NVL_GT_SCN,SCN_GT_GXX::CTRL_X_PATMOD_K_BEGIN_X_X_X_X_X_RESET_TOPSKU,SCN_GT_GXX::CTRL_X_AUX_K_PREHVQK_X_X_X_X_X_SET_SKU_LFM,SCN_GT_GXX::CHAIN_ALL_GFXSB_K_BEGIN_HITO_GT_NOM_LFM_HVM_HRY_RAWSTR%,SCN_GT_GXX::STUCKAT_ALL_GFXSB_K_BEGIN_HITO_GT_NOM_LFM_HRY_RAWSTR%,4895039,4724601,86543
SCN_GT_GXX,gtfixpar2,gt-gtslice7-gtsc-gtscpipe0-gtfixpar2,GT_GXX,gt,gtslice7,gtsc,gtscpipe0,gtfixpar2,620,NVL_GT_SCN,SCN_GT_GXX::CTRL_X_PATMOD_K_BEGIN_X_X_X_X_X_RESET_TOPSKU,SCN_GT_GXX::CTRL_X_AUX_K_PREHVQK_X_X_X_X_X_SET_SKU_LFM,SCN_GT_GXX::CHAIN_ALL_GFXSB_K_BEGIN_HITO_GT_NOM_LFM_HVM_HRY_RAWSTR%,SCN_GT_GXX::STUCKAT_ALL_GFXSB_K_BEGIN_HITO_GT_NOM_LFM_HRY_RAWSTR%,13679498,13553314,259495
SCN_GT_GXX,gtfixpar3,gt-gtslice7-gtsc-gtscpipe0-gtfixpar3,GT_GXX,gt,gtslice7,gtsc,gtscpipe0,gtfixpar3,621,NVL_GT_SCN,SCN_GT_GXX::CTRL_X_PATMOD_K_BEGIN_X_X_X_X_X_RESET_TOPSKU,SCN_GT_GXX::CTRL_X_AUX_K_PREHVQK_X_X_X_X_X_SET_SKU_LFM,SCN_GT_GXX::CHAIN_ALL_GFXSB_K_BEGIN_HITO_GT_NOM_LFM_HVM_HRY_RAWSTR%,SCN_GT_GXX::STUCKAT_ALL_GFXSB_K_BEGIN_HITO_GT_NOM_LFM_HRY_RAWSTR%,10627088,10527045,224971
SCN_GT_GXX,gtstlbpar1,gt-gtslice7-gtsc-gtscpipe0-gtstlbpar1,GT_GXX,gt,gtslice7,gtsc,gtscpipe0,gtstlbpar1,622,NVL_GT_SCN,SCN_GT_GXX::CTRL_X_PATMOD_K_BEGIN_X_X_X_X_X_RESET_TOPSKU,SCN_GT_GXX::CTRL_X_AUX_K_PREHVQK_X_X_X_X_X_SET_SKU_LFM,SCN_GT_GXX::CHAIN_ALL_GFXSB_K_BEGIN_HITO_GT_NOM_LFM_HVM_HRY_RAWSTR%,SCN_GT_GXX::STUCKAT_ALL_GFXSB_K_BEGIN_HITO_GT_NOM_LFM_HRY_RAWSTR%,6105618,6061686,103677
SCN_GT_GXX,gtxetlbpar1,gt-gtslice7-gtsc-gtscpipe0-gtxetlbpar1,GT_GXX,gt,gtslice7,gtsc,gtscpipe0,gtxetlbpar1,623,NVL_GT_SCN,SCN_GT_GXX::CTRL_X_PATMOD_K_BEGIN_X_X_X_X_X_RESET_TOPSKU,SCN_GT_GXX::CTRL_X_AUX_K_PREHVQK_X_X_X_X_X_SET_SKU_LFM,SCN_GT_GXX::CHAIN_ALL_GFXSB_K_BEGIN_HITO_GT_NOM_LFM_HVM_HRY_RAWSTR%,SCN_GT_GXX::STUCKAT_ALL_GFXSB_K_BEGIN_HITO_GT_NOM_LFM_HRY_RAWSTR%,6576463,6504549,121628
SCN_GT_GXX,gtxetlbpar2,gt-gtslice7-gtsc-gtscpipe0-gtxetlbpar2,GT_GXX,gt,gtslice7,gtsc,gtscpipe0,gtxetlbpar2,624,NVL_GT_SCN,SCN_GT_GXX::CTRL_X_PATMOD_K_BEGIN_X_X_X_X_X_RESET_TOPSKU,SCN_GT_GXX::CTRL_X_AUX_K_PREHVQK_X_X_X_X_X_SET_SKU_LFM,SCN_GT_GXX::CHAIN_ALL_GFXSB_K_BEGIN_HITO_GT_NOM_LFM_HVM_HRY_RAWSTR%,SCN_GT_GXX::STUCKAT_ALL_GFXSB_K_BEGIN_HITO_GT_NOM_LFM_HRY_RAWSTR%,10665366,10573421,126009
SCN_GT_GXX,gtzpipepar1,gt-gtslice7-gtsc-gtscpipe0-gtzpipepar1,GT_GXX,gt,gtslice7,gtsc,gtscpipe0,gtzpipepar1,625,NVL_GT_SCN,SCN_GT_GXX::CTRL_X_PATMOD_K_BEGIN_X_X_X_X_X_RESET_TOPSKU,SCN_GT_GXX::CTRL_X_AUX_K_PREHVQK_X_X_X_X_X_SET_SKU_LFM,SCN_GT_GXX::CHAIN_ALL_GFXSB_K_BEGIN_HITO_GT_NOM_LFM_HVM_HRY_RAWSTR%,SCN_GT_GXX::STUCKAT_ALL_GFXSB_K_BEGIN_HITO_GT_NOM_LFM_HRY_RAWSTR%,11122704,11025644,266022
SCN_GT_GXX,gtcpipepar1,gt-gtslice7-gtsc-gtscpipe1-gtcpipepar1,GT_GXX,gt,gtslice7,gtsc,gtscpipe1,gtcpipepar1,626,NVL_GT_SCN,SCN_GT_GXX::CTRL_X_PATMOD_K_BEGIN_X_X_X_X_X_RESET_TOPSKU,SCN_GT_GXX::CTRL_X_AUX_K_PREHVQK_X_X_X_X_X_SET_SKU_LFM,SCN_GT_GXX::CHAIN_ALL_GFXSB_K_BEGIN_HITO_GT_NOM_LFM_HVM_HRY_RAWSTR%,SCN_GT_GXX::STUCKAT_ALL_GFXSB_K_BEGIN_HITO_GT_NOM_LFM_HRY_RAWSTR%,10746850,10696909,194538
SCN_GT_GXX,gtcpipepar2,gt-gtslice7-gtsc-gtscpipe1-gtcpipepar2,GT_GXX,gt,gtslice7,gtsc,gtscpipe1,gtcpipepar2,627,NVL_GT_SCN,SCN_GT_GXX::CTRL_X_PATMOD_K_BEGIN_X_X_X_X_X_RESET_TOPSKU,SCN_GT_GXX::CTRL_X_AUX_K_PREHVQK_X_X_X_X_X_SET_SKU_LFM,SCN_GT_GXX::CHAIN_ALL_GFXSB_K_BEGIN_HITO_GT_NOM_LFM_HVM_HRY_RAWSTR%,SCN_GT_GXX::STUCKAT_ALL_GFXSB_K_BEGIN_HITO_GT_NOM_LFM_HRY_RAWSTR%,10756187,10689922,230394
SCN_GT_GXX,gtfixpar1,gt-gtslice7-gtsc-gtscpipe1-gtfixpar1,GT_GXX,gt,gtslice7,gtsc,gtscpipe1,gtfixpar1,628,NVL_GT_SCN,SCN_GT_GXX::CTRL_X_PATMOD_K_BEGIN_X_X_X_X_X_RESET_TOPSKU,SCN_GT_GXX::CTRL_X_AUX_K_PREHVQK_X_X_X_X_X_SET_SKU_LFM,SCN_GT_GXX::CHAIN_ALL_GFXSB_K_BEGIN_HITO_GT_NOM_LFM_HVM_HRY_RAWSTR%,SCN_GT_GXX::STUCKAT_ALL_GFXSB_K_BEGIN_HITO_GT_NOM_LFM_HRY_RAWSTR%,4895039,4724601,86543
SCN_GT_GXX,gtfixpar2,gt-gtslice7-gtsc-gtscpipe1-gtfixpar2,GT_GXX,gt,gtslice7,gtsc,gtscpipe1,gtfixpar2,629,NVL_GT_SCN,SCN_GT_GXX::CTRL_X_PATMOD_K_BEGIN_X_X_X_X_X_RESET_TOPSKU,SCN_GT_GXX::CTRL_X_AUX_K_PREHVQK_X_X_X_X_X_SET_SKU_LFM,SCN_GT_GXX::CHAIN_ALL_GFXSB_K_BEGIN_HITO_GT_NOM_LFM_HVM_HRY_RAWSTR%,SCN_GT_GXX::STUCKAT_ALL_GFXSB_K_BEGIN_HITO_GT_NOM_LFM_HRY_RAWSTR%,13679498,13553314,259495
SCN_GT_GXX,gtfixpar3,gt-gtslice7-gtsc-gtscpipe1-gtfixpar3,GT_GXX,gt,gtslice7,gtsc,gtscpipe1,gtfixpar3,630,NVL_GT_SCN,SCN_GT_GXX::CTRL_X_PATMOD_K_BEGIN_X_X_X_X_X_RESET_TOPSKU,SCN_GT_GXX::CTRL_X_AUX_K_PREHVQK_X_X_X_X_X_SET_SKU_LFM,SCN_GT_GXX::CHAIN_ALL_GFXSB_K_BEGIN_HITO_GT_NOM_LFM_HVM_HRY_RAWSTR%,SCN_GT_GXX::STUCKAT_ALL_GFXSB_K_BEGIN_HITO_GT_NOM_LFM_HRY_RAWSTR%,10627088,10527045,224971
SCN_GT_GXX,gtstlbpar1,gt-gtslice7-gtsc-gtscpipe1-gtstlbpar1,GT_GXX,gt,gtslice7,gtsc,gtscpipe1,gtstlbpar1,631,NVL_GT_SCN,SCN_GT_GXX::CTRL_X_PATMOD_K_BEGIN_X_X_X_X_X_RESET_TOPSKU,SCN_GT_GXX::CTRL_X_AUX_K_PREHVQK_X_X_X_X_X_SET_SKU_LFM,SCN_GT_GXX::CHAIN_ALL_GFXSB_K_BEGIN_HITO_GT_NOM_LFM_HVM_HRY_RAWSTR%,SCN_GT_GXX::STUCKAT_ALL_GFXSB_K_BEGIN_HITO_GT_NOM_LFM_HRY_RAWSTR%,6105618,6061686,103677
SCN_GT_GXX,gtxetlbpar1,gt-gtslice7-gtsc-gtscpipe1-gtxetlbpar1,GT_GXX,gt,gtslice7,gtsc,gtscpipe1,gtxetlbpar1,632,NVL_GT_SCN,SCN_GT_GXX::CTRL_X_PATMOD_K_BEGIN_X_X_X_X_X_RESET_TOPSKU,SCN_GT_GXX::CTRL_X_AUX_K_PREHVQK_X_X_X_X_X_SET_SKU_LFM,SCN_GT_GXX::CHAIN_ALL_GFXSB_K_BEGIN_HITO_GT_NOM_LFM_HVM_HRY_RAWSTR%,SCN_GT_GXX::STUCKAT_ALL_GFXSB_K_BEGIN_HITO_GT_NOM_LFM_HRY_RAWSTR%,6576463,6504549,121628
SCN_GT_GXX,gtxetlbpar2,gt-gtslice7-gtsc-gtscpipe1-gtxetlbpar2,GT_GXX,gt,gtslice7,gtsc,gtscpipe1,gtxetlbpar2,633,NVL_GT_SCN,SCN_GT_GXX::CTRL_X_PATMOD_K_BEGIN_X_X_X_X_X_RESET_TOPSKU,SCN_GT_GXX::CTRL_X_AUX_K_PREHVQK_X_X_X_X_X_SET_SKU_LFM,SCN_GT_GXX::CHAIN_ALL_GFXSB_K_BEGIN_HITO_GT_NOM_LFM_HVM_HRY_RAWSTR%,SCN_GT_GXX::STUCKAT_ALL_GFXSB_K_BEGIN_HITO_GT_NOM_LFM_HRY_RAWSTR%,10665366,10573421,126009
SCN_GT_GXX,gtzpipepar1,gt-gtslice7-gtsc-gtscpipe1-gtzpipepar1,GT_GXX,gt,gtslice7,gtsc,gtscpipe1,gtzpipepar1,634,NVL_GT_SCN,SCN_GT_GXX::CTRL_X_PATMOD_K_BEGIN_X_X_X_X_X_RESET_TOPSKU,SCN_GT_GXX::CTRL_X_AUX_K_PREHVQK_X_X_X_X_X_SET_SKU_LFM,SCN_GT_GXX::CHAIN_ALL_GFXSB_K_BEGIN_HITO_GT_NOM_LFM_HVM_HRY_RAWSTR%,SCN_GT_GXX::STUCKAT_ALL_GFXSB_K_BEGIN_HITO_GT_NOM_LFM_HRY_RAWSTR%,11122704,11025644,266022
SCN_GT_GXX,gtrasterpar1,gt-gtslice7-gtsc-gtrasterpar1,GT_GXX,gt,gtslice7,gtsc,gtrasterpar1,,614,NVL_GT_SCN,SCN_GT_GXX::CTRL_X_PATMOD_K_BEGIN_X_X_X_X_X_RESET_TOPSKU,SCN_GT_GXX::CTRL_X_AUX_K_PREHVQK_X_X_X_X_X_SET_SKU_LFM,SCN_GT_GXX::CHAIN_ALL_GFXSB_K_BEGIN_HITO_GT_NOM_LFM_HVM_HRY_RAWSTR%,SCN_GT_GXX::STUCKAT_ALL_GFXSB_K_BEGIN_HITO_GT_NOM_LFM_HRY_RAWSTR%,12503971,12385578,201027
SCN_GT_GXX,gtslicenodebottomrcpar1,gt-gtslicenodebottomrcpar1,GT_GXX,gt,gtslicenodebottomrcpar1,gtslicenodebottomrcpar1,,,2014,NVL_GT_SCN,SCN_GT_GXX::CTRL_X_PATMOD_K_BEGIN_X_X_X_X_X_RESET_TOPSKU,SCN_GT_GXX::CTRL_X_AUX_K_PREHVQK_X_X_X_X_X_SET_SKU_LFM,SCN_GT_GXX::CHAIN_ALL_GFXSB_K_BEGIN_HITO_GT_NOM_LFM_HVM_HRY_RAWSTR%,SCN_GT_GXX::STUCKAT_ALL_GFXSB_K_BEGIN_HITO_GT_NOM_LFM_HRY_RAWSTR%,599388,534409,22673
SCN_GT_GXX,gtslicenodebottomrcpar2,gt-gtslicenodebottomrcpar2,GT_GXX,gt,gtslicenodebottomrcpar2,gtslicenodebottomrcpar2,,,2015,NVL_GT_SCN,SCN_GT_GXX::CTRL_X_PATMOD_K_BEGIN_X_X_X_X_X_RESET_TOPSKU,SCN_GT_GXX::CTRL_X_AUX_K_PREHVQK_X_X_X_X_X_SET_SKU_LFM,SCN_GT_GXX::CHAIN_ALL_GFXSB_K_BEGIN_HITO_GT_NOM_LFM_HVM_HRY_RAWSTR%,SCN_GT_GXX::STUCKAT_ALL_GFXSB_K_BEGIN_HITO_GT_NOM_LFM_HRY_RAWSTR%,1819464,1814124,68367
SCN_GT_GXX,gtslicenodebottomrcpar3,gt-gtslicenodebottomrcpar3,GT_GXX,gt,gtslicenodebottomrcpar3,gtslicenodebottomrcpar3,,,2016,NVL_GT_SCN,SCN_GT_GXX::CTRL_X_PATMOD_K_BEGIN_X_X_X_X_X_RESET_TOPSKU,SCN_GT_GXX::CTRL_X_AUX_K_PREHVQK_X_X_X_X_X_SET_SKU_LFM,SCN_GT_GXX::CHAIN_ALL_GFXSB_K_BEGIN_HITO_GT_NOM_LFM_HVM_HRY_RAWSTR%,SCN_GT_GXX::STUCKAT_ALL_GFXSB_K_BEGIN_HITO_GT_NOM_LFM_HRY_RAWSTR%,1473771,1282426,59257
SCN_GT_GXX,gtslicenodebottomrcpar4,gt-gtslicenodebottomrcpar4,GT_GXX,gt,gtslicenodebottomrcpar4,gtslicenodebottomrcpar4,,,2017,NVL_GT_SCN,SCN_GT_GXX::CTRL_X_PATMOD_K_BEGIN_X_X_X_X_X_RESET_TOPSKU,SCN_GT_GXX::CTRL_X_AUX_K_PREHVQK_X_X_X_X_X_SET_SKU_LFM,SCN_GT_GXX::CHAIN_ALL_GFXSB_K_BEGIN_HITO_GT_NOM_LFM_HVM_HRY_RAWSTR%,SCN_GT_GXX::STUCKAT_ALL_GFXSB_K_BEGIN_HITO_GT_NOM_LFM_HRY_RAWSTR%,578338,503052,21866
SCN_GT_GXX,gtslicenodetoprcpar1,gt-gtslicenodetoprcpar1,GT_GXX,gt,gtslicenodetoprcpar1,gtslicenodetoprcpar1,,,2018,NVL_GT_SCN,SCN_GT_GXX::CTRL_X_PATMOD_K_BEGIN_X_X_X_X_X_RESET_TOPSKU,SCN_GT_GXX::CTRL_X_AUX_K_PREHVQK_X_X_X_X_X_SET_SKU_LFM,SCN_GT_GXX::CHAIN_ALL_GFXSB_K_BEGIN_HITO_GT_NOM_LFM_HVM_HRY_RAWSTR%,SCN_GT_GXX::STUCKAT_ALL_GFXSB_K_BEGIN_HITO_GT_NOM_LFM_HRY_RAWSTR%,594466,539661,23415
SCN_GT_GXX,gtslicenodetoprcpar2,gt-gtslicenodetoprcpar2,GT_GXX,gt,gtslicenodetoprcpar2,gtslicenodetoprcpar2,,,2019,NVL_GT_SCN,SCN_GT_GXX::CTRL_X_PATMOD_K_BEGIN_X_X_X_X_X_RESET_TOPSKU,SCN_GT_GXX::CTRL_X_AUX_K_PREHVQK_X_X_X_X_X_SET_SKU_LFM,SCN_GT_GXX::CHAIN_ALL_GFXSB_K_BEGIN_HITO_GT_NOM_LFM_HVM_HRY_RAWSTR%,SCN_GT_GXX::STUCKAT_ALL_GFXSB_K_BEGIN_HITO_GT_NOM_LFM_HRY_RAWSTR%,2099678,2093411,75620
SCN_GT_GXX,gtslicenodetoprcpar3,gt-gtslicenodetoprcpar3,GT_GXX,gt,gtslicenodetoprcpar3,gtslicenodetoprcpar3,,,2020,NVL_GT_SCN,SCN_GT_GXX::CTRL_X_PATMOD_K_BEGIN_X_X_X_X_X_RESET_TOPSKU,SCN_GT_GXX::CTRL_X_AUX_K_PREHVQK_X_X_X_X_X_SET_SKU_LFM,SCN_GT_GXX::CHAIN_ALL_GFXSB_K_BEGIN_HITO_GT_NOM_LFM_HVM_HRY_RAWSTR%,SCN_GT_GXX::STUCKAT_ALL_GFXSB_K_BEGIN_HITO_GT_NOM_LFM_HRY_RAWSTR%,1972498,1723249,73911
SCN_GT_GXX,gtslicenodetoprcpar4,gt-gtslicenodetoprcpar4,GT_GXX,gt,gtslicenodetoprcpar4,gtslicenodetoprcpar4,,,2021,NVL_GT_SCN,SCN_GT_GXX::CTRL_X_PATMOD_K_BEGIN_X_X_X_X_X_RESET_TOPSKU,SCN_GT_GXX::CTRL_X_AUX_K_PREHVQK_X_X_X_X_X_SET_SKU_LFM,SCN_GT_GXX::CHAIN_ALL_GFXSB_K_BEGIN_HITO_GT_NOM_LFM_HVM_HRY_RAWSTR%,SCN_GT_GXX::STUCKAT_ALL_GFXSB_K_BEGIN_HITO_GT_NOM_LFM_HRY_RAWSTR%,573600,508086,22681
SCN_GT_GXX,gtrxbarpar1,gt-gtmidglobal-gtrxbarpar1,GT_GXX,gt,gtmidglobal,gtrxbarpar1,,,40,NVL_GT_SCN,SCN_GT_GXX::CTRL_X_PATMOD_K_BEGIN_X_X_X_X_X_RESET_TOPSKU,SCN_GT_GXX::CTRL_X_AUX_K_PREHVQK_X_X_X_X_X_SET_SKU_LFM,SCN_GT_GXX::CHAIN_ALL_GFXSB_K_BEGIN_HITO_GT_NOM_LFM_HVM_HRY_RAWSTR%,SCN_GT_GXX::STUCKAT_ALL_GFXSB_K_BEGIN_HITO_GT_NOM_LFM_HRY_RAWSTR%,7979818,7682846,284053
SCN_GT_GXX,gtrxbarpar2,gt-gtmidglobal-gtrxbarpar2,GT_GXX,gt,gtmidglobal,gtrxbarpar2,,,41,NVL_GT_SCN,SCN_GT_GXX::CTRL_X_PATMOD_K_BEGIN_X_X_X_X_X_RESET_TOPSKU,SCN_GT_GXX::CTRL_X_AUX_K_PREHVQK_X_X_X_X_X_SET_SKU_LFM,SCN_GT_GXX::CHAIN_ALL_GFXSB_K_BEGIN_HITO_GT_NOM_LFM_HVM_HRY_RAWSTR%,SCN_GT_GXX::STUCKAT_ALL_GFXSB_K_BEGIN_HITO_GT_NOM_LFM_HRY_RAWSTR%,8055259,7757717,285992
SCN_GT_GXX,gtngslicepar2,gt-gtmidglobal-gtngslicepar2,GT_GXX,gt,gtmidglobal,gtngslicepar2,,,37,NVL_GT_SCN,SCN_GT_GXX::CTRL_X_PATMOD_K_BEGIN_X_X_X_X_X_RESET_TOPSKU,SCN_GT_GXX::CTRL_X_AUX_K_PREHVQK_X_X_X_X_X_SET_SKU_LFM,SCN_GT_GXX::CHAIN_ALL_GFXSB_K_BEGIN_HITO_GT_NOM_LFM_HVM_HRY_RAWSTR%,SCN_GT_GXX::STUCKAT_ALL_GFXSB_K_BEGIN_HITO_GT_NOM_LFM_HRY_RAWSTR%,8302328,8238688,178571
SCN_GT_GXX,gtngslicepar4,gt-gtmidglobal-gtngslicepar4,GT_GXX,gt,gtmidglobal,gtngslicepar4,,,39,NVL_GT_SCN,SCN_GT_GXX::CTRL_X_PATMOD_K_BEGIN_X_X_X_X_X_RESET_TOPSKU,SCN_GT_GXX::CTRL_X_AUX_K_PREHVQK_X_X_X_X_X_SET_SKU_LFM,SCN_GT_GXX::CHAIN_ALL_GFXSB_K_BEGIN_HITO_GT_NOM_LFM_HVM_HRY_RAWSTR%,SCN_GT_GXX::STUCKAT_ALL_GFXSB_K_BEGIN_HITO_GT_NOM_LFM_HRY_RAWSTR%,8392289,8328869,179786
SCN_GT_GXX,gtsagleftpar2,gt-gtmidglobal-gtsagleftpar2,GT_GXX,gt,gtmidglobal,gtsagleftpar2,,,43,NVL_GT_SCN,SCN_GT_GXX::CTRL_X_PATMOD_K_BEGIN_X_X_X_X_X_RESET_TOPSKU,SCN_GT_GXX::CTRL_X_AUX_K_PREHVQK_X_X_X_X_X_SET_SKU_LFM,SCN_GT_GXX::CHAIN_ALL_GFXSB_K_BEGIN_HITO_GT_NOM_LFM_HVM_HRY_RAWSTR%,SCN_GT_GXX::STUCKAT_ALL_GFXSB_K_BEGIN_HITO_GT_NOM_LFM_HRY_RAWSTR%,6753348,6695115,190680
SCN_GT_GXX,gtsagleftstlbcompar1,gt-gtmidglobal-gtsagleftstlbcompar1,GT_GXX,gt,gtmidglobal,gtsagleftstlbcompar1,,,44,NVL_GT_SCN,SCN_GT_GXX::CTRL_X_PATMOD_K_BEGIN_X_X_X_X_X_RESET_TOPSKU,SCN_GT_GXX::CTRL_X_AUX_K_PREHVQK_X_X_X_X_X_SET_SKU_LFM,SCN_GT_GXX::CHAIN_ALL_GFXSB_K_BEGIN_HITO_GT_NOM_LFM_HVM_HRY_RAWSTR%,SCN_GT_GXX::STUCKAT_ALL_GFXSB_K_BEGIN_HITO_GT_NOM_LFM_HRY_RAWSTR%,10472054,10387064,192072
SCN_GT_GXX,gtsagrightpar1,gt-gtmidglobal-gtsagrightpar1,GT_GXX,gt,gtmidglobal,gtsagrightpar1,,,45,NVL_GT_SCN,SCN_GT_GXX::CTRL_X_PATMOD_K_BEGIN_X_X_X_X_X_RESET_TOPSKU,SCN_GT_GXX::CTRL_X_AUX_K_PREHVQK_X_X_X_X_X_SET_SKU_LFM,SCN_GT_GXX::CHAIN_ALL_GFXSB_K_BEGIN_HITO_GT_NOM_LFM_HVM_HRY_RAWSTR%,SCN_GT_GXX::STUCKAT_ALL_GFXSB_K_BEGIN_HITO_GT_NOM_LFM_HRY_RAWSTR%,11997500,11896316,218490
SCN_GT_GXX,gtsagrightstlbcompar1,gt-gtmidglobal-gtsagrightstlbcompar1,GT_GXX,gt,gtmidglobal,gtsagrightstlbcompar1,,,46,NVL_GT_SCN,SCN_GT_GXX::CTRL_X_PATMOD_K_BEGIN_X_X_X_X_X_RESET_TOPSKU,SCN_GT_GXX::CTRL_X_AUX_K_PREHVQK_X_X_X_X_X_SET_SKU_LFM,SCN_GT_GXX::CHAIN_ALL_GFXSB_K_BEGIN_HITO_GT_NOM_LFM_HVM_HRY_RAWSTR%,SCN_GT_GXX::STUCKAT_ALL_GFXSB_K_BEGIN_HITO_GT_NOM_LFM_HRY_RAWSTR%,11266880,11175326,210389
SCN_GT_GXX,gtngslicepar1,gt-gtmidglobal-gtngslicepar1,GT_GXX,gt,gtmidglobal,gtngslicepar1,,,36,NVL_GT_SCN,SCN_GT_GXX::CTRL_X_PATMOD_K_BEGIN_X_X_X_X_X_RESET_TOPSKU,SCN_GT_GXX::CTRL_X_AUX_K_PREHVQK_X_X_X_X_X_SET_SKU_LFM,SCN_GT_GXX::CHAIN_ALL_GFXSB_K_BEGIN_HITO_GT_NOM_LFM_HVM_HRY_RAWSTR%,SCN_GT_GXX::STUCKAT_ALL_GFXSB_K_BEGIN_HITO_GT_NOM_LFM_HRY_RAWSTR%,8666312,8592156,134286
SCN_GT_GXX,gtngslicepar3,gt-gtmidglobal-gtngslicepar3,GT_GXX,gt,gtmidglobal,gtngslicepar3,,,38,NVL_GT_SCN,SCN_GT_GXX::CTRL_X_PATMOD_K_BEGIN_X_X_X_X_X_RESET_TOPSKU,SCN_GT_GXX::CTRL_X_AUX_K_PREHVQK_X_X_X_X_X_SET_SKU_LFM,SCN_GT_GXX::CHAIN_ALL_GFXSB_K_BEGIN_HITO_GT_NOM_LFM_HVM_HRY_RAWSTR%,SCN_GT_GXX::STUCKAT_ALL_GFXSB_K_BEGIN_HITO_GT_NOM_LFM_HRY_RAWSTR%,8739462,8664982,132553
SCN_GT_GXX,gtsagleftpar1,gt-gtmidglobal-gtsagleftpar1,GT_GXX,gt,gtmidglobal,gtsagleftpar1,,,42,NVL_GT_SCN,SCN_GT_GXX::CTRL_X_PATMOD_K_BEGIN_X_X_X_X_X_RESET_TOPSKU,SCN_GT_GXX::CTRL_X_AUX_K_PREHVQK_X_X_X_X_X_SET_SKU_LFM,SCN_GT_GXX::CHAIN_ALL_GFXSB_K_BEGIN_HITO_GT_NOM_LFM_HVM_HRY_RAWSTR%,SCN_GT_GXX::STUCKAT_ALL_GFXSB_K_BEGIN_HITO_GT_NOM_LFM_HRY_RAWSTR%,13170192,13064283,239139
SCN_GT_GXX,gtl2bankm,gt-gtmemnode0-gtl2bankm0,GT_GXX,gt,gtmemnode0,gtl2bankm0,,,0,NVL_GT_SCN,SCN_GT_GXX::CTRL_X_PATMOD_K_BEGIN_X_X_X_X_X_RESET_TOPSKU,SCN_GT_GXX::CTRL_X_AUX_K_PREHVQK_X_X_X_X_X_SET_SKU_LFM,SCN_GT_GXX::CHAIN_ALL_GFXSB_K_BEGIN_HITO_GT_NOM_LFM_HVM_HRY_RAWSTR%,SCN_GT_GXX::STUCKAT_ALL_GFXSB_K_BEGIN_HITO_GT_NOM_LFM_HRY_RAWSTR%,11391984,11171819,219618
SCN_GT_GXX,gtl2bankm,gt-gtmemnode0-gtl2bankm1,GT_GXX,gt,gtmemnode0,gtl2bankm1,,,1,NVL_GT_SCN,SCN_GT_GXX::CTRL_X_PATMOD_K_BEGIN_X_X_X_X_X_RESET_TOPSKU,SCN_GT_GXX::CTRL_X_AUX_K_PREHVQK_X_X_X_X_X_SET_SKU_LFM,SCN_GT_GXX::CHAIN_ALL_GFXSB_K_BEGIN_HITO_GT_NOM_LFM_HVM_HRY_RAWSTR%,SCN_GT_GXX::STUCKAT_ALL_GFXSB_K_BEGIN_HITO_GT_NOM_LFM_HRY_RAWSTR%,11391984,11171819,219618
SCN_GT_GXX,gtl2bankm,gt-gtmemnode0-gtl2bankm2,GT_GXX,gt,gtmemnode0,gtl2bankm2,,,2,NVL_GT_SCN,SCN_GT_GXX::CTRL_X_PATMOD_K_BEGIN_X_X_X_X_X_RESET_TOPSKU,SCN_GT_GXX::CTRL_X_AUX_K_PREHVQK_X_X_X_X_X_SET_SKU_LFM,SCN_GT_GXX::CHAIN_ALL_GFXSB_K_BEGIN_HITO_GT_NOM_LFM_HVM_HRY_RAWSTR%,SCN_GT_GXX::STUCKAT_ALL_GFXSB_K_BEGIN_HITO_GT_NOM_LFM_HRY_RAWSTR%,11391984,11171819,219618
SCN_GT_GXX,gtl2bankm,gt-gtmemnode0-gtl2bankm3,GT_GXX,gt,gtmemnode0,gtl2bankm3,,,3,NVL_GT_SCN,SCN_GT_GXX::CTRL_X_PATMOD_K_BEGIN_X_X_X_X_X_RESET_TOPSKU,SCN_GT_GXX::CTRL_X_AUX_K_PREHVQK_X_X_X_X_X_SET_SKU_LFM,SCN_GT_GXX::CHAIN_ALL_GFXSB_K_BEGIN_HITO_GT_NOM_LFM_HVM_HRY_RAWSTR%,SCN_GT_GXX::STUCKAT_ALL_GFXSB_K_BEGIN_HITO_GT_NOM_LFM_HRY_RAWSTR%,11391984,11171819,219618
SCN_GT_GXX,gtl2bankm,gt-gtmemnode0-gtl2bankm4,GT_GXX,gt,gtmemnode0,gtl2bankm4,,,4,NVL_GT_SCN,SCN_GT_GXX::CTRL_X_PATMOD_K_BEGIN_X_X_X_X_X_RESET_TOPSKU,SCN_GT_GXX::CTRL_X_AUX_K_PREHVQK_X_X_X_X_X_SET_SKU_LFM,SCN_GT_GXX::CHAIN_ALL_GFXSB_K_BEGIN_HITO_GT_NOM_LFM_HVM_HRY_RAWSTR%,SCN_GT_GXX::STUCKAT_ALL_GFXSB_K_BEGIN_HITO_GT_NOM_LFM_HRY_RAWSTR%,11391984,11171819,219618
SCN_GT_GXX,gtl2bankm,gt-gtmemnode0-gtl2bankm5,GT_GXX,gt,gtmemnode0,gtl2bankm5,,,5,NVL_GT_SCN,SCN_GT_GXX::CTRL_X_PATMOD_K_BEGIN_X_X_X_X_X_RESET_TOPSKU,SCN_GT_GXX::CTRL_X_AUX_K_PREHVQK_X_X_X_X_X_SET_SKU_LFM,SCN_GT_GXX::CHAIN_ALL_GFXSB_K_BEGIN_HITO_GT_NOM_LFM_HVM_HRY_RAWSTR%,SCN_GT_GXX::STUCKAT_ALL_GFXSB_K_BEGIN_HITO_GT_NOM_LFM_HRY_RAWSTR%,11391984,11171819,219618
SCN_GT_GXX,gtbankhrcpar1,gt-gtmemnode0-gtbankhrcpar1,GT_GXX,gt,gtmemnode0,gtbankhrcpar1,,,1722,NVL_GT_SCN,SCN_GT_GXX::CTRL_X_PATMOD_K_BEGIN_X_X_X_X_X_RESET_TOPSKU,SCN_GT_GXX::CTRL_X_AUX_K_PREHVQK_X_X_X_X_X_SET_SKU_LFM,SCN_GT_GXX::CHAIN_ALL_GFXSB_K_BEGIN_HITO_GT_NOM_LFM_HVM_HRY_RAWSTR%,SCN_GT_GXX::STUCKAT_ALL_GFXSB_K_BEGIN_HITO_GT_NOM_LFM_HRY_RAWSTR%,382178,381855,10273
SCN_GT_GXX,gtbankhrcpar2,gt-gtmemnode0-gtbankhrcpar2,GT_GXX,gt,gtmemnode0,gtbankhrcpar2,,,1723,NVL_GT_SCN,SCN_GT_GXX::CTRL_X_PATMOD_K_BEGIN_X_X_X_X_X_RESET_TOPSKU,SCN_GT_GXX::CTRL_X_AUX_K_PREHVQK_X_X_X_X_X_SET_SKU_LFM,SCN_GT_GXX::CHAIN_ALL_GFXSB_K_BEGIN_HITO_GT_NOM_LFM_HVM_HRY_RAWSTR%,SCN_GT_GXX::STUCKAT_ALL_GFXSB_K_BEGIN_HITO_GT_NOM_LFM_HRY_RAWSTR%,191043,191004,6605
SCN_GT_GXX,gtbankhrcpar3,gt-gtmemnode0-gtbankhrcpar3,GT_GXX,gt,gtmemnode0,gtbankhrcpar3,,,1724,NVL_GT_SCN,SCN_GT_GXX::CTRL_X_PATMOD_K_BEGIN_X_X_X_X_X_RESET_TOPSKU,SCN_GT_GXX::CTRL_X_AUX_K_PREHVQK_X_X_X_X_X_SET_SKU_LFM,SCN_GT_GXX::CHAIN_ALL_GFXSB_K_BEGIN_HITO_GT_NOM_LFM_HVM_HRY_RAWSTR%,SCN_GT_GXX::STUCKAT_ALL_GFXSB_K_BEGIN_HITO_GT_NOM_LFM_HRY_RAWSTR%,91867,91642,2977
SCN_GT_GXX,gtl2lsnevenpar1,gt-gtmemnode0-gtl2lsnevenpar1,GT_GXX,gt,gtmemnode0,gtl2lsnevenpar1,,,1728,NVL_GT_SCN,SCN_GT_GXX::CTRL_X_PATMOD_K_BEGIN_X_X_X_X_X_RESET_TOPSKU,SCN_GT_GXX::CTRL_X_AUX_K_PREHVQK_X_X_X_X_X_SET_SKU_LFM,SCN_GT_GXX::CHAIN_ALL_GFXSB_K_BEGIN_HITO_GT_NOM_LFM_HVM_HRY_RAWSTR%,SCN_GT_GXX::STUCKAT_ALL_GFXSB_K_BEGIN_HITO_GT_NOM_LFM_HRY_RAWSTR%,43886,43917,1142
SCN_GT_GXX,gtl2lsnoddpar1,gt-gtmemnode0-gtl2lsnoddpar1,GT_GXX,gt,gtmemnode0,gtl2lsnoddpar1,,,1729,NVL_GT_SCN,SCN_GT_GXX::CTRL_X_PATMOD_K_BEGIN_X_X_X_X_X_RESET_TOPSKU,SCN_GT_GXX::CTRL_X_AUX_K_PREHVQK_X_X_X_X_X_SET_SKU_LFM,SCN_GT_GXX::CHAIN_ALL_GFXSB_K_BEGIN_HITO_GT_NOM_LFM_HVM_HRY_RAWSTR%,SCN_GT_GXX::STUCKAT_ALL_GFXSB_K_BEGIN_HITO_GT_NOM_LFM_HRY_RAWSTR%,5398,5690,166
SCN_GT_GXX,gtl2ccpar1,gt-gtmemnode0-gtl2ccpar1,GT_GXX,gt,gtmemnode0,gtl2ccpar1,,,6,NVL_GT_SCN,SCN_GT_GXX::CTRL_X_PATMOD_K_BEGIN_X_X_X_X_X_RESET_TOPSKU,SCN_GT_GXX::CTRL_X_AUX_K_PREHVQK_X_X_X_X_X_SET_SKU_LFM,SCN_GT_GXX::CHAIN_ALL_GFXSB_K_BEGIN_HITO_GT_NOM_LFM_HVM_HRY_RAWSTR%,SCN_GT_GXX::STUCKAT_ALL_GFXSB_K_BEGIN_HITO_GT_NOM_LFM_HRY_RAWSTR%,12432847,12369247,292526
SCN_GT_GXX,gtl2ccpar2,gt-gtmemnode0-gtl2ccpar2,GT_GXX,gt,gtmemnode0,gtl2ccpar2,,,7,NVL_GT_SCN,SCN_GT_GXX::CTRL_X_PATMOD_K_BEGIN_X_X_X_X_X_RESET_TOPSKU,SCN_GT_GXX::CTRL_X_AUX_K_PREHVQK_X_X_X_X_X_SET_SKU_LFM,SCN_GT_GXX::CHAIN_ALL_GFXSB_K_BEGIN_HITO_GT_NOM_LFM_HVM_HRY_RAWSTR%,SCN_GT_GXX::STUCKAT_ALL_GFXSB_K_BEGIN_HITO_GT_NOM_LFM_HRY_RAWSTR%,12328141,12235753,215685
SCN_GT_GXX,gtl2lnepar1,gt-gtmemnode0-gtl2lnepar1,GT_GXX,gt,gtmemnode0,gtl2lnepar1,,,1725,NVL_GT_SCN,SCN_GT_GXX::CTRL_X_PATMOD_K_BEGIN_X_X_X_X_X_RESET_TOPSKU,SCN_GT_GXX::CTRL_X_AUX_K_PREHVQK_X_X_X_X_X_SET_SKU_LFM,SCN_GT_GXX::CHAIN_ALL_GFXSB_K_BEGIN_HITO_GT_NOM_LFM_HVM_HRY_RAWSTR%,SCN_GT_GXX::STUCKAT_ALL_GFXSB_K_BEGIN_HITO_GT_NOM_LFM_HRY_RAWSTR%,13669733,13594405,85050
SCN_GT_GXX,gtl2lneppar1,gt-gtmemnode0-gtl2lneppar1,GT_GXX,gt,gtmemnode0,gtl2lneppar1,,,1726,NVL_GT_SCN,SCN_GT_GXX::CTRL_X_PATMOD_K_BEGIN_X_X_X_X_X_RESET_TOPSKU,SCN_GT_GXX::CTRL_X_AUX_K_PREHVQK_X_X_X_X_X_SET_SKU_LFM,SCN_GT_GXX::CHAIN_ALL_GFXSB_K_BEGIN_HITO_GT_NOM_LFM_HVM_HRY_RAWSTR%,SCN_GT_GXX::STUCKAT_ALL_GFXSB_K_BEGIN_HITO_GT_NOM_LFM_HRY_RAWSTR%,7501406,7449943,66752
SCN_GT_GXX,gtl2lnievenpar1,gt-gtmemnode0-gtl2lnievenpar1,GT_GXX,gt,gtmemnode0,gtl2lnievenpar1,,,1727,NVL_GT_SCN,SCN_GT_GXX::CTRL_X_PATMOD_K_BEGIN_X_X_X_X_X_RESET_TOPSKU,SCN_GT_GXX::CTRL_X_AUX_K_PREHVQK_X_X_X_X_X_SET_SKU_LFM,SCN_GT_GXX::CHAIN_ALL_GFXSB_K_BEGIN_HITO_GT_NOM_LFM_HVM_HRY_RAWSTR%,SCN_GT_GXX::STUCKAT_ALL_GFXSB_K_BEGIN_HITO_GT_NOM_LFM_HRY_RAWSTR%,10932820,10864663,90994
SCN_GT_GXX,gtl2lnioddpar1,gt-gtmemnode0-gtl2lnioddpar1,GT_GXX,gt,gtmemnode0,gtl2lnioddpar1,,,8,NVL_GT_SCN,SCN_GT_GXX::CTRL_X_PATMOD_K_BEGIN_X_X_X_X_X_RESET_TOPSKU,SCN_GT_GXX::CTRL_X_AUX_K_PREHVQK_X_X_X_X_X_SET_SKU_LFM,SCN_GT_GXX::CHAIN_ALL_GFXSB_K_BEGIN_HITO_GT_NOM_LFM_HVM_HRY_RAWSTR%,SCN_GT_GXX::STUCKAT_ALL_GFXSB_K_BEGIN_HITO_GT_NOM_LFM_HRY_RAWSTR%,12900633,12772159,111211
SCN_GT_GXX,gtl2separ1,gt-gtmemnode0-gtl2separ1,GT_GXX,gt,gtmemnode0,gtl2separ1,,,1730,NVL_GT_SCN,SCN_GT_GXX::CTRL_X_PATMOD_K_BEGIN_X_X_X_X_X_RESET_TOPSKU,SCN_GT_GXX::CTRL_X_AUX_K_PREHVQK_X_X_X_X_X_SET_SKU_LFM,SCN_GT_GXX::CHAIN_ALL_GFXSB_K_BEGIN_HITO_GT_NOM_LFM_HVM_HRY_RAWSTR%,SCN_GT_GXX::STUCKAT_ALL_GFXSB_K_BEGIN_HITO_GT_NOM_LFM_HRY_RAWSTR%,6210377,6186664,88979
SCN_GT_GXX,gtl2bankm,gt-gtmemnode1-gtl2bankm0,GT_GXX,gt,gtmemnode1,gtl2bankm0,,,9,NVL_GT_SCN,SCN_GT_GXX::CTRL_X_PATMOD_K_BEGIN_X_X_X_X_X_RESET_TOPSKU,SCN_GT_GXX::CTRL_X_AUX_K_PREHVQK_X_X_X_X_X_SET_SKU_LFM,SCN_GT_GXX::CHAIN_ALL_GFXSB_K_BEGIN_HITO_GT_NOM_LFM_HVM_HRY_RAWSTR%,SCN_GT_GXX::STUCKAT_ALL_GFXSB_K_BEGIN_HITO_GT_NOM_LFM_HRY_RAWSTR%,11391984,11171819,219618
SCN_GT_GXX,gtl2bankm,gt-gtmemnode1-gtl2bankm1,GT_GXX,gt,gtmemnode1,gtl2bankm1,,,10,NVL_GT_SCN,SCN_GT_GXX::CTRL_X_PATMOD_K_BEGIN_X_X_X_X_X_RESET_TOPSKU,SCN_GT_GXX::CTRL_X_AUX_K_PREHVQK_X_X_X_X_X_SET_SKU_LFM,SCN_GT_GXX::CHAIN_ALL_GFXSB_K_BEGIN_HITO_GT_NOM_LFM_HVM_HRY_RAWSTR%,SCN_GT_GXX::STUCKAT_ALL_GFXSB_K_BEGIN_HITO_GT_NOM_LFM_HRY_RAWSTR%,11391984,11171819,219618
SCN_GT_GXX,gtl2bankm,gt-gtmemnode1-gtl2bankm2,GT_GXX,gt,gtmemnode1,gtl2bankm2,,,11,NVL_GT_SCN,SCN_GT_GXX::CTRL_X_PATMOD_K_BEGIN_X_X_X_X_X_RESET_TOPSKU,SCN_GT_GXX::CTRL_X_AUX_K_PREHVQK_X_X_X_X_X_SET_SKU_LFM,SCN_GT_GXX::CHAIN_ALL_GFXSB_K_BEGIN_HITO_GT_NOM_LFM_HVM_HRY_RAWSTR%,SCN_GT_GXX::STUCKAT_ALL_GFXSB_K_BEGIN_HITO_GT_NOM_LFM_HRY_RAWSTR%,11391984,11171819,219618
SCN_GT_GXX,gtl2bankm,gt-gtmemnode1-gtl2bankm3,GT_GXX,gt,gtmemnode1,gtl2bankm3,,,12,NVL_GT_SCN,SCN_GT_GXX::CTRL_X_PATMOD_K_BEGIN_X_X_X_X_X_RESET_TOPSKU,SCN_GT_GXX::CTRL_X_AUX_K_PREHVQK_X_X_X_X_X_SET_SKU_LFM,SCN_GT_GXX::CHAIN_ALL_GFXSB_K_BEGIN_HITO_GT_NOM_LFM_HVM_HRY_RAWSTR%,SCN_GT_GXX::STUCKAT_ALL_GFXSB_K_BEGIN_HITO_GT_NOM_LFM_HRY_RAWSTR%,11391984,11171819,219618
SCN_GT_GXX,gtl2bankm,gt-gtmemnode1-gtl2bankm4,GT_GXX,gt,gtmemnode1,gtl2bankm4,,,13,NVL_GT_SCN,SCN_GT_GXX::CTRL_X_PATMOD_K_BEGIN_X_X_X_X_X_RESET_TOPSKU,SCN_GT_GXX::CTRL_X_AUX_K_PREHVQK_X_X_X_X_X_SET_SKU_LFM,SCN_GT_GXX::CHAIN_ALL_GFXSB_K_BEGIN_HITO_GT_NOM_LFM_HVM_HRY_RAWSTR%,SCN_GT_GXX::STUCKAT_ALL_GFXSB_K_BEGIN_HITO_GT_NOM_LFM_HRY_RAWSTR%,11391984,11171819,219618
SCN_GT_GXX,gtl2bankm,gt-gtmemnode1-gtl2bankm5,GT_GXX,gt,gtmemnode1,gtl2bankm5,,,14,NVL_GT_SCN,SCN_GT_GXX::CTRL_X_PATMOD_K_BEGIN_X_X_X_X_X_RESET_TOPSKU,SCN_GT_GXX::CTRL_X_AUX_K_PREHVQK_X_X_X_X_X_SET_SKU_LFM,SCN_GT_GXX::CHAIN_ALL_GFXSB_K_BEGIN_HITO_GT_NOM_LFM_HVM_HRY_RAWSTR%,SCN_GT_GXX::STUCKAT_ALL_GFXSB_K_BEGIN_HITO_GT_NOM_LFM_HRY_RAWSTR%,11391984,11171819,219618
SCN_GT_GXX,gtbankhrcpar1,gt-gtmemnode1-gtbankhrcpar1,GT_GXX,gt,gtmemnode1,gtbankhrcpar1,,,1731,NVL_GT_SCN,SCN_GT_GXX::CTRL_X_PATMOD_K_BEGIN_X_X_X_X_X_RESET_TOPSKU,SCN_GT_GXX::CTRL_X_AUX_K_PREHVQK_X_X_X_X_X_SET_SKU_LFM,SCN_GT_GXX::CHAIN_ALL_GFXSB_K_BEGIN_HITO_GT_NOM_LFM_HVM_HRY_RAWSTR%,SCN_GT_GXX::STUCKAT_ALL_GFXSB_K_BEGIN_HITO_GT_NOM_LFM_HRY_RAWSTR%,382178,381855,10273
SCN_GT_GXX,gtbankhrcpar2,gt-gtmemnode1-gtbankhrcpar2,GT_GXX,gt,gtmemnode1,gtbankhrcpar2,,,1732,NVL_GT_SCN,SCN_GT_GXX::CTRL_X_PATMOD_K_BEGIN_X_X_X_X_X_RESET_TOPSKU,SCN_GT_GXX::CTRL_X_AUX_K_PREHVQK_X_X_X_X_X_SET_SKU_LFM,SCN_GT_GXX::CHAIN_ALL_GFXSB_K_BEGIN_HITO_GT_NOM_LFM_HVM_HRY_RAWSTR%,SCN_GT_GXX::STUCKAT_ALL_GFXSB_K_BEGIN_HITO_GT_NOM_LFM_HRY_RAWSTR%,191043,191004,6605
SCN_GT_GXX,gtbankhrcpar3,gt-gtmemnode1-gtbankhrcpar3,GT_GXX,gt,gtmemnode1,gtbankhrcpar3,,,1733,NVL_GT_SCN,SCN_GT_GXX::CTRL_X_PATMOD_K_BEGIN_X_X_X_X_X_RESET_TOPSKU,SCN_GT_GXX::CTRL_X_AUX_K_PREHVQK_X_X_X_X_X_SET_SKU_LFM,SCN_GT_GXX::CHAIN_ALL_GFXSB_K_BEGIN_HITO_GT_NOM_LFM_HVM_HRY_RAWSTR%,SCN_GT_GXX::STUCKAT_ALL_GFXSB_K_BEGIN_HITO_GT_NOM_LFM_HRY_RAWSTR%,91867,91642,2977
SCN_GT_GXX,gtl2lsnevenpar1,gt-gtmemnode1-gtl2lsnevenpar1,GT_GXX,gt,gtmemnode1,gtl2lsnevenpar1,,,1737,NVL_GT_SCN,SCN_GT_GXX::CTRL_X_PATMOD_K_BEGIN_X_X_X_X_X_RESET_TOPSKU,SCN_GT_GXX::CTRL_X_AUX_K_PREHVQK_X_X_X_X_X_SET_SKU_LFM,SCN_GT_GXX::CHAIN_ALL_GFXSB_K_BEGIN_HITO_GT_NOM_LFM_HVM_HRY_RAWSTR%,SCN_GT_GXX::STUCKAT_ALL_GFXSB_K_BEGIN_HITO_GT_NOM_LFM_HRY_RAWSTR%,43886,43917,1142
SCN_GT_GXX,gtl2lsnoddpar1,gt-gtmemnode1-gtl2lsnoddpar1,GT_GXX,gt,gtmemnode1,gtl2lsnoddpar1,,,1738,NVL_GT_SCN,SCN_GT_GXX::CTRL_X_PATMOD_K_BEGIN_X_X_X_X_X_RESET_TOPSKU,SCN_GT_GXX::CTRL_X_AUX_K_PREHVQK_X_X_X_X_X_SET_SKU_LFM,SCN_GT_GXX::CHAIN_ALL_GFXSB_K_BEGIN_HITO_GT_NOM_LFM_HVM_HRY_RAWSTR%,SCN_GT_GXX::STUCKAT_ALL_GFXSB_K_BEGIN_HITO_GT_NOM_LFM_HRY_RAWSTR%,5398,5690,166
SCN_GT_GXX,gtl2ccpar1,gt-gtmemnode1-gtl2ccpar1,GT_GXX,gt,gtmemnode1,gtl2ccpar1,,,15,NVL_GT_SCN,SCN_GT_GXX::CTRL_X_PATMOD_K_BEGIN_X_X_X_X_X_RESET_TOPSKU,SCN_GT_GXX::CTRL_X_AUX_K_PREHVQK_X_X_X_X_X_SET_SKU_LFM,SCN_GT_GXX::CHAIN_ALL_GFXSB_K_BEGIN_HITO_GT_NOM_LFM_HVM_HRY_RAWSTR%,SCN_GT_GXX::STUCKAT_ALL_GFXSB_K_BEGIN_HITO_GT_NOM_LFM_HRY_RAWSTR%,12432847,12369247,292526
SCN_GT_GXX,gtl2ccpar2,gt-gtmemnode1-gtl2ccpar2,GT_GXX,gt,gtmemnode1,gtl2ccpar2,,,16,NVL_GT_SCN,SCN_GT_GXX::CTRL_X_PATMOD_K_BEGIN_X_X_X_X_X_RESET_TOPSKU,SCN_GT_GXX::CTRL_X_AUX_K_PREHVQK_X_X_X_X_X_SET_SKU_LFM,SCN_GT_GXX::CHAIN_ALL_GFXSB_K_BEGIN_HITO_GT_NOM_LFM_HVM_HRY_RAWSTR%,SCN_GT_GXX::STUCKAT_ALL_GFXSB_K_BEGIN_HITO_GT_NOM_LFM_HRY_RAWSTR%,12328141,12235753,215685
SCN_GT_GXX,gtl2lnepar1,gt-gtmemnode1-gtl2lnepar1,GT_GXX,gt,gtmemnode1,gtl2lnepar1,,,1734,NVL_GT_SCN,SCN_GT_GXX::CTRL_X_PATMOD_K_BEGIN_X_X_X_X_X_RESET_TOPSKU,SCN_GT_GXX::CTRL_X_AUX_K_PREHVQK_X_X_X_X_X_SET_SKU_LFM,SCN_GT_GXX::CHAIN_ALL_GFXSB_K_BEGIN_HITO_GT_NOM_LFM_HVM_HRY_RAWSTR%,SCN_GT_GXX::STUCKAT_ALL_GFXSB_K_BEGIN_HITO_GT_NOM_LFM_HRY_RAWSTR%,13669733,13594405,85050
SCN_GT_GXX,gtl2lneppar1,gt-gtmemnode1-gtl2lneppar1,GT_GXX,gt,gtmemnode1,gtl2lneppar1,,,1735,NVL_GT_SCN,SCN_GT_GXX::CTRL_X_PATMOD_K_BEGIN_X_X_X_X_X_RESET_TOPSKU,SCN_GT_GXX::CTRL_X_AUX_K_PREHVQK_X_X_X_X_X_SET_SKU_LFM,SCN_GT_GXX::CHAIN_ALL_GFXSB_K_BEGIN_HITO_GT_NOM_LFM_HVM_HRY_RAWSTR%,SCN_GT_GXX::STUCKAT_ALL_GFXSB_K_BEGIN_HITO_GT_NOM_LFM_HRY_RAWSTR%,7501406,7449943,66752
SCN_GT_GXX,gtl2lnievenpar1,gt-gtmemnode1-gtl2lnievenpar1,GT_GXX,gt,gtmemnode1,gtl2lnievenpar1,,,1736,NVL_GT_SCN,SCN_GT_GXX::CTRL_X_PATMOD_K_BEGIN_X_X_X_X_X_RESET_TOPSKU,SCN_GT_GXX::CTRL_X_AUX_K_PREHVQK_X_X_X_X_X_SET_SKU_LFM,SCN_GT_GXX::CHAIN_ALL_GFXSB_K_BEGIN_HITO_GT_NOM_LFM_HVM_HRY_RAWSTR%,SCN_GT_GXX::STUCKAT_ALL_GFXSB_K_BEGIN_HITO_GT_NOM_LFM_HRY_RAWSTR%,10932820,10864663,90994
SCN_GT_GXX,gtl2lnioddpar1,gt-gtmemnode1-gtl2lnioddpar1,GT_GXX,gt,gtmemnode1,gtl2lnioddpar1,,,17,NVL_GT_SCN,SCN_GT_GXX::CTRL_X_PATMOD_K_BEGIN_X_X_X_X_X_RESET_TOPSKU,SCN_GT_GXX::CTRL_X_AUX_K_PREHVQK_X_X_X_X_X_SET_SKU_LFM,SCN_GT_GXX::CHAIN_ALL_GFXSB_K_BEGIN_HITO_GT_NOM_LFM_HVM_HRY_RAWSTR%,SCN_GT_GXX::STUCKAT_ALL_GFXSB_K_BEGIN_HITO_GT_NOM_LFM_HRY_RAWSTR%,12900633,12772159,111211
SCN_GT_GXX,gtl2separ1,gt-gtmemnode1-gtl2separ1,GT_GXX,gt,gtmemnode1,gtl2separ1,,,1739,NVL_GT_SCN,SCN_GT_GXX::CTRL_X_PATMOD_K_BEGIN_X_X_X_X_X_RESET_TOPSKU,SCN_GT_GXX::CTRL_X_AUX_K_PREHVQK_X_X_X_X_X_SET_SKU_LFM,SCN_GT_GXX::CHAIN_ALL_GFXSB_K_BEGIN_HITO_GT_NOM_LFM_HVM_HRY_RAWSTR%,SCN_GT_GXX::STUCKAT_ALL_GFXSB_K_BEGIN_HITO_GT_NOM_LFM_HRY_RAWSTR%,6210377,6186664,88979
SCN_GT_GXX,gtl2bankm,gt-gtmemnode2-gtl2bankm0,GT_GXX,gt,gtmemnode2,gtl2bankm0,,,18,NVL_GT_SCN,SCN_GT_GXX::CTRL_X_PATMOD_K_BEGIN_X_X_X_X_X_RESET_TOPSKU,SCN_GT_GXX::CTRL_X_AUX_K_PREHVQK_X_X_X_X_X_SET_SKU_LFM,SCN_GT_GXX::CHAIN_ALL_GFXSB_K_BEGIN_HITO_GT_NOM_LFM_HVM_HRY_RAWSTR%,SCN_GT_GXX::STUCKAT_ALL_GFXSB_K_BEGIN_HITO_GT_NOM_LFM_HRY_RAWSTR%,11391984,11171819,219618
SCN_GT_GXX,gtl2bankm,gt-gtmemnode2-gtl2bankm1,GT_GXX,gt,gtmemnode2,gtl2bankm1,,,19,NVL_GT_SCN,SCN_GT_GXX::CTRL_X_PATMOD_K_BEGIN_X_X_X_X_X_RESET_TOPSKU,SCN_GT_GXX::CTRL_X_AUX_K_PREHVQK_X_X_X_X_X_SET_SKU_LFM,SCN_GT_GXX::CHAIN_ALL_GFXSB_K_BEGIN_HITO_GT_NOM_LFM_HVM_HRY_RAWSTR%,SCN_GT_GXX::STUCKAT_ALL_GFXSB_K_BEGIN_HITO_GT_NOM_LFM_HRY_RAWSTR%,11391984,11171819,219618
SCN_GT_GXX,gtl2bankm,gt-gtmemnode2-gtl2bankm2,GT_GXX,gt,gtmemnode2,gtl2bankm2,,,20,NVL_GT_SCN,SCN_GT_GXX::CTRL_X_PATMOD_K_BEGIN_X_X_X_X_X_RESET_TOPSKU,SCN_GT_GXX::CTRL_X_AUX_K_PREHVQK_X_X_X_X_X_SET_SKU_LFM,SCN_GT_GXX::CHAIN_ALL_GFXSB_K_BEGIN_HITO_GT_NOM_LFM_HVM_HRY_RAWSTR%,SCN_GT_GXX::STUCKAT_ALL_GFXSB_K_BEGIN_HITO_GT_NOM_LFM_HRY_RAWSTR%,11391984,11171819,219618
SCN_GT_GXX,gtl2bankm,gt-gtmemnode2-gtl2bankm3,GT_GXX,gt,gtmemnode2,gtl2bankm3,,,21,NVL_GT_SCN,SCN_GT_GXX::CTRL_X_PATMOD_K_BEGIN_X_X_X_X_X_RESET_TOPSKU,SCN_GT_GXX::CTRL_X_AUX_K_PREHVQK_X_X_X_X_X_SET_SKU_LFM,SCN_GT_GXX::CHAIN_ALL_GFXSB_K_BEGIN_HITO_GT_NOM_LFM_HVM_HRY_RAWSTR%,SCN_GT_GXX::STUCKAT_ALL_GFXSB_K_BEGIN_HITO_GT_NOM_LFM_HRY_RAWSTR%,11391984,11171819,219618
SCN_GT_GXX,gtl2bankm,gt-gtmemnode2-gtl2bankm4,GT_GXX,gt,gtmemnode2,gtl2bankm4,,,22,NVL_GT_SCN,SCN_GT_GXX::CTRL_X_PATMOD_K_BEGIN_X_X_X_X_X_RESET_TOPSKU,SCN_GT_GXX::CTRL_X_AUX_K_PREHVQK_X_X_X_X_X_SET_SKU_LFM,SCN_GT_GXX::CHAIN_ALL_GFXSB_K_BEGIN_HITO_GT_NOM_LFM_HVM_HRY_RAWSTR%,SCN_GT_GXX::STUCKAT_ALL_GFXSB_K_BEGIN_HITO_GT_NOM_LFM_HRY_RAWSTR%,11391984,11171819,219618
SCN_GT_GXX,gtl2bankm,gt-gtmemnode2-gtl2bankm5,GT_GXX,gt,gtmemnode2,gtl2bankm5,,,23,NVL_GT_SCN,SCN_GT_GXX::CTRL_X_PATMOD_K_BEGIN_X_X_X_X_X_RESET_TOPSKU,SCN_GT_GXX::CTRL_X_AUX_K_PREHVQK_X_X_X_X_X_SET_SKU_LFM,SCN_GT_GXX::CHAIN_ALL_GFXSB_K_BEGIN_HITO_GT_NOM_LFM_HVM_HRY_RAWSTR%,SCN_GT_GXX::STUCKAT_ALL_GFXSB_K_BEGIN_HITO_GT_NOM_LFM_HRY_RAWSTR%,11391984,11171819,219618
SCN_GT_GXX,gtbankhrcpar1,gt-gtmemnode2-gtbankhrcpar1,GT_GXX,gt,gtmemnode2,gtbankhrcpar1,,,1740,NVL_GT_SCN,SCN_GT_GXX::CTRL_X_PATMOD_K_BEGIN_X_X_X_X_X_RESET_TOPSKU,SCN_GT_GXX::CTRL_X_AUX_K_PREHVQK_X_X_X_X_X_SET_SKU_LFM,SCN_GT_GXX::CHAIN_ALL_GFXSB_K_BEGIN_HITO_GT_NOM_LFM_HVM_HRY_RAWSTR%,SCN_GT_GXX::STUCKAT_ALL_GFXSB_K_BEGIN_HITO_GT_NOM_LFM_HRY_RAWSTR%,382178,381855,10273
SCN_GT_GXX,gtbankhrcpar2,gt-gtmemnode2-gtbankhrcpar2,GT_GXX,gt,gtmemnode2,gtbankhrcpar2,,,1741,NVL_GT_SCN,SCN_GT_GXX::CTRL_X_PATMOD_K_BEGIN_X_X_X_X_X_RESET_TOPSKU,SCN_GT_GXX::CTRL_X_AUX_K_PREHVQK_X_X_X_X_X_SET_SKU_LFM,SCN_GT_GXX::CHAIN_ALL_GFXSB_K_BEGIN_HITO_GT_NOM_LFM_HVM_HRY_RAWSTR%,SCN_GT_GXX::STUCKAT_ALL_GFXSB_K_BEGIN_HITO_GT_NOM_LFM_HRY_RAWSTR%,191043,191004,6605
SCN_GT_GXX,gtbankhrcpar3,gt-gtmemnode2-gtbankhrcpar3,GT_GXX,gt,gtmemnode2,gtbankhrcpar3,,,1742,NVL_GT_SCN,SCN_GT_GXX::CTRL_X_PATMOD_K_BEGIN_X_X_X_X_X_RESET_TOPSKU,SCN_GT_GXX::CTRL_X_AUX_K_PREHVQK_X_X_X_X_X_SET_SKU_LFM,SCN_GT_GXX::CHAIN_ALL_GFXSB_K_BEGIN_HITO_GT_NOM_LFM_HVM_HRY_RAWSTR%,SCN_GT_GXX::STUCKAT_ALL_GFXSB_K_BEGIN_HITO_GT_NOM_LFM_HRY_RAWSTR%,91867,91642,2977
SCN_GT_GXX,gtl2lsnevenpar1,gt-gtmemnode2-gtl2lsnevenpar1,GT_GXX,gt,gtmemnode2,gtl2lsnevenpar1,,,1746,NVL_GT_SCN,SCN_GT_GXX::CTRL_X_PATMOD_K_BEGIN_X_X_X_X_X_RESET_TOPSKU,SCN_GT_GXX::CTRL_X_AUX_K_PREHVQK_X_X_X_X_X_SET_SKU_LFM,SCN_GT_GXX::CHAIN_ALL_GFXSB_K_BEGIN_HITO_GT_NOM_LFM_HVM_HRY_RAWSTR%,SCN_GT_GXX::STUCKAT_ALL_GFXSB_K_BEGIN_HITO_GT_NOM_LFM_HRY_RAWSTR%,43886,43917,1142
SCN_GT_GXX,gtl2lsnoddpar1,gt-gtmemnode2-gtl2lsnoddpar1,GT_GXX,gt,gtmemnode2,gtl2lsnoddpar1,,,1747,NVL_GT_SCN,SCN_GT_GXX::CTRL_X_PATMOD_K_BEGIN_X_X_X_X_X_RESET_TOPSKU,SCN_GT_GXX::CTRL_X_AUX_K_PREHVQK_X_X_X_X_X_SET_SKU_LFM,SCN_GT_GXX::CHAIN_ALL_GFXSB_K_BEGIN_HITO_GT_NOM_LFM_HVM_HRY_RAWSTR%,SCN_GT_GXX::STUCKAT_ALL_GFXSB_K_BEGIN_HITO_GT_NOM_LFM_HRY_RAWSTR%,5398,5690,166
SCN_GT_GXX,gtl2ccpar1,gt-gtmemnode2-gtl2ccpar1,GT_GXX,gt,gtmemnode2,gtl2ccpar1,,,24,NVL_GT_SCN,SCN_GT_GXX::CTRL_X_PATMOD_K_BEGIN_X_X_X_X_X_RESET_TOPSKU,SCN_GT_GXX::CTRL_X_AUX_K_PREHVQK_X_X_X_X_X_SET_SKU_LFM,SCN_GT_GXX::CHAIN_ALL_GFXSB_K_BEGIN_HITO_GT_NOM_LFM_HVM_HRY_RAWSTR%,SCN_GT_GXX::STUCKAT_ALL_GFXSB_K_BEGIN_HITO_GT_NOM_LFM_HRY_RAWSTR%,12432847,12369247,292526
SCN_GT_GXX,gtl2ccpar2,gt-gtmemnode2-gtl2ccpar2,GT_GXX,gt,gtmemnode2,gtl2ccpar2,,,25,NVL_GT_SCN,SCN_GT_GXX::CTRL_X_PATMOD_K_BEGIN_X_X_X_X_X_RESET_TOPSKU,SCN_GT_GXX::CTRL_X_AUX_K_PREHVQK_X_X_X_X_X_SET_SKU_LFM,SCN_GT_GXX::CHAIN_ALL_GFXSB_K_BEGIN_HITO_GT_NOM_LFM_HVM_HRY_RAWSTR%,SCN_GT_GXX::STUCKAT_ALL_GFXSB_K_BEGIN_HITO_GT_NOM_LFM_HRY_RAWSTR%,12328141,12235753,215685
SCN_GT_GXX,gtl2lnepar1,gt-gtmemnode2-gtl2lnepar1,GT_GXX,gt,gtmemnode2,gtl2lnepar1,,,1743,NVL_GT_SCN,SCN_GT_GXX::CTRL_X_PATMOD_K_BEGIN_X_X_X_X_X_RESET_TOPSKU,SCN_GT_GXX::CTRL_X_AUX_K_PREHVQK_X_X_X_X_X_SET_SKU_LFM,SCN_GT_GXX::CHAIN_ALL_GFXSB_K_BEGIN_HITO_GT_NOM_LFM_HVM_HRY_RAWSTR%,SCN_GT_GXX::STUCKAT_ALL_GFXSB_K_BEGIN_HITO_GT_NOM_LFM_HRY_RAWSTR%,13669733,13594405,85050
SCN_GT_GXX,gtl2lneppar1,gt-gtmemnode2-gtl2lneppar1,GT_GXX,gt,gtmemnode2,gtl2lneppar1,,,1744,NVL_GT_SCN,SCN_GT_GXX::CTRL_X_PATMOD_K_BEGIN_X_X_X_X_X_RESET_TOPSKU,SCN_GT_GXX::CTRL_X_AUX_K_PREHVQK_X_X_X_X_X_SET_SKU_LFM,SCN_GT_GXX::CHAIN_ALL_GFXSB_K_BEGIN_HITO_GT_NOM_LFM_HVM_HRY_RAWSTR%,SCN_GT_GXX::STUCKAT_ALL_GFXSB_K_BEGIN_HITO_GT_NOM_LFM_HRY_RAWSTR%,7501406,7449943,66752
SCN_GT_GXX,gtl2lnievenpar1,gt-gtmemnode2-gtl2lnievenpar1,GT_GXX,gt,gtmemnode2,gtl2lnievenpar1,,,1745,NVL_GT_SCN,SCN_GT_GXX::CTRL_X_PATMOD_K_BEGIN_X_X_X_X_X_RESET_TOPSKU,SCN_GT_GXX::CTRL_X_AUX_K_PREHVQK_X_X_X_X_X_SET_SKU_LFM,SCN_GT_GXX::CHAIN_ALL_GFXSB_K_BEGIN_HITO_GT_NOM_LFM_HVM_HRY_RAWSTR%,SCN_GT_GXX::STUCKAT_ALL_GFXSB_K_BEGIN_HITO_GT_NOM_LFM_HRY_RAWSTR%,10932820,10864663,90994
SCN_GT_GXX,gtl2lnioddpar1,gt-gtmemnode2-gtl2lnioddpar1,GT_GXX,gt,gtmemnode2,gtl2lnioddpar1,,,26,NVL_GT_SCN,SCN_GT_GXX::CTRL_X_PATMOD_K_BEGIN_X_X_X_X_X_RESET_TOPSKU,SCN_GT_GXX::CTRL_X_AUX_K_PREHVQK_X_X_X_X_X_SET_SKU_LFM,SCN_GT_GXX::CHAIN_ALL_GFXSB_K_BEGIN_HITO_GT_NOM_LFM_HVM_HRY_RAWSTR%,SCN_GT_GXX::STUCKAT_ALL_GFXSB_K_BEGIN_HITO_GT_NOM_LFM_HRY_RAWSTR%,12900633,12772159,111211
SCN_GT_GXX,gtl2separ1,gt-gtmemnode2-gtl2separ1,GT_GXX,gt,gtmemnode2,gtl2separ1,,,1748,NVL_GT_SCN,SCN_GT_GXX::CTRL_X_PATMOD_K_BEGIN_X_X_X_X_X_RESET_TOPSKU,SCN_GT_GXX::CTRL_X_AUX_K_PREHVQK_X_X_X_X_X_SET_SKU_LFM,SCN_GT_GXX::CHAIN_ALL_GFXSB_K_BEGIN_HITO_GT_NOM_LFM_HVM_HRY_RAWSTR%,SCN_GT_GXX::STUCKAT_ALL_GFXSB_K_BEGIN_HITO_GT_NOM_LFM_HRY_RAWSTR%,6210377,6186664,88979
SCN_GT_GXX,gtl2bankm,gt-gtmemnode3-gtl2bankm0,GT_GXX,gt,gtmemnode3,gtl2bankm0,,,27,NVL_GT_SCN,SCN_GT_GXX::CTRL_X_PATMOD_K_BEGIN_X_X_X_X_X_RESET_TOPSKU,SCN_GT_GXX::CTRL_X_AUX_K_PREHVQK_X_X_X_X_X_SET_SKU_LFM,SCN_GT_GXX::CHAIN_ALL_GFXSB_K_BEGIN_HITO_GT_NOM_LFM_HVM_HRY_RAWSTR%,SCN_GT_GXX::STUCKAT_ALL_GFXSB_K_BEGIN_HITO_GT_NOM_LFM_HRY_RAWSTR%,11391984,11171819,219618
SCN_GT_GXX,gtl2bankm,gt-gtmemnode3-gtl2bankm1,GT_GXX,gt,gtmemnode3,gtl2bankm1,,,28,NVL_GT_SCN,SCN_GT_GXX::CTRL_X_PATMOD_K_BEGIN_X_X_X_X_X_RESET_TOPSKU,SCN_GT_GXX::CTRL_X_AUX_K_PREHVQK_X_X_X_X_X_SET_SKU_LFM,SCN_GT_GXX::CHAIN_ALL_GFXSB_K_BEGIN_HITO_GT_NOM_LFM_HVM_HRY_RAWSTR%,SCN_GT_GXX::STUCKAT_ALL_GFXSB_K_BEGIN_HITO_GT_NOM_LFM_HRY_RAWSTR%,11391984,11171819,219618
SCN_GT_GXX,gtl2bankm,gt-gtmemnode3-gtl2bankm2,GT_GXX,gt,gtmemnode3,gtl2bankm2,,,29,NVL_GT_SCN,SCN_GT_GXX::CTRL_X_PATMOD_K_BEGIN_X_X_X_X_X_RESET_TOPSKU,SCN_GT_GXX::CTRL_X_AUX_K_PREHVQK_X_X_X_X_X_SET_SKU_LFM,SCN_GT_GXX::CHAIN_ALL_GFXSB_K_BEGIN_HITO_GT_NOM_LFM_HVM_HRY_RAWSTR%,SCN_GT_GXX::STUCKAT_ALL_GFXSB_K_BEGIN_HITO_GT_NOM_LFM_HRY_RAWSTR%,11391984,11171819,219618
SCN_GT_GXX,gtl2bankm,gt-gtmemnode3-gtl2bankm3,GT_GXX,gt,gtmemnode3,gtl2bankm3,,,30,NVL_GT_SCN,SCN_GT_GXX::CTRL_X_PATMOD_K_BEGIN_X_X_X_X_X_RESET_TOPSKU,SCN_GT_GXX::CTRL_X_AUX_K_PREHVQK_X_X_X_X_X_SET_SKU_LFM,SCN_GT_GXX::CHAIN_ALL_GFXSB_K_BEGIN_HITO_GT_NOM_LFM_HVM_HRY_RAWSTR%,SCN_GT_GXX::STUCKAT_ALL_GFXSB_K_BEGIN_HITO_GT_NOM_LFM_HRY_RAWSTR%,11391984,11171819,219618
SCN_GT_GXX,gtl2bankm,gt-gtmemnode3-gtl2bankm4,GT_GXX,gt,gtmemnode3,gtl2bankm4,,,31,NVL_GT_SCN,SCN_GT_GXX::CTRL_X_PATMOD_K_BEGIN_X_X_X_X_X_RESET_TOPSKU,SCN_GT_GXX::CTRL_X_AUX_K_PREHVQK_X_X_X_X_X_SET_SKU_LFM,SCN_GT_GXX::CHAIN_ALL_GFXSB_K_BEGIN_HITO_GT_NOM_LFM_HVM_HRY_RAWSTR%,SCN_GT_GXX::STUCKAT_ALL_GFXSB_K_BEGIN_HITO_GT_NOM_LFM_HRY_RAWSTR%,11391984,11171819,219618
SCN_GT_GXX,gtl2bankm,gt-gtmemnode3-gtl2bankm5,GT_GXX,gt,gtmemnode3,gtl2bankm5,,,32,NVL_GT_SCN,SCN_GT_GXX::CTRL_X_PATMOD_K_BEGIN_X_X_X_X_X_RESET_TOPSKU,SCN_GT_GXX::CTRL_X_AUX_K_PREHVQK_X_X_X_X_X_SET_SKU_LFM,SCN_GT_GXX::CHAIN_ALL_GFXSB_K_BEGIN_HITO_GT_NOM_LFM_HVM_HRY_RAWSTR%,SCN_GT_GXX::STUCKAT_ALL_GFXSB_K_BEGIN_HITO_GT_NOM_LFM_HRY_RAWSTR%,11391984,11171819,219618
SCN_GT_GXX,gtbankhrcpar1,gt-gtmemnode3-gtbankhrcpar1,GT_GXX,gt,gtmemnode3,gtbankhrcpar1,,,1749,NVL_GT_SCN,SCN_GT_GXX::CTRL_X_PATMOD_K_BEGIN_X_X_X_X_X_RESET_TOPSKU,SCN_GT_GXX::CTRL_X_AUX_K_PREHVQK_X_X_X_X_X_SET_SKU_LFM,SCN_GT_GXX::CHAIN_ALL_GFXSB_K_BEGIN_HITO_GT_NOM_LFM_HVM_HRY_RAWSTR%,SCN_GT_GXX::STUCKAT_ALL_GFXSB_K_BEGIN_HITO_GT_NOM_LFM_HRY_RAWSTR%,382178,381855,10273
SCN_GT_GXX,gtbankhrcpar2,gt-gtmemnode3-gtbankhrcpar2,GT_GXX,gt,gtmemnode3,gtbankhrcpar2,,,1750,NVL_GT_SCN,SCN_GT_GXX::CTRL_X_PATMOD_K_BEGIN_X_X_X_X_X_RESET_TOPSKU,SCN_GT_GXX::CTRL_X_AUX_K_PREHVQK_X_X_X_X_X_SET_SKU_LFM,SCN_GT_GXX::CHAIN_ALL_GFXSB_K_BEGIN_HITO_GT_NOM_LFM_HVM_HRY_RAWSTR%,SCN_GT_GXX::STUCKAT_ALL_GFXSB_K_BEGIN_HITO_GT_NOM_LFM_HRY_RAWSTR%,191043,191004,6605
SCN_GT_GXX,gtbankhrcpar3,gt-gtmemnode3-gtbankhrcpar3,GT_GXX,gt,gtmemnode3,gtbankhrcpar3,,,1751,NVL_GT_SCN,SCN_GT_GXX::CTRL_X_PATMOD_K_BEGIN_X_X_X_X_X_RESET_TOPSKU,SCN_GT_GXX::CTRL_X_AUX_K_PREHVQK_X_X_X_X_X_SET_SKU_LFM,SCN_GT_GXX::CHAIN_ALL_GFXSB_K_BEGIN_HITO_GT_NOM_LFM_HVM_HRY_RAWSTR%,SCN_GT_GXX::STUCKAT_ALL_GFXSB_K_BEGIN_HITO_GT_NOM_LFM_HRY_RAWSTR%,91867,91642,2977
SCN_GT_GXX,gtl2lsnevenpar1,gt-gtmemnode3-gtl2lsnevenpar1,GT_GXX,gt,gtmemnode3,gtl2lsnevenpar1,,,1755,NVL_GT_SCN,SCN_GT_GXX::CTRL_X_PATMOD_K_BEGIN_X_X_X_X_X_RESET_TOPSKU,SCN_GT_GXX::CTRL_X_AUX_K_PREHVQK_X_X_X_X_X_SET_SKU_LFM,SCN_GT_GXX::CHAIN_ALL_GFXSB_K_BEGIN_HITO_GT_NOM_LFM_HVM_HRY_RAWSTR%,SCN_GT_GXX::STUCKAT_ALL_GFXSB_K_BEGIN_HITO_GT_NOM_LFM_HRY_RAWSTR%,43886,43917,1142
SCN_GT_GXX,gtl2lsnoddpar1,gt-gtmemnode3-gtl2lsnoddpar1,GT_GXX,gt,gtmemnode3,gtl2lsnoddpar1,,,1756,NVL_GT_SCN,SCN_GT_GXX::CTRL_X_PATMOD_K_BEGIN_X_X_X_X_X_RESET_TOPSKU,SCN_GT_GXX::CTRL_X_AUX_K_PREHVQK_X_X_X_X_X_SET_SKU_LFM,SCN_GT_GXX::CHAIN_ALL_GFXSB_K_BEGIN_HITO_GT_NOM_LFM_HVM_HRY_RAWSTR%,SCN_GT_GXX::STUCKAT_ALL_GFXSB_K_BEGIN_HITO_GT_NOM_LFM_HRY_RAWSTR%,5398,5690,166
SCN_GT_GXX,gtl2ccpar1,gt-gtmemnode3-gtl2ccpar1,GT_GXX,gt,gtmemnode3,gtl2ccpar1,,,33,NVL_GT_SCN,SCN_GT_GXX::CTRL_X_PATMOD_K_BEGIN_X_X_X_X_X_RESET_TOPSKU,SCN_GT_GXX::CTRL_X_AUX_K_PREHVQK_X_X_X_X_X_SET_SKU_LFM,SCN_GT_GXX::CHAIN_ALL_GFXSB_K_BEGIN_HITO_GT_NOM_LFM_HVM_HRY_RAWSTR%,SCN_GT_GXX::STUCKAT_ALL_GFXSB_K_BEGIN_HITO_GT_NOM_LFM_HRY_RAWSTR%,12432847,12369247,292526
SCN_GT_GXX,gtl2ccpar2,gt-gtmemnode3-gtl2ccpar2,GT_GXX,gt,gtmemnode3,gtl2ccpar2,,,34,NVL_GT_SCN,SCN_GT_GXX::CTRL_X_PATMOD_K_BEGIN_X_X_X_X_X_RESET_TOPSKU,SCN_GT_GXX::CTRL_X_AUX_K_PREHVQK_X_X_X_X_X_SET_SKU_LFM,SCN_GT_GXX::CHAIN_ALL_GFXSB_K_BEGIN_HITO_GT_NOM_LFM_HVM_HRY_RAWSTR%,SCN_GT_GXX::STUCKAT_ALL_GFXSB_K_BEGIN_HITO_GT_NOM_LFM_HRY_RAWSTR%,12328141,12235753,215685
SCN_GT_GXX,gtl2lnepar1,gt-gtmemnode3-gtl2lnepar1,GT_GXX,gt,gtmemnode3,gtl2lnepar1,,,1752,NVL_GT_SCN,SCN_GT_GXX::CTRL_X_PATMOD_K_BEGIN_X_X_X_X_X_RESET_TOPSKU,SCN_GT_GXX::CTRL_X_AUX_K_PREHVQK_X_X_X_X_X_SET_SKU_LFM,SCN_GT_GXX::CHAIN_ALL_GFXSB_K_BEGIN_HITO_GT_NOM_LFM_HVM_HRY_RAWSTR%,SCN_GT_GXX::STUCKAT_ALL_GFXSB_K_BEGIN_HITO_GT_NOM_LFM_HRY_RAWSTR%,13669733,13594405,85050
SCN_GT_GXX,gtl2lneppar1,gt-gtmemnode3-gtl2lneppar1,GT_GXX,gt,gtmemnode3,gtl2lneppar1,,,1753,NVL_GT_SCN,SCN_GT_GXX::CTRL_X_PATMOD_K_BEGIN_X_X_X_X_X_RESET_TOPSKU,SCN_GT_GXX::CTRL_X_AUX_K_PREHVQK_X_X_X_X_X_SET_SKU_LFM,SCN_GT_GXX::CHAIN_ALL_GFXSB_K_BEGIN_HITO_GT_NOM_LFM_HVM_HRY_RAWSTR%,SCN_GT_GXX::STUCKAT_ALL_GFXSB_K_BEGIN_HITO_GT_NOM_LFM_HRY_RAWSTR%,7501406,7449943,66752
SCN_GT_GXX,gtl2lnievenpar1,gt-gtmemnode3-gtl2lnievenpar1,GT_GXX,gt,gtmemnode3,gtl2lnievenpar1,,,1754,NVL_GT_SCN,SCN_GT_GXX::CTRL_X_PATMOD_K_BEGIN_X_X_X_X_X_RESET_TOPSKU,SCN_GT_GXX::CTRL_X_AUX_K_PREHVQK_X_X_X_X_X_SET_SKU_LFM,SCN_GT_GXX::CHAIN_ALL_GFXSB_K_BEGIN_HITO_GT_NOM_LFM_HVM_HRY_RAWSTR%,SCN_GT_GXX::STUCKAT_ALL_GFXSB_K_BEGIN_HITO_GT_NOM_LFM_HRY_RAWSTR%,10932820,10864663,90994
SCN_GT_GXX,gtl2lnioddpar1,gt-gtmemnode3-gtl2lnioddpar1,GT_GXX,gt,gtmemnode3,gtl2lnioddpar1,,,35,NVL_GT_SCN,SCN_GT_GXX::CTRL_X_PATMOD_K_BEGIN_X_X_X_X_X_RESET_TOPSKU,SCN_GT_GXX::CTRL_X_AUX_K_PREHVQK_X_X_X_X_X_SET_SKU_LFM,SCN_GT_GXX::CHAIN_ALL_GFXSB_K_BEGIN_HITO_GT_NOM_LFM_HVM_HRY_RAWSTR%,SCN_GT_GXX::STUCKAT_ALL_GFXSB_K_BEGIN_HITO_GT_NOM_LFM_HRY_RAWSTR%,12900633,12772159,111211
SCN_GT_GXX,gtl2separ1,gt-gtmemnode3-gtl2separ1,GT_GXX,gt,gtmemnode3,gtl2separ1,,,1757,NVL_GT_SCN,SCN_GT_GXX::CTRL_X_PATMOD_K_BEGIN_X_X_X_X_X_RESET_TOPSKU,SCN_GT_GXX::CTRL_X_AUX_K_PREHVQK_X_X_X_X_X_SET_SKU_LFM,SCN_GT_GXX::CHAIN_ALL_GFXSB_K_BEGIN_HITO_GT_NOM_LFM_HVM_HRY_RAWSTR%,SCN_GT_GXX::STUCKAT_ALL_GFXSB_K_BEGIN_HITO_GT_NOM_LFM_HRY_RAWSTR%,6210377,6186664,88979
SCN_GT_GXX,gtaxfinfrcbotpar,gt-gtaxfinf-gtaxfinfrcbotpar,GT_GXX,gt,gtaxfinf,gtaxfinfrcbotpar,,,1708,NVL_GT_SCN,SCN_GT_GXX::CTRL_X_PATMOD_K_BEGIN_X_X_X_X_X_RESET_TOPSKU,SCN_GT_GXX::CTRL_X_AUX_K_PREHVQK_X_X_X_X_X_SET_SKU_LFM,SCN_GT_GXX::CHAIN_ALL_GFXSB_K_BEGIN_HITO_GT_NOM_LFM_HVM_HRY_RAWSTR%,SCN_GT_GXX::STUCKAT_ALL_GFXSB_K_BEGIN_HITO_GT_NOM_LFM_HRY_RAWSTR%,749957,747789,26091
SCN_GT_GXX,gtaxfinfrcpar,gt-gtaxfinf-gtaxfinfrcpar,GT_GXX,gt,gtaxfinf,gtaxfinfrcpar,,,1709,NVL_GT_SCN,SCN_GT_GXX::CTRL_X_PATMOD_K_BEGIN_X_X_X_X_X_RESET_TOPSKU,SCN_GT_GXX::CTRL_X_AUX_K_PREHVQK_X_X_X_X_X_SET_SKU_LFM,SCN_GT_GXX::CHAIN_ALL_GFXSB_K_BEGIN_HITO_GT_NOM_LFM_HVM_HRY_RAWSTR%,SCN_GT_GXX::STUCKAT_ALL_GFXSB_K_BEGIN_HITO_GT_NOM_LFM_HRY_RAWSTR%,754500,752669,27252
SCN_GT_GXX,gtaxfinfrctoppar,gt-gtaxfinf-gtaxfinfrctoppar,GT_GXX,gt,gtaxfinf,gtaxfinfrctoppar,,,1710,NVL_GT_SCN,SCN_GT_GXX::CTRL_X_PATMOD_K_BEGIN_X_X_X_X_X_RESET_TOPSKU,SCN_GT_GXX::CTRL_X_AUX_K_PREHVQK_X_X_X_X_X_SET_SKU_LFM,SCN_GT_GXX::CHAIN_ALL_GFXSB_K_BEGIN_HITO_GT_NOM_LFM_HVM_HRY_RAWSTR%,SCN_GT_GXX::STUCKAT_ALL_GFXSB_K_BEGIN_HITO_GT_NOM_LFM_HRY_RAWSTR%,531834,530735,20911
SCN_GT_GXX,gtaxf_vccgt_wrap12,gt-gtaxfinf-gtaxfpar12-gtaxf_vccgt_wrap12,GT_GXX,gt,gtaxfinf,gtaxfpar12,gtaxf_vccgt_wrap12,,1713,NVL_GT_SCN,SCN_GT_GXX::CTRL_X_PATMOD_K_BEGIN_X_X_X_X_X_RESET_TOPSKU,SCN_GT_GXX::CTRL_X_AUX_K_PREHVQK_X_X_X_X_X_SET_SKU_LFM,SCN_GT_GXX::CHAIN_ALL_GFXSB_K_BEGIN_HITO_GT_NOM_LFM_HVM_HRY_RAWSTR%,SCN_GT_GXX::STUCKAT_ALL_GFXSB_K_BEGIN_HITO_GT_NOM_LFM_HRY_RAWSTR%,6926460,6926460,88907
SCN_GT_GXX,gtaxf_vccinf_wrap12,gt-gtaxfinf-gtaxfpar12-gtaxf_vccinf_wrap12,GT_GXX,gt,gtaxfinf,gtaxfpar12,gtaxf_vccinf_wrap12,,1714,NVL_GT_SCN,SCN_GT_GXX::CTRL_X_PATMOD_K_BEGIN_X_X_X_X_X_RESET_TOPSKU,SCN_GT_GXX::CTRL_X_AUX_K_PREHVQK_X_X_X_X_X_SET_SKU_LFM,SCN_GT_GXX::CHAIN_ALL_GFXSB_K_BEGIN_HITO_GT_NOM_LFM_HVM_HRY_RAWSTR%,SCN_GT_GXX::STUCKAT_ALL_GFXSB_K_BEGIN_HITO_GT_NOM_LFM_HRY_RAWSTR%,453598,453598,10810
SCN_GT_GXX,gtaxf_vccgt_wrap21,gt-gtaxfinf-gtaxfpar21-gtaxf_vccgt_wrap21,GT_GXX,gt,gtaxfinf,gtaxfpar21,gtaxf_vccgt_wrap21,,1715,NVL_GT_SCN,SCN_GT_GXX::CTRL_X_PATMOD_K_BEGIN_X_X_X_X_X_RESET_TOPSKU,SCN_GT_GXX::CTRL_X_AUX_K_PREHVQK_X_X_X_X_X_SET_SKU_LFM,SCN_GT_GXX::CHAIN_ALL_GFXSB_K_BEGIN_HITO_GT_NOM_LFM_HVM_HRY_RAWSTR%,SCN_GT_GXX::STUCKAT_ALL_GFXSB_K_BEGIN_HITO_GT_NOM_LFM_HRY_RAWSTR%,6895975,6895975,86207
SCN_GT_GXX,gtaxf_vccinf_wrap21,gt-gtaxfinf-gtaxfpar21-gtaxf_vccinf_wrap21,GT_GXX,gt,gtaxfinf,gtaxfpar21,gtaxf_vccinf_wrap21,,1716,NVL_GT_SCN,SCN_GT_GXX::CTRL_X_PATMOD_K_BEGIN_X_X_X_X_X_RESET_TOPSKU,SCN_GT_GXX::CTRL_X_AUX_K_PREHVQK_X_X_X_X_X_SET_SKU_LFM,SCN_GT_GXX::CHAIN_ALL_GFXSB_K_BEGIN_HITO_GT_NOM_LFM_HVM_HRY_RAWSTR%,SCN_GT_GXX::STUCKAT_ALL_GFXSB_K_BEGIN_HITO_GT_NOM_LFM_HRY_RAWSTR%,417926,417926,8850
SCN_GT_GXX,gtaxf_vccgt_wrap22,gt-gtaxfinf-gtaxfpar22-gtaxf_vccgt_wrap22,GT_GXX,gt,gtaxfinf,gtaxfpar22,gtaxf_vccgt_wrap22,,1717,NVL_GT_SCN,SCN_GT_GXX::CTRL_X_PATMOD_K_BEGIN_X_X_X_X_X_RESET_TOPSKU,SCN_GT_GXX::CTRL_X_AUX_K_PREHVQK_X_X_X_X_X_SET_SKU_LFM,SCN_GT_GXX::CHAIN_ALL_GFXSB_K_BEGIN_HITO_GT_NOM_LFM_HVM_HRY_RAWSTR%,SCN_GT_GXX::STUCKAT_ALL_GFXSB_K_BEGIN_HITO_GT_NOM_LFM_HRY_RAWSTR%,6904580,6904580,85157
SCN_GT_GXX,gtaxf_vccinf_wrap22,gt-gtaxfinf-gtaxfpar22-gtaxf_vccinf_wrap22,GT_GXX,gt,gtaxfinf,gtaxfpar22,gtaxf_vccinf_wrap22,,1718,NVL_GT_SCN,SCN_GT_GXX::CTRL_X_PATMOD_K_BEGIN_X_X_X_X_X_RESET_TOPSKU,SCN_GT_GXX::CTRL_X_AUX_K_PREHVQK_X_X_X_X_X_SET_SKU_LFM,SCN_GT_GXX::CHAIN_ALL_GFXSB_K_BEGIN_HITO_GT_NOM_LFM_HVM_HRY_RAWSTR%,SCN_GT_GXX::STUCKAT_ALL_GFXSB_K_BEGIN_HITO_GT_NOM_LFM_HRY_RAWSTR%,373034,373034,6846
SCN_GT_GXX,gtaxfinfpar_vccgt_wrap,gt-gtaxfinf-gtcgpinf-gtaxfinfpar_vccgt_wrap,GT_GXX,gt,gtaxfinf,gtcgpinf,gtaxfinfpar_vccgt_wrap,,1719,NVL_GT_SCN,SCN_GT_GXX::CTRL_X_PATMOD_K_BEGIN_X_X_X_X_X_RESET_TOPSKU,SCN_GT_GXX::CTRL_X_AUX_K_PREHVQK_X_X_X_X_X_SET_SKU_LFM,SCN_GT_GXX::CHAIN_ALL_GFXSB_K_BEGIN_HITO_GT_NOM_LFM_HVM_HRY_RAWSTR%,SCN_GT_GXX::STUCKAT_ALL_GFXSB_K_BEGIN_HITO_GT_NOM_LFM_HRY_RAWSTR%,628828,628828,14313
SCN_GT_GXX,gtaxfinfpar_vccinf_wrap,gt-gtaxfinf-gtcgpinf-gtaxfinfpar_vccinf_wrap,GT_GXX,gt,gtaxfinf,gtcgpinf,gtaxfinfpar_vccinf_wrap,,1720,NVL_GT_SCN,SCN_GT_GXX::CTRL_X_PATMOD_K_BEGIN_X_X_X_X_X_RESET_TOPSKU,SCN_GT_GXX::CTRL_X_AUX_K_PREHVQK_X_X_X_X_X_SET_SKU_LFM,SCN_GT_GXX::CHAIN_ALL_GFXSB_K_BEGIN_HITO_GT_NOM_LFM_HVM_HRY_RAWSTR%,SCN_GT_GXX::STUCKAT_ALL_GFXSB_K_BEGIN_HITO_GT_NOM_LFM_HRY_RAWSTR%,3380891,3380891,74092
SCN_GT_GXX,gtaxf_vccgt_wrap11,gt-gtaxfinf-gtaxfpar11-gtaxf_vccgt_wrap11,GT_GXX,gt,gtaxfinf,gtaxfpar11,gtaxf_vccgt_wrap11,,1711,NVL_GT_SCN,SCN_GT_GXX::CTRL_X_PATMOD_K_BEGIN_X_X_X_X_X_RESET_TOPSKU,SCN_GT_GXX::CTRL_X_AUX_K_PREHVQK_X_X_X_X_X_SET_SKU_LFM,SCN_GT_GXX::CHAIN_ALL_GFXSB_K_BEGIN_HITO_GT_NOM_LFM_HVM_HRY_RAWSTR%,SCN_GT_GXX::STUCKAT_ALL_GFXSB_K_BEGIN_HITO_GT_NOM_LFM_HRY_RAWSTR%,7043248,7043248,90918
SCN_GT_GXX,gtaxf_vccinf_wrap11,gt-gtaxfinf-gtaxfpar11-gtaxf_vccinf_wrap11,GT_GXX,gt,gtaxfinf,gtaxfpar11,gtaxf_vccinf_wrap11,,1712,NVL_GT_SCN,SCN_GT_GXX::CTRL_X_PATMOD_K_BEGIN_X_X_X_X_X_RESET_TOPSKU,SCN_GT_GXX::CTRL_X_AUX_K_PREHVQK_X_X_X_X_X_SET_SKU_LFM,SCN_GT_GXX::CHAIN_ALL_GFXSB_K_BEGIN_HITO_GT_NOM_LFM_HVM_HRY_RAWSTR%,SCN_GT_GXX::STUCKAT_ALL_GFXSB_K_BEGIN_HITO_GT_NOM_LFM_HRY_RAWSTR%,583987,583987,12738
