VISUAL_ID,LOTFROMFS,SUBSTRUCTURE_ID,SORT_LOT,SORT_WAFER,SORT_X,SORT_Y,FUSE_ID,Bin Description_119325,Cell ID_119325,Unit Tester Id_119325,Unit Tester Site Id_119325,DevRevStep_119325,Lot_119325,LOTS End Date Time_119325,LOTS End WW_119325,LOTS Temperature_119325,Operation_119325,Program Name_119325,Carrier X_119325,Carrier Y_119325,Sort Partial Wafer ID_119325,Thermal Head Id_119325,Unit TIU_119325,FUNCTIONAL_BIN_119325,INTERFACE_BIN_119325,DATA_BIN_119325,DATA_TOTAL_BIN_119325,INTERFACE_TOTAL_BIN_119325,FUNCTIONAL_TOTAL_BIN_119325,BOMGROUPNAME_119325,PTH_POWER_GXXX::POWER_X_ANADC_E_BEGIN_X_X_NOM_X_GTDICCHIGHV1|PP_DICC_GT_V1_500MA_HIGH_VCCGT_HC|VCCGT_HC|PC_119325,PTH_POWER_GXXX::POWER_X_ANADC_E_BEGIN_X_X_NOM_X_GTDICCHIGHV2|PP_SICC_GT_V2_500MA_HIGH_VCCGT_HC|VCCGT_HC|PC_119325,PTH_POWER_GXXX::POWER_X_ANADC_E_BEGIN_X_X_NOM_X_GTDICCLOWV1|PP_DICC_GT_V1_500MA_LOW_VCCGT_HC|VCCGT_HC|PC_119325,PTH_POWER_GXXX::POWER_X_ANADC_E_BEGIN_X_X_NOM_X_GTDICCLOWV2|PP_SICC_GT_V2_500MA_LOW_VCCGT_HC|VCCGT_HC|PC_119325,PTH_POWER_GXXX::POWER_X_ANADC_E_BEGIN_X_X_NOM_X_GTDICCMIDV1|PP_SICC_GT_V1_500MA_MID_VCCGT_HC|VCCGT_HC|PC_119325,PTH_POWER_GXXX::POWER_X_ANADC_E_BEGIN_X_X_NOM_X_GTDICCMIDV2|PP_SICC_GT_V2_500MA_MID_VCCGT_HC|VCCGT_HC|PC_119325,PTH_POWER_GXXX::POWER_X_ANADC_E_BEGIN_X_X_NOM_X_GTSICC_24A_V1|PP_SICC_GT_V1_24A_VCCGT_HC|VCCGT_HC|PC_119325,PTH_POWER_GXXX::POWER_X_ANADC_E_BEGIN_X_X_NOM_X_GTSICC_24A_V2|PP_SICC_GT_V2_24A_VCCGT_HC|VCCGT_HC|PC_119325,PTH_POWER_GXXX::POWER_X_ANADC_E_BEGIN_X_X_NOM_X_GTSICC_24A_V3|PP_SICC_GT_V3_24A_VCCGT_HC|VCCGT_HC|PC_119325,PTH_POWER_GXXX::POWER_X_ANADC_E_BEGIN_X_X_NOM_X_GTSICC_24A_V4|PP_SICC_GT_V4_24A_VCCGT_HC|VCCGT_HC|PC_119325,PTH_POWER_GXXX::POWER_X_SCREEN_K_BEGIN_X_X_X_X_GT_ICC_CALCPP_CDYN_GT_V1_119325,PTH_POWER_GXXX::POWER_X_SCREEN_K_BEGIN_X_X_X_X_GT_ICC_CALCPP_CDYN_GT_V2_119325,PTH_POWER_GXXX::POWER_X_SCREEN_K_BEGIN_X_X_X_X_GT_ICC_CALCPP_SICC_GT_V1_119325,PTH_POWER_GXXX::POWER_X_SCREEN_K_BEGIN_X_X_X_X_GT_ICC_CALCPP_SICC_GT_V2_119325,UPM_2007_DPMH130P48ULVTINVD4_FULLDIE_0650_MED_119325,UPM_2007_DPMH130P48ULVTINVD4_FULLDIE_0950_MED_119325,PTH_POWER_GXXX::POWER_X_SCREEN_K_BEGIN_X_X_X_X_GT_ICC_CALCPP_DICC_GT_V1_119325,PTH_POWER_GXXX::POWER_X_SCREEN_K_BEGIN_X_X_X_X_GT_ICC_CALCPP_DICC_GT_V2_119325,PTH_POWER_GXXX::POWER_X_SCREEN_K_BEGIN_X_X_X_X_GT_ICC_CALCPWR_CDYN_119325,PTH_POWER_GXXX::POWER_X_SCREEN_K_BEGIN_X_X_X_X_GT_ICC_CALCPWR_DICC_119325,Material
EFUSE_Q615S1BA_009_-10_-1,Q615S1BA1,X,Q615S1BA,009,-10,-1,Q615S1BA_009_-10_-1,,SDC2119,HDS2262,C101,8PL7CVA,Q615S1BA1,2026-08-12 04:41:10-07:00,202633,20.00,119325,NGXSDJXA0H80B002632,4,7,009T02,8B28421-D,EXABAHA008,101,1,1010001,1010000,1,101,UNDEFINED,10.0554,14.8594,5.6935,8.8179,7.7046,11.6368,1.5699,2.2311,1.1332,1.1798,31.1564,31.7974,1.5699,2.2311,4814.6471,7447.9361,5.6935|7.7046|10.0554,8.8179|11.6368|14.8594,^GT:31.1564%0.7%19.15,^GT:5.6935%0.7%19.15%200%7.7046%0.7%19.15%300%10.0554%0.7%19.15%400,AIO
EFUSE_Q615S1BA_009_-10_-2,Q615S1BA1,X,Q615S1BA,009,-10,-2,Q615S1BA_009_-10_-2,,SDC2119,HDS2262,C101,8PL7CVA,Q615S1BA1,2026-08-12 04:41:10-07:00,202633,20.00,119325,NGXSDJXA0H80B002632,4,16,009T03,8B28421-D,EXABAHA008,101,1,1010001,1010000,1,101,UNDEFINED,9.9148,14.6815,5.5658,8.6308,7.5744,11.463,0.6425,2.1022,0.7585,1.0824,31.0643,31.8458,0.6425,2.1022,4752.8628,7377.8961,5.5658|7.5744|9.9148,8.6308|11.463|14.6815,^GT:31.0643%0.7%18.95,^GT:5.5658%0.7%18.95%200%7.5744%0.7%18.95%300%9.9148%0.7%18.95%400,AIO
EFUSE_Q615S1BA_009_-10_-3,Q615S1BA1,X,Q615S1BA,009,-10,-3,Q615S1BA_009_-10_-3,B19880000_FAIL_TPI_SIU_STATIC_SIUP_X_ICC_K_START_X_X_X_LFM_LOWV_P2_650MV_2,SDC2119,HDS2262,C101,8PL7CVA,Q615S1BA1,2026-08-12 04:41:10-07:00,202633,20.00,119325,NGXSDJXA0H80B002632,2,18,009T01,8B28421-D,EXABAHA008,1988,19,19880000,19880000,19,1988,UNDEFINED,,,,,,,,,,,,,,,,,,,,,AIO
EFUSE_Q615S1BA_009_-10_0,Q615S1BA1,X,Q615S1BA,009,-10,0,Q615S1BA_009_-10_0,,SDC2119,HDS2262,C101,8PL7CVA,Q615S1BA1,2026-08-12 04:41:10-07:00,202633,20.00,119325,NGXSDJXA0H80B002632,5,16,009T01,8B18438-D,EXABAHA008,301,3,3010001,3030000,3,303,UNDEFINED,10.1198,14.983,5.7607,8.9202,7.7691,11.7323,0.6472,2.2894,0.9008,1.2579,31.1364,31.9095,0.6472,2.2894,4837.0173,7486.0186,5.7607|7.7691|10.1198,8.9202|11.7323|14.983,^GT:31.1364%0.7%19.9,^GT:5.7607%0.7%19.9%200%7.7691%0.7%19.9%300%10.1198%0.7%19.9%400,AIO
EFUSE_Q615S1BA_009_-10_1,Q615S1BA1,X,Q615S1BA,009,-10,1,Q615S1BA_009_-10_1,,SDC2119,HDS2262,C101,8PL7CVA,Q615S1BA1,2026-08-12 04:41:10-07:00,202633,20.00,119325,NGXSDJXA0H80B002632,4,17,009T03,8B18438-D,EXABAHA008,301,3,3010001,3030000,3,303,UNDEFINED,10.1153,14.9697,5.7737,8.8991,7.7706,11.7313,0.6965,2.2994,1.0279,1.2715,31.0114,31.9505,0.6965,2.2993,4848.4687,7512.9161,5.7737|7.7706|10.1153,8.8991|11.7313|14.9697,^GT:31.0114%0.7%19.6,^GT:5.7737%0.7%19.6%200%7.7706%0.7%19.6%300%10.1153%0.7%19.6%400,AIO
EFUSE_Q615S1BA_009_-10_2,Q615S1BA1,X,Q615S1BA,009,-10,2,Q615S1BA_009_-10_2,,SDC2119,HDS2262,C101,8PL7CVA,Q615S1BA1,2026-08-12 04:41:10-07:00,202633,20.00,119325,NGXSDJXA0H80B002632,4,6,009T02,8B18438-D,EXABAHA008,302,3,3020001,3030000,3,303,UNDEFINED,10.0345,14.8035,5.6893,8.7702,7.6947,11.5755,0.9487,2.1965,0.7998,1.2055,31.0371,31.7542,0.9487,2.1965,4819.1744,7471.6378,5.6893|7.6947|10.0345,8.7702|11.5755|14.8035,^GT:31.0371%0.7%19.799999999999997,^GT:5.6893%0.7%19.799999999999997%200%7.6947%0.7%19.799999999999997%300%10.0345%0.7%19.799999999999997%400,AIO
EFUSE_Q615S1BA_009_-1_-1,Q615S1BA1,X,Q615S1BA,009,-1,-1,Q615S1BA_009_-1_-1,B65000360_FAIL_ARR_GT_GXX_SSA_GT_VMIN_K_PREHVQK_X_X_NOM_X_ALL_SSA_0,SDC2119,HDS2262,C101,8PL7CVA,Q615S1BA1,2026-08-12 04:41:10-07:00,202633,20.00,119325,NGXSDJXA0H80B002632,4,17,009T02,8B28421-D,EXABAHA008,6500,65,65000360,65000360,65,6500,UNDEFINED,10.0242,14.7203,5.6396,8.6549,7.6488,11.4976,1.1907,2.1054,0.7245,1.0691,31.3186,31.9232,1.1907,2.1054,4763.7816,7453.7949,5.6396|7.6488|10.0242,8.6549|11.4976|14.7203,^GT:31.3186%0.7%19.05,^GT:5.6396%0.7%19.05%200%7.6488%0.7%19.05%300%10.0242%0.7%19.05%400,AIO
EFUSE_Q615S1BA_009_-1_-10,Q615S1BA1,X,Q615S1BA,009,-1,-10,Q615S1BA_009_-1_-10,,SDC2119,HDS2262,C101,8PL7CVA,Q615S1BA1,2026-08-12 04:41:10-07:00,202633,20.00,119325,NGXSDJXA0H80B002632,7,5,009T02,8B18438-D,EXABAHA008,301,3,3010001,3030000,3,303,UNDEFINED,10.208,15.2547,5.8163,9.1453,7.8179,12.0075,0.666,2.4993,0.8917,1.3035,31.3693,32.1547,0.666,2.4993,4950.466,7638.8815,5.8163|7.8179|10.208,9.1453|12.0075|15.2547,^GT:31.3693%0.7%19.6,^GT:5.8163%0.7%19.6%200%7.8179%0.7%19.6%300%10.208%0.7%19.6%400,AIO
EFUSE_Q615S1BA_009_-1_-11,Q615S1BA1,X,Q615S1BA,009,-1,-11,Q615S1BA_009_-1_-11,,SDC2119,HDS2262,C101,8PL7CVA,Q615S1BA1,2026-08-12 04:41:10-07:00,202633,20.00,119325,NGXSDJXA0H80B002632,1,13,009T01,8B18438-D,EXABAHA008,101,1,1010001,1010000,1,101,UNDEFINED,9.987,14.862,5.6336,8.8088,7.6448,11.628,0.7174,2.2668,0.776,1.1331,31.0957,31.8589,0.7174,2.2668,4833.8216,7488.4154,5.6336|7.6448|9.987,8.8088|11.628|14.862,^GT:31.0957%0.7%19.65,^GT:5.6336%0.7%19.65%200%7.6448%0.7%19.65%300%9.987%0.7%19.65%400,AIO
EFUSE_Q615S1BA_009_-1_-2,Q615S1BA1,X,Q615S1BA,009,-1,-2,Q615S1BA_009_-1_-2,,SDC2119,HDS2262,C101,8PL7CVA,Q615S1BA1,2026-08-12 04:41:10-07:00,202633,20.00,119325,NGXSDJXA0H80B002632,4,6,009T03,8B18438-D,EXABAHA008,101,1,1010001,1010000,1,101,UNDEFINED,10.1133,14.8603,5.7338,8.7991,7.7496,11.6325,0.643,2.1901,0.8822,1.1838,31.2821,31.9011,0.643,2.1901,4870.0399,7561.9174,5.7338|7.7496|10.1133,8.7991|11.6325|14.8603,^GT:31.2821%0.7%19.6,^GT:5.7338%0.7%19.6%200%7.7496%0.7%19.6%300%10.1133%0.7%19.6%400,AIO
EFUSE_Q615S1BA_009_-1_-3,Q615S1BA1,X,Q615S1BA,009,-1,-3,Q615S1BA_009_-1_-3,,SDC2119,HDS2262,C101,8PL7CVA,Q615S1BA1,2026-08-12 04:41:10-07:00,202633,20.00,119325,NGXSDJXA0H80B002632,3,12,009T01,8B28421-D,EXABAHA008,101,1,1010001,1010000,1,101,UNDEFINED,10.1128,14.8842,5.7546,8.8465,7.7841,11.6701,1.5525,2.2382,1.2337,1.2286,31.13,31.7774,1.5525,2.2382,4961.3848,7650.3329,5.7546|7.7841|10.1128,8.8465|11.6701|14.8842,^GT:31.13%0.7%19.05,^GT:5.7546%0.7%19.05%200%7.7841%0.7%19.05%300%10.1128%0.7%19.05%400,AIO
EFUSE_Q615S1BA_009_-1_-4,Q615S1BA1,X,Q615S1BA,009,-1,-4,Q615S1BA_009_-1_-4,,SDC2119,HDS2262,C101,8PL7CVA,Q615S1BA1,2026-08-12 04:41:10-07:00,202633,20.00,119325,NGXSDJXA0H80B002632,6,3,009T02,8B18438-D,EXABAHA008,101,1,1010001,1010000,1,101,UNDEFINED,10.1292,14.9185,5.7647,8.866,7.7822,11.7069,0.7044,2.2534,0.841,1.2433,31.175,31.8553,0.7044,2.2534,4974.9667,7682.8229,5.7647|7.7821|10.1292,8.866|11.7069|14.9185,^GT:31.175%0.7%19.6,^GT:5.7647%0.7%19.6%200%7.7821%0.7%19.6%300%10.1292%0.7%19.6%400,AIO
EFUSE_Q615S1BA_009_-1_-5,Q615S1BA1,X,Q615S1BA,009,-1,-5,Q615S1BA_009_-1_-5,,SDC2119,HDS2262,C101,8PL7CVA,Q615S1BA1,2026-08-12 04:41:10-07:00,202633,20.00,119325,NGXSDJXA0H80B002632,3,19,009T03,8B18438-D,EXABAHA008,101,1,1010001,1010000,1,101,UNDEFINED,10.1615,14.9994,5.7842,8.9356,7.8123,11.7707,1.5395,2.2964,1.2004,1.2639,31.2664,31.9147,1.5395,2.2964,5009.0546,7728.6285,5.7842|7.8123|10.1615,8.9356|11.7707|14.9994,^GT:31.2664%0.7%19.799999999999997,^GT:5.7842%0.7%19.799999999999997%200%7.8123%0.7%19.799999999999997%300%10.1615%0.7%19.799999999999997%400,AIO
EFUSE_Q615S1BA_009_-1_-6,Q615S1BA1,X,Q615S1BA,009,-1,-6,Q615S1BA_009_-1_-6,,SDC2119,HDS2262,C101,8PL7CVA,Q615S1BA1,2026-08-12 04:41:10-07:00,202633,20.00,119325,NGXSDJXA0H80B002632,2,10,009T01,8B28421-D,EXABAHA008,101,1,1010001,1010000,1,101,UNDEFINED,10.15,15.005,5.777,8.9321,7.7823,11.7684,1.1507,2.2917,0.8774,1.2526,31.2357,31.9626,1.1507,2.2917,5003.1957,7736.6178,5.777|7.7823|10.15,8.9321|11.7684|15.005,^GT:31.2357%0.7%19.200000000000003,^GT:5.777%0.7%19.200000000000003%200%7.7823%0.7%19.200000000000003%300%10.15%0.7%19.200000000000003%400,AIO
EFUSE_Q615S1BA_009_-1_-7,Q615S1BA1,X,Q615S1BA,009,-1,-7,Q615S1BA_009_-1_-7,,SDC2119,HDS2262,C101,8PL7CVA,Q615S1BA1,2026-08-12 04:41:10-07:00,202633,20.00,119325,NGXSDJXA0H80B002632,6,19,009T02,8B18438-D,EXABAHA008,301,3,3010001,3030000,3,303,UNDEFINED,10.204,15.1197,5.8268,9.034,7.839,11.8833,1.6417,2.3927,1.0481,1.3071,31.2657,32.03,1.6417,2.3927,5020.506,7734.221,5.8268|7.839|10.204,9.034|11.8833|15.1197,^GT:31.2657%0.7%19.5,^GT:5.8268%0.7%19.5%200%7.839%0.7%19.5%300%10.204%0.7%19.5%400,AIO
EFUSE_Q615S1BA_009_-1_-8,Q615S1BA1,X,Q615S1BA,009,-1,-8,Q615S1BA_009_-1_-8,,SDC2119,HDS2262,C101,8PL7CVA,Q615S1BA1,2026-08-12 04:41:10-07:00,202633,20.00,119325,NGXSDJXA0H80B002632,2,5,009T03,8B28421-D,EXABAHA008,101,1,1010001,1010000,1,101,UNDEFINED,10.3184,15.3608,5.9228,9.2556,7.9398,12.1077,0.831,2.5916,1.007,1.4288,31.3971,32.1326,0.831,2.5916,5071.9041,7770.972,5.9228|7.9398|10.3184,9.2556|12.1077|15.3608,^GT:31.3971%0.7%19.55,^GT:5.9228%0.7%19.55%200%7.9398%0.7%19.55%300%10.3184%0.7%19.55%400,AIO
EFUSE_Q615S1BA_009_-1_-9,Q615S1BA1,X,Q615S1BA,009,-1,-9,Q615S1BA_009_-1_-9,,SDC2119,HDS2262,C101,8PL7CVA,Q615S1BA1,2026-08-12 04:41:10-07:00,202633,20.00,119325,NGXSDJXA0H80B002632,7,8,009T02,8B18438-D,EXABAHA008,301,3,3010001,3030000,3,303,UNDEFINED,10.3031,15.3683,5.8888,9.2394,7.9181,12.1074,1.5442,2.5994,0.9775,1.3904,31.5307,32.2574,1.5442,2.5994,5021.8375,7711.8509,5.8888|7.9181|10.3031,9.2394|12.1074|15.3683,^GT:31.5307%0.7%19.95,^GT:5.8888%0.7%19.95%200%7.9181%0.7%19.95%300%10.3031%0.7%19.95%400,AIO
EFUSE_Q615S1BA_009_-1_0,Q615S1BA1,X,Q615S1BA,009,-1,0,Q615S1BA_009_-1_0,,SDC2119,HDS2262,C101,8PL7CVA,Q615S1BA1,2026-08-12 04:41:10-07:00,202633,20.00,119325,NGXSDJXA0H80B002632,4,14,009T01,8B28421-D,EXABAHA008,101,1,1010001,1010000,1,101,UNDEFINED,10.0084,14.6918,5.6187,8.6232,7.6359,11.4495,0.551,2.0009,0.6444,1.022,31.355,31.94,0.551,2.0009,4721.9707,7426.8975,5.6187|7.6359|10.0084,8.6232|11.4495|14.6918,^GT:31.355%0.7%19.15,^GT:5.6187%0.7%19.15%200%7.6359%0.7%19.15%300%10.0084%0.7%19.15%400,AIO
EFUSE_Q615S1BA_009_-1_1,Q615S1BA1,X,Q615S1BA,009,-1,1,Q615S1BA_009_-1_1,,SDC2119,HDS2262,C101,8PL7CVA,Q615S1BA1,2026-08-12 04:41:10-07:00,202633,20.00,119325,NGXSDJXA0H80B002632,5,13,009T03,8B28421-D,EXABAHA008,101,1,1010001,1010000,1,101,UNDEFINED,10.0587,14.7684,5.669,8.6939,7.6918,11.5266,1.0765,2.0685,0.8695,1.0928,31.355,31.9711,1.0765,2.0685,4768.0426,7467.6431,5.669|7.6918|10.0587,8.6939|11.5266|14.7684,^GT:31.355%0.7%19.200000000000003,^GT:5.669%0.7%19.200000000000003%200%7.6918%0.7%19.200000000000003%300%10.0587%0.7%19.200000000000003%400,AIO
EFUSE_Q615S1BA_009_-1_10,Q615S1BA1,X,Q615S1BA,009,-1,10,Q615S1BA_009_-1_10,,SDC2119,HDS2262,C101,8PL7CVA,Q615S1BA1,2026-08-12 04:41:10-07:00,202633,20.00,119325,NGXSDJXA0H80B002632,7,1,009T03,8B28421-D,EXABAHA008,101,1,1010001,1010000,1,101,UNDEFINED,10.134,14.8785,5.738,8.7789,7.7409,11.6214,0.6084,2.1656,0.9545,1.17,31.4,32.1032,0.6084,2.1656,4891.6112,7570.972,5.738|7.7409|10.134,8.7789|11.6214|14.8785,^GT:31.4%0.7%19.35,^GT:5.738%0.7%19.35%200%7.7409%0.7%19.35%300%10.134%0.7%19.35%400,AIO
EFUSE_Q615S1BA_009_-1_2,Q615S1BA1,X,Q615S1BA,009,-1,2,Q615S1BA_009_-1_2,,SDC2119,HDS2262,C101,8PL7CVA,Q615S1BA1,2026-08-12 04:41:10-07:00,202633,20.00,119325,NGXSDJXA0H80B002632,3,4,009T02,8B18438-D,EXABAHA008,101,1,1010001,1010000,1,101,UNDEFINED,10.0918,14.8073,5.7176,8.7535,7.7334,11.5869,1.4194,2.1711,1.0717,1.1806,31.2443,31.8621,1.4194,2.1711,4853.7949,7549.6671,5.7176|7.7334|10.0918,8.7535|11.5869|14.8073,^GT:31.2443%0.7%19.65,^GT:5.7176%0.7%19.65%200%7.7334%0.7%19.65%300%10.0918%0.7%19.65%400,AIO
EFUSE_Q615S1BA_009_-1_3,Q615S1BA1,X,Q615S1BA,009,-1,3,Q615S1BA_009_-1_3,,SDC2119,HDS2262,C101,8PL7CVA,Q615S1BA1,2026-08-12 04:41:10-07:00,202633,20.00,119325,NGXSDJXA0H80B002632,5,7,009T01,8B18438-D,EXABAHA008,101,1,1010001,1010000,1,101,UNDEFINED,10.1293,14.8673,5.7656,8.8264,7.7826,11.6587,1.5188,2.2273,0.8587,1.2367,31.1693,31.7942,1.5188,2.2273,4931.5579,7640.4794,5.7656|7.7826|10.1293,8.8264|11.6587|14.8673,^GT:31.1693%0.7%19.799999999999997,^GT:5.7656%0.7%19.799999999999997%200%7.7826%0.7%19.799999999999997%300%10.1293%0.7%19.799999999999997%400,AIO
EFUSE_Q615S1BA_009_-1_4,Q615S1BA1,X,Q615S1BA,009,-1,4,Q615S1BA_009_-1_4,,SDC2119,HDS2262,C101,8PL7CVA,Q615S1BA1,2026-08-12 04:41:10-07:00,202633,20.00,119325,NGXSDJXA0H80B002632,6,12,009T03,8B18438-D,EXABAHA008,101,1,1010001,1010000,1,101,UNDEFINED,10.1536,14.934,5.8062,8.8882,7.8306,11.7128,1.2892,2.3336,0.9151,1.2919,31.0529,31.82,1.2892,2.3336,5007.1904,7729.4274,5.8062|7.8306|10.1536,8.8882|11.7128|14.934,^GT:31.0529%0.7%19.700000000000003,^GT:5.8062%0.7%19.700000000000003%200%7.8306%0.7%19.700000000000003%300%10.1536%0.7%19.700000000000003%400,AIO
EFUSE_Q615S1BA_009_-1_5,Q615S1BA1,X,Q615S1BA,009,-1,5,Q615S1BA_009_-1_5,,SDC2119,HDS2262,C101,8PL7CVA,Q615S1BA1,2026-08-12 04:41:10-07:00,202633,20.00,119325,NGXSDJXA0H80B002632,2,12,009T02,8B28421-D,EXABAHA008,101,1,1010001,1010000,1,101,UNDEFINED,10.1875,14.9919,5.8428,8.9385,7.8499,11.762,1.0988,2.334,1.3132,1.3327,31.0336,31.86,1.0988,2.334,5030.3595,7768.0426,5.8428|7.8499|10.1875,8.9385|11.762|14.9919,^GT:31.0336%0.7%19.55,^GT:5.8428%0.7%19.55%200%7.8499%0.7%19.55%300%10.1875%0.7%19.55%400,AIO
EFUSE_Q615S1BA_009_-1_6,Q615S1BA1,X,Q615S1BA,009,-1,6,Q615S1BA_009_-1_6,,SDC2119,HDS2262,C101,8PL7CVA,Q615S1BA1,2026-08-12 04:41:10-07:00,202633,20.00,119325,NGXSDJXA0H80B002632,6,16,009T01,8B28421-D,EXABAHA008,101,1,1010001,1010000,1,101,UNDEFINED,10.2079,15.0379,5.8365,8.9721,7.8471,11.81,0.7524,2.3639,0.9754,1.3448,31.2243,31.9253,0.7524,2.3639,5027.1638,7749.9334,5.8365|7.8471|10.2079,8.9721|11.81|15.0379,^GT:31.2243%0.7%19.9,^GT:5.8365%0.7%19.9%200%7.8471%0.7%19.9%300%10.2079%0.7%19.9%400,AIO
EFUSE_Q615S1BA_009_-1_7,Q615S1BA1,X,Q615S1BA,009,-1,7,Q615S1BA_009_-1_7,B99820039_FAIL_SCN_GT_GXX_STUCKAT_ALL_GFXSB_K_END_HITO_GT_NOM_LFM_UNGT_N2,SDC2119,HDS2262,C101,8PL7CVA,Q615S1BA1,2026-08-12 04:41:10-07:00,202633,20.00,119325,NGXSDJXA0H80B002632,7,12,009T03,8B18438-D,EXABAHA008,9982,99,99820039,99820039,99,9982,UNDEFINED,10.2229,15.0572,5.8393,8.9809,7.8651,11.821,0.7456,2.3781,0.9641,1.3176,31.3114,31.9805,0.7456,2.3781,5037.5499,7740.0799,5.8393|7.8651|10.2229,8.9809|11.821|15.0572,^GT:31.3114%0.7%19.299999999999997,^GT:5.8393%0.7%19.299999999999997%200%7.8651%0.7%19.299999999999997%300%10.2229%0.7%19.299999999999997%400,AIO
EFUSE_Q615S1BA_009_-1_8,Q615S1BA1,X,Q615S1BA,009,-1,8,Q615S1BA_009_-1_8,,SDC2119,HDS2262,C101,8PL7CVA,Q615S1BA1,2026-08-12 04:41:10-07:00,202633,20.00,119325,NGXSDJXA0H80B002632,1,2,009T02,8B18438-D,EXABAHA008,101,1,1010001,1010000,1,101,UNDEFINED,10.242,15.107,5.8608,9.0019,7.8653,11.8404,0.9096,2.3235,0.9496,1.3007,31.295,32.1321,0.9096,2.3235,5003.4621,7714.7803,5.8607|7.8653|10.242,9.0019|11.8404|15.107,^GT:31.295%0.7%19.5,^GT:5.8607%0.7%19.5%200%7.8653%0.7%19.5%300%10.242%0.7%19.5%400,AIO
EFUSE_Q615S1BA_009_-1_9,Q615S1BA1,X,Q615S1BA,009,-1,9,Q615S1BA_009_-1_9,,SDC2119,HDS2262,C101,8PL7CVA,Q615S1BA1,2026-08-12 04:41:10-07:00,202633,20.00,119325,NGXSDJXA0H80B002632,7,11,009T01,8B18438-D,EXABAHA008,101,1,1010001,1010000,1,101,UNDEFINED,10.2115,15.0474,5.7864,8.9276,7.8289,11.7643,0.6519,2.2436,0.9519,1.2344,31.6079,32.2095,0.6519,2.2436,4932.8895,7627.1638,5.7864|7.8289|10.2115,8.9276|11.7643|15.0474,^GT:31.6079%0.7%19.65,^GT:5.7864%0.7%19.65%200%7.8289%0.7%19.65%300%10.2115%0.7%19.65%400,AIO
EFUSE_Q615S1BA_009_-2_-1,Q615S1BA1,X,Q615S1BA,009,-2,-1,Q615S1BA_009_-2_-1,,SDC2119,HDS2262,C101,8PL7CVA,Q615S1BA1,2026-08-12 04:41:10-07:00,202633,20.00,119325,NGXSDJXA0H80B002632,4,16,009T02,8B18438-D,EXABAHA008,101,1,1010001,1010000,1,101,UNDEFINED,10.1128,14.8505,5.7327,8.7875,7.7526,11.6237,0.775,2.232,0.9449,1.1915,31.2864,31.9105,0.775,2.232,4859.1212,7539.0146,5.7327|7.7526|10.1128,8.7875|11.6237|14.8505,^GT:31.2864%0.7%20.05,^GT:5.7327%0.7%20.05%200%7.7526%0.7%20.05%300%10.1128%0.7%20.05%400,AIO
EFUSE_Q615S1BA_009_-2_-10,Q615S1BA1,X,Q615S1BA,009,-2,-10,Q615S1BA_009_-2_-10,,SDC2119,HDS2262,C101,8PL7CVA,Q615S1BA1,2026-08-12 04:41:10-07:00,202633,20.00,119325,NGXSDJXA0H80B002632,1,8,009T01,8B18438-D,EXABAHA008,101,1,1010001,1010000,1,101,UNDEFINED,10.179,15.2012,5.7874,9.0939,7.8043,11.9514,1.1774,2.43,0.9509,1.2757,31.3686,32.1437,1.1774,2.43,4919.3076,7603.1957,5.7874|7.8043|10.179,9.0939|11.9514|15.2012,^GT:31.3686%0.7%19.75,^GT:5.7874%0.7%19.75%200%7.8043%0.7%19.75%300%10.179%0.7%19.75%400,AIO
EFUSE_Q615S1BA_009_-2_-11,Q615S1BA1,X,Q615S1BA,009,-2,-11,Q615S1BA_009_-2_-11,B81010004_FAIL_SCN_GT_GXX_CHAIN_ALL_GFXSB_K_BEGIN_HITO_GT_NOM_LFM_HVM_4,SDC2119,HDS2262,C101,8PL7CVA,Q615S1BA1,2026-08-12 04:41:10-07:00,202633,20.00,119325,NGXSDJXA0H80B002632,7,1,009T02,8B18438-D,EXABAHA008,8101,81,81010004,81010004,81,8101,UNDEFINED,9.9309,14.7616,5.6172,8.7563,7.5916,11.5538,1.3823,2.208,1.0199,1.1446,30.8121,31.6068,1.3823,2.208,4804.5273,7458.8549,5.6172|7.5916|9.9309,8.7563|11.5538|14.7616,^GT:30.8121%0.7%20.1,^GT:5.6172%0.7%20.1%200%7.5916%0.7%20.1%300%9.9309%0.7%20.1%400,AIO
EFUSE_Q615S1BA_009_-2_-2,Q615S1BA1,X,Q615S1BA,009,-2,-2,Q615S1BA_009_-2_-2,,SDC2119,HDS2262,C101,8PL7CVA,Q615S1BA1,2026-08-12 04:41:10-07:00,202633,20.00,119325,NGXSDJXA0H80B002632,4,7,009T03,8B18438-D,EXABAHA008,101,1,1010001,1010000,1,101,UNDEFINED,10.1428,14.9183,5.7899,8.8662,7.7843,11.6957,0.6752,2.2535,1.1964,1.252,31.0921,31.8532,0.6752,2.2535,4943.8083,7635.6858,5.7899|7.7843|10.1428,8.8662|11.6957|14.9183,^GT:31.0921%0.7%19.9,^GT:5.7899%0.7%19.9%200%7.7843%0.7%19.9%300%10.1428%0.7%19.9%400,AIO
EFUSE_Q615S1BA_009_-2_-3,Q615S1BA1,X,Q615S1BA,009,-2,-3,Q615S1BA_009_-2_-3,,SDC2119,HDS2262,C101,8PL7CVA,Q615S1BA1,2026-08-12 04:41:10-07:00,202633,20.00,119325,NGXSDJXA0H80B002632,3,13,009T01,8B28421-D,EXABAHA008,101,1,1010001,1010000,1,101,UNDEFINED,10.1296,14.9117,5.7771,8.8835,7.8073,11.7048,1.5488,2.2716,0.8881,1.2765,31.0893,31.7274,1.5488,2.2716,4999.4674,7703.0626,5.7771|7.8073|10.1296,8.8835|11.7048|14.9117,^GT:31.0893%0.7%19.15,^GT:5.7771%0.7%19.15%200%7.8073%0.7%19.15%300%10.1296%0.7%19.15%400,AIO
EFUSE_Q615S1BA_009_-2_-4,Q615S1BA1,X,Q615S1BA,009,-2,-4,Q615S1BA_009_-2_-4,B82020000_FAIL_SCN_GT_GXX_CTRL_X_GFXAGG_K_BEGIN_X_X_X_X_X_EVALUATE_4,SDC2119,HDS2262,C101,8PL7CVA,Q615S1BA1,2026-08-12 04:41:10-07:00,202633,20.00,119325,NGXSDJXA0H80B002632,6,4,009T02,8B28421-D,EXABAHA008,8202,82,82020000,82020000,82,8202,UNDEFINED,10.1437,14.9512,5.7875,8.8982,7.7915,11.7431,1.3038,2.3445,0.9111,1.2637,31.1164,31.8579,1.3038,2.3445,5016.7776,7730.759,5.7874|7.7915|10.1437,8.8982|11.7431|14.9512,^GT:31.1164%0.7%19.65,^GT:5.7874%0.7%19.65%200%7.7915%0.7%19.65%300%10.1437%0.7%19.65%400,AIO
EFUSE_Q615S1BA_009_-2_-5,Q615S1BA1,X,Q615S1BA,009,-2,-5,Q615S1BA_009_-2_-5,,SDC2119,HDS2262,C101,8PL7CVA,Q615S1BA1,2026-08-12 04:41:10-07:00,202633,20.00,119325,NGXSDJXA0H80B002632,2,19,009T03,8B18438-D,EXABAHA008,101,1,1010001,1010000,1,101,UNDEFINED,10.1304,14.9542,5.7954,8.9114,7.794,11.7485,1.6671,2.2895,0.9495,1.2544,30.9643,31.8042,1.6671,2.2895,5007.723,7727.5632,5.7954|7.794|10.1304,8.9114|11.7485|14.9542,^GT:30.9643%0.7%19.9,^GT:5.7954%0.7%19.9%200%7.794%0.7%19.9%300%10.1304%0.7%19.9%400,AIO
EFUSE_Q615S1BA_009_-2_-6,Q615S1BA1,X,Q615S1BA,009,-2,-6,Q615S1BA_009_-2_-6,,SDC2119,HDS2262,C101,8PL7CVA,Q615S1BA1,2026-08-12 04:41:10-07:00,202633,20.00,119325,NGXSDJXA0H80B002632,2,11,009T01,8B18438-D,EXABAHA008,101,1,1010001,1010000,1,101,UNDEFINED,10.1319,15.0014,5.768,8.9377,7.7956,11.7737,1.7046,2.3136,0.8656,1.2627,31.1707,31.9142,1.7046,2.3135,4992.5433,7708.3888,5.768|7.7956|10.1319,8.9377|11.7737|15.0014,^GT:31.1707%0.7%19.700000000000003,^GT:5.768%0.7%19.700000000000003%200%7.7956%0.7%19.700000000000003%300%10.1319%0.7%19.700000000000003%400,AIO
EFUSE_Q615S1BA_009_-2_-7,Q615S1BA1,X,Q615S1BA,009,-2,-7,Q615S1BA_009_-2_-7,,SDC2119,HDS2262,C101,8PL7CVA,Q615S1BA1,2026-08-12 04:41:10-07:00,202633,20.00,119325,NGXSDJXA0H80B002632,6,18,009T02,8B18438-D,EXABAHA008,101,1,1010001,1010000,1,101,UNDEFINED,10.1811,15.1073,5.8084,9.0271,7.8018,11.8698,1.4617,2.4295,1.2524,1.3091,31.2336,32.0011,1.4617,2.4295,5019.1744,7709.4541,5.8084|7.8018|10.1811,9.0271|11.8698|15.1073,^GT:31.2336%0.7%19.75,^GT:5.8084%0.7%19.75%200%7.8018%0.7%19.75%300%10.1811%0.7%19.75%400,AIO
EFUSE_Q615S1BA_009_-2_-8,Q615S1BA1,X,Q615S1BA,009,-2,-8,Q615S1BA_009_-2_-8,,SDC2119,HDS2262,C101,8PL7CVA,Q615S1BA1,2026-08-12 04:41:10-07:00,202633,20.00,119325,NGXSDJXA0H80B002632,2,6,009T03,8B18438-D,EXABAHA008,302,3,3020001,3030000,3,303,UNDEFINED,10.3003,15.335,5.9207,9.2353,7.9278,12.0893,1.0345,2.5616,1.2133,1.4171,31.2829,32.1037,1.0345,2.5616,5047.1372,7731.2916,5.9207|7.9278|10.3003,9.2353|12.0893|15.335,^GT:31.2829%0.7%20.200000000000003,^GT:5.9207%0.7%20.200000000000003%200%7.9278%0.7%20.200000000000003%300%10.3003%0.7%20.200000000000003%400,AIO
EFUSE_Q615S1BA_009_-2_-9,Q615S1BA1,X,Q615S1BA,009,-2,-9,Q615S1BA_009_-2_-9,,SDC2119,HDS2262,C101,8PL7CVA,Q615S1BA1,2026-08-12 04:41:10-07:00,202633,20.00,119325,NGXSDJXA0H80B002632,1,8,009T03,8B28421-D,EXABAHA008,101,1,1010001,1010000,1,101,UNDEFINED,10.2489,15.2983,5.8416,9.1509,7.857,12.0221,1.5146,2.5328,1.2728,1.3428,31.4807,32.3547,1.5146,2.5328,4986.1518,7677.2304,5.8416|7.857|10.2489,9.1509|12.0221|15.2983,^GT:31.4807%0.7%19.35,^GT:5.8416%0.7%19.35%200%7.857%0.7%19.35%300%10.2489%0.7%19.35%400,AIO
EFUSE_Q615S1BA_009_-2_0,Q615S1BA1,X,Q615S1BA,009,-2,0,Q615S1BA_009_-2_0,,SDC2119,HDS2262,C101,8PL7CVA,Q615S1BA1,2026-08-12 04:41:10-07:00,202633,20.00,119325,NGXSDJXA0H80B002632,4,15,009T01,8B28421-D,EXABAHA008,101,1,1010001,1010000,1,101,UNDEFINED,10.0756,14.8111,5.7135,8.7512,7.7201,11.5752,0.5514,2.1189,0.8657,1.146,31.1586,31.8942,0.5514,2.1189,4808.522,7500.3995,5.7134|7.72|10.0756,8.7512|11.5752|14.8111,^GT:31.1586%0.7%19.700000000000003,^GT:5.7134%0.7%19.700000000000003%200%7.72%0.7%19.700000000000003%300%10.0756%0.7%19.700000000000003%400,AIO
EFUSE_Q615S1BA_009_-2_1,Q615S1BA1,X,Q615S1BA,009,-2,1,Q615S1BA_009_-2_1,,SDC2119,HDS2262,C101,8PL7CVA,Q615S1BA1,2026-08-12 04:41:10-07:00,202633,20.00,119325,NGXSDJXA0H80B002632,5,14,009T03,8B28421-D,EXABAHA008,101,1,1010001,1010000,1,101,UNDEFINED,10.0656,14.7864,5.7031,8.7338,7.711,11.5566,0.9612,2.1493,0.9585,1.1548,31.1607,31.8558,0.9612,2.1493,4840.213,7540.8788,5.7031|7.711|10.0656,8.7338|11.5566|14.7864,^GT:31.1607%0.7%19.25,^GT:5.7031%0.7%19.25%200%7.711%0.7%19.25%300%10.0656%0.7%19.25%400,AIO
EFUSE_Q615S1BA_009_-2_10,Q615S1BA1,X,Q615S1BA,009,-2,10,Q615S1BA_009_-2_10,,SDC2119,HDS2262,C101,8PL7CVA,Q615S1BA1,2026-08-12 04:41:10-07:00,202633,20.00,119325,NGXSDJXA0H80B002632,1,13,009T02,8B28421-D,EXABAHA008,101,1,1010001,1010000,1,101,UNDEFINED,10.0949,14.8163,5.7011,8.7325,7.7078,11.5495,1.5664,2.101,0.7247,1.1405,31.3843,32.02,1.5664,2.101,4862.8495,7548.0692,5.7011|7.7078|10.0949,8.7325|11.5495|14.8163,^GT:31.3843%0.7%19.799999999999997,^GT:5.7011%0.7%19.799999999999997%200%7.7078%0.7%19.799999999999997%300%10.0949%0.7%19.799999999999997%400,AIO
EFUSE_Q615S1BA_009_-2_2,Q615S1BA1,X,Q615S1BA,009,-2,2,Q615S1BA_009_-2_2,,SDC2119,HDS2262,C101,8PL7CVA,Q615S1BA1,2026-08-12 04:41:10-07:00,202633,20.00,119325,NGXSDJXA0H80B002632,3,3,009T02,8B18438-D,EXABAHA008,101,1,1010001,1010000,1,101,UNDEFINED,10.089,14.8187,5.7391,8.7909,7.7364,11.6081,0.7593,2.1919,0.8789,1.2101,31.0707,31.7253,0.7593,2.1918,4892.4101,7602.1305,5.7391|7.7364|10.089,8.7909|11.6081|14.8187,^GT:31.0707%0.7%19.799999999999997,^GT:5.7391%0.7%19.799999999999997%200%7.7364%0.7%19.799999999999997%300%10.089%0.7%19.799999999999997%400,AIO
EFUSE_Q615S1BA_009_-2_3,Q615S1BA1,X,Q615S1BA,009,-2,3,Q615S1BA_009_-2_3,,SDC2119,HDS2262,C101,8PL7CVA,Q615S1BA1,2026-08-12 04:41:10-07:00,202633,20.00,119325,NGXSDJXA0H80B002632,5,8,009T01,8B18438-D,EXABAHA008,101,1,1010001,1010000,1,101,UNDEFINED,10.1361,14.8835,5.7774,8.8441,7.7972,11.6677,0.8517,2.275,1.1756,1.2497,31.1336,31.7863,0.8517,2.275,4954.727,7670.0399,5.7774|7.7972|10.1361,8.8441|11.6677|14.8835,^GT:31.1336%0.7%19.65,^GT:5.7774%0.7%19.65%200%7.7972%0.7%19.65%300%10.1361%0.7%19.65%400,AIO
EFUSE_Q615S1BA_009_-2_4,Q615S1BA1,X,Q615S1BA,009,-2,4,Q615S1BA_009_-2_4,,SDC2119,HDS2262,C101,8PL7CVA,Q615S1BA1,2026-08-12 04:41:10-07:00,202633,20.00,119325,NGXSDJXA0H80B002632,6,13,009T03,8B18438-D,EXABAHA008,101,1,1010001,1010000,1,101,UNDEFINED,10.1815,14.9606,5.8232,8.9194,7.8369,11.7433,1.062,2.3376,0.9127,1.3122,31.1307,31.7958,1.062,2.3376,5010.6525,7753.1292,5.8232|7.8369|10.1815,8.9194|11.7433|14.9606,^GT:31.1307%0.7%19.799999999999997,^GT:5.8232%0.7%19.799999999999997%200%7.8369%0.7%19.799999999999997%300%10.1815%0.7%19.799999999999997%400,AIO
EFUSE_Q615S1BA_009_-2_5,Q615S1BA1,X,Q615S1BA,009,-2,5,Q615S1BA_009_-2_5,B65210004_FAIL_ARR_GT_GXX_VRF_GT_VMIN_K_PREHVQK_X_X_NOM_X_ALL_X_0,SDC2119,HDS2262,C101,8PL7CVA,Q615S1BA1,2026-08-12 04:41:10-07:00,202633,20.00,119325,NGXSDJXA0H80B002632,2,11,009T02,8B28421-D,EXABAHA008,6521,65,65210004,65210004,65,6521,UNDEFINED,10.2318,15.0432,5.8596,8.99,7.8684,11.8209,0.9258,2.3651,1.0815,1.3531,31.23,31.8589,0.9258,2.3651,5046.3382,7783.755,5.8596|7.8684|10.2318,8.99|11.8209|15.0432,^GT:31.23%0.7%20,^GT:5.8596%0.7%20%200%7.8684%0.7%20%300%10.2318%0.7%20%400,AIO
EFUSE_Q615S1BA_009_-2_6,Q615S1BA1,X,Q615S1BA,009,-2,6,Q615S1BA_009_-2_6,,SDC2119,HDS2262,C101,8PL7CVA,Q615S1BA1,2026-08-12 04:41:10-07:00,202633,20.00,119325,NGXSDJXA0H80B002632,6,17,009T01,8B28421-D,EXABAHA008,101,1,1010001,1010000,1,101,UNDEFINED,10.1925,14.9997,5.8066,8.928,7.8294,11.7799,1.3581,2.3593,0.901,1.2898,31.3279,31.9563,1.3581,2.3593,5017.3103,7727.2969,5.8066|7.8294|10.1925,8.928|11.7799|14.9997,^GT:31.3279%0.7%19.45,^GT:5.8066%0.7%19.45%200%7.8294%0.7%19.45%300%10.1925%0.7%19.45%400,AIO
EFUSE_Q615S1BA_009_-2_7,Q615S1BA1,X,Q615S1BA,009,-2,7,Q615S1BA_009_-2_7,B19880000_FAIL_TPI_SIU_STATIC_SIUP_X_ICC_K_START_X_X_X_LFM_LOWV_P2_650MV_2,SDC2119,HDS2262,C101,8PL7CVA,Q615S1BA1,2026-08-12 04:41:10-07:00,202633,20.00,119325,NGXSDJXA0H80B002632,7,13,009T03,8B18438-D,EXABAHA008,1988,19,19880000,19880000,19,1988,UNDEFINED,,,,,,,,,,,,,,,,,,,,,AIO
EFUSE_Q615S1BA_009_-2_8,Q615S1BA1,X,Q615S1BA,009,-2,8,Q615S1BA_009_-2_8,,SDC2119,HDS2262,C101,8PL7CVA,Q615S1BA1,2026-08-12 04:41:10-07:00,202633,20.00,119325,NGXSDJXA0H80B002632,1,1,009T02,8B28421-D,EXABAHA008,101,1,1010001,1010000,1,101,UNDEFINED,10.2259,15.0733,5.8253,8.9586,7.8349,11.797,0.9794,2.3136,0.8478,1.2833,31.4329,32.1826,0.9794,2.3136,4976.5646,7688.6818,5.8253|7.8349|10.2259,8.9586|11.797|15.0733,^GT:31.4329%0.7%19.15,^GT:5.8253%0.7%19.15%200%7.8349%0.7%19.15%300%10.2259%0.7%19.15%400,AIO
EFUSE_Q615S1BA_009_-2_9,Q615S1BA1,X,Q615S1BA,009,-2,9,Q615S1BA_009_-2_9,,SDC2119,HDS2262,C101,8PL7CVA,Q615S1BA1,2026-08-12 04:41:10-07:00,202633,20.00,119325,NGXSDJXA0H80B002632,7,12,009T01,8B18438-D,EXABAHA008,101,1,1010001,1010000,1,101,UNDEFINED,10.2019,15.0286,5.7936,8.9003,7.803,11.7501,1.4614,2.2252,1.1953,1.2206,31.4879,32.2542,1.4614,2.2252,4915.8455,7610.1198,5.7936|7.803|10.2019,8.9003|11.7501|15.0286,^GT:31.4879%0.7%19.75,^GT:5.7936%0.7%19.75%200%7.803%0.7%19.75%300%10.2019%0.7%19.75%400,AIO
EFUSE_Q615S1BA_009_-3_-1,Q615S1BA1,X,Q615S1BA,009,-3,-1,Q615S1BA_009_-3_-1,,SDC2119,HDS2262,C101,8PL7CVA,Q615S1BA1,2026-08-12 04:41:10-07:00,202633,20.00,119325,NGXSDJXA0H80B002632,4,15,009T02,8B28421-D,EXABAHA008,301,3,3010001,3030000,3,303,UNDEFINED,10.1332,14.8952,5.766,8.8643,7.78,11.6724,0.6952,2.2534,0.8818,1.2576,31.1943,31.7416,0.6952,2.2534,4947.5366,7639.9467,5.766|7.78|10.1332,8.8643|11.6724|14.8952,^GT:31.1943%0.7%19.25,^GT:5.766%0.7%19.25%200%7.78%0.7%19.25%300%10.1332%0.7%19.25%400,AIO
EFUSE_Q615S1BA_009_-3_-10,Q615S1BA1,X,Q615S1BA,009,-3,-10,Q615S1BA_009_-3_-10,,SDC2119,HDS2262,C101,8PL7CVA,Q615S1BA1,2026-08-12 04:41:10-07:00,202633,20.00,119325,NGXSDJXA0H80B002632,7,6,009T02,8B28421-D,EXABAHA008,301,3,3010001,3030000,3,303,UNDEFINED,10.1232,15.0952,5.7514,9.0018,7.7551,11.8421,0.9149,2.3636,1.0999,1.2259,31.2271,32.0705,0.9149,2.3636,4880.6924,7556.0586,5.7514|7.7551|10.1232,9.0018|11.8421|15.0952,^GT:31.2271%0.7%19.25,^GT:5.7514%0.7%19.25%200%7.7551%0.7%19.25%300%10.1232%0.7%19.25%400,AIO
EFUSE_Q615S1BA_009_-3_-2,Q615S1BA1,X,Q615S1BA,009,-3,-2,Q615S1BA_009_-3_-2,,SDC2119,HDS2262,C101,8PL7CVA,Q615S1BA1,2026-08-12 04:41:10-07:00,202633,20.00,119325,NGXSDJXA0H80B002632,4,8,009T03,8B28421-D,EXABAHA008,101,1,1010001,1010000,1,101,UNDEFINED,10.1548,14.9322,5.7971,8.8856,7.8,11.7077,0.7864,2.3174,1.0957,1.272,31.1264,31.8242,0.7864,2.3174,4982.4234,7667.3768,5.7971|7.8|10.1548,8.8856|11.7077|14.9322,^GT:31.1264%0.7%19.4,^GT:5.7971%0.7%19.4%200%7.8%0.7%19.4%300%10.1548%0.7%19.4%400,AIO
EFUSE_Q615S1BA_009_-3_-3,Q615S1BA1,X,Q615S1BA,009,-3,-3,Q615S1BA_009_-3_-3,,SDC2119,HDS2262,C101,8PL7CVA,Q615S1BA1,2026-08-12 04:41:10-07:00,202633,20.00,119325,NGXSDJXA0H80B002632,3,14,009T01,8B18438-D,EXABAHA008,301,3,3010001,3030000,3,303,UNDEFINED,10.1419,14.9306,5.7831,8.8898,7.8048,11.7247,0.9624,2.3149,1.1523,1.2742,31.1343,31.7937,0.9624,2.3149,4998.4021,7709.1877,5.7831|7.8047|10.1419,8.8898|11.7247|14.9306,^GT:31.1343%0.7%19.75,^GT:5.7831%0.7%19.75%200%7.8047%0.7%19.75%300%10.1419%0.7%19.75%400,AIO
EFUSE_Q615S1BA_009_-3_-4,Q615S1BA1,X,Q615S1BA,009,-3,-4,Q615S1BA_009_-3_-4,,SDC2119,HDS2262,C101,8PL7CVA,Q615S1BA1,2026-08-12 04:41:10-07:00,202633,20.00,119325,NGXSDJXA0H80B002632,6,5,009T02,8B28421-D,EXABAHA008,101,1,1010001,1010000,1,101,UNDEFINED,10.1125,14.9089,5.7701,8.875,7.7609,11.6972,1.4743,2.3163,1.0893,1.2422,31.0171,31.7574,1.4743,2.3163,5008.522,7728.8948,5.7701|7.7609|10.1125,8.875|11.6972|14.9089,^GT:31.0171%0.7%18.8,^GT:5.7701%0.7%18.8%200%7.7609%0.7%18.8%300%10.1125%0.7%18.8%400,AIO
EFUSE_Q615S1BA_009_-3_-5,Q615S1BA1,X,Q615S1BA,009,-3,-5,Q615S1BA_009_-3_-5,,SDC2119,HDS2262,C101,8PL7CVA,Q615S1BA1,2026-08-12 04:41:10-07:00,202633,20.00,119325,NGXSDJXA0H80B002632,2,18,009T03,8B28421-D,EXABAHA008,101,1,1010001,1010000,1,101,UNDEFINED,10.0826,14.9144,5.7489,8.8789,7.7532,11.7043,1.4674,2.2826,0.8687,1.2421,30.955,31.7658,1.4674,2.2826,5008.7883,7719.0413,5.7489|7.7532|10.0826,8.8789|11.7043|14.9144,^GT:30.955%0.7%19.05,^GT:5.7489%0.7%19.05%200%7.7532%0.7%19.05%300%10.0826%0.7%19.05%400,AIO
EFUSE_Q615S1BA_009_-3_-6,Q615S1BA1,X,Q615S1BA,009,-3,-6,Q615S1BA_009_-3_-6,,SDC2119,HDS2262,C101,8PL7CVA,Q615S1BA1,2026-08-12 04:41:10-07:00,202633,20.00,119325,NGXSDJXA0H80B002632,2,12,009T01,8B28421-D,EXABAHA008,101,1,1010001,1010000,1,101,UNDEFINED,10.1222,15.0073,5.7615,8.9541,7.7676,11.801,1.3768,2.3636,1.1874,1.2788,31.1486,31.8589,1.3768,2.3636,5015.9787,7709.1877,5.7614|7.7676|10.1222,8.9541|11.801|15.0073,^GT:31.1486%0.7%19,^GT:5.7614%0.7%19%200%7.7676%0.7%19%300%10.1222%0.7%19%400,AIO
EFUSE_Q615S1BA_009_-3_-7,Q615S1BA1,X,Q615S1BA,009,-3,-7,Q615S1BA_009_-3_-7,,SDC2119,HDS2262,C101,8PL7CVA,Q615S1BA1,2026-08-12 04:41:10-07:00,202633,20.00,119325,NGXSDJXA0H80B002632,6,17,009T02,8B28421-D,EXABAHA008,301,3,3010001,3030000,3,303,UNDEFINED,10.2358,15.231,5.8458,9.1664,7.8773,12.0108,1.0058,2.5361,1.33,1.3818,31.3571,31.9195,1.0058,2.5361,5030.8921,7719.8402,5.8458|7.8773|10.2358,9.1663|12.0108|15.231,^GT:31.3571%0.7%19.6,^GT:5.8458%0.7%19.6%200%7.8773%0.7%19.6%300%10.2358%0.7%19.6%400,AIO
EFUSE_Q615S1BA_009_-3_-8,Q615S1BA1,X,Q615S1BA,009,-3,-8,Q615S1BA_009_-3_-8,,SDC2119,HDS2262,C101,8PL7CVA,Q615S1BA1,2026-08-12 04:41:10-07:00,202633,20.00,119325,NGXSDJXA0H80B002632,2,7,009T03,8B18438-D,EXABAHA008,101,1,1010001,1010000,1,101,UNDEFINED,10.283,15.3392,5.8951,9.2346,7.9136,12.0991,0.9669,2.5973,0.9847,1.4045,31.3421,32.1295,0.9669,2.5973,5034.8868,7725.1664,5.8951|7.9136|10.283,9.2346|12.0991|15.3392,^GT:31.3421%0.7%19.75,^GT:5.8951%0.7%19.75%200%7.9136%0.7%19.75%300%10.283%0.7%19.75%400,AIO
EFUSE_Q615S1BA_009_-3_-9,Q615S1BA1,X,Q615S1BA,009,-3,-9,Q615S1BA_009_-3_-9,,SDC2119,HDS2262,C101,8PL7CVA,Q615S1BA1,2026-08-12 04:41:10-07:00,202633,20.00,119325,NGXSDJXA0H80B002632,1,5,009T01,8B28421-D,EXABAHA008,101,1,1010001,1010000,1,101,UNDEFINED,10.2356,15.2809,5.8394,9.1656,7.8561,12.0108,1.4664,2.5289,1.2253,1.3274,31.4014,32.1858,1.4664,2.5289,4938.7483,7629.8269,5.8394|7.8561|10.2356,9.1656|12.0108|15.2809,^GT:31.4014%0.7%19.35,^GT:5.8394%0.7%19.35%200%7.8561%0.7%19.35%300%10.2356%0.7%19.35%400,AIO
EFUSE_Q615S1BA_009_-3_0,Q615S1BA1,X,Q615S1BA,009,-3,0,Q615S1BA_009_-3_0,,SDC2119,HDS2262,C101,8PL7CVA,Q615S1BA1,2026-08-12 04:41:10-07:00,202633,20.00,119325,NGXSDJXA0H80B002632,4,16,009T01,8B18438-D,EXABAHA008,301,3,3010001,3030000,3,303,UNDEFINED,10.1095,14.8741,5.7554,8.8341,7.7532,11.6582,0.8401,2.2397,0.8445,1.2326,31.1007,31.7895,0.8401,2.2397,4912.6498,7605.8589,5.7554|7.7532|10.1095,8.8341|11.6582|14.8741,^GT:31.1007%0.7%19.45,^GT:5.7554%0.7%19.45%200%7.7532%0.7%19.45%300%10.1095%0.7%19.45%400,AIO
EFUSE_Q615S1BA_009_-3_1,Q615S1BA1,X,Q615S1BA,009,-3,1,Q615S1BA_009_-3_1,,SDC2119,HDS2262,C101,8PL7CVA,Q615S1BA1,2026-08-12 04:41:10-07:00,202633,20.00,119325,NGXSDJXA0H80B002632,5,15,009T03,8B28421-D,EXABAHA008,101,1,1010001,1010000,1,101,UNDEFINED,10.0668,14.7993,5.722,8.7736,7.7531,11.5953,1.6508,2.2117,1.032,1.1996,31.0343,31.7142,1.6508,2.2117,4894.2743,7605.5925,5.722|7.7531|10.0668,8.7736|11.5953|14.7993,^GT:31.0343%0.7%19.15,^GT:5.722%0.7%19.15%200%7.7531%0.7%19.15%300%10.0668%0.7%19.15%400,AIO
EFUSE_Q615S1BA_009_-3_10,Q615S1BA1,X,Q615S1BA,009,-3,10,Q615S1BA_009_-3_10,,SDC000,HDS000,A000,8PL7CVA,Q615S1BA1,2026-08-12 04:41:10-07:00,202633,20.00,119325,NGXSDJXA0H80B002632,7,1,009T01,,XIU000,9301,93,,930100,93,9301,UNDEFINED,,,,,,,,,,,,,,,,,,,,,AIO
EFUSE_Q615S1BA_009_-3_2,Q615S1BA1,X,Q615S1BA,009,-3,2,Q615S1BA_009_-3_2,,SDC2119,HDS2262,C101,8PL7CVA,Q615S1BA1,2026-08-12 04:41:10-07:00,202633,20.00,119325,NGXSDJXA0H80B002632,3,2,009T02,8B28421-D,EXABAHA008,101,1,1010001,1010000,1,101,UNDEFINED,10.1024,14.8336,5.7461,8.809,7.77,11.6421,1.6103,2.2278,1.2545,1.2343,31.1164,31.7084,1.6103,2.2278,4916.1119,7655.3928,5.7461|7.77|10.1024,8.809|11.6421|14.8336,^GT:31.1164%0.7%19,^GT:5.7461%0.7%19%200%7.77%0.7%19%300%10.1024%0.7%19%400,AIO
EFUSE_Q615S1BA_009_-3_3,Q615S1BA1,X,Q615S1BA,009,-3,3,Q615S1BA_009_-3_3,,SDC2119,HDS2262,C101,8PL7CVA,Q615S1BA1,2026-08-12 04:41:10-07:00,202633,20.00,119325,NGXSDJXA0H80B002632,5,9,009T01,8B18438-D,EXABAHA008,301,3,3010001,3030000,3,303,UNDEFINED,10.1454,14.9291,5.8059,8.9129,7.8143,11.7235,0.6913,2.3884,0.9467,1.3212,30.9964,31.6642,0.6913,2.3884,4969.9068,7705.4594,5.8059|7.8143|10.1454,8.9129|11.7235|14.9291,^GT:30.9964%0.7%19.700000000000003,^GT:5.8059%0.7%19.700000000000003%200%7.8143%0.7%19.700000000000003%300%10.1454%0.7%19.700000000000003%400,AIO
EFUSE_Q615S1BA_009_-3_4,Q615S1BA1,X,Q615S1BA,009,-3,4,Q615S1BA_009_-3_4,,SDC2119,HDS2262,C101,8PL7CVA,Q615S1BA1,2026-08-12 04:41:10-07:00,202633,20.00,119325,NGXSDJXA0H80B002632,6,14,009T03,8B28421-D,EXABAHA008,101,1,1010001,1010000,1,101,UNDEFINED,10.1604,14.9321,5.8068,8.8925,7.8214,11.7232,1.5939,2.3129,0.9072,1.3133,31.0971,31.7874,1.5939,2.3129,5000.0,7730.759,5.8068|7.8214|10.1604,8.8925|11.7232|14.9321,^GT:31.0971%0.7%19.25,^GT:5.8068%0.7%19.25%200%7.8214%0.7%19.25%300%10.1604%0.7%19.25%400,AIO
EFUSE_Q615S1BA_009_-3_5,Q615S1BA1,X,Q615S1BA,009,-3,5,Q615S1BA_009_-3_5,,SDC2119,HDS2262,C101,8PL7CVA,Q615S1BA1,2026-08-12 04:41:10-07:00,202633,20.00,119325,NGXSDJXA0H80B002632,2,10,009T02,8B18438-D,EXABAHA008,101,1,1010001,1010000,1,101,UNDEFINED,10.1955,14.9851,5.8226,8.9308,7.851,11.7703,1.2583,2.3683,0.9304,1.3159,31.235,31.8647,1.2583,2.3683,5003.9947,7715.8455,5.8226|7.851|10.1955,8.9308|11.7703|14.9851,^GT:31.235%0.7%19.75,^GT:5.8226%0.7%19.75%200%7.851%0.7%19.75%300%10.1955%0.7%19.75%400,AIO
EFUSE_Q615S1BA_009_-3_6,Q615S1BA1,X,Q615S1BA,009,-3,6,Q615S1BA_009_-3_6,,SDC2119,HDS2262,C101,8PL7CVA,Q615S1BA1,2026-08-12 04:41:10-07:00,202633,20.00,119325,NGXSDJXA0H80B002632,6,18,009T01,8B18438-D,EXABAHA008,301,3,3010001,3030000,3,303,UNDEFINED,10.2255,15.0574,5.8604,8.9942,7.871,11.8276,1.4452,2.3938,0.9879,1.3289,31.1793,31.9116,1.4452,2.3938,5007.9893,7709.9867,5.8604|7.871|10.2255,8.9942|11.8276|15.0574,^GT:31.1793%0.7%19.85,^GT:5.8604%0.7%19.85%200%7.871%0.7%19.85%300%10.2255%0.7%19.85%400,AIO
EFUSE_Q615S1BA_009_-3_7,Q615S1BA1,X,Q615S1BA,009,-3,7,Q615S1BA_009_-3_7,,SDC2119,HDS2262,C101,8PL7CVA,Q615S1BA1,2026-08-12 04:41:10-07:00,202633,20.00,119325,NGXSDJXA0H80B002632,7,14,009T03,8B28421-D,EXABAHA008,101,1,1010001,1010000,1,101,UNDEFINED,10.2475,15.0936,5.8627,9.014,7.8806,11.8472,0.9065,2.3676,1.1685,1.3442,31.32,31.9979,0.9065,2.3676,4985.6192,7689.2144,5.8627|7.8806|10.2475,9.014|11.8472|15.0936,^GT:31.32%0.7%19.5,^GT:5.8627%0.7%19.5%200%7.8806%0.7%19.5%300%10.2475%0.7%19.5%400,AIO
EFUSE_Q615S1BA_009_-3_8,Q615S1BA1,X,Q615S1BA,009,-3,8,Q615S1BA_009_-3_8,,SDC2119,HDS2262,C101,8PL7CVA,Q615S1BA1,2026-08-12 04:41:10-07:00,202633,20.00,119325,NGXSDJXA0H80B002632,2,1,009T02,8B18438-D,EXABAHA008,101,1,1010001,1010000,1,101,UNDEFINED,10.2426,15.089,5.8315,8.9711,7.8658,11.8215,1.137,2.3258,0.9213,1.2803,31.5079,32.2,1.137,2.3258,4962.4501,7655.6591,5.8315|7.8658|10.2426,8.971|11.8215|15.089,^GT:31.5079%0.7%19.6,^GT:5.8315%0.7%19.6%200%7.8658%0.7%19.6%300%10.2426%0.7%19.6%400,AIO
EFUSE_Q615S1BA_009_-3_9,Q615S1BA1,X,Q615S1BA,009,-3,9,Q615S1BA_009_-3_9,,SDC2119,HDS2262,C101,8PL7CVA,Q615S1BA1,2026-08-12 04:41:10-07:00,202633,20.00,119325,NGXSDJXA0H80B002632,7,13,009T01,8B28421-D,EXABAHA008,101,1,1010001,1010000,1,101,UNDEFINED,10.1965,15.0084,5.7856,8.8929,7.8038,11.7259,0.8427,2.1916,1.1574,1.2033,31.5064,32.1868,0.8427,2.1916,4891.6112,7580.8256,5.7856|7.8038|10.1965,8.8929|11.7259|15.0084,^GT:31.5064%0.7%19.700000000000003,^GT:5.7856%0.7%19.700000000000003%200%7.8038%0.7%19.700000000000003%300%10.1965%0.7%19.700000000000003%400,AIO
EFUSE_Q615S1BA_009_-4_-1,Q615S1BA1,X,Q615S1BA,009,-4,-1,Q615S1BA_009_-4_-1,,SDC2119,HDS2262,C101,8PL7CVA,Q615S1BA1,2026-08-12 04:41:10-07:00,202633,20.00,119325,NGXSDJXA0H80B002632,4,14,009T02,8B28421-D,EXABAHA008,101,1,1010001,1010000,1,101,UNDEFINED,10.1214,14.9058,5.7707,8.8727,7.7849,11.7001,0.6902,2.3431,0.8991,1.2891,31.0771,31.7532,0.6902,2.3431,4993.0759,7686.8176,5.7706|7.7849|10.1214,8.8727|11.7001|14.9058,^GT:31.0771%0.7%19,^GT:5.7706%0.7%19%200%7.7849%0.7%19%300%10.1214%0.7%19%400,AIO
EFUSE_Q615S1BA_009_-4_-10,Q615S1BA1,X,Q615S1BA,009,-4,-10,Q615S1BA_009_-4_-10,,SDC2119,HDS2262,C101,8PL7CVA,Q615S1BA1,2026-08-12 04:41:10-07:00,202633,20.00,119325,NGXSDJXA0H80B002632,1,7,009T01,8B18438-D,EXABAHA008,101,1,1010001,1010000,1,101,UNDEFINED,10.0737,14.9788,5.6814,8.8756,7.699,11.721,0.6199,2.2146,0.8749,1.158,31.3736,32.1221,0.6199,2.2146,4796.2716,7443.1425,5.6814|7.699|10.0737,8.8756|11.721|14.9788,^GT:31.3736%0.7%19.75,^GT:5.6814%0.7%19.75%200%7.699%0.7%19.75%300%10.0737%0.7%19.75%400,AIO
EFUSE_Q615S1BA_009_-4_-2,Q615S1BA1,X,Q615S1BA,009,-4,-2,Q615S1BA_009_-4_-2,,SDC2119,HDS2262,C101,8PL7CVA,Q615S1BA1,2026-08-12 04:41:10-07:00,202633,20.00,119325,NGXSDJXA0H80B002632,4,9,009T03,8B18438-D,EXABAHA008,301,3,3010001,3030000,3,303,UNDEFINED,10.1413,14.9413,5.7963,8.9075,7.8131,11.7359,1.2855,2.3579,0.8885,1.2956,31.0357,31.7574,1.2855,2.3579,5001.8642,7716.1119,5.7963|7.8131|10.1413,8.9074|11.7359|14.9413,^GT:31.0357%0.7%19.85,^GT:5.7963%0.7%19.85%200%7.8131%0.7%19.85%300%10.1413%0.7%19.85%400,AIO
EFUSE_Q615S1BA_009_-4_-3,Q615S1BA1,X,Q615S1BA,009,-4,-3,Q615S1BA_009_-4_-3,,SDC2119,HDS2262,C101,8PL7CVA,Q615S1BA1,2026-08-12 04:41:10-07:00,202633,20.00,119325,NGXSDJXA0H80B002632,3,15,009T01,8B18438-D,EXABAHA008,101,1,1010001,1010000,1,101,UNDEFINED,10.1388,14.9511,5.7911,8.9071,7.7932,11.7246,1.4149,2.2976,0.8723,1.2798,31.055,31.8105,1.4149,2.2976,4985.8855,7701.9973,5.7911|7.7932|10.1388,8.9071|11.7246|14.9511,^GT:31.055%0.7%20.35,^GT:5.7911%0.7%20.35%200%7.7932%0.7%20.35%300%10.1388%0.7%20.35%400,AIO
EFUSE_Q615S1BA_009_-4_-4,Q615S1BA1,X,Q615S1BA,009,-4,-4,Q615S1BA_009_-4_-4,,SDC2119,HDS2262,C101,8PL7CVA,Q615S1BA1,2026-08-12 04:41:10-07:00,202633,20.00,119325,NGXSDJXA0H80B002632,6,6,009T02,8B28421-D,EXABAHA008,101,1,1010001,1010000,1,101,UNDEFINED,10.037,14.8166,5.6943,8.7809,7.7,11.6231,1.2824,2.239,1.0667,1.1752,31.0193,31.7668,1.2823,2.239,4953.9281,7673.502,5.6943|7.7|10.037,8.7809|11.6231|14.8166,^GT:31.0193%0.7%18.95,^GT:5.6943%0.7%18.95%200%7.7%0.7%18.95%300%10.037%0.7%18.95%400,AIO
EFUSE_Q615S1BA_009_-4_-5,Q615S1BA1,X,Q615S1BA,009,-4,-5,Q615S1BA_009_-4_-5,,SDC2119,HDS2262,C101,8PL7CVA,Q615S1BA1,2026-08-12 04:41:10-07:00,202633,20.00,119325,NGXSDJXA0H80B002632,2,17,009T03,8B18438-D,EXABAHA008,101,1,1010001,1010000,1,101,UNDEFINED,10.0911,14.9558,5.7413,8.9072,7.7443,11.7289,1.5539,2.3083,1.1976,1.2338,31.07,31.8347,1.5539,2.3083,4971.5047,7663.1158,5.7413|7.7443|10.0911,8.9072|11.7289|14.9558,^GT:31.07%0.7%19.65,^GT:5.7413%0.7%19.65%200%7.7443%0.7%19.65%300%10.0911%0.7%19.65%400,AIO
EFUSE_Q615S1BA_009_-4_-6,Q615S1BA1,X,Q615S1BA,009,-4,-6,Q615S1BA_009_-4_-6,,SDC2119,HDS2262,C101,8PL7CVA,Q615S1BA1,2026-08-12 04:41:10-07:00,202633,20.00,119325,NGXSDJXA0H80B002632,2,13,009T01,8B28421-D,EXABAHA008,101,1,1010001,1010000,1,101,UNDEFINED,10.1735,15.1232,5.7984,9.0613,7.8137,11.8905,1.5717,2.4216,0.905,1.3138,31.2507,31.9047,1.5717,2.4216,5026.0985,7713.1824,5.7984|7.8137|10.1735,9.0613|11.8905|15.1232,^GT:31.2507%0.7%19.6,^GT:5.7984%0.7%19.6%200%7.8137%0.7%19.6%300%10.1735%0.7%19.6%400,AIO
EFUSE_Q615S1BA_009_-4_-7,Q615S1BA1,X,Q615S1BA,009,-4,-7,Q615S1BA_009_-4_-7,,SDC2119,HDS2262,C101,8PL7CVA,Q615S1BA1,2026-08-12 04:41:10-07:00,202633,20.00,119325,NGXSDJXA0H80B002632,6,16,009T02,8B18438-D,EXABAHA008,101,1,1010001,1010000,1,101,UNDEFINED,10.2746,15.3044,5.9035,9.2215,7.9155,12.0617,1.6813,2.5739,1.046,1.4134,31.2221,32.0153,1.6813,2.5739,5059.9201,7739.0146,5.9035|7.9155|10.2746,9.2215|12.0617|15.3044,^GT:31.2221%0.7%19.85,^GT:5.9035%0.7%19.85%200%7.9155%0.7%19.85%300%10.2746%0.7%19.85%400,AIO
EFUSE_Q615S1BA_009_-4_-8,Q615S1BA1,X,Q615S1BA,009,-4,-8,Q615S1BA_009_-4_-8,,SDC2119,HDS2262,C101,8PL7CVA,Q615S1BA1,2026-08-12 04:41:10-07:00,202633,20.00,119325,NGXSDJXA0H80B002632,2,8,009T03,8B28421-D,EXABAHA008,101,1,1010001,1010000,1,101,UNDEFINED,10.243,15.2786,5.8586,9.1752,7.8748,12.0286,0.7191,2.5429,0.9744,1.3647,31.3171,32.1232,0.7191,2.5429,4991.2117,7687.3502,5.8586|7.8748|10.243,9.1752|12.0286|15.2786,^GT:31.3171%0.7%19.35,^GT:5.8586%0.7%19.35%200%7.8748%0.7%19.35%300%10.243%0.7%19.35%400,AIO
EFUSE_Q615S1BA_009_-4_-9,Q615S1BA1,X,Q615S1BA,009,-4,-9,Q615S1BA_009_-4_-9,,SDC2119,HDS2262,C101,8PL7CVA,Q615S1BA1,2026-08-12 04:41:10-07:00,202633,20.00,119325,NGXSDJXA0H80B002632,7,7,009T02,8B18438-D,EXABAHA008,101,1,1010001,1010000,1,101,UNDEFINED,10.1869,15.2101,5.7881,9.0983,7.8188,11.9655,1.0752,2.4381,1.1292,1.2894,31.42,32.1674,1.0752,2.4381,4905.1931,7592.277,5.7881|7.8188|10.1869,9.0983|11.9655|15.2101,^GT:31.42%0.7%19.85,^GT:5.7881%0.7%19.85%200%7.8188%0.7%19.85%300%10.1869%0.7%19.85%400,AIO
EFUSE_Q615S1BA_009_-4_0,Q615S1BA1,X,Q615S1BA,009,-4,0,Q615S1BA_009_-4_0,,SDC2119,HDS2262,C101,8PL7CVA,Q615S1BA1,2026-08-12 04:41:10-07:00,202633,20.00,119325,NGXSDJXA0H80B002632,4,17,009T01,8B18438-D,EXABAHA008,302,3,3020001,3030000,3,303,UNDEFINED,10.1182,14.9087,5.7736,8.8732,7.7872,11.6986,1.001,2.3372,1.0712,1.2608,31.0329,31.7658,1.001,2.3372,4955.2597,7645.0067,5.7736|7.7872|10.1182,8.8732|11.6986|14.9087,^GT:31.0329%0.7%20,^GT:5.7736%0.7%20%200%7.7872%0.7%20%300%10.1182%0.7%20%400,AIO
EFUSE_Q615S1BA_009_-4_1,Q615S1BA1,X,Q615S1BA,009,-4,1,Q615S1BA_009_-4_1,,SDC2119,HDS2262,C101,8PL7CVA,Q615S1BA1,2026-08-12 04:41:10-07:00,202633,20.00,119325,NGXSDJXA0H80B002632,5,16,009T03,8B28421-D,EXABAHA008,302,3,3020001,3030000,3,303,UNDEFINED,10.1156,14.8837,5.7564,8.8547,7.7758,11.6757,1.4537,2.2635,0.9503,1.2532,31.1371,31.7316,1.4536,2.2635,4941.1451,7655.6591,5.7564|7.7758|10.1156,8.8547|11.6757|14.8837,^GT:31.1371%0.7%19.5,^GT:5.7564%0.7%19.5%200%7.7758%0.7%19.5%300%10.1156%0.7%19.5%400,AIO
EFUSE_Q615S1BA_009_-4_2,Q615S1BA1,X,Q615S1BA,009,-4,2,Q615S1BA_009_-4_2,,SDC2119,HDS2262,C101,8PL7CVA,Q615S1BA1,2026-08-12 04:41:10-07:00,202633,20.00,119325,NGXSDJXA0H80B002632,3,1,009T02,8B28421-D,EXABAHA008,101,1,1010001,1010000,1,101,UNDEFINED,10.1162,14.8629,5.7697,8.8342,7.7886,11.6653,0.6361,2.2876,0.9216,1.2655,31.0464,31.73,0.6361,2.2876,4942.2104,7670.3063,5.7697|7.7886|10.1162,8.8342|11.6653|14.8629,^GT:31.0464%0.7%19.85,^GT:5.7697%0.7%19.85%200%7.7886%0.7%19.85%300%10.1162%0.7%19.85%400,AIO
EFUSE_Q615S1BA_009_-4_3,Q615S1BA1,X,Q615S1BA,009,-4,3,Q615S1BA_009_-4_3,,SDC2119,HDS2262,C101,8PL7CVA,Q615S1BA1,2026-08-12 04:41:10-07:00,202633,20.00,119325,NGXSDJXA0H80B002632,5,10,009T01,8B18438-D,EXABAHA008,101,1,1010001,1010000,1,101,UNDEFINED,10.1253,14.9107,5.7814,8.9017,7.7988,11.7229,1.3867,2.2983,0.9584,1.2943,31.0279,31.6263,1.3867,2.2983,4963.7816,7687.8828,5.7814|7.7988|10.1253,8.9017|11.7229|14.9107,^GT:31.0279%0.7%19.799999999999997,^GT:5.7814%0.7%19.799999999999997%200%7.7988%0.7%19.799999999999997%300%10.1253%0.7%19.799999999999997%400,AIO
EFUSE_Q615S1BA_009_-4_4,Q615S1BA1,X,Q615S1BA,009,-4,4,Q615S1BA_009_-4_4,,SDC2119,HDS2262,C101,8PL7CVA,Q615S1BA1,2026-08-12 04:41:10-07:00,202633,20.00,119325,NGXSDJXA0H80B002632,6,15,009T03,8B28421-D,EXABAHA008,101,1,1010001,1010000,1,101,UNDEFINED,10.1886,14.9796,5.8267,8.9397,7.845,11.767,0.8866,2.3857,1.1013,1.3252,31.1564,31.7889,0.8866,2.3857,4988.016,7703.5952,5.8267|7.845|10.1886,8.9397|11.767|14.9796,^GT:31.1564%0.7%19.55,^GT:5.8267%0.7%19.55%200%7.845%0.7%19.55%300%10.1886%0.7%19.55%400,AIO
EFUSE_Q615S1BA_009_-4_5,Q615S1BA1,X,Q615S1BA,009,-4,5,Q615S1BA_009_-4_5,,SDC2119,HDS2262,C101,8PL7CVA,Q615S1BA1,2026-08-12 04:41:10-07:00,202633,20.00,119325,NGXSDJXA0H80B002632,2,9,009T02,8B28421-D,EXABAHA008,101,1,1010001,1010000,1,101,UNDEFINED,10.2316,15.0971,5.8665,9.0064,7.8836,11.8495,1.1102,2.4505,1.0697,1.3679,31.1793,32.0563,1.1102,2.4505,5009.5872,7707.3236,5.8665|7.8836|10.2316,9.0064|11.8495|15.0971,^GT:31.1793%0.7%19.9,^GT:5.8665%0.7%19.9%200%7.8836%0.7%19.9%300%10.2316%0.7%19.9%400,AIO
EFUSE_Q615S1BA_009_-4_6,Q615S1BA1,X,Q615S1BA,009,-4,6,Q615S1BA_009_-4_6,,SDC2119,HDS2262,C101,8PL7CVA,Q615S1BA1,2026-08-12 04:41:10-07:00,202633,20.00,119325,NGXSDJXA0H80B002632,6,19,009T01,8B28421-D,EXABAHA008,101,1,1010001,1010000,1,101,UNDEFINED,10.2751,15.1571,5.9042,9.0779,7.91,11.9119,0.8073,2.4218,0.9977,1.3898,31.2207,31.9958,0.8073,2.4218,5005.5925,7713.1824,5.9042|7.91|10.2751,9.0779|11.9119|15.1571,^GT:31.2207%0.7%19.45,^GT:5.9042%0.7%19.45%200%7.91%0.7%19.45%300%10.2751%0.7%19.45%400,AIO
EFUSE_Q615S1BA_009_-4_7,Q615S1BA1,X,Q615S1BA,009,-4,7,Q615S1BA_009_-4_7,,SDC2119,HDS2262,C101,8PL7CVA,Q615S1BA1,2026-08-12 04:41:10-07:00,202633,20.00,119325,NGXSDJXA0H80B002632,7,15,009T03,8B28421-D,EXABAHA008,101,1,1010001,1010000,1,101,UNDEFINED,10.2806,15.1403,5.888,9.0424,7.928,11.8822,1.734,2.4148,0.9776,1.3656,31.3757,32.0942,1.734,2.4148,5017.5766,7720.1065,5.888|7.928|10.2806,9.0424|11.8822|15.1403,^GT:31.3757%0.7%19.15,^GT:5.888%0.7%19.15%200%7.928%0.7%19.15%300%10.2806%0.7%19.15%400,AIO
EFUSE_Q615S1BA_009_-4_8,Q615S1BA1,X,Q615S1BA,009,-4,8,Q615S1BA_009_-4_8,,SDC2119,HDS2262,C101,8PL7CVA,Q615S1BA1,2026-08-12 04:41:10-07:00,202633,20.00,119325,NGXSDJXA0H80B002632,2,2,009T02,8B18438-D,EXABAHA008,101,1,1010001,1010000,1,101,UNDEFINED,10.24,15.0792,5.841,8.971,7.8574,11.8076,0.9605,2.338,1.0576,1.3054,31.4214,32.1484,0.9605,2.3379,4943.2756,7637.5499,5.841|7.8574|10.24,8.971|11.8076|15.0792,^GT:31.4214%0.7%19.75,^GT:5.841%0.7%19.75%200%7.8574%0.7%19.75%300%10.24%0.7%19.75%400,AIO
EFUSE_Q615S1BA_009_-4_9,Q615S1BA1,X,Q615S1BA,009,-4,9,Q615S1BA_009_-4_9,,SDC2119,HDS2262,C101,8PL7CVA,Q615S1BA1,2026-08-12 04:41:10-07:00,202633,20.00,119325,NGXSDJXA0H80B002632,7,14,009T01,8B28421-D,EXABAHA008,301,3,3010001,3030000,3,303,UNDEFINED,10.1817,14.9578,5.7911,8.8429,7.8109,11.69,0.7109,2.1891,1.0353,1.2162,31.3614,32.1837,0.7109,2.1891,4885.486,7566.1784,5.7911|7.8109|10.1817,8.8429|11.69|14.9578,^GT:31.3614%0.7%19.45,^GT:5.7911%0.7%19.45%200%7.8109%0.7%19.45%300%10.1817%0.7%19.45%400,AIO
EFUSE_Q615S1BA_009_-5_-1,Q615S1BA1,X,Q615S1BA,009,-5,-1,Q615S1BA_009_-5_-1,B82020000_FAIL_SCN_GT_GXX_CTRL_X_GFXAGG_K_BEGIN_X_X_X_X_X_EVALUATE_4,SDC2119,HDS2262,C101,8PL7CVA,Q615S1BA1,2026-08-12 04:41:10-07:00,202633,20.00,119325,NGXSDJXA0H80B002632,4,13,009T02,8B18438-D,EXABAHA008,8202,82,82020000,82020000,82,8202,UNDEFINED,10.0898,14.8639,5.754,8.8781,7.7774,11.6762,1.5071,2.3065,1.2698,1.2854,30.9707,31.5042,1.5071,2.3065,4974.4341,7689.747,5.7539|7.7774|10.0898,8.8781|11.6762|14.8639,^GT:30.9707%0.7%19.75,^GT:5.7539%0.7%19.75%200%7.7774%0.7%19.75%300%10.0898%0.7%19.75%400,AIO
EFUSE_Q615S1BA_009_-5_-2,Q615S1BA1,X,Q615S1BA,009,-5,-2,Q615S1BA_009_-5_-2,,SDC2119,HDS2262,C101,8PL7CVA,Q615S1BA1,2026-08-12 04:41:10-07:00,202633,20.00,119325,NGXSDJXA0H80B002632,4,11,009T03,8B28421-D,EXABAHA008,301,3,3010001,3030000,3,303,UNDEFINED,10.0814,14.9083,5.7607,8.8868,7.7499,11.7055,1.3926,2.3437,0.9617,1.3056,30.8621,31.6921,1.3926,2.3437,4978.9614,7708.3888,5.7607|7.7499|10.0814,8.8868|11.7055|14.9083,^GT:30.8621%0.7%19.700000000000003,^GT:5.7607%0.7%19.700000000000003%200%7.7499%0.7%19.700000000000003%300%10.0814%0.7%19.700000000000003%400,AIO
EFUSE_Q615S1BA_009_-5_-3,Q615S1BA1,X,Q615S1BA,009,-5,-3,Q615S1BA_009_-5_-3,,SDC2119,HDS2262,C101,8PL7CVA,Q615S1BA1,2026-08-12 04:41:10-07:00,202633,20.00,119325,NGXSDJXA0H80B002632,3,16,009T01,8B28421-D,EXABAHA008,101,1,1010001,1010000,1,101,UNDEFINED,10.0675,14.8902,5.7217,8.8472,7.7208,11.6758,0.6418,2.2433,1.1534,1.2168,31.0414,31.8053,0.6418,2.2433,4955.7923,7662.5832,5.7217|7.7208|10.0675,8.8472|11.6758|14.8902,^GT:31.0414%0.7%19.35,^GT:5.7217%0.7%19.35%200%7.7208%0.7%19.35%300%10.0675%0.7%19.35%400,AIO
EFUSE_Q615S1BA_009_-5_-4,Q615S1BA1,X,Q615S1BA,009,-5,-4,Q615S1BA_009_-5_-4,B29010001_FAIL_PTH_BGR_GXXX_BGR_X_ANADC_K_BEGIN_X_X_X_X_BGR_ANAPRB_POST_2,SDC2119,HDS2262,C101,8PL7CVA,Q615S1BA1,2026-08-12 04:41:10-07:00,202633,20.00,119325,NGXSDJXA0H80B002632,6,7,009T02,8B18438-D,EXABAHA008,2901,29,29010001,29010001,29,2901,UNDEFINED,10.1081,14.9445,5.7349,8.8859,7.7476,11.7214,0.6374,2.28,0.8611,1.2278,31.2371,31.8874,0.6374,2.28,4954.9933,7639.6804,5.7349|7.7476|10.1081,8.8859|11.7214|14.9445,^GT:31.2371%0.7%19.65,^GT:5.7349%0.7%19.65%200%7.7476%0.7%19.65%300%10.1081%0.7%19.65%400,AIO
EFUSE_Q615S1BA_009_-5_-5,Q615S1BA1,X,Q615S1BA,009,-5,-5,Q615S1BA_009_-5_-5,,SDC2119,HDS2262,C101,8PL7CVA,Q615S1BA1,2026-08-12 04:41:10-07:00,202633,20.00,119325,NGXSDJXA0H80B002632,2,16,009T03,8B18438-D,EXABAHA008,101,1,1010001,1010000,1,101,UNDEFINED,10.1582,15.1177,5.7799,9.0292,7.7978,11.8741,0.723,2.4406,0.8983,1.2863,31.2736,32.0447,0.723,2.4406,4976.032,7649.2676,5.7799|7.7978|10.1582,9.0292|11.8741|15.1177,^GT:31.2736%0.7%19.85,^GT:5.7799%0.7%19.85%200%7.7978%0.7%19.85%300%10.1582%0.7%19.85%400,AIO
EFUSE_Q615S1BA_009_-5_-6,Q615S1BA1,X,Q615S1BA,009,-5,-6,Q615S1BA_009_-5_-6,,SDC2119,HDS2262,C101,8PL7CVA,Q615S1BA1,2026-08-12 04:41:10-07:00,202633,20.00,119325,NGXSDJXA0H80B002632,2,14,009T01,8B28421-D,EXABAHA008,101,1,1010001,1010000,1,101,UNDEFINED,10.2279,15.2466,5.8526,9.1394,7.8584,11.993,0.9558,2.4868,1.2757,1.357,31.2521,32.1432,0.9558,2.4868,5012.783,7688.4154,5.8526|7.8584|10.2279,9.1394|11.993|15.2466,^GT:31.2521%0.7%19.5,^GT:5.8526%0.7%19.5%200%7.8584%0.7%19.5%300%10.2279%0.7%19.5%400,AIO
EFUSE_Q615S1BA_009_-5_-7,Q615S1BA1,X,Q615S1BA,009,-5,-7,Q615S1BA_009_-5_-7,,SDC2119,HDS2262,C101,8PL7CVA,Q615S1BA1,2026-08-12 04:41:10-07:00,202633,20.00,119325,NGXSDJXA0H80B002632,6,15,009T02,8B18438-D,EXABAHA008,301,3,3010001,3030000,3,303,UNDEFINED,10.2454,15.2616,5.8752,9.1855,7.8856,12.0246,1.6047,2.5777,1.3537,1.4069,31.2157,31.9795,1.6047,2.5777,5031.4248,7722.237,5.8752|7.8856|10.2454,9.1855|12.0246|15.2616,^GT:31.2157%0.7%19.85,^GT:5.8752%0.7%19.85%200%7.8856%0.7%19.85%300%10.2454%0.7%19.85%400,AIO
EFUSE_Q615S1BA_009_-5_-8,Q615S1BA1,X,Q615S1BA,009,-5,-8,Q615S1BA_009_-5_-8,,SDC2119,HDS2262,C101,8PL7CVA,Q615S1BA1,2026-08-12 04:41:10-07:00,202633,20.00,119325,NGXSDJXA0H80B002632,2,9,009T03,8B28421-D,EXABAHA008,301,3,3010001,3030000,3,303,UNDEFINED,10.2235,15.2296,5.8157,9.1179,7.8401,11.9751,1.4046,2.4706,0.9282,1.3177,31.485,32.1668,1.4046,2.4706,4936.3515,7623.7017,5.8156|7.8401|10.2235,9.1179|11.9751|15.2296,^GT:31.485%0.7%19.200000000000003,^GT:5.8156%0.7%19.200000000000003%200%7.8401%0.7%19.200000000000003%300%10.2235%0.7%19.200000000000003%400,AIO
EFUSE_Q615S1BA_009_-5_-9,Q615S1BA1,X,Q615S1BA,009,-5,-9,Q615S1BA_009_-5_-9,B82020000_FAIL_SCN_GT_GXX_CTRL_X_GFXAGG_K_BEGIN_X_X_X_X_X_EVALUATE_4,SDC2119,HDS2262,C101,8PL7CVA,Q615S1BA1,2026-08-12 04:41:10-07:00,202633,20.00,119325,NGXSDJXA0H80B002632,1,9,009T03,8B18438-D,EXABAHA008,8202,82,82020000,82020000,82,8202,UNDEFINED,10.1426,15.133,5.7568,9.0263,7.7734,11.8583,0.6857,2.3661,1.1645,1.2498,31.3271,32.1405,0.6857,2.3661,4860.1864,7528.8948,5.7568|7.7734|10.1426,9.0263|11.8583|15.133,^GT:31.3271%0.7%19.6,^GT:5.7568%0.7%19.6%200%7.7734%0.7%19.6%300%10.1426%0.7%19.6%400,AIO
EFUSE_Q615S1BA_009_-5_0,Q615S1BA1,X,Q615S1BA,009,-5,0,Q615S1BA_009_-5_0,,SDC2119,HDS2262,C101,8PL7CVA,Q615S1BA1,2026-08-12 04:41:10-07:00,202633,20.00,119325,NGXSDJXA0H80B002632,4,18,009T01,8B18438-D,EXABAHA008,301,3,3010001,3030000,3,303,UNDEFINED,10.1132,14.8957,5.7692,8.8766,7.7692,11.6999,1.6818,2.3087,1.108,1.2828,31.0293,31.6795,1.6818,2.3087,4953.3955,7654.8602,5.7691|7.7692|10.1132,8.8766|11.6999|14.8957,^GT:31.0293%0.7%19.9,^GT:5.7691%0.7%19.9%200%7.7692%0.7%19.9%300%10.1132%0.7%19.9%400,AIO
EFUSE_Q615S1BA_009_-5_1,Q615S1BA1,X,Q615S1BA,009,-5,1,Q615S1BA_009_-5_1,,SDC2119,HDS2262,C101,8PL7CVA,Q615S1BA1,2026-08-12 04:41:10-07:00,202633,20.00,119325,NGXSDJXA0H80B002632,5,17,009T03,8B28421-D,EXABAHA008,101,1,1010001,1010000,1,101,UNDEFINED,10.1473,14.9673,5.7956,8.9303,7.8179,11.7601,0.7321,2.3543,0.9348,1.3104,31.0836,31.7737,0.7321,2.3543,4954.4607,7668.4421,5.7956|7.8179|10.1473,8.9303|11.7601|14.9673,^GT:31.0836%0.7%19.5,^GT:5.7956%0.7%19.5%200%7.8179%0.7%19.5%300%10.1473%0.7%19.5%400,AIO
EFUSE_Q615S1BA_009_-5_2,Q615S1BA1,X,Q615S1BA,009,-5,2,Q615S1BA_009_-5_2,,SDC2119,HDS2262,C101,8PL7CVA,Q615S1BA1,2026-08-12 04:41:10-07:00,202633,20.00,119325,NGXSDJXA0H80B002632,4,1,009T02,8B18438-D,EXABAHA008,101,1,1010001,1010000,1,101,UNDEFINED,10.131,14.9156,5.7677,8.8745,7.7874,11.7034,1.3881,2.3171,0.8581,1.2682,31.1664,31.7953,1.3881,2.3171,4942.4767,7649.0013,5.7677|7.7873|10.131,8.8745|11.7034|14.9156,^GT:31.1664%0.7%19.6,^GT:5.7677%0.7%19.6%200%7.7873%0.7%19.6%300%10.131%0.7%19.6%400,AIO
EFUSE_Q615S1BA_009_-5_3,Q615S1BA1,X,Q615S1BA,009,-5,3,Q615S1BA_009_-5_3,,SDC2119,HDS2262,C101,8PL7CVA,Q615S1BA1,2026-08-12 04:41:10-07:00,202633,20.00,119325,NGXSDJXA0H80B002632,5,11,009T01,8B18438-D,EXABAHA008,101,1,1010001,1010000,1,101,UNDEFINED,10.182,14.9975,5.7973,8.9284,7.8154,11.7542,0.7308,2.3428,1.2239,1.3058,31.3193,31.9426,0.7308,2.3428,4964.3142,7656.9907,5.7973|7.8154|10.182,8.9284|11.7542|14.9975,^GT:31.3193%0.7%19.799999999999997,^GT:5.7973%0.7%19.799999999999997%200%7.8154%0.7%19.799999999999997%300%10.182%0.7%19.799999999999997%400,AIO
EFUSE_Q615S1BA_009_-5_4,Q615S1BA1,X,Q615S1BA,009,-5,4,Q615S1BA_009_-5_4,,SDC2119,HDS2262,C101,8PL7CVA,Q615S1BA1,2026-08-12 04:41:10-07:00,202633,20.00,119325,NGXSDJXA0H80B002632,6,16,009T03,8B18438-D,EXABAHA008,101,1,1010001,1010000,1,101,UNDEFINED,10.2932,15.1883,5.9259,9.1259,7.9325,11.9501,0.9308,2.5033,1.0329,1.4224,31.195,31.9074,0.9308,2.5033,5031.6911,7721.1718,5.9259|7.9325|10.2932,9.1259|11.9501|15.1883,^GT:31.195%0.7%19.9,^GT:5.9259%0.7%19.9%200%7.9325%0.7%19.9%300%10.2932%0.7%19.9%400,AIO
EFUSE_Q615S1BA_009_-5_5,Q615S1BA1,X,Q615S1BA,009,-5,5,Q615S1BA_009_-5_5,,SDC2119,HDS2262,C101,8PL7CVA,Q615S1BA1,2026-08-12 04:41:10-07:00,202633,20.00,119325,NGXSDJXA0H80B002632,2,8,009T02,8B18438-D,EXABAHA008,101,1,1010001,1010000,1,101,UNDEFINED,10.294,15.1847,5.9146,9.1062,7.9351,11.9522,0.9514,2.4928,1.4322,1.4474,31.2814,31.9926,0.9514,2.4928,5010.3862,7699.8668,5.9146|7.9351|10.294,9.1061|11.9522|15.1847,^GT:31.2814%0.7%19.799999999999997,^GT:5.9146%0.7%19.799999999999997%200%7.9351%0.7%19.799999999999997%300%10.294%0.7%19.799999999999997%400,AIO
EFUSE_Q615S1BA_009_-5_6,Q615S1BA1,X,Q615S1BA,009,-5,6,Q615S1BA_009_-5_6,B82020000_FAIL_SCN_GT_GXX_CTRL_X_GFXAGG_K_BEGIN_X_X_X_X_X_EVALUATE_4,SDC2119,HDS2262,C101,8PL7CVA,Q615S1BA1,2026-08-12 04:41:10-07:00,202633,20.00,119325,NGXSDJXA0H80B002632,7,19,009T01,8B18438-D,EXABAHA008,8202,82,82020000,82020000,82,8202,UNDEFINED,10.3327,15.2517,5.9441,9.1346,7.9526,11.9897,1.2263,2.499,1.0896,1.4154,31.3479,32.1953,1.2263,2.499,5013.3156,7702.53,5.944|7.9526|10.3327,9.1346|11.9897|15.2517,^GT:31.3479%0.7%20,^GT:5.944%0.7%20%200%7.9526%0.7%20%300%10.3327%0.7%20%400,AIO
EFUSE_Q615S1BA_009_-5_7,Q615S1BA1,X,Q615S1BA,009,-5,7,Q615S1BA_009_-5_7,,SDC2119,HDS2262,C101,8PL7CVA,Q615S1BA1,2026-08-12 04:41:10-07:00,202633,20.00,119325,NGXSDJXA0H80B002632,7,16,009T03,8B18438-D,EXABAHA008,301,3,3010001,3030000,3,303,UNDEFINED,10.3082,15.1893,5.8898,9.0712,7.9158,11.9139,1.3973,2.425,1.3085,1.3423,31.5607,32.2005,1.3972,2.425,4969.1079,7646.8708,5.8897|7.9158|10.3082,9.0712|11.9139|15.1893,^GT:31.5607%0.7%19.700000000000003,^GT:5.8897%0.7%19.700000000000003%200%7.9158%0.7%19.700000000000003%300%10.3082%0.7%19.700000000000003%400,AIO
EFUSE_Q615S1BA_009_-5_8,Q615S1BA1,X,Q615S1BA,009,-5,8,Q615S1BA_009_-5_8,,SDC2119,HDS2262,C101,8PL7CVA,Q615S1BA1,2026-08-12 04:41:10-07:00,202633,20.00,119325,NGXSDJXA0H80B002632,2,3,009T02,8B28421-D,EXABAHA008,101,1,1010001,1010000,1,101,UNDEFINED,10.2732,15.1236,5.8574,9.0041,7.8879,11.8492,1.7409,2.3348,0.9539,1.3062,31.5414,32.2079,1.7409,2.3348,4925.6991,7610.3862,5.8574|7.8879|10.2732,9.0041|11.8492|15.1236,^GT:31.5414%0.7%19.65,^GT:5.8574%0.7%19.65%200%7.8879%0.7%19.65%300%10.2732%0.7%19.65%400,AIO
EFUSE_Q615S1BA_009_-5_9,Q615S1BA1,X,Q615S1BA,009,-5,9,Q615S1BA_009_-5_9,,SDC000,HDS000,A000,8PL7CVA,Q615S1BA1,2026-08-12 04:41:10-07:00,202633,20.00,119325,NGXSDJXA0H80B002632,7,15,009T01,,XIU000,9301,93,,930100,93,9301,UNDEFINED,,,,,,,,,,,,,,,,,,,,,AIO
EFUSE_Q615S1BA_009_-6_-1,Q615S1BA1,X,Q615S1BA,009,-6,-1,Q615S1BA_009_-6_-1,,SDC2119,HDS2262,C101,8PL7CVA,Q615S1BA1,2026-08-12 04:41:10-07:00,202633,20.00,119325,NGXSDJXA0H80B002632,4,12,009T02,8B18438-D,EXABAHA008,101,1,1010001,1010000,1,101,UNDEFINED,10.0906,14.9354,5.762,8.9094,7.761,11.7429,1.7177,2.3485,1.2435,1.3074,30.9186,31.7158,1.7177,2.3485,4978.1625,7662.8495,5.762|7.761|10.0906,8.9094|11.7429|14.9354,^GT:30.9186%0.7%19.95,^GT:5.762%0.7%19.95%200%7.761%0.7%19.95%300%10.0906%0.7%19.95%400,AIO
EFUSE_Q615S1BA_009_-6_-2,Q615S1BA1,X,Q615S1BA,009,-6,-2,Q615S1BA_009_-6_-2,,SDC2119,HDS2262,C101,8PL7CVA,Q615S1BA1,2026-08-12 04:41:10-07:00,202633,20.00,119325,NGXSDJXA0H80B002632,4,12,009T03,8B28421-D,EXABAHA008,101,1,1010001,1010000,1,101,UNDEFINED,10.0885,14.924,5.7436,8.9069,7.7661,11.7428,0.7631,2.375,0.9367,1.2723,31.035,31.6689,0.7631,2.375,4973.1025,7663.1158,5.7436|7.7661|10.0885,8.9069|11.7428|14.924,^GT:31.035%0.7%19.45,^GT:5.7436%0.7%19.45%200%7.7661%0.7%19.45%300%10.0885%0.7%19.45%400,AIO
EFUSE_Q615S1BA_009_-6_-3,Q615S1BA1,X,Q615S1BA,009,-6,-3,Q615S1BA_009_-6_-3,,SDC2119,HDS2262,C101,8PL7CVA,Q615S1BA1,2026-08-12 04:41:10-07:00,202633,20.00,119325,NGXSDJXA0H80B002632,3,17,009T01,8B18438-D,EXABAHA008,101,1,1010001,1010000,1,101,UNDEFINED,10.1255,15.024,5.7792,8.9804,7.7872,11.8094,0.9316,2.3719,1.0533,1.2889,31.045,31.8084,0.9316,2.3719,4962.7164,7654.8602,5.7792|7.7872|10.1255,8.9804|11.8094|15.024,^GT:31.045%0.7%19.75,^GT:5.7792%0.7%19.75%200%7.7872%0.7%19.75%300%10.1255%0.7%19.75%400,AIO
EFUSE_Q615S1BA_009_-6_-4,Q615S1BA1,X,Q615S1BA,009,-6,-4,Q615S1BA_009_-6_-4,,SDC2119,HDS2262,C101,8PL7CVA,Q615S1BA1,2026-08-12 04:41:10-07:00,202633,20.00,119325,NGXSDJXA0H80B002632,6,8,009T02,8B18438-D,EXABAHA008,101,1,1010001,1010000,1,101,UNDEFINED,10.1484,15.0863,5.7784,9.0096,7.7961,11.8681,1.1645,2.392,1.2267,1.271,31.2143,31.9826,1.1645,2.392,4972.8362,7642.6099,5.7784|7.7961|10.1484,9.0096|11.8681|15.0863,^GT:31.2143%0.7%20.05,^GT:5.7784%0.7%20.05%200%7.7961%0.7%20.05%300%10.1484%0.7%20.05%400,AIO
EFUSE_Q615S1BA_009_-6_-5,Q615S1BA1,X,Q615S1BA,009,-6,-5,Q615S1BA_009_-6_-5,,SDC2119,HDS2262,C101,8PL7CVA,Q615S1BA1,2026-08-12 04:41:10-07:00,202633,20.00,119325,NGXSDJXA0H80B002632,2,15,009T03,8B18438-D,EXABAHA008,101,1,1010001,1010000,1,101,UNDEFINED,10.2069,15.2011,5.8333,9.0939,7.8584,11.9626,1.5541,2.474,1.2151,1.3304,31.24,32.1432,1.5541,2.474,4995.4727,7658.5885,5.8333|7.8584|10.2069,9.0939|11.9626|15.2011,^GT:31.24%0.7%20.1,^GT:5.8333%0.7%20.1%200%7.8584%0.7%20.1%300%10.2069%0.7%20.1%400,AIO
EFUSE_Q615S1BA_009_-6_-6,Q615S1BA1,X,Q615S1BA,009,-6,-6,Q615S1BA_009_-6_-6,,SDC2119,HDS2262,C101,8PL7CVA,Q615S1BA1,2026-08-12 04:41:10-07:00,202633,20.00,119325,NGXSDJXA0H80B002632,2,15,009T01,8B28421-D,EXABAHA008,101,1,1010001,1010000,1,101,UNDEFINED,10.2177,15.2365,5.8276,9.129,7.8545,11.9967,1.1316,2.4725,1.0889,1.3244,31.3579,32.1447,1.1316,2.4725,4985.8855,7661.7843,5.8276|7.8544|10.2177,9.129|11.9967|15.2365,^GT:31.3579%0.7%19.35,^GT:5.8276%0.7%19.35%200%7.8544%0.7%19.35%300%10.2177%0.7%19.35%400,AIO
EFUSE_Q615S1BA_009_-6_-7,Q615S1BA1,X,Q615S1BA,009,-6,-7,Q615S1BA_009_-6_-7,,SDC2119,HDS2262,C101,8PL7CVA,Q615S1BA1,2026-08-12 04:41:10-07:00,202633,20.00,119325,NGXSDJXA0H80B002632,6,14,009T02,8B28421-D,EXABAHA008,101,1,1010001,1010000,1,101,UNDEFINED,10.2394,15.2763,5.8404,9.1469,7.8533,12.0019,0.6737,2.4864,0.9514,1.3277,31.4214,32.26,0.6737,2.4864,4944.6072,7629.5606,5.8404|7.8533|10.2394,9.1469|12.0019|15.2763,^GT:31.4214%0.7%19.799999999999997,^GT:5.8404%0.7%19.799999999999997%200%7.8533%0.7%19.799999999999997%300%10.2394%0.7%19.799999999999997%400,AIO
EFUSE_Q615S1BA_009_-6_-8,Q615S1BA1,X,Q615S1BA,009,-6,-8,Q615S1BA_009_-6_-8,B82020000_FAIL_SCN_GT_GXX_CTRL_X_GFXAGG_K_BEGIN_X_X_X_X_X_EVALUATE_4,SDC2119,HDS2262,C101,8PL7CVA,Q615S1BA1,2026-08-12 04:41:10-07:00,202633,20.00,119325,NGXSDJXA0H80B002632,2,10,009T03,8B18438-D,EXABAHA008,8202,82,82020000,82020000,82,8202,UNDEFINED,10.1759,15.1514,5.7694,9.0588,7.7911,11.8897,1.6578,2.397,0.9447,1.2717,31.475,32.0663,1.6578,2.397,4882.8229,7564.5806,5.7694|7.7911|10.1759,9.0588|11.8897|15.1514,^GT:31.475%0.7%19.75,^GT:5.7694%0.7%19.75%200%7.7911%0.7%19.75%300%10.1759%0.7%19.75%400,AIO
EFUSE_Q615S1BA_009_-6_-9,Q615S1BA1,X,Q615S1BA,009,-6,-9,Q615S1BA_009_-6_-9,B81010004_FAIL_SCN_GT_GXX_CHAIN_ALL_GFXSB_K_BEGIN_HITO_GT_NOM_LFM_HVM_4,SDC2119,HDS2262,C101,8PL7CVA,Q615S1BA1,2026-08-12 04:41:10-07:00,202633,20.00,119325,NGXSDJXA0H80B002632,1,6,009T01,8B18438-D,EXABAHA008,8101,81,81010004,81010004,81,8101,UNDEFINED,10.0128,14.8564,5.6596,8.8066,7.6612,11.6192,0.9772,2.2432,0.8371,1.1626,31.0943,31.8411,0.9772,2.2432,4777.6298,7410.6525,5.6596|7.6611|10.0128,8.8066|11.6192|14.8564,^GT:31.0943%0.7%19.9,^GT:5.6596%0.7%19.9%200%7.6611%0.7%19.9%300%10.0128%0.7%19.9%400,AIO
EFUSE_Q615S1BA_009_-6_0,Q615S1BA1,X,Q615S1BA,009,-6,0,Q615S1BA_009_-6_0,,SDC2119,HDS2262,C101,8PL7CVA,Q615S1BA1,2026-08-12 04:41:10-07:00,202633,20.00,119325,NGXSDJXA0H80B002632,4,19,009T01,8B18438-D,EXABAHA008,301,3,3010001,3030000,3,303,UNDEFINED,10.1649,15.0267,5.8153,8.9847,7.8281,11.8093,1.5612,2.4272,1.253,1.3406,31.0686,31.8,1.5612,2.4272,4955.526,7638.8815,5.8153|7.8281|10.1649,8.9847|11.8093|15.0267,^GT:31.0686%0.7%20.05,^GT:5.8153%0.7%20.05%200%7.8281%0.7%20.05%300%10.1649%0.7%20.05%400,AIO
EFUSE_Q615S1BA_009_-6_1,Q615S1BA1,X,Q615S1BA,009,-6,1,Q615S1BA_009_-6_1,,SDC2119,HDS2262,C101,8PL7CVA,Q615S1BA1,2026-08-12 04:41:10-07:00,202633,20.00,119325,NGXSDJXA0H80B002632,5,18,009T03,8B18438-D,EXABAHA008,101,1,1010001,1010000,1,101,UNDEFINED,10.2131,15.0993,5.8858,9.0731,7.8902,11.896,1.3656,2.4714,1.2136,1.4043,30.9093,31.7168,1.3656,2.4714,4984.8202,7663.9148,5.8858|7.8902|10.2131,9.0731|11.896|15.0993,^GT:30.9093%0.7%19.95,^GT:5.8858%0.7%19.95%200%7.8902%0.7%19.95%300%10.2131%0.7%19.95%400,AIO
EFUSE_Q615S1BA_009_-6_2,Q615S1BA1,X,Q615S1BA,009,-6,2,Q615S1BA_009_-6_2,,SDC2119,HDS2262,C101,8PL7CVA,Q615S1BA1,2026-08-12 04:41:10-07:00,202633,20.00,119325,NGXSDJXA0H80B002632,4,2,009T02,8B28421-D,EXABAHA008,101,1,1010001,1010000,1,101,UNDEFINED,10.2495,15.1325,5.8842,9.0875,7.905,11.9206,0.9706,2.5104,1.1653,1.4129,31.1807,31.8158,0.9706,2.5104,5021.8375,7716.9108,5.8842|7.905|10.2495,9.0875|11.9206|15.1325,^GT:31.1807%0.7%19.25,^GT:5.8842%0.7%19.25%200%7.905%0.7%19.25%300%10.2495%0.7%19.25%400,AIO
EFUSE_Q615S1BA_009_-6_3,Q615S1BA1,X,Q615S1BA,009,-6,3,Q615S1BA_009_-6_3,,SDC2119,HDS2262,C101,8PL7CVA,Q615S1BA1,2026-08-12 04:41:10-07:00,202633,20.00,119325,NGXSDJXA0H80B002632,5,12,009T01,8B18438-D,EXABAHA008,101,1,1010001,1010000,1,101,UNDEFINED,10.3781,15.3229,6.0149,9.2503,8.0213,12.0925,1.8037,2.6684,1.1246,1.5354,31.1657,31.9611,1.8037,2.6684,5077.763,7772.5699,6.0149|8.0213|10.3781,9.2503|12.0925|15.3229,^GT:31.1657%0.7%20.05,^GT:6.0149%0.7%20.05%200%8.0213%0.7%20.05%300%10.3781%0.7%20.05%400,AIO
EFUSE_Q615S1BA_009_-6_4,Q615S1BA1,X,Q615S1BA,009,-6,4,Q615S1BA_009_-6_4,,SDC2119,HDS2262,C101,8PL7CVA,Q615S1BA1,2026-08-12 04:41:10-07:00,202633,20.00,119325,NGXSDJXA0H80B002632,6,17,009T03,8B18438-D,EXABAHA008,101,1,1010001,1010000,1,101,UNDEFINED,10.44,15.4328,6.0742,9.3553,8.0803,12.2008,1.9078,2.7151,1.1623,1.6031,31.1843,31.9868,1.9078,2.7151,5092.6764,7776.5646,6.0742|8.0803|10.44,9.3553|12.2008|15.4328,^GT:31.1843%0.7%20,^GT:6.0742%0.7%20%200%8.0803%0.7%20%300%10.44%0.7%20%400,AIO
EFUSE_Q615S1BA_009_-6_5,Q615S1BA1,X,Q615S1BA,009,-6,5,Q615S1BA_009_-6_5,,SDC2119,HDS2262,C101,8PL7CVA,Q615S1BA1,2026-08-12 04:41:10-07:00,202633,20.00,119325,NGXSDJXA0H80B002632,2,7,009T02,8B28421-D,EXABAHA008,101,1,1010001,1010000,1,101,UNDEFINED,10.38,15.3323,5.9996,9.2333,8.0068,12.0793,0.8474,2.58,1.3393,1.5021,31.2893,32.1,0.8473,2.58,5047.4035,7739.8136,5.9995|8.0068|10.38,9.2333|12.0793|15.3323,^GT:31.2893%0.7%19.35,^GT:5.9995%0.7%19.35%200%8.0068%0.7%19.35%300%10.38%0.7%19.35%400,AIO
EFUSE_Q615S1BA_009_-6_6,Q615S1BA1,X,Q615S1BA,009,-6,6,Q615S1BA_009_-6_6,,SDC2119,HDS2262,C101,8PL7CVA,Q615S1BA1,2026-08-12 04:41:10-07:00,202633,20.00,119325,NGXSDJXA0H80B002632,7,18,009T01,8B28421-D,EXABAHA008,101,1,1010001,1010000,1,101,UNDEFINED,10.3032,15.2039,5.9019,9.0948,7.9372,11.9491,0.7459,2.441,1.3009,1.3647,31.4379,32.1532,0.7459,2.441,4989.0812,7671.9041,5.9019|7.9372|10.3032,9.0948|11.9491|15.2039,^GT:31.4379%0.7%19.25,^GT:5.9019%0.7%19.25%200%7.9372%0.7%19.25%300%10.3032%0.7%19.25%400,AIO
EFUSE_Q615S1BA_009_-6_7,Q615S1BA1,X,Q615S1BA,009,-6,7,Q615S1BA_009_-6_7,,SDC2119,HDS2262,C101,8PL7CVA,Q615S1BA1,2026-08-12 04:41:10-07:00,202633,20.00,119325,NGXSDJXA0H80B002632,7,17,009T03,8B18438-D,EXABAHA008,301,3,3010001,3030000,3,303,UNDEFINED,10.3016,15.1758,5.8932,9.0526,7.9076,11.8984,1.6378,2.3823,0.9591,1.3506,31.4886,32.2274,1.6378,2.3823,4941.4115,7621.5712,5.8932|7.9076|10.3016,9.0526|11.8984|15.1758,^GT:31.4886%0.7%19.9,^GT:5.8932%0.7%19.9%200%7.9076%0.7%19.9%300%10.3016%0.7%19.9%400,AIO
EFUSE_Q615S1BA_009_-6_8,Q615S1BA1,X,Q615S1BA,009,-6,8,Q615S1BA_009_-6_8,,SDC000,HDS000,A000,8PL7CVA,Q615S1BA1,2026-08-12 04:41:10-07:00,202633,20.00,119325,NGXSDJXA0H80B002632,2,4,009T02,,XIU000,9301,93,,930100,93,9301,UNDEFINED,,,,,,,,,,,,,,,,,,,,,AIO
EFUSE_Q615S1BA_009_-7_-1,Q615S1BA1,X,Q615S1BA,009,-7,-1,Q615S1BA_009_-7_-1,,SDC2119,HDS2262,C101,8PL7CVA,Q615S1BA1,2026-08-12 04:41:10-07:00,202633,20.00,119325,NGXSDJXA0H80B002632,4,11,009T02,8B18438-D,EXABAHA008,101,1,1010001,1010000,1,101,UNDEFINED,10.2449,15.2126,5.8785,9.1464,7.8916,11.977,1.278,2.5041,0.9893,1.3894,31.1886,31.9274,1.278,2.5041,4998.1358,7663.1158,5.8785|7.8915|10.2449,9.1464|11.977|15.2126,^GT:31.1886%0.7%19.9,^GT:5.8785%0.7%19.9%200%7.8915%0.7%19.9%300%10.2449%0.7%19.9%400,AIO
EFUSE_Q615S1BA_009_-7_-2,Q615S1BA1,X,Q615S1BA,009,-7,-2,Q615S1BA_009_-7_-2,,SDC2119,HDS2262,C101,8PL7CVA,Q615S1BA1,2026-08-12 04:41:10-07:00,202633,20.00,119325,NGXSDJXA0H80B002632,4,13,009T03,8B18438-D,EXABAHA008,301,3,3010001,3030000,3,303,UNDEFINED,10.2291,15.2032,5.8545,9.1296,7.8697,11.9717,1.497,2.5086,0.9471,1.375,31.2471,31.9663,1.497,2.5085,4985.3529,7645.0067,5.8545|7.8697|10.2291,9.1296|11.9717|15.2032,^GT:31.2471%0.7%20.200000000000003,^GT:5.8545%0.7%20.200000000000003%200%7.8697%0.7%20.200000000000003%300%10.2291%0.7%20.200000000000003%400,AIO
EFUSE_Q615S1BA_009_-7_-3,Q615S1BA1,X,Q615S1BA,009,-7,-3,Q615S1BA_009_-7_-3,,SDC2119,HDS2262,C101,8PL7CVA,Q615S1BA1,2026-08-12 04:41:10-07:00,202633,20.00,119325,NGXSDJXA0H80B002632,3,18,009T01,8B28421-D,EXABAHA008,101,1,1010001,1010000,1,101,UNDEFINED,10.1857,15.1587,5.8207,9.0869,7.8524,11.9234,0.7693,2.4545,0.9586,1.3361,31.1786,31.9568,0.7693,2.4545,4990.6791,7668.4421,5.8207|7.8524|10.1857,9.0869|11.9234|15.1587,^GT:31.1786%0.7%19.15,^GT:5.8207%0.7%19.15%200%7.8524%0.7%19.15%300%10.1857%0.7%19.15%400,AIO
EFUSE_Q615S1BA_009_-7_-4,Q615S1BA1,X,Q615S1BA,009,-7,-4,Q615S1BA_009_-7_-4,,SDC000,HDS000,A000,8PL7CVA,Q615S1BA1,2026-08-12 04:41:10-07:00,202633,20.00,119325,NGXSDJXA0H80B002632,6,9,009T02,,XIU000,9301,93,,930100,93,9301,UNDEFINED,,,,,,,,,,,,,,,,,,,,,AIO
EFUSE_Q615S1BA_009_-7_-5,Q615S1BA1,X,Q615S1BA,009,-7,-5,Q615S1BA_009_-7_-5,,SDC2119,HDS2262,C101,8PL7CVA,Q615S1BA1,2026-08-12 04:41:10-07:00,202633,20.00,119325,NGXSDJXA0H80B002632,2,14,009T03,8B18438-D,EXABAHA008,101,1,1010001,1010000,1,101,UNDEFINED,10.1893,15.1972,5.8018,9.0776,7.8181,11.9384,1.5892,2.4347,1.2589,1.2888,31.3393,32.2084,1.5892,2.4347,4957.1238,7625.5659,5.8018|7.8181|10.1893,9.0776|11.9384|15.1972,^GT:31.3393%0.7%19.6,^GT:5.8018%0.7%19.6%200%7.8181%0.7%19.6%300%10.1893%0.7%19.6%400,AIO
EFUSE_Q615S1BA_009_-7_-6,Q615S1BA1,X,Q615S1BA,009,-7,-6,Q615S1BA_009_-7_-6,,SDC000,HDS000,A000,8PL7CVA,Q615S1BA1,2026-08-12 04:41:10-07:00,202633,20.00,119325,NGXSDJXA0H80B002632,2,16,009T01,,XIU000,9301,93,,930100,93,9301,UNDEFINED,,,,,,,,,,,,,,,,,,,,,AIO
EFUSE_Q615S1BA_009_-7_-7,Q615S1BA1,X,Q615S1BA,009,-7,-7,Q615S1BA_009_-7_-7,,SDC2119,HDS2262,C101,8PL7CVA,Q615S1BA1,2026-08-12 04:41:10-07:00,202633,20.00,119325,NGXSDJXA0H80B002632,6,13,009T02,8B18438-D,EXABAHA008,301,3,3010001,3030000,3,303,UNDEFINED,10.1176,15.0707,5.7295,8.9605,7.7449,11.81,1.2464,2.318,0.8054,1.2091,31.3436,32.1589,1.2464,2.318,4862.8495,7518.775,5.7295|7.7449|10.1176,8.9605|11.81|15.0707,^GT:31.3436%0.7%19.35,^GT:5.7295%0.7%19.35%200%7.7449%0.7%19.35%300%10.1176%0.7%19.35%400,AIO
EFUSE_Q615S1BA_009_-7_-8,Q615S1BA1,X,Q615S1BA,009,-7,-8,Q615S1BA_009_-7_-8,,SDC2119,HDS2262,C101,8PL7CVA,Q615S1BA1,2026-08-12 04:41:10-07:00,202633,20.00,119325,NGXSDJXA0H80B002632,2,11,009T03,8B18438-D,EXABAHA008,101,1,1010001,1010000,1,101,UNDEFINED,10.0438,14.8886,5.6682,8.8107,7.6735,11.6439,1.2973,2.2058,0.7592,1.1428,31.2543,31.9889,1.2973,2.2058,4781.0919,7411.984,5.6682|7.6735|10.0438,8.8107|11.6439|14.8886,^GT:31.2543%0.7%19.75,^GT:5.6682%0.7%19.75%200%7.6735%0.7%19.75%300%10.0438%0.7%19.75%400,AIO
EFUSE_Q615S1BA_009_-7_0,Q615S1BA1,X,Q615S1BA,009,-7,0,Q615S1BA_009_-7_0,,SDC2119,HDS2262,C101,8PL7CVA,Q615S1BA1,2026-08-12 04:41:10-07:00,202633,20.00,119325,NGXSDJXA0H80B002632,5,19,009T01,8B28421-D,EXABAHA008,101,1,1010001,1010000,1,101,UNDEFINED,10.2739,15.242,5.903,9.1594,7.9237,12.016,0.7624,2.5424,1.0577,1.4313,31.2207,32.0137,0.7624,2.5424,4990.9454,7651.3981,5.903|7.9237|10.2739,9.1594|12.016|15.242,^GT:31.2207%0.7%19.35,^GT:5.903%0.7%19.35%200%7.9237%0.7%19.35%300%10.2739%0.7%19.35%400,AIO
EFUSE_Q615S1BA_009_-7_1,Q615S1BA1,X,Q615S1BA,009,-7,1,Q615S1BA_009_-7_1,,SDC2119,HDS2262,C101,8PL7CVA,Q615S1BA1,2026-08-12 04:41:10-07:00,202633,20.00,119325,NGXSDJXA0H80B002632,5,19,009T03,8B18438-D,EXABAHA008,101,1,1010001,1010000,1,101,UNDEFINED,10.4052,15.4201,6.0247,9.3202,8.043,12.1746,1.071,2.6803,1.1277,1.5682,31.2893,32.1047,1.071,2.6803,5064.98,7724.9001,6.0247|8.043|10.4052,9.3202|12.1746|15.4201,^GT:31.2893%0.7%19.9,^GT:6.0247%0.7%19.9%200%8.043%0.7%19.9%300%10.4052%0.7%19.9%400,AIO
EFUSE_Q615S1BA_009_-7_2,Q615S1BA1,X,Q615S1BA,009,-7,2,Q615S1BA_009_-7_2,,SDC2119,HDS2262,C101,8PL7CVA,Q615S1BA1,2026-08-12 04:41:10-07:00,202633,20.00,119325,NGXSDJXA0H80B002632,4,3,009T02,8B28421-D,EXABAHA008,101,1,1010001,1010000,1,101,UNDEFINED,10.4903,15.5381,6.1153,9.4548,8.1208,12.2937,1.2867,2.8333,1.2767,1.6731,31.25,32.0174,1.2867,2.8333,5113.9814,7805.3262,6.1153|8.1208|10.4903,9.4548|12.2937|15.5381,^GT:31.25%0.7%19.5,^GT:6.1153%0.7%19.5%200%8.1208%0.7%19.5%300%10.4903%0.7%19.5%400,AIO
EFUSE_Q615S1BA_009_-7_3,Q615S1BA1,X,Q615S1BA,009,-7,3,Q615S1BA_009_-7_3,,SDC2119,HDS2262,C101,8PL7CVA,Q615S1BA1,2026-08-12 04:41:10-07:00,202633,20.00,119325,NGXSDJXA0H80B002632,5,13,009T01,8B18438-D,EXABAHA008,101,1,1010001,1010000,1,101,UNDEFINED,10.5261,15.5686,6.1427,9.4929,8.152,12.3469,1.2678,2.837,1.6405,1.7,31.31,31.9774,1.2678,2.837,5116.9108,7818.1092,6.1427|8.152|10.5261,9.4929|12.3469|15.5686,^GT:31.31%0.7%19.9,^GT:6.1427%0.7%19.9%200%8.152%0.7%19.9%300%10.5261%0.7%19.9%400,AIO
EFUSE_Q615S1BA_009_-7_4,Q615S1BA1,X,Q615S1BA,009,-7,4,Q615S1BA_009_-7_4,,SDC2119,HDS2262,C101,8PL7CVA,Q615S1BA1,2026-08-12 04:41:10-07:00,202633,20.00,119325,NGXSDJXA0H80B002632,6,18,009T03,8B28421-D,EXABAHA008,101,1,1010001,1010000,1,101,UNDEFINED,10.483,15.5301,6.0851,9.413,8.1144,12.2723,1.1975,2.7749,1.2289,1.6188,31.4136,32.1953,1.1975,2.7749,5080.4261,7776.8309,6.0851|8.1144|10.483,9.413|12.2723|15.5301,^GT:31.4136%0.7%19.700000000000003,^GT:6.0851%0.7%19.700000000000003%200%8.1144%0.7%19.700000000000003%300%10.483%0.7%19.700000000000003%400,AIO
EFUSE_Q615S1BA_009_-7_5,Q615S1BA1,X,Q615S1BA,009,-7,5,Q615S1BA_009_-7_5,,SDC2119,HDS2262,C101,8PL7CVA,Q615S1BA1,2026-08-12 04:41:10-07:00,202633,20.00,119325,NGXSDJXA0H80B002632,2,6,009T02,8B18438-D,EXABAHA008,301,3,3010001,3030000,3,303,UNDEFINED,10.3923,15.347,5.9839,9.2314,8.003,12.0847,1.509,2.558,1.0451,1.469,31.4886,32.1874,1.509,2.558,5013.0493,7676.964,5.9839|8.003|10.3923,9.2314|12.0847|15.347,^GT:31.4886%0.7%19.45,^GT:5.9839%0.7%19.45%200%8.003%0.7%19.45%300%10.3923%0.7%19.45%400,AIO
EFUSE_Q615S1BA_009_-7_6,Q615S1BA1,X,Q615S1BA,009,-7,6,Q615S1BA_009_-7_6,,SDC2119,HDS2262,C101,8PL7CVA,Q615S1BA1,2026-08-12 04:41:10-07:00,202633,20.00,119325,NGXSDJXA0H80B002632,7,17,009T01,8B18438-D,EXABAHA008,101,1,1010001,1010000,1,101,UNDEFINED,10.3009,15.1856,5.8872,9.0853,7.9223,11.9246,0.9399,2.4564,0.9939,1.3771,31.5264,32.1068,0.9399,2.4564,4945.9387,7625.2996,5.8872|7.9223|10.3009,9.0853|11.9246|15.1856,^GT:31.5264%0.7%19.55,^GT:5.8872%0.7%19.55%200%7.9223%0.7%19.55%300%10.3009%0.7%19.55%400,AIO
EFUSE_Q615S1BA_009_-7_7,Q615S1BA1,X,Q615S1BA,009,-7,7,Q615S1BA_009_-7_7,,SDC2119,HDS2262,C101,8PL7CVA,Q615S1BA1,2026-08-12 04:41:10-07:00,202633,20.00,119325,NGXSDJXA0H80B002632,7,18,009T03,8B18438-D,EXABAHA008,101,1,1010001,1010000,1,101,UNDEFINED,10.223,15.0238,5.8389,8.9309,7.8532,11.7719,1.2699,2.2991,1.1284,1.3123,31.315,32.0679,1.2699,2.2991,4917.976,7570.7057,5.8389|7.8532|10.223,8.9309|11.7719|15.0238,^GT:31.315%0.7%19.45,^GT:5.8389%0.7%19.45%200%7.8532%0.7%19.45%300%10.223%0.7%19.45%400,AIO
EFUSE_Q615S1BA_009_-8_-1,Q615S1BA1,X,Q615S1BA,009,-8,-1,Q615S1BA_009_-8_-1,,SDC2119,HDS2262,C101,8PL7CVA,Q615S1BA1,2026-08-12 04:41:10-07:00,202633,20.00,119325,NGXSDJXA0H80B002632,4,9,009T02,8B28421-D,EXABAHA008,101,1,1010001,1010000,1,101,UNDEFINED,10.2336,15.1961,5.8346,9.1,7.8666,11.9538,0.7325,2.4794,1.0671,1.3483,31.4214,32.0847,0.7325,2.4794,4966.7111,7625.5659,5.8346|7.8666|10.2336,9.1|11.9538|15.1961,^GT:31.4214%0.7%19.05,^GT:5.8346%0.7%19.05%200%7.8666%0.7%19.05%300%10.2336%0.7%19.05%400,AIO
EFUSE_Q615S1BA_009_-8_-2,Q615S1BA1,X,Q615S1BA,009,-8,-2,Q615S1BA_009_-8_-2,,SDC000,HDS000,A000,8PL7CVA,Q615S1BA1,2026-08-12 04:41:10-07:00,202633,20.00,119325,NGXSDJXA0H80B002632,4,14,009T03,,XIU000,9301,93,,930100,93,9301,UNDEFINED,,,,,,,,,,,,,,,,,,,,,AIO
EFUSE_Q615S1BA_009_-8_-3,Q615S1BA1,X,Q615S1BA,009,-8,-3,Q615S1BA_009_-8_-3,,SDC2119,HDS2262,C101,8PL7CVA,Q615S1BA1,2026-08-12 04:41:10-07:00,202633,20.00,119325,NGXSDJXA0H80B002632,3,19,009T01,8B28421-D,EXABAHA008,806,8,8061400,8061400,8,806,UNDEFINED,,,,,,,,,,,,,,,,,,,,,AIO
EFUSE_Q615S1BA_009_-8_-4,Q615S1BA1,X,Q615S1BA,009,-8,-4,Q615S1BA_009_-8_-4,,SDC2119,HDS2262,C101,8PL7CVA,Q615S1BA1,2026-08-12 04:41:10-07:00,202633,20.00,119325,NGXSDJXA0H80B002632,6,10,009T02,8B28421-D,EXABAHA008,301,3,3010001,3030000,3,303,UNDEFINED,10.1495,15.1159,5.7545,9.0149,7.7835,11.864,0.9478,2.3766,0.8703,1.2382,31.3929,32.1105,0.9478,2.3766,4903.5952,7576.8309,5.7545|7.7835|10.1495,9.0149|11.864|15.1159,^GT:31.3929%0.7%19.200000000000003,^GT:5.7545%0.7%19.200000000000003%200%7.7835%0.7%19.200000000000003%300%10.1495%0.7%19.200000000000003%400,AIO
EFUSE_Q615S1BA_009_-8_-5,Q615S1BA1,X,Q615S1BA,009,-8,-5,Q615S1BA_009_-8_-5,,SDC2119,HDS2262,C101,8PL7CVA,Q615S1BA1,2026-08-12 04:41:10-07:00,202633,20.00,119325,NGXSDJXA0H80B002632,2,13,009T03,8B28421-D,EXABAHA008,301,3,3010001,3030000,3,303,UNDEFINED,10.1538,15.1063,5.7599,9.0066,7.7789,11.859,1.5027,2.3577,1.0348,1.2404,31.385,32.1037,1.5027,2.3577,4901.9973,7583.4887,5.7599|7.7789|10.1538,9.0066|11.859|15.1063,^GT:31.385%0.7%19.15,^GT:5.7599%0.7%19.15%200%7.7789%0.7%19.15%300%10.1538%0.7%19.15%400,AIO
EFUSE_Q615S1BA_009_-8_-6,Q615S1BA1,X,Q615S1BA,009,-8,-6,Q615S1BA_009_-8_-6,,SDC2119,HDS2262,C101,8PL7CVA,Q615S1BA1,2026-08-12 04:41:10-07:00,202633,20.00,119325,NGXSDJXA0H80B002632,2,17,009T01,8B18438-D,EXABAHA008,101,1,1010001,1010000,1,101,UNDEFINED,10.0973,15.041,5.7215,8.9281,7.7293,11.7791,1.5803,2.3333,0.9759,1.1957,31.2557,32.1732,1.5803,2.3333,4853.2623,7531.2916,5.7215|7.7293|10.0973,8.9281|11.7791|15.041,^GT:31.2557%0.7%19.700000000000003,^GT:5.7215%0.7%19.700000000000003%200%7.7293%0.7%19.700000000000003%300%10.0973%0.7%19.700000000000003%400,AIO
EFUSE_Q615S1BA_009_-8_-7,Q615S1BA1,X,Q615S1BA,009,-8,-7,Q615S1BA_009_-8_-7,B81010004_FAIL_SCN_GT_GXX_CHAIN_ALL_GFXSB_K_BEGIN_HITO_GT_NOM_LFM_HVM_4,SDC2119,HDS2262,C101,8PL7CVA,Q615S1BA1,2026-08-12 04:41:10-07:00,202633,20.00,119325,NGXSDJXA0H80B002632,6,12,009T02,8B28421-D,EXABAHA008,8101,81,81010004,81010004,81,8101,UNDEFINED,9.9386,14.7404,5.5698,8.67,7.5669,11.4813,0.4355,2.0612,1.0292,1.0308,31.2057,31.9495,0.4355,2.0612,4719.3076,7345.1398,5.5698|7.5669|9.9386,8.67|11.4813|14.7404,^GT:31.2057%0.7%19.6,^GT:5.5698%0.7%19.6%200%7.5669%0.7%19.6%300%9.9386%0.7%19.6%400,AIO
EFUSE_Q615S1BA_009_-8_0,Q615S1BA1,X,Q615S1BA,009,-8,0,Q615S1BA_009_-8_0,,SDC2119,HDS2262,C101,8PL7CVA,Q615S1BA1,2026-08-12 04:41:10-07:00,202633,20.00,119325,NGXSDJXA0H80B002632,5,18,009T01,8B28421-D,EXABAHA008,301,3,3010001,3030000,3,303,UNDEFINED,10.2767,15.2421,5.8927,9.1515,7.895,11.9975,0.7982,2.4998,1.2747,1.3958,31.3143,32.0558,0.7982,2.4998,4982.4234,7652.7297,5.8927|7.895|10.2767,9.1515|11.9975|15.2421,^GT:31.3143%0.7%19.200000000000003,^GT:5.8927%0.7%19.200000000000003%200%7.895%0.7%19.200000000000003%300%10.2767%0.7%19.200000000000003%400,AIO
EFUSE_Q615S1BA_009_-8_1,Q615S1BA1,X,Q615S1BA,009,-8,1,Q615S1BA_009_-8_1,,SDC2119,HDS2262,C101,8PL7CVA,Q615S1BA1,2026-08-12 04:41:10-07:00,202633,20.00,119325,NGXSDJXA0H80B002632,4,19,009T03,8B18438-D,EXABAHA008,101,1,1010001,1010000,1,101,UNDEFINED,10.337,15.335,5.9455,9.2464,7.9822,12.0935,1.8313,2.6003,1.0596,1.4706,31.3679,32.0458,1.8313,2.6003,5033.2889,7711.0519,5.9455|7.9822|10.337,9.2463|12.0935|15.335,^GT:31.3679%0.7%19.5,^GT:5.9455%0.7%19.5%200%7.9822%0.7%19.5%300%10.337%0.7%19.5%400,AIO
EFUSE_Q615S1BA_009_-8_2,Q615S1BA1,X,Q615S1BA,009,-8,2,Q615S1BA_009_-8_2,B99242480_FAIL_PTH_ACM_GXXX_ACM_X_CTVDEC_K_END_X_X_MIN_X_TAPBABYSTEPS_N2,SDC2119,HDS2262,C101,8PL7CVA,Q615S1BA1,2026-08-12 04:41:10-07:00,202633,20.00,119325,NGXSDJXA0H80B002632,4,4,009T02,8B28421-D,EXABAHA008,9924,99,99242480,99242480,99,9924,UNDEFINED,10.4569,15.52,6.0762,9.4064,8.0894,12.2754,1.8206,2.7836,1.4314,1.6077,31.2907,32.1768,1.8206,2.7836,5079.3609,7775.233,6.0762|8.0894|10.4569,9.4064|12.2754|15.52,^GT:31.2907%0.7%19.65,^GT:6.0762%0.7%19.65%200%8.0894%0.7%19.65%300%10.4569%0.7%19.65%400,AIO
EFUSE_Q615S1BA_009_-8_3,Q615S1BA1,X,Q615S1BA,009,-8,3,Q615S1BA_009_-8_3,,SDC2119,HDS2262,C101,8PL7CVA,Q615S1BA1,2026-08-12 04:41:10-07:00,202633,20.00,119325,NGXSDJXA0H80B002632,5,14,009T01,8B18438-D,EXABAHA008,302,3,3020001,3030000,3,303,UNDEFINED,10.4453,15.4626,6.0506,9.3643,8.0819,12.2222,1.108,2.7601,1.1635,1.6005,31.3907,32.0963,1.108,2.7601,5064.7137,7770.972,6.0506|8.0819|10.4453,9.3643|12.2222|15.4626,^GT:31.3907%0.7%19.700000000000003,^GT:6.0506%0.7%19.700000000000003%200%8.0819%0.7%19.700000000000003%300%10.4453%0.7%19.700000000000003%400,AIO
EFUSE_Q615S1BA_009_-8_4,Q615S1BA1,X,Q615S1BA,009,-8,4,Q615S1BA_009_-8_4,,SDC2119,HDS2262,C101,8PL7CVA,Q615S1BA1,2026-08-12 04:41:10-07:00,202633,20.00,119325,NGXSDJXA0H80B002632,6,19,009T03,8B18438-D,EXABAHA008,301,3,3010001,3030000,3,303,UNDEFINED,10.3573,15.3429,5.9673,9.2261,7.9921,12.0896,0.9951,2.5753,1.2421,1.4689,31.3571,32.1937,0.9951,2.5753,5004.5273,7689.747,5.9673|7.9921|10.3573,9.2261|12.0896|15.3429,^GT:31.3571%0.7%19.799999999999997,^GT:5.9673%0.7%19.799999999999997%200%7.9921%0.7%19.799999999999997%300%10.3573%0.7%19.799999999999997%400,AIO
EFUSE_Q615S1BA_009_-8_5,Q615S1BA1,X,Q615S1BA,009,-8,5,Q615S1BA_009_-8_5,,SDC2119,HDS2262,C101,8PL7CVA,Q615S1BA1,2026-08-12 04:41:10-07:00,202633,20.00,119325,NGXSDJXA0H80B002632,2,5,009T02,8B28421-D,EXABAHA008,301,3,3010001,3030000,3,303,UNDEFINED,10.2977,15.2393,5.9055,9.1218,7.927,11.9537,0.8829,2.4747,1.0417,1.3996,31.3729,32.1974,0.8829,2.4747,4966.9774,7643.9414,5.9055|7.927|10.2977,9.1218|11.9537|15.2393,^GT:31.3729%0.7%19.25,^GT:5.9055%0.7%19.25%200%7.927%0.7%19.25%300%10.2977%0.7%19.25%400,AIO
EFUSE_Q615S1BA_009_-8_6,Q615S1BA1,X,Q615S1BA,009,-8,6,Q615S1BA_009_-8_6,,SDC2119,HDS2262,C101,8PL7CVA,Q615S1BA1,2026-08-12 04:41:10-07:00,202633,20.00,119325,NGXSDJXA0H80B002632,7,16,009T01,8B28421-D,EXABAHA008,101,1,1010001,1010000,1,101,UNDEFINED,10.1348,14.9094,5.7693,8.84,7.784,11.6538,1.312,2.2308,1.1249,1.2406,31.1821,31.9442,1.312,2.2308,4859.3875,7505.992,5.7693|7.784|10.1348,8.84|11.6538|14.9094,^GT:31.1821%0.7%19.15,^GT:5.7693%0.7%19.15%200%7.784%0.7%19.15%300%10.1348%0.7%19.15%400,AIO
EFUSE_Q615S1BA_009_-9_-1,Q615S1BA1,X,Q615S1BA,009,-9,-1,Q615S1BA_009_-9_-1,,SDC2119,HDS2262,C101,8PL7CVA,Q615S1BA1,2026-08-12 04:41:10-07:00,202633,20.00,119325,NGXSDJXA0H80B002632,4,8,009T02,8B18438-D,EXABAHA008,101,1,1010001,1010000,1,101,UNDEFINED,10.2105,15.1578,5.8186,9.0562,7.8565,11.9235,0.8477,2.4607,0.8851,1.3178,31.3707,32.1142,0.8477,2.4607,4905.1931,7559.2543,5.8186|7.8565|10.2105,9.0561|11.9235|15.1578,^GT:31.3707%0.7%19.6,^GT:5.8186%0.7%19.6%200%7.8565%0.7%19.6%300%10.2105%0.7%19.6%400,AIO
EFUSE_Q615S1BA_009_-9_-2,Q615S1BA1,X,Q615S1BA,009,-9,-2,Q615S1BA_009_-9_-2,,SDC2119,HDS2262,C101,8PL7CVA,Q615S1BA1,2026-08-12 04:41:10-07:00,202633,20.00,119325,NGXSDJXA0H80B002632,4,15,009T03,8B28421-D,EXABAHA008,101,1,1010001,1010000,1,101,UNDEFINED,10.147,15.0866,5.7588,8.9978,7.7939,11.8302,0.9802,2.3465,1.0466,1.242,31.3443,32.0463,0.9802,2.3465,4865.779,7530.2264,5.7588|7.7939|10.147,8.9978|11.8302|15.0866,^GT:31.3443%0.7%18.85,^GT:5.7588%0.7%18.85%200%7.7939%0.7%18.85%300%10.147%0.7%18.85%400,AIO
EFUSE_Q615S1BA_009_-9_-3,Q615S1BA1,X,Q615S1BA,009,-9,-3,Q615S1BA_009_-9_-3,,SDC2119,HDS2262,C101,8PL7CVA,Q615S1BA1,2026-08-12 04:41:10-07:00,202633,20.00,119325,NGXSDJXA0H80B002632,2,19,009T01,8B28421-D,EXABAHA008,101,1,1010001,1010000,1,101,UNDEFINED,10.0845,14.9951,5.6875,8.8991,7.7141,11.7412,0.8827,2.3009,0.7861,1.1829,31.4071,32.0842,0.8827,2.3009,4834.6205,7496.1385,5.6875|7.7141|10.0845,8.8991|11.7412|14.9951,^GT:31.4071%0.7%18.85,^GT:5.6875%0.7%18.85%200%7.7141%0.7%18.85%300%10.0845%0.7%18.85%400,AIO
EFUSE_Q615S1BA_009_-9_-4,Q615S1BA1,X,Q615S1BA,009,-9,-4,Q615S1BA_009_-9_-4,,SDC2119,HDS2262,C101,8PL7CVA,Q615S1BA1,2026-08-12 04:41:10-07:00,202633,20.00,119325,NGXSDJXA0H80B002632,6,11,009T02,8B28421-D,EXABAHA008,101,1,1010001,1010000,1,101,UNDEFINED,10.055,14.9412,5.6823,8.8531,7.692,11.7019,0.7813,2.2226,0.9032,1.1531,31.2336,32.0426,0.7813,2.2225,4831.4248,7504.6605,5.6823|7.692|10.055,8.8531|11.7019|14.9412,^GT:31.2336%0.7%19.200000000000003,^GT:5.6823%0.7%19.200000000000003%200%7.692%0.7%19.200000000000003%300%10.055%0.7%19.200000000000003%400,AIO
EFUSE_Q615S1BA_009_-9_-5,Q615S1BA1,X,Q615S1BA,009,-9,-5,Q615S1BA_009_-9_-5,,SDC2119,HDS2262,C101,8PL7CVA,Q615S1BA1,2026-08-12 04:41:10-07:00,202633,20.00,119325,NGXSDJXA0H80B002632,2,12,009T03,8B28421-D,EXABAHA008,302,3,3020001,3030000,3,303,UNDEFINED,10.026,14.8498,5.6515,8.8023,7.672,11.618,1.524,2.2058,0.7647,1.145,31.2464,31.8289,1.524,2.2058,4811.984,7478.8282,5.6515|7.672|10.026,8.8023|11.618|14.8498,^GT:31.2464%0.7%19.15,^GT:5.6515%0.7%19.15%200%7.672%0.7%19.15%300%10.026%0.7%19.15%400,AIO
EFUSE_Q615S1BA_009_-9_0,Q615S1BA1,X,Q615S1BA,009,-9,0,Q615S1BA_009_-9_0,,SDC2119,HDS2262,C101,8PL7CVA,Q615S1BA1,2026-08-12 04:41:10-07:00,202633,20.00,119325,NGXSDJXA0H80B002632,5,17,009T01,8B18438-D,EXABAHA008,101,1,1010001,1010000,1,101,UNDEFINED,10.2236,15.1695,5.8336,9.0761,7.8633,11.915,0.6867,2.4489,1.2851,1.3314,31.3571,32.0705,0.6867,2.4489,4918.775,7585.3529,5.8336|7.8632|10.2236,9.0761|11.915|15.1695,^GT:31.3571%0.7%19.55,^GT:5.8336%0.7%19.55%200%7.8632%0.7%19.55%300%10.2236%0.7%19.55%400,AIO
EFUSE_Q615S1BA_009_-9_1,Q615S1BA1,X,Q615S1BA,009,-9,1,Q615S1BA_009_-9_1,,SDC2119,HDS2262,C101,8PL7CVA,Q615S1BA1,2026-08-12 04:41:10-07:00,202633,20.00,119325,NGXSDJXA0H80B002632,4,18,009T03,8B28421-D,EXABAHA008,101,1,1010001,1010000,1,101,UNDEFINED,10.2593,15.2115,5.8807,9.1259,7.9162,11.9748,1.756,2.517,0.9984,1.3865,31.2757,32.0295,1.756,2.517,4944.6072,7626.6312,5.8807|7.9162|10.2593,9.1259|11.9748|15.2115,^GT:31.2757%0.7%19.05,^GT:5.8807%0.7%19.05%200%7.9162%0.7%19.05%300%10.2593%0.7%19.05%400,AIO
EFUSE_Q615S1BA_009_-9_2,Q615S1BA1,X,Q615S1BA,009,-9,2,Q615S1BA_009_-9_2,B81010004_FAIL_SCN_GT_GXX_CHAIN_ALL_GFXSB_K_BEGIN_HITO_GT_NOM_LFM_HVM_4,SDC2119,HDS2262,C101,8PL7CVA,Q615S1BA1,2026-08-12 04:41:10-07:00,202633,20.00,119325,NGXSDJXA0H80B002632,4,5,009T02,8B28421-D,EXABAHA008,8101,81,81010004,81010004,81,8101,UNDEFINED,10.2697,15.2243,5.8943,9.1393,7.9255,11.9817,1.8329,2.5821,1.3925,1.4393,31.2529,32.0263,1.8329,2.5821,4974.9667,7663.3822,5.8943|7.9255|10.2697,9.1393|11.9817|15.2243,^GT:31.2529%0.7%18.75,^GT:5.8943%0.7%18.75%200%7.9255%0.7%18.75%300%10.2697%0.7%18.75%400,AIO
EFUSE_Q615S1BA_009_-9_3,Q615S1BA1,X,Q615S1BA,009,-9,3,Q615S1BA_009_-9_3,,SDC2119,HDS2262,C101,8PL7CVA,Q615S1BA1,2026-08-12 04:41:10-07:00,202633,20.00,119325,NGXSDJXA0H80B002632,5,15,009T01,8B28421-D,EXABAHA008,101,1,1010001,1010000,1,101,UNDEFINED,10.2992,15.2249,5.8965,9.1193,7.9138,11.9699,1.471,2.5158,0.9906,1.4106,31.4479,32.1347,1.471,2.5158,4954.9933,7647.4035,5.8965|7.9138|10.2992,9.1193|11.9699|15.2249,^GT:31.4479%0.7%19.15,^GT:5.8965%0.7%19.15%200%7.9138%0.7%19.15%300%10.2992%0.7%19.15%400,AIO
EFUSE_Q615S1BA_009_-9_4,Q615S1BA1,X,Q615S1BA,009,-9,4,Q615S1BA_009_-9_4,,SDC2119,HDS2262,C101,8PL7CVA,Q615S1BA1,2026-08-12 04:41:10-07:00,202633,20.00,119325,NGXSDJXA0H80B002632,7,19,009T03,8B28421-D,EXABAHA008,302,3,3020001,3030000,3,303,UNDEFINED,10.195,15.0312,5.8144,8.9726,7.8252,11.7935,0.7966,2.3317,0.9142,1.3062,31.29,31.8874,0.7966,2.3317,4874.3009,7535.5526,5.8144|7.8252|10.195,8.9726|11.7935|15.0312,^GT:31.29%0.7%19.25,^GT:5.8144%0.7%19.25%200%7.8252%0.7%19.25%300%10.195%0.7%19.25%400,AIO
EFUSE_Q615S1BA_009_0_-1,Q615S1BA1,X,Q615S1BA,009,0,-1,Q615S1BA_009_0_-1,,SDC2119,HDS2262,C101,8PL7CVA,Q615S1BA1,2026-08-12 04:41:10-07:00,202633,20.00,119325,NGXSDJXA0H80B002632,4,18,009T02,8B28421-D,EXABAHA008,101,1,1010001,1010000,1,101,UNDEFINED,9.9515,14.6255,5.5662,8.5823,7.5902,11.3986,1.2263,2.0067,0.6716,0.9889,31.3236,31.8063,1.2263,2.0067,4722.5033,7421.3049,5.5662|7.5902|9.9515,8.5823|11.3986|14.6255,^GT:31.3236%0.7%19.45,^GT:5.5662%0.7%19.45%200%7.5902%0.7%19.45%300%9.9515%0.7%19.45%400,AIO
EFUSE_Q615S1BA_009_0_-10,Q615S1BA1,X,Q615S1BA,009,0,-10,Q615S1BA_009_0_-10,,SDC2119,HDS2262,C101,8PL7CVA,Q615S1BA1,2026-08-12 04:41:10-07:00,202633,20.00,119325,NGXSDJXA0H80B002632,1,9,009T01,8B28421-D,EXABAHA008,301,3,3010001,3030000,3,303,UNDEFINED,10.2669,15.3582,5.8491,9.2197,7.8712,12.0726,1.7346,2.5283,0.9234,1.3595,31.5557,32.3079,1.7346,2.5283,5006.3915,7668.7084,5.8491|7.8712|10.2669,9.2197|12.0726|15.3582,^GT:31.5557%0.7%18.85,^GT:5.8491%0.7%18.85%200%7.8712%0.7%18.85%300%10.2669%0.7%18.85%400,AIO
EFUSE_Q615S1BA_009_0_-11,Q615S1BA1,X,Q615S1BA,009,0,-11,Q615S1BA_009_0_-11,,SDC2119,HDS2262,C101,8PL7CVA,Q615S1BA1,2026-08-12 04:41:10-07:00,202633,20.00,119325,NGXSDJXA0H80B002632,1,12,009T03,8B28421-D,EXABAHA008,301,3,3010001,3030000,3,303,UNDEFINED,10.0607,14.9969,5.7182,8.9114,7.7036,11.7607,1.1284,2.2958,1.1543,1.1958,31.0179,32.0289,1.1284,2.2958,4867.1105,7529.4274,5.7182|7.7036|10.0607,8.9114|11.7607|14.9969,^GT:31.0179%0.7%19.65,^GT:5.7182%0.7%19.65%200%7.7036%0.7%19.65%300%10.0607%0.7%19.65%400,AIO
EFUSE_Q615S1BA_009_0_-2,Q615S1BA1,X,Q615S1BA,009,0,-2,Q615S1BA_009_0_-2,B99880012_FAIL_TPI_SIU_STATIC_CTRL_X_PWRDWN_K_STRESS_X_X_X_X_LOWV_BFL_N2,SDC2119,HDS2262,C101,8PL7CVA,Q615S1BA1,2026-08-12 04:41:10-07:00,202633,20.00,119325,NGXSDJXA0H80B002632,4,5,009T03,8B18438-D,EXABAHA008,9988,99,99880012,99880012,99,9988,UNDEFINED,10.0407,14.7676,5.6529,8.7093,7.6886,11.5456,0.522,2.0722,0.863,1.1026,31.3414,31.8858,0.522,2.0722,4828.4953,7521.7044,5.6529|7.6886|10.0407,8.7093|11.5456|14.7676,^GT:31.3414%0.7%19.799999999999997,^GT:5.6529%0.7%19.799999999999997%200%7.6886%0.7%19.799999999999997%300%10.0407%0.7%19.799999999999997%400,AIO
EFUSE_Q615S1BA_009_0_-3,Q615S1BA1,X,Q615S1BA,009,0,-3,Q615S1BA_009_0_-3,,SDC2119,HDS2262,C101,8PL7CVA,Q615S1BA1,2026-08-12 04:41:10-07:00,202633,20.00,119325,NGXSDJXA0H80B002632,3,11,009T01,8B18438-D,EXABAHA008,101,1,1010001,1010000,1,101,UNDEFINED,10.1079,14.844,5.7221,8.7848,7.7415,11.6124,0.9443,2.1967,0.8436,1.1719,31.3271,31.8905,0.9443,2.1967,4917.976,7607.1904,5.7221|7.7415|10.1079,8.7848|11.6124|14.844,^GT:31.3271%0.7%19.700000000000003,^GT:5.7221%0.7%19.700000000000003%200%7.7415%0.7%19.700000000000003%300%10.1079%0.7%19.700000000000003%400,AIO
EFUSE_Q615S1BA_009_0_-4,Q615S1BA1,X,Q615S1BA,009,0,-4,Q615S1BA_009_0_-4,B82020000_FAIL_SCN_GT_GXX_CTRL_X_GFXAGG_K_BEGIN_X_X_X_X_X_EVALUATE_4,SDC2119,HDS2262,C101,8PL7CVA,Q615S1BA1,2026-08-12 04:41:10-07:00,202633,20.00,119325,NGXSDJXA0H80B002632,6,2,009T02,8B28421-D,EXABAHA008,8202,82,82020000,82020000,82,8202,UNDEFINED,10.1229,14.9045,5.7491,8.8447,7.7633,11.6631,1.5736,2.2145,1.1143,1.1932,31.2414,31.8937,1.5735,2.2145,4952.5965,7656.9907,5.7491|7.7633|10.1229,8.8447|11.6631|14.9045,^GT:31.2414%0.7%19.299999999999997,^GT:5.7491%0.7%19.299999999999997%200%7.7633%0.7%19.299999999999997%300%10.1229%0.7%19.299999999999997%400,AIO
EFUSE_Q615S1BA_009_0_-5,Q615S1BA1,X,Q615S1BA,009,0,-5,Q615S1BA_009_0_-5,,SDC2119,HDS2262,C101,8PL7CVA,Q615S1BA1,2026-08-12 04:41:10-07:00,202633,20.00,119325,NGXSDJXA0H80B002632,3,18,009T03,8B28421-D,EXABAHA008,301,3,3010001,3030000,3,303,UNDEFINED,10.1567,14.957,5.7707,8.891,7.7848,11.7317,1.606,2.2827,0.8202,1.2322,31.3286,31.9268,1.606,2.2827,4996.8043,7715.3129,5.7707|7.7848|10.1567,8.8909|11.7317|14.957,^GT:31.3286%0.7%19.65,^GT:5.7707%0.7%19.65%200%7.7848%0.7%19.65%300%10.1567%0.7%19.65%400,AIO
EFUSE_Q615S1BA_009_0_-6,Q615S1BA1,X,Q615S1BA,009,0,-6,Q615S1BA_009_0_-6,,SDC2119,HDS2262,C101,8PL7CVA,Q615S1BA1,2026-08-12 04:41:10-07:00,202633,20.00,119325,NGXSDJXA0H80B002632,2,9,009T01,8B28421-D,EXABAHA008,301,3,3010001,3030000,3,303,UNDEFINED,10.1673,15.0098,5.7776,8.9308,7.7988,11.7735,0.8547,2.292,0.9274,1.2579,31.355,31.9947,0.8547,2.292,5017.8429,7753.9281,5.7776|7.7988|10.1673,8.9308|11.7735|15.0098,^GT:31.355%0.7%19.5,^GT:5.7776%0.7%19.5%200%7.7988%0.7%19.5%300%10.1673%0.7%19.5%400,AIO
EFUSE_Q615S1BA_009_0_-7,Q615S1BA1,X,Q615S1BA,009,0,-7,Q615S1BA_009_0_-7,,SDC2119,HDS2262,C101,8PL7CVA,Q615S1BA1,2026-08-12 04:41:10-07:00,202633,20.00,119325,NGXSDJXA0H80B002632,7,19,009T02,8B18438-D,EXABAHA008,101,1,1010001,1010000,1,101,UNDEFINED,10.2203,15.1513,5.8402,9.0612,7.8692,11.9026,0.7058,2.4255,0.9881,1.3324,31.2864,32.0532,0.7058,2.4255,5048.735,7756.8575,5.8402|7.8692|10.2203,9.0612|11.9026|15.1513,^GT:31.2864%0.7%20.1,^GT:5.8402%0.7%20.1%200%7.8692%0.7%20.1%300%10.2203%0.7%20.1%400,AIO
EFUSE_Q615S1BA_009_0_-8,Q615S1BA1,X,Q615S1BA,009,0,-8,Q615S1BA_009_0_-8,,SDC2119,HDS2262,C101,8PL7CVA,Q615S1BA1,2026-08-12 04:41:10-07:00,202633,20.00,119325,NGXSDJXA0H80B002632,2,4,009T03,8B18438-D,EXABAHA008,301,3,3010001,3030000,3,303,UNDEFINED,10.3428,15.4019,5.952,9.2908,7.9572,12.1657,1.7461,2.6605,1.0706,1.4623,31.3629,32.1637,1.7461,2.6605,5097.47,7798.6684,5.952|7.9572|10.3428,9.2908|12.1657|15.4019,^GT:31.3629%0.7%19.799999999999997,^GT:5.952%0.7%19.799999999999997%200%7.9572%0.7%19.799999999999997%300%10.3428%0.7%19.799999999999997%400,AIO
EFUSE_Q615S1BA_009_0_-9,Q615S1BA1,X,Q615S1BA,009,0,-9,Q615S1BA_009_0_-9,,SDC2119,HDS2262,C101,8PL7CVA,Q615S1BA1,2026-08-12 04:41:10-07:00,202633,20.00,119325,NGXSDJXA0H80B002632,1,4,009T01,8B28421-D,EXABAHA008,302,3,3020001,3030000,3,303,UNDEFINED,10.3756,15.499,5.98,9.3583,7.995,12.2357,1.3015,2.6598,1.0201,1.4675,31.3971,32.3195,1.3015,2.6598,5065.5126,7756.0586,5.98|7.995|10.3756,9.3583|12.2357|15.499,^GT:31.3971%0.7%19.35,^GT:5.98%0.7%19.35%200%7.995%0.7%19.35%300%10.3756%0.7%19.35%400,AIO
EFUSE_Q615S1BA_009_0_0,Q615S1BA1,X,Q615S1BA,009,0,0,Q615S1BA_009_0_0,,SDC2119,HDS2262,C101,8PL7CVA,Q615S1BA1,2026-08-12 04:41:10-07:00,202633,20.00,119325,NGXSDJXA0H80B002632,4,13,009T01,8B28421-D,EXABAHA008,899,8,8990011,8990011,8,899,UNDEFINED,,,,,,,,,,,,,,,,,,,,,AIO
EFUSE_Q615S1BA_009_0_1,Q615S1BA1,X,Q615S1BA,009,0,1,Q615S1BA_009_0_1,,SDC2119,HDS2262,C101,8PL7CVA,Q615S1BA1,2026-08-12 04:41:10-07:00,202633,20.00,119325,NGXSDJXA0H80B002632,5,12,009T03,8B18438-D,EXABAHA008,101,1,1010001,1010000,1,101,UNDEFINED,10.0284,14.7403,5.6365,8.658,7.6526,11.4882,0.5816,2.0219,0.9274,1.064,31.3707,32.0121,0.5816,2.0219,4744.3409,7455.3928,5.6365|7.6526|10.0284,8.658|11.4882|14.7403,^GT:31.3707%0.7%19.799999999999997,^GT:5.6365%0.7%19.799999999999997%200%7.6526%0.7%19.799999999999997%300%10.0284%0.7%19.799999999999997%400,AIO
EFUSE_Q615S1BA_009_0_10,Q615S1BA1,X,Q615S1BA,009,0,10,Q615S1BA_009_0_10,,SDC2119,HDS2262,C101,8PL7CVA,Q615S1BA1,2026-08-12 04:41:10-07:00,202633,20.00,119325,NGXSDJXA0H80B002632,7,2,009T01,8B18438-D,EXABAHA008,301,3,3010001,3030000,3,303,UNDEFINED,10.1583,14.9288,5.7573,8.8294,7.7742,11.6508,1.1133,2.1823,0.7933,1.1962,31.4357,32.1021,1.1133,2.1823,4907.0573,7592.277,5.7573|7.7742|10.1583,8.8294|11.6508|14.9288,^GT:31.4357%0.7%19.799999999999997,^GT:5.7573%0.7%19.799999999999997%200%7.7742%0.7%19.799999999999997%300%10.1583%0.7%19.799999999999997%400,AIO
EFUSE_Q615S1BA_009_0_2,Q615S1BA1,X,Q615S1BA,009,0,2,Q615S1BA_009_0_2,,SDC2119,HDS2262,C101,8PL7CVA,Q615S1BA1,2026-08-12 04:41:10-07:00,202633,20.00,119325,NGXSDJXA0H80B002632,3,5,009T02,8B28421-D,EXABAHA008,101,1,1010001,1010000,1,101,UNDEFINED,10.1153,14.8474,5.7352,8.769,7.7554,11.593,0.5806,2.1467,0.875,1.1794,31.2871,31.9916,0.5806,2.1467,4855.6591,7541.6778,5.7351|7.7553|10.1153,8.769|11.593|14.8474,^GT:31.2871%0.7%19.35,^GT:5.7351%0.7%19.35%200%7.7553%0.7%19.35%300%10.1153%0.7%19.35%400,AIO
EFUSE_Q615S1BA_009_0_3,Q615S1BA1,X,Q615S1BA,009,0,3,Q615S1BA_009_0_3,,SDC2119,HDS2262,C101,8PL7CVA,Q615S1BA1,2026-08-12 04:41:10-07:00,202633,20.00,119325,NGXSDJXA0H80B002632,5,6,009T01,8B28421-D,EXABAHA008,101,1,1010001,1010000,1,101,UNDEFINED,10.1457,14.8761,5.7736,8.8448,7.7789,11.6565,0.6635,2.2276,1.2486,1.255,31.2293,31.7437,0.6635,2.2276,4954.1944,7657.7896,5.7736|7.7789|10.1457,8.8448|11.6565|14.8761,^GT:31.2293%0.7%19.35,^GT:5.7736%0.7%19.35%200%7.7789%0.7%19.35%300%10.1457%0.7%19.35%400,AIO
EFUSE_Q615S1BA_009_0_4,Q615S1BA1,X,Q615S1BA,009,0,4,Q615S1BA_009_0_4,,SDC2119,HDS2262,C101,8PL7CVA,Q615S1BA1,2026-08-12 04:41:10-07:00,202633,20.00,119325,NGXSDJXA0H80B002632,6,11,009T03,8B18438-D,EXABAHA008,302,3,3020001,3030000,3,303,UNDEFINED,10.1452,14.8998,5.7963,8.869,7.8024,11.6883,1.5905,2.3185,1.2451,1.2648,31.0643,31.7411,1.5905,2.3185,5006.9241,7730.4927,5.7962|7.8024|10.1452,8.869|11.6883|14.8998,^GT:31.0643%0.7%19.55,^GT:5.7962%0.7%19.55%200%7.8024%0.7%19.55%300%10.1452%0.7%19.55%400,AIO
EFUSE_Q615S1BA_009_0_5,Q615S1BA1,X,Q615S1BA,009,0,5,Q615S1BA_009_0_5,,SDC2119,HDS2262,C101,8PL7CVA,Q615S1BA1,2026-08-12 04:41:10-07:00,202633,20.00,119325,NGXSDJXA0H80B002632,2,13,009T02,8B28421-D,EXABAHA008,101,1,1010001,1010000,1,101,UNDEFINED,10.1451,14.902,5.7854,8.8616,7.7986,11.6889,1.231,2.2867,0.8867,1.2775,31.1407,31.7916,1.231,2.2867,5033.0226,7777.8961,5.7854|7.7986|10.1451,8.8616|11.6889|14.902,^GT:31.1407%0.7%19.05,^GT:5.7854%0.7%19.05%200%7.7986%0.7%19.05%300%10.1451%0.7%19.05%400,AIO
EFUSE_Q615S1BA_009_0_6,Q615S1BA1,X,Q615S1BA,009,0,6,Q615S1BA_009_0_6,,SDC000,HDS000,A000,8PL7CVA,Q615S1BA1,2026-08-12 04:41:10-07:00,202633,20.00,119325,NGXSDJXA0H80B002632,6,15,009T01,,XIU000,9301,93,,930100,93,9301,UNDEFINED,,,,,,,,,,,,,,,,,,,,,AIO
EFUSE_Q615S1BA_009_0_7,Q615S1BA1,X,Q615S1BA,009,0,7,Q615S1BA_009_0_7,,SDC2119,HDS2262,C101,8PL7CVA,Q615S1BA1,2026-08-12 04:41:10-07:00,202633,20.00,119325,NGXSDJXA0H80B002632,7,11,009T03,8B28421-D,EXABAHA008,301,3,3010001,3030000,3,303,UNDEFINED,10.201,15.0306,5.84,8.9741,7.8444,11.8047,0.7685,2.3921,1.1712,1.3184,31.15,31.8763,0.7685,2.3921,5044.474,7747.2703,5.84|7.8444|10.201,8.9741|11.8047|15.0306,^GT:31.15%0.7%19.6,^GT:5.84%0.7%19.6%200%7.8444%0.7%19.6%300%10.201%0.7%19.6%400,AIO
EFUSE_Q615S1BA_009_0_8,Q615S1BA1,X,Q615S1BA,009,0,8,Q615S1BA_009_0_8,B65000277_FAIL_ARR_GT_GXX_ARR_GT_GFXAGG_K_BEGIN_X_X_X_X_ARRSKUEVALUATE_4,SDC2119,HDS2262,C101,8PL7CVA,Q615S1BA1,2026-08-12 04:41:10-07:00,202633,20.00,119325,NGXSDJXA0H80B002632,1,3,009T02,8B18438-D,EXABAHA008,6500,65,65000277,65000277,65,6500,UNDEFINED,10.2239,15.0671,5.8263,8.9638,7.8521,11.812,0.8419,2.3105,1.1821,1.2852,31.4114,32.1226,0.8419,2.3105,4993.6085,7703.8615,5.8263|7.8521|10.2239,8.9638|11.812|15.0671,^GT:31.4114%0.7%20.05,^GT:5.8263%0.7%20.05%200%7.8521%0.7%20.05%300%10.2239%0.7%20.05%400,AIO
EFUSE_Q615S1BA_009_0_9,Q615S1BA1,X,Q615S1BA,009,0,9,Q615S1BA_009_0_9,,SDC2119,HDS2262,C101,8PL7CVA,Q615S1BA1,2026-08-12 04:41:10-07:00,202633,20.00,119325,NGXSDJXA0H80B002632,7,10,009T01,8B28421-D,EXABAHA008,101,1,1010001,1010000,1,101,UNDEFINED,10.1885,15.0173,5.7822,8.8993,7.8139,11.7489,0.6644,2.255,1.1938,1.2196,31.4736,32.2,0.6644,2.255,4946.4714,7651.9308,5.7822|7.8139|10.1885,8.8993|11.7489|15.0173,^GT:31.4736%0.7%19.299999999999997,^GT:5.7822%0.7%19.299999999999997%200%7.8139%0.7%19.299999999999997%300%10.1885%0.7%19.299999999999997%400,AIO
EFUSE_Q615S1BA_009_10_-1,Q615S1BA1,X,Q615S1BA,009,10,-1,Q615S1BA_009_10_-1,,SDC2119,HDS2262,C101,8PL7CVA,Q615S1BA1,2026-08-12 04:41:10-07:00,202633,20.00,119325,NGXSDJXA0H80B002632,5,11,009T02,8B18438-D,EXABAHA008,101,1,1010001,1010000,1,101,UNDEFINED,10.3019,15.3307,5.8709,9.1982,7.8942,12.0528,0.6803,2.4844,0.8949,1.3287,31.65,32.2763,0.6803,2.4844,4932.0905,7613.0493,5.8709|7.8942|10.3019,9.1982|12.0528|15.3307,^GT:31.65%0.7%19.9,^GT:5.8709%0.7%19.9%200%7.8942%0.7%19.9%300%10.3019%0.7%19.9%400,AIO
EFUSE_Q615S1BA_009_10_-2,Q615S1BA1,X,Q615S1BA,009,10,-2,Q615S1BA_009_10_-2,,SDC2119,HDS2262,C101,8PL7CVA,Q615S1BA1,2026-08-12 04:41:10-07:00,202633,20.00,119325,NGXSDJXA0H80B002632,3,6,009T03,8B28421-D,EXABAHA008,101,1,1010001,1010000,1,101,UNDEFINED,10.272,15.2876,5.8486,9.154,7.8644,12.0155,1.3582,2.4548,0.8996,1.2999,31.5957,32.2821,1.3582,2.4548,4913.9814,7600.2663,5.8486|7.8644|10.272,9.154|12.0155|15.2876,^GT:31.5957%0.7%19.45,^GT:5.8486%0.7%19.45%200%7.8644%0.7%19.45%300%10.272%0.7%19.45%400,AIO
EFUSE_Q615S1BA_009_10_-3,Q615S1BA1,X,Q615S1BA,009,10,-3,Q615S1BA_009_10_-3,,SDC2119,HDS2262,C101,8PL7CVA,Q615S1BA1,2026-08-12 04:41:10-07:00,202633,20.00,119325,NGXSDJXA0H80B002632,3,1,009T01,8B28421-D,EXABAHA008,101,1,1010001,1010000,1,101,UNDEFINED,10.2241,15.1855,5.7864,9.041,7.8157,11.9083,1.1411,2.376,0.7951,1.2221,31.6979,32.3395,1.1411,2.376,4879.8935,7550.1997,5.7864|7.8157|10.2241,9.041|11.9083|15.1855,^GT:31.6979%0.7%19.299999999999997,^GT:5.7864%0.7%19.299999999999997%200%7.8157%0.7%19.299999999999997%300%10.2241%0.7%19.299999999999997%400,AIO
EFUSE_Q615S1BA_009_10_-4,Q615S1BA1,X,Q615S1BA,009,10,-4,Q615S1BA_009_10_-4,,SDC2119,HDS2262,C101,8PL7CVA,Q615S1BA1,2026-08-12 04:41:10-07:00,202633,20.00,119325,NGXSDJXA0H80B002632,5,9,009T02,8B18438-D,EXABAHA008,101,1,1010001,1010000,1,101,UNDEFINED,10.1343,15.0569,5.7162,8.9012,7.7288,11.7618,0.5338,2.2365,1.1367,1.148,31.5579,32.3984,0.5338,2.2365,4812.2503,7479.0945,5.7162|7.7288|10.1343,8.9012|11.7618|15.0569,^GT:31.5579%0.7%19.65,^GT:5.7162%0.7%19.65%200%7.7288%0.7%19.65%300%10.1343%0.7%19.65%400,AIO
EFUSE_Q615S1BA_009_10_-5,Q615S1BA1,X,Q615S1BA,009,10,-5,Q615S1BA_009_10_-5,,SDC2119,HDS2262,C101,8PL7CVA,Q615S1BA1,2026-08-12 04:41:10-07:00,202633,20.00,119325,NGXSDJXA0H80B002632,3,8,009T03,8B18438-D,EXABAHA008,101,1,1010001,1010000,1,101,UNDEFINED,10.1077,14.9528,5.6974,8.8239,7.7298,11.6867,0.5106,2.153,1.0521,1.1235,31.5021,32.2574,0.5106,2.153,4759.5206,7415.1798,5.6974|7.7298|10.1077,8.8239|11.6867|14.9528,^GT:31.5021%0.7%20.450000000000003,^GT:5.6974%0.7%20.450000000000003%200%7.7298%0.7%20.450000000000003%300%10.1077%0.7%20.450000000000003%400,AIO
EFUSE_Q615S1BA_009_10_0,Q615S1BA1,X,Q615S1BA,009,10,0,Q615S1BA_009_10_0,,SDC2119,HDS2262,C101,8PL7CVA,Q615S1BA1,2026-08-12 04:41:10-07:00,202633,20.00,119325,NGXSDJXA0H80B002632,4,2,009T01,8B18438-D,EXABAHA008,101,1,1010001,1010000,1,101,UNDEFINED,10.2713,15.2733,5.8349,9.1343,7.8582,11.9962,1.6213,2.4558,1.1583,1.2801,31.6886,32.3105,1.6213,2.4558,4887.8828,7566.9774,5.8349|7.8582|10.2713,9.1343|11.9962|15.2733,^GT:31.6886%0.7%20.25,^GT:5.8349%0.7%20.25%200%7.8582%0.7%20.25%300%10.2713%0.7%20.25%400,AIO
EFUSE_Q615S1BA_009_10_1,Q615S1BA1,X,Q615S1BA,009,10,1,Q615S1BA_009_10_1,,SDC2119,HDS2262,C101,8PL7CVA,Q615S1BA1,2026-08-12 04:41:10-07:00,202633,20.00,119325,NGXSDJXA0H80B002632,5,2,009T03,8B28421-D,EXABAHA008,101,1,1010001,1010000,1,101,UNDEFINED,10.2062,15.1871,5.8017,9.0595,7.8218,11.9262,0.7034,2.4353,0.9506,1.2615,31.4614,32.2505,0.7034,2.4353,4900.1332,7578.6951,5.8016|7.8218|10.2062,9.0595|11.9262|15.1871,^GT:31.4614%0.7%19.25,^GT:5.8016%0.7%19.25%200%7.8218%0.7%19.25%300%10.2062%0.7%19.25%400,AIO
EFUSE_Q615S1BA_009_10_2,Q615S1BA1,X,Q615S1BA,009,10,2,Q615S1BA_009_10_2,,SDC2119,HDS2262,C101,8PL7CVA,Q615S1BA1,2026-08-12 04:41:10-07:00,202633,20.00,119325,NGXSDJXA0H80B002632,3,15,009T02,8B28421-D,EXABAHA008,101,1,1010001,1010000,1,101,UNDEFINED,10.2223,15.1975,5.809,9.0591,7.8381,11.9359,0.8476,2.385,1.2257,1.2668,31.5236,32.3074,0.8476,2.385,4921.1718,7601.8642,5.809|7.8381|10.2223,9.0591|11.9359|15.1975,^GT:31.5236%0.7%19.35,^GT:5.809%0.7%19.35%200%7.8381%0.7%19.35%300%10.2223%0.7%19.35%400,AIO
EFUSE_Q615S1BA_009_10_3,Q615S1BA1,X,Q615S1BA,009,10,3,Q615S1BA_009_10_3,,SDC2119,HDS2262,C101,8PL7CVA,Q615S1BA1,2026-08-12 04:41:10-07:00,202633,20.00,119325,NGXSDJXA0H80B002632,6,5,009T01,8B18438-D,EXABAHA008,101,1,1010001,1010000,1,101,UNDEFINED,10.2161,15.1503,5.7889,8.9939,7.8053,11.8614,1.487,2.3416,0.8843,1.2501,31.6229,32.4021,1.487,2.3416,4908.1225,7602.6631,5.7889|7.8053|10.2161,8.9939|11.8614|15.1503,^GT:31.6229%0.7%19.799999999999997,^GT:5.7889%0.7%19.799999999999997%200%7.8053%0.7%19.799999999999997%300%10.2161%0.7%19.799999999999997%400,AIO
EFUSE_Q615S1BA_009_10_4,Q615S1BA1,X,Q615S1BA,009,10,4,Q615S1BA_009_10_4,,SDC2119,HDS2262,C101,8PL7CVA,Q615S1BA1,2026-08-12 04:41:10-07:00,202633,20.00,119325,NGXSDJXA0H80B002632,6,1,009T03,8B18438-D,EXABAHA008,301,3,3010001,3030000,3,303,UNDEFINED,10.1719,15.0036,5.7446,8.8828,7.7677,11.7205,0.9226,2.2075,0.7773,1.181,31.6236,32.2147,0.9226,2.2075,4871.3715,7553.1292,5.7446|7.7677|10.1719,8.8828|11.7205|15.0036,^GT:31.6236%0.7%19.9,^GT:5.7446%0.7%19.9%200%7.7677%0.7%19.9%300%10.1719%0.7%19.9%400,AIO
EFUSE_Q615S1BA_009_11_-1,Q615S1BA1,X,Q615S1BA,009,11,-1,Q615S1BA_009_11_-1,,SDC2119,HDS2262,C101,8PL7CVA,Q615S1BA1,2026-08-12 04:41:10-07:00,202633,20.00,119325,NGXSDJXA0H80B002632,5,10,009T02,8B18438-D,EXABAHA008,101,1,1010001,1010000,1,101,UNDEFINED,10.1143,15.0004,5.7059,8.9058,7.7305,11.7414,0.5745,2.2504,0.8022,1.1812,31.4886,32.0768,0.5745,2.2504,4822.9028,7479.8935,5.7059|7.7305|10.1143,8.9058|11.7414|15.0004,^GT:31.4886%0.7%19.9,^GT:5.7059%0.7%19.9%200%7.7305%0.7%19.9%300%10.1143%0.7%19.9%400,AIO
EFUSE_Q615S1BA_009_11_-2,Q615S1BA1,X,Q615S1BA,009,11,-2,Q615S1BA_009_11_-2,,SDC2119,HDS2262,C101,8PL7CVA,Q615S1BA1,2026-08-12 04:41:10-07:00,202633,20.00,119325,NGXSDJXA0H80B002632,3,7,009T03,8B28421-D,EXABAHA008,101,1,1010001,1010000,1,101,UNDEFINED,10.0926,14.957,5.6972,8.8658,7.7163,11.697,0.6936,2.2539,0.8162,1.1575,31.3957,32.0589,0.6936,2.2539,4827.1638,7482.8229,5.6972|7.7163|10.0926,8.8658|11.697|14.957,^GT:31.3957%0.7%19.15,^GT:5.6972%0.7%19.15%200%7.7163%0.7%19.15%300%10.0926%0.7%19.15%400,AIO
EFUSE_Q615S1BA_009_11_0,Q615S1BA1,X,Q615S1BA,009,11,0,Q615S1BA_009_11_0,,SDC2119,HDS2262,C101,8PL7CVA,Q615S1BA1,2026-08-12 04:41:10-07:00,202633,20.00,119325,NGXSDJXA0H80B002632,4,1,009T01,8B18438-D,EXABAHA008,302,3,3020001,3030000,3,303,UNDEFINED,10.0695,14.9315,5.6863,8.8384,7.6971,11.6726,1.5179,2.1922,0.9663,1.1437,31.3086,32.0689,1.5179,2.1922,4792.5433,7439.1478,5.6863|7.6971|10.0695,8.8384|11.6726|14.9315,^GT:31.3086%0.7%20.1,^GT:5.6863%0.7%20.1%200%7.6971%0.7%20.1%300%10.0695%0.7%20.1%400,AIO
EFUSE_Q615S1BA_009_11_1,Q615S1BA1,X,Q615S1BA,009,11,1,Q615S1BA_009_11_1,,SDC2119,HDS2262,C101,8PL7CVA,Q615S1BA1,2026-08-12 04:41:10-07:00,202633,20.00,119325,NGXSDJXA0H80B002632,5,1,009T03,8B18438-D,EXABAHA008,301,3,3010001,3030000,3,303,UNDEFINED,10.0149,14.816,5.6364,8.757,7.6443,11.5714,0.5244,2.1149,0.8693,1.1016,31.275,31.8895,0.5244,2.1149,4788.5486,7421.0386,5.6364|7.6443|10.0149,8.757|11.5714|14.816,^GT:31.275%0.7%19.700000000000003,^GT:5.6364%0.7%19.700000000000003%200%7.6443%0.7%19.700000000000003%300%10.0149%0.7%19.700000000000003%400,AIO
EFUSE_Q615S1BA_009_11_2,Q615S1BA1,X,Q615S1BA,009,11,2,Q615S1BA_009_11_2,,SDC2119,HDS2262,C101,8PL7CVA,Q615S1BA1,2026-08-12 04:41:10-07:00,202633,20.00,119325,NGXSDJXA0H80B002632,3,16,009T02,8B28421-D,EXABAHA008,301,3,3010001,3030000,3,303,UNDEFINED,10.0348,14.8161,5.6481,8.7425,7.6616,11.5684,0.5369,2.1857,0.8435,1.1236,31.3336,31.9663,0.5369,2.1857,4790.6791,7442.0772,5.6481|7.6616|10.0348,8.7425|11.5684|14.8161,^GT:31.3336%0.7%19.6,^GT:5.6481%0.7%19.6%200%7.6616%0.7%19.6%300%10.0348%0.7%19.6%400,AIO
EFUSE_Q615S1BA_009_1_-1,Q615S1BA1,X,Q615S1BA,009,1,-1,Q615S1BA_009_1_-1,,SDC2119,HDS2262,C101,8PL7CVA,Q615S1BA1,2026-08-12 04:41:10-07:00,202633,20.00,119325,NGXSDJXA0H80B002632,4,19,009T02,8B18438-D,EXABAHA008,201,2,2010001,2020000,2,202,UNDEFINED,9.9534,14.6472,5.5659,8.5848,7.5927,11.4032,0.953,1.9569,0.9726,0.9928,31.3393,31.9074,0.953,1.9569,4704.1278,7411.1851,5.5659|7.5927|9.9534,8.5848|11.4032|14.6472,^GT:31.3393%0.7%19.700000000000003,^GT:5.5659%0.7%19.700000000000003%200%7.5927%0.7%19.700000000000003%300%9.9534%0.7%19.700000000000003%400,AIO
EFUSE_Q615S1BA_009_1_-10,Q615S1BA1,X,Q615S1BA,009,1,-10,Q615S1BA_009_1_-10,,SDC2119,HDS2262,C101,8PL7CVA,Q615S1BA1,2026-08-12 04:41:10-07:00,202633,20.00,119325,NGXSDJXA0H80B002632,7,4,009T02,8B28421-D,EXABAHA008,101,1,1010001,1010000,1,101,UNDEFINED,10.2887,15.3956,5.8601,9.2355,7.8785,12.1149,1.3267,2.5489,1.0884,1.3301,31.6329,32.4216,1.3267,2.5489,4968.3089,7627.9627,5.8601|7.8785|10.2887,9.2355|12.1149|15.3956,^GT:31.6329%0.7%19.4,^GT:5.8601%0.7%19.4%200%7.8785%0.7%19.4%300%10.2887%0.7%19.4%400,AIO
EFUSE_Q615S1BA_009_1_-11,Q615S1BA1,X,Q615S1BA,009,1,-11,Q615S1BA_009_1_-11,,SDC2119,HDS2262,C101,8PL7CVA,Q615S1BA1,2026-08-12 04:41:10-07:00,202633,20.00,119325,NGXSDJXA0H80B002632,7,2,009T02,8B18438-D,EXABAHA008,101,1,1010001,1010000,1,101,UNDEFINED,10.0491,14.9772,5.6737,8.8759,7.6687,11.7202,0.942,2.2276,0.7513,1.1468,31.2529,32.1121,0.942,2.2276,4830.3595,7478.8282,5.6737|7.6687|10.0491,8.8759|11.7202|14.9772,^GT:31.2529%0.7%19.6,^GT:5.6737%0.7%19.6%200%7.6687%0.7%19.6%300%10.0491%0.7%19.6%400,AIO
EFUSE_Q615S1BA_009_1_-2,Q615S1BA1,X,Q615S1BA,009,1,-2,Q615S1BA_009_1_-2,B99710010_FAIL_MIO_HPTP_GXX_HPTP_X_TIMCAL_E_START_X_X_NOM_X_1P2_HPTPTIMCAL_N2,SDC2119,HDS2262,C101,8PL7CVA,Q615S1BA1,2026-08-12 04:41:10-07:00,202633,20.00,119325,NGXSDJXA0H80B002632,4,4,009T03,8B28421-D,EXABAHA008,9971,99,99710010,99710010,99,9971,UNDEFINED,,,,,,,,,,,,,,,4807.1904,7508.9214,,,,,AIO
EFUSE_Q615S1BA_009_1_-3,Q615S1BA1,X,Q615S1BA,009,1,-3,Q615S1BA_009_1_-3,,SDC000,HDS000,A000,8PL7CVA,Q615S1BA1,2026-08-12 04:41:10-07:00,202633,20.00,119325,NGXSDJXA0H80B002632,3,10,009T01,,XIU000,9301,93,,930100,93,9301,UNDEFINED,,,,,,,,,,,,,,,,,,,,,AIO
EFUSE_Q615S1BA_009_1_-4,Q615S1BA1,X,Q615S1BA,009,1,-4,Q615S1BA_009_1_-4,,SDC2119,HDS2262,C101,8PL7CVA,Q615S1BA1,2026-08-12 04:41:10-07:00,202633,20.00,119325,NGXSDJXA0H80B002632,6,1,009T02,8B28421-D,EXABAHA008,301,3,3010001,3030000,3,303,UNDEFINED,10.1032,14.8659,5.7392,8.8013,7.7628,11.6427,1.1315,2.1659,1.2013,1.1849,31.1714,31.9189,1.1315,2.1659,4945.4061,7649.8003,5.7392|7.7628|10.1032,8.8013|11.6427|14.8659,^GT:31.1714%0.7%19.15,^GT:5.7392%0.7%19.15%200%7.7628%0.7%19.15%300%10.1032%0.7%19.15%400,AIO
EFUSE_Q615S1BA_009_1_-5,Q615S1BA1,X,Q615S1BA,009,1,-5,Q615S1BA_009_1_-5,,SDC000,HDS000,A000,8PL7CVA,Q615S1BA1,2026-08-12 04:41:10-07:00,202633,20.00,119325,NGXSDJXA0H80B002632,3,17,009T03,,XIU000,9301,93,,930100,93,9301,UNDEFINED,,,,,,,,,,,,,,,,,,,,,AIO
EFUSE_Q615S1BA_009_1_-6,Q615S1BA1,X,Q615S1BA,009,1,-6,Q615S1BA_009_1_-6,,SDC2119,HDS2262,C101,8PL7CVA,Q615S1BA1,2026-08-12 04:41:10-07:00,202633,20.00,119325,NGXSDJXA0H80B002632,2,8,009T01,8B18438-D,EXABAHA008,101,1,1010001,1010000,1,101,UNDEFINED,10.1604,15.0282,5.7948,8.9421,7.7952,11.7965,1.4396,2.3236,0.8987,1.279,31.1829,32.0326,1.4396,2.3236,5010.9188,7736.6178,5.7948|7.7952|10.1604,8.942|11.7965|15.0282,^GT:31.1829%0.7%19.6,^GT:5.7948%0.7%19.6%200%7.7952%0.7%19.6%300%10.1604%0.7%19.6%400,AIO
EFUSE_Q615S1BA_009_1_-7,Q615S1BA1,X,Q615S1BA,009,1,-7,Q615S1BA_009_1_-7,,SDC2119,HDS2262,C101,8PL7CVA,Q615S1BA1,2026-08-12 04:41:10-07:00,202633,20.00,119325,NGXSDJXA0H80B002632,7,18,009T02,8B18438-D,EXABAHA008,101,1,1010001,1010000,1,101,UNDEFINED,10.1998,15.1236,5.8126,9.0301,7.8316,11.8886,1.4638,2.3997,1.0999,1.2995,31.3371,32.0711,1.4638,2.3997,5019.7071,7718.2423,5.8126|7.8315|10.1998,9.0301|11.8886|15.1236,^GT:31.3371%0.7%19.55,^GT:5.8126%0.7%19.55%200%7.8315%0.7%19.55%300%10.1998%0.7%19.55%400,AIO
EFUSE_Q615S1BA_009_1_-8,Q615S1BA1,X,Q615S1BA,009,1,-8,Q615S1BA_009_1_-8,,SDC2119,HDS2262,C101,8PL7CVA,Q615S1BA1,2026-08-12 04:41:10-07:00,202633,20.00,119325,NGXSDJXA0H80B002632,2,3,009T03,8B18438-D,EXABAHA008,101,1,1010001,1010000,1,101,UNDEFINED,10.3151,15.3601,5.9006,9.2471,7.9319,12.1075,1.2141,2.5873,0.9935,1.4044,31.5321,32.1737,1.2141,2.5873,5075.3662,7761.9174,5.9006|7.9319|10.3151,9.2471|12.1075|15.3601,^GT:31.5321%0.7%19.5,^GT:5.9006%0.7%19.5%200%7.9319%0.7%19.5%300%10.3151%0.7%19.5%400,AIO
EFUSE_Q615S1BA_009_1_-9,Q615S1BA1,X,Q615S1BA,009,1,-9,Q615S1BA_009_1_-9,,SDC2119,HDS2262,C101,8PL7CVA,Q615S1BA1,2026-08-12 04:41:10-07:00,202633,20.00,119325,NGXSDJXA0H80B002632,1,7,009T03,8B18438-D,EXABAHA008,101,1,1010001,1010000,1,101,UNDEFINED,10.3581,15.4737,5.9503,9.3289,7.9685,12.1993,1.4772,2.6337,1.2282,1.4315,31.4843,32.3411,1.4772,2.6337,5053.2623,7731.8242,5.9503|7.9685|10.3581,9.3289|12.1993|15.4737,^GT:31.4843%0.7%19.85,^GT:5.9503%0.7%19.85%200%7.9685%0.7%19.85%300%10.3581%0.7%19.85%400,AIO
EFUSE_Q615S1BA_009_1_0,Q615S1BA1,X,Q615S1BA,009,1,0,Q615S1BA_009_1_0,,SDC2119,HDS2262,C101,8PL7CVA,Q615S1BA1,2026-08-12 04:41:10-07:00,202633,20.00,119325,NGXSDJXA0H80B002632,4,12,009T01,8B28421-D,EXABAHA008,101,1,1010001,1010000,1,101,UNDEFINED,9.9306,14.5844,5.5345,8.5165,7.5494,11.3513,0.9936,1.897,0.8581,0.9634,31.4007,31.9363,0.9936,1.897,4658.8549,7384.5539,5.5345|7.5494|9.9306,8.5165|11.3513|14.5844,^GT:31.4007%0.7%19.25,^GT:5.5345%0.7%19.25%200%7.5494%0.7%19.25%300%9.9306%0.7%19.25%400,AIO
EFUSE_Q615S1BA_009_1_1,Q615S1BA1,X,Q615S1BA,009,1,1,Q615S1BA_009_1_1,,SDC2119,HDS2262,C101,8PL7CVA,Q615S1BA1,2026-08-12 04:41:10-07:00,202633,20.00,119325,NGXSDJXA0H80B002632,5,11,009T03,8B28421-D,EXABAHA008,201,2,2010001,2020000,2,202,UNDEFINED,9.9885,14.6467,5.609,8.5906,7.6395,11.4289,1.342,1.9665,0.7003,1.0123,31.2821,31.8742,1.342,1.9665,4757.3901,7465.5126,5.609|7.6395|9.9885,8.5906|11.4289|14.6467,^GT:31.2821%0.7%19.1,^GT:5.609%0.7%19.1%200%7.6395%0.7%19.1%300%9.9885%0.7%19.1%400,AIO
EFUSE_Q615S1BA_009_1_10,Q615S1BA1,X,Q615S1BA,009,1,10,Q615S1BA_009_1_10,,SDC2119,HDS2262,C101,8PL7CVA,Q615S1BA1,2026-08-12 04:41:10-07:00,202633,20.00,119325,NGXSDJXA0H80B002632,1,12,009T02,8B28421-D,EXABAHA008,101,1,1010001,1010000,1,101,UNDEFINED,10.1479,14.9031,5.7605,8.815,7.7819,11.6496,1.0111,2.2365,1.2125,1.2042,31.3386,32.0426,1.0111,2.2365,4929.9601,7613.8482,5.7605|7.7819|10.1479,8.815|11.6496|14.9031,^GT:31.3386%0.7%18.95,^GT:5.7605%0.7%18.95%200%7.7819%0.7%18.95%300%10.1479%0.7%18.95%400,AIO
EFUSE_Q615S1BA_009_1_2,Q615S1BA1,X,Q615S1BA,009,1,2,Q615S1BA_009_1_2,,SDC2119,HDS2262,C101,8PL7CVA,Q615S1BA1,2026-08-12 04:41:10-07:00,202633,20.00,119325,NGXSDJXA0H80B002632,3,6,009T02,8B18438-D,EXABAHA008,101,1,1010001,1010000,1,101,UNDEFINED,10.1136,14.8451,5.732,8.7763,7.7542,11.6015,0.8112,2.1638,0.8009,1.181,31.2971,31.9411,0.8112,2.1638,4874.0346,7564.5806,5.732|7.7542|10.1136,8.7763|11.6015|14.8451,^GT:31.2971%0.7%19.65,^GT:5.732%0.7%19.65%200%7.7542%0.7%19.65%300%10.1136%0.7%19.65%400,AIO
EFUSE_Q615S1BA_009_1_3,Q615S1BA1,X,Q615S1BA,009,1,3,Q615S1BA_009_1_3,,SDC2119,HDS2262,C101,8PL7CVA,Q615S1BA1,2026-08-12 04:41:10-07:00,202633,20.00,119325,NGXSDJXA0H80B002632,5,5,009T01,8B28421-D,EXABAHA008,101,1,1010001,1010000,1,101,UNDEFINED,10.139,14.8927,5.7742,8.8224,7.7987,11.6709,0.7799,2.2392,0.8503,1.2379,31.1771,31.9495,0.7799,2.2392,4943.5419,7643.4088,5.7742|7.7987|10.139,8.8223|11.6709|14.8927,^GT:31.1771%0.7%19.799999999999997,^GT:5.7742%0.7%19.799999999999997%200%7.7987%0.7%19.799999999999997%300%10.139%0.7%19.799999999999997%400,AIO
EFUSE_Q615S1BA_009_1_4,Q615S1BA1,X,Q615S1BA,009,1,4,Q615S1BA_009_1_4,,SDC2119,HDS2262,C101,8PL7CVA,Q615S1BA1,2026-08-12 04:41:10-07:00,202633,20.00,119325,NGXSDJXA0H80B002632,6,10,009T03,8B28421-D,EXABAHA008,101,1,1010001,1010000,1,101,UNDEFINED,10.126,14.849,5.7533,8.8098,7.7709,11.6427,1.3683,2.2733,1.2393,1.2335,31.2336,31.7853,1.3682,2.2733,4989.8802,7710.253,5.7533|7.7709|10.126,8.8098|11.6427|14.849,^GT:31.2336%0.7%19.35,^GT:5.7533%0.7%19.35%200%7.7709%0.7%19.35%300%10.126%0.7%19.35%400,AIO
EFUSE_Q615S1BA_009_1_5,Q615S1BA1,X,Q615S1BA,009,1,5,Q615S1BA_009_1_5,,SDC2119,HDS2262,C101,8PL7CVA,Q615S1BA1,2026-08-12 04:41:10-07:00,202633,20.00,119325,NGXSDJXA0H80B002632,2,14,009T02,8B28421-D,EXABAHA008,301,3,3010001,3030000,3,303,UNDEFINED,10.1728,14.9594,5.8038,8.9225,7.8268,11.7366,1.5931,2.3242,0.8964,1.2975,31.2071,31.7732,1.5931,2.3242,5070.0399,7791.7443,5.8038|7.8268|10.1728,8.9225|11.7366|14.9594,^GT:31.2071%0.7%19.700000000000003,^GT:5.8038%0.7%19.700000000000003%200%7.8268%0.7%19.700000000000003%300%10.1728%0.7%19.700000000000003%400,AIO
EFUSE_Q615S1BA_009_1_6,Q615S1BA1,X,Q615S1BA,009,1,6,Q615S1BA_009_1_6,,SDC2119,HDS2262,C101,8PL7CVA,Q615S1BA1,2026-08-12 04:41:10-07:00,202633,20.00,119325,NGXSDJXA0H80B002632,6,14,009T01,8B28421-D,EXABAHA008,101,1,1010001,1010000,1,101,UNDEFINED,10.1177,14.8899,5.7629,8.8347,7.7773,11.6701,0.6359,2.2754,0.8581,1.2374,31.1057,31.8695,0.6359,2.2754,5015.4461,7725.6991,5.7629|7.7772|10.1177,8.8347|11.6701|14.8899,^GT:31.1057%0.7%19.4,^GT:5.7629%0.7%19.4%200%7.7772%0.7%19.4%300%10.1177%0.7%19.4%400,AIO
EFUSE_Q615S1BA_009_1_7,Q615S1BA1,X,Q615S1BA,009,1,7,Q615S1BA_009_1_7,,SDC2119,HDS2262,C101,8PL7CVA,Q615S1BA1,2026-08-12 04:41:10-07:00,202633,20.00,119325,NGXSDJXA0H80B002632,7,10,009T03,8B28421-D,EXABAHA008,101,1,1010001,1010000,1,101,UNDEFINED,10.1291,14.9373,5.7627,8.8801,7.7737,11.7087,1.3801,2.2524,1.1769,1.2314,31.1886,31.88,1.3801,2.2524,4985.0866,7690.8123,5.7627|7.7737|10.1291,8.8801|11.7087|14.9373,^GT:31.1886%0.7%19.5,^GT:5.7627%0.7%19.5%200%7.7737%0.7%19.5%300%10.1291%0.7%19.5%400,AIO
EFUSE_Q615S1BA_009_1_8,Q615S1BA1,X,Q615S1BA,009,1,8,Q615S1BA_009_1_8,,SDC2119,HDS2262,C101,8PL7CVA,Q615S1BA1,2026-08-12 04:41:10-07:00,202633,20.00,119325,NGXSDJXA0H80B002632,1,4,009T02,8B18438-D,EXABAHA008,101,1,1010001,1010000,1,101,UNDEFINED,10.2203,15.0628,5.8232,8.9673,7.8336,11.8089,0.6698,2.3463,1.2543,1.2667,31.4079,32.0816,0.6698,2.3463,4995.2064,7694.008,5.8232|7.8336|10.2203,8.9673|11.8089|15.0628,^GT:31.4079%0.7%20,^GT:5.8232%0.7%20%200%7.8336%0.7%20%300%10.2203%0.7%20%400,AIO
EFUSE_Q615S1BA_009_1_9,Q615S1BA1,X,Q615S1BA,009,1,9,Q615S1BA_009_1_9,,SDC2119,HDS2262,C101,8PL7CVA,Q615S1BA1,2026-08-12 04:41:10-07:00,202633,20.00,119325,NGXSDJXA0H80B002632,7,9,009T01,8B28421-D,EXABAHA008,101,1,1010001,1010000,1,101,UNDEFINED,10.2151,15.0363,5.7927,8.9226,7.8137,11.7653,1.2628,2.2364,1.2248,1.2167,31.5886,32.1774,1.2628,2.2364,4957.9228,7665.5126,5.7927|7.8136|10.2151,8.9226|11.7653|15.0363,^GT:31.5886%0.7%19.15,^GT:5.7927%0.7%19.15%200%7.8136%0.7%19.15%300%10.2151%0.7%19.15%400,AIO
EFUSE_Q615S1BA_009_2_-1,Q615S1BA1,X,Q615S1BA,009,2,-1,Q615S1BA_009_2_-1,B65000360_FAIL_ARR_GT_GXX_SSA_GT_VMIN_K_PREHVQK_X_X_NOM_X_ALL_SSA_0,SDC2119,HDS2262,C101,8PL7CVA,Q615S1BA1,2026-08-12 04:41:10-07:00,202633,20.00,119325,NGXSDJXA0H80B002632,5,19,009T02,8B28421-D,EXABAHA008,6500,65,65000360,65000360,65,6500,UNDEFINED,10.0556,14.7703,5.6713,8.6939,7.6959,11.5292,1.5624,2.074,0.772,1.0757,31.3164,31.9811,1.5624,2.074,4811.1851,7520.3728,5.6713|7.6959|10.0556,8.6939|11.5292|14.7703,^GT:31.3164%0.7%18.75,^GT:5.6713%0.7%18.75%200%7.6959%0.7%18.75%300%10.0556%0.7%18.75%400,AIO
EFUSE_Q615S1BA_009_2_-10,Q615S1BA1,X,Q615S1BA,009,2,-10,Q615S1BA_009_2_-10,,SDC2119,HDS2262,C101,8PL7CVA,Q615S1BA1,2026-08-12 04:41:10-07:00,202633,20.00,119325,NGXSDJXA0H80B002632,1,10,009T01,8B18438-D,EXABAHA008,101,1,1010001,1010000,1,101,UNDEFINED,10.265,15.3305,5.8455,9.1778,7.8566,12.062,1.638,2.4961,1.2544,1.3191,31.5679,32.3826,1.6379,2.4961,4943.2756,7624.5007,5.8455|7.8566|10.265,9.1778|12.062|15.3305,^GT:31.5679%0.7%19.95,^GT:5.8455%0.7%19.95%200%7.8566%0.7%19.95%300%10.265%0.7%19.95%400,AIO
EFUSE_Q615S1BA_009_2_-11,Q615S1BA1,X,Q615S1BA,009,2,-11,Q615S1BA_009_2_-11,,SDC2119,HDS2262,C101,8PL7CVA,Q615S1BA1,2026-08-12 04:41:10-07:00,202633,20.00,119325,NGXSDJXA0H80B002632,1,12,009T01,8B28421-D,EXABAHA008,101,1,1010001,1010000,1,101,UNDEFINED,10.0038,14.8962,5.6417,8.8198,7.6449,11.6467,0.738,2.2113,0.7494,1.1218,31.1579,31.9811,0.738,2.2113,4800.0,7465.2463,5.6417|7.6449|10.0038,8.8198|11.6467|14.8962,^GT:31.1579%0.7%19.15,^GT:5.6417%0.7%19.15%200%7.6449%0.7%19.15%300%10.0038%0.7%19.15%400,AIO
EFUSE_Q615S1BA_009_2_-2,Q615S1BA1,X,Q615S1BA,009,2,-2,Q615S1BA_009_2_-2,,SDC2119,HDS2262,C101,8PL7CVA,Q615S1BA1,2026-08-12 04:41:10-07:00,202633,20.00,119325,NGXSDJXA0H80B002632,4,3,009T03,8B18438-D,EXABAHA008,101,1,1010001,1010000,1,101,UNDEFINED,10.1048,14.8492,5.7185,8.7597,7.7556,11.6124,0.8421,2.1158,1.1173,1.1411,31.3307,32.05,0.8421,2.1158,4856.9907,7548.0692,5.7185|7.7556|10.1048,8.7597|11.6124|14.8492,^GT:31.3307%0.7%19.65,^GT:5.7185%0.7%19.65%200%7.7556%0.7%19.65%300%10.1048%0.7%19.65%400,AIO
EFUSE_Q615S1BA_009_2_-3,Q615S1BA1,X,Q615S1BA,009,2,-3,Q615S1BA_009_2_-3,,SDC2119,HDS2262,C101,8PL7CVA,Q615S1BA1,2026-08-12 04:41:10-07:00,202633,20.00,119325,NGXSDJXA0H80B002632,3,9,009T01,8B18438-D,EXABAHA008,101,1,1010001,1010000,1,101,UNDEFINED,10.1312,14.8884,5.7522,8.8164,7.7746,11.6638,0.7403,2.2028,1.2009,1.1901,31.2786,31.9579,0.7403,2.2028,4905.7257,7592.5433,5.7522|7.7746|10.1312,8.8164|11.6638|14.8884,^GT:31.2786%0.7%20,^GT:5.7522%0.7%20%200%7.7746%0.7%20%300%10.1312%0.7%20%400,AIO
EFUSE_Q615S1BA_009_2_-4,Q615S1BA1,X,Q615S1BA,009,2,-4,Q615S1BA_009_2_-4,,SDC2119,HDS2262,C101,8PL7CVA,Q615S1BA1,2026-08-12 04:41:10-07:00,202633,20.00,119325,NGXSDJXA0H80B002632,5,1,009T02,8B18438-D,EXABAHA008,101,1,1010001,1010000,1,101,UNDEFINED,10.142,14.9465,5.7543,8.8554,7.7754,11.6963,1.3369,2.2327,0.9396,1.2067,31.3407,32.0584,1.3369,2.2327,4944.3409,7647.6698,5.7543|7.7753|10.142,8.8554|11.6963|14.9465,^GT:31.3407%0.7%19.95,^GT:5.7543%0.7%19.95%200%7.7753%0.7%19.95%300%10.142%0.7%19.95%400,AIO
EFUSE_Q615S1BA_009_2_-5,Q615S1BA1,X,Q615S1BA,009,2,-5,Q615S1BA_009_2_-5,,SDC2119,HDS2262,C101,8PL7CVA,Q615S1BA1,2026-08-12 04:41:10-07:00,202633,20.00,119325,NGXSDJXA0H80B002632,3,16,009T03,8B18438-D,EXABAHA008,101,1,1010001,1010000,1,101,UNDEFINED,10.1703,15.0105,5.7975,8.9436,7.8064,11.7841,1.1193,2.3049,0.9714,1.2544,31.235,31.9311,1.1193,2.3049,4988.8149,7715.8455,5.7974|7.8064|10.1703,8.9436|11.7841|15.0105,^GT:31.235%0.7%19.799999999999997,^GT:5.7974%0.7%19.799999999999997%200%7.8064%0.7%19.799999999999997%300%10.1703%0.7%19.799999999999997%400,AIO
EFUSE_Q615S1BA_009_2_-6,Q615S1BA1,X,Q615S1BA,009,2,-6,Q615S1BA_009_2_-6,,SDC2119,HDS2262,C101,8PL7CVA,Q615S1BA1,2026-08-12 04:41:10-07:00,202633,20.00,119325,NGXSDJXA0H80B002632,2,7,009T01,8B18438-D,EXABAHA008,101,1,1010001,1010000,1,101,UNDEFINED,10.1946,15.0894,5.8079,8.9956,7.8252,11.8507,1.0771,2.371,1.2458,1.2811,31.3336,32.0726,1.0771,2.371,5013.8482,7741.4115,5.8079|7.8252|10.1946,8.9956|11.8507|15.0894,^GT:31.3336%0.7%19.700000000000003,^GT:5.8079%0.7%19.700000000000003%200%7.8252%0.7%19.700000000000003%300%10.1946%0.7%19.700000000000003%400,AIO
EFUSE_Q615S1BA_009_2_-7,Q615S1BA1,X,Q615S1BA,009,2,-7,Q615S1BA_009_2_-7,,SDC2119,HDS2262,C101,8PL7CVA,Q615S1BA1,2026-08-12 04:41:10-07:00,202633,20.00,119325,NGXSDJXA0H80B002632,7,17,009T02,8B28421-D,EXABAHA008,301,3,3010001,3030000,3,303,UNDEFINED,10.2237,15.1836,5.8325,9.0975,7.8625,11.9436,1.1971,2.4359,0.924,1.3119,31.3657,32.0326,1.1971,2.4358,5027.9627,7725.4328,5.8325|7.8625|10.2237,9.0974|11.9436|15.1836,^GT:31.3657%0.7%19.55,^GT:5.8325%0.7%19.55%200%7.8625%0.7%19.55%300%10.2237%0.7%19.55%400,AIO
EFUSE_Q615S1BA_009_2_-8,Q615S1BA1,X,Q615S1BA,009,2,-8,Q615S1BA_009_2_-8,,SDC2119,HDS2262,C101,8PL7CVA,Q615S1BA1,2026-08-12 04:41:10-07:00,202633,20.00,119325,NGXSDJXA0H80B002632,2,2,009T03,8B28421-D,EXABAHA008,101,1,1010001,1010000,1,101,UNDEFINED,10.3649,15.4186,5.9599,9.2853,7.9694,12.1565,1.7525,2.619,1.2555,1.4296,31.4643,32.2805,1.7525,2.619,5068.7084,7777.0972,5.9599|7.9694|10.3649,9.2853|12.1565|15.4186,^GT:31.4643%0.7%19.85,^GT:5.9599%0.7%19.85%200%7.9694%0.7%19.85%300%10.3649%0.7%19.85%400,AIO
EFUSE_Q615S1BA_009_2_-9,Q615S1BA1,X,Q615S1BA,009,2,-9,Q615S1BA_009_2_-9,,SDC2119,HDS2262,C101,8PL7CVA,Q615S1BA1,2026-08-12 04:41:10-07:00,202633,20.00,119325,NGXSDJXA0H80B002632,7,9,009T02,8B18438-D,EXABAHA008,101,1,1010001,1010000,1,101,UNDEFINED,10.3797,15.4973,5.9665,9.3564,7.9925,12.2265,1.742,2.6454,1.0064,1.4492,31.5229,32.3205,1.742,2.6454,5041.5446,7742.4767,5.9665|7.9925|10.3797,9.3564|12.2265|15.4973,^GT:31.5229%0.7%19.75,^GT:5.9665%0.7%19.75%200%7.9925%0.7%19.75%300%10.3797%0.7%19.75%400,AIO
EFUSE_Q615S1BA_009_2_0,Q615S1BA1,X,Q615S1BA,009,2,0,Q615S1BA_009_2_0,,SDC2119,HDS2262,C101,8PL7CVA,Q615S1BA1,2026-08-12 04:41:10-07:00,202633,20.00,119325,NGXSDJXA0H80B002632,4,11,009T01,8B18438-D,EXABAHA008,301,3,3010001,3030000,3,303,UNDEFINED,10.045,14.7751,5.6525,8.6889,7.6746,11.5317,1.1545,2.0735,0.9498,1.0763,31.375,32.0326,1.1545,2.0735,4790.4128,7509.1877,5.6525|7.6746|10.045,8.6889|11.5317|14.7751,^GT:31.375%0.7%19.9,^GT:5.6525%0.7%19.9%200%7.6746%0.7%19.9%300%10.045%0.7%19.9%400,AIO
EFUSE_Q615S1BA_009_2_1,Q615S1BA1,X,Q615S1BA,009,2,1,Q615S1BA_009_2_1,B99880012_FAIL_TPI_SIU_STATIC_CTRL_X_PWRDWN_K_STRESS_X_X_X_X_LOWV_BFL_N2,SDC2119,HDS2262,C101,8PL7CVA,Q615S1BA1,2026-08-12 04:41:10-07:00,202633,20.00,119325,NGXSDJXA0H80B002632,5,10,009T03,8B28421-D,EXABAHA008,9988,99,99880012,99880012,99,9988,UNDEFINED,10.0761,14.7977,5.6893,8.7138,7.7071,11.5524,1.3779,2.0809,0.7303,1.1182,31.3343,32.0205,1.3779,2.0809,4843.9414,7552.8628,5.6893|7.7071|10.0761,8.7138|11.5524|14.7977,^GT:31.3343%0.7%19.4,^GT:5.6893%0.7%19.4%200%7.7071%0.7%19.4%300%10.0761%0.7%19.4%400,AIO
EFUSE_Q615S1BA_009_2_10,Q615S1BA1,X,Q615S1BA,009,2,10,Q615S1BA_009_2_10,,SDC2119,HDS2262,C101,8PL7CVA,Q615S1BA1,2026-08-12 04:41:10-07:00,202633,20.00,119325,NGXSDJXA0H80B002632,7,2,009T03,8B18438-D,EXABAHA008,804,8,8041100,8041100,8,804,UNDEFINED,,,,,,,,,,,,,,,,,,,,,AIO
EFUSE_Q615S1BA_009_2_2,Q615S1BA1,X,Q615S1BA,009,2,2,Q615S1BA_009_2_2,,SDC2119,HDS2262,C101,8PL7CVA,Q615S1BA1,2026-08-12 04:41:10-07:00,202633,20.00,119325,NGXSDJXA0H80B002632,3,7,009T02,8B28421-D,EXABAHA008,101,1,1010001,1010000,1,101,UNDEFINED,10.0833,14.8083,5.7115,8.7373,7.7203,11.5749,1.2025,2.1161,0.7654,1.1433,31.2271,31.9526,1.2025,2.1161,4898.269,7601.5979,5.7115|7.7203|10.0833,8.7373|11.5749|14.8083,^GT:31.2271%0.7%19.05,^GT:5.7115%0.7%19.05%200%7.7203%0.7%19.05%300%10.0833%0.7%19.05%400,AIO
EFUSE_Q615S1BA_009_2_3,Q615S1BA1,X,Q615S1BA,009,2,3,Q615S1BA_009_2_3,,SDC2119,HDS2262,C101,8PL7CVA,Q615S1BA1,2026-08-12 04:41:10-07:00,202633,20.00,119325,NGXSDJXA0H80B002632,5,4,009T01,8B18438-D,EXABAHA008,301,3,3010001,3030000,3,303,UNDEFINED,10.0882,14.8086,5.7124,8.7584,7.7404,11.5872,1.4312,2.1948,1.142,1.1711,31.2557,31.8432,1.4312,2.1948,4924.1012,7627.9627,5.7124|7.7404|10.0882,8.7584|11.5872|14.8086,^GT:31.2557%0.7%19.700000000000003,^GT:5.7124%0.7%19.700000000000003%200%7.7404%0.7%19.700000000000003%300%10.0882%0.7%19.700000000000003%400,AIO
EFUSE_Q615S1BA_009_2_4,Q615S1BA1,X,Q615S1BA,009,2,4,Q615S1BA_009_2_4,,SDC2119,HDS2262,C101,8PL7CVA,Q615S1BA1,2026-08-12 04:41:10-07:00,202633,20.00,119325,NGXSDJXA0H80B002632,6,9,009T03,8B28421-D,EXABAHA008,101,1,1010001,1010000,1,101,UNDEFINED,10.0986,14.8428,5.7206,8.7793,7.7456,11.5966,0.5814,2.1731,1.0736,1.1824,31.2721,31.9132,0.5814,2.1731,4941.9441,7683.3555,5.7205|7.7456|10.0986,8.7793|11.5966|14.8428,^GT:31.2721%0.7%19.45,^GT:5.7205%0.7%19.45%200%7.7456%0.7%19.45%300%10.0986%0.7%19.45%400,AIO
EFUSE_Q615S1BA_009_2_5,Q615S1BA1,X,Q615S1BA,009,2,5,Q615S1BA_009_2_5,,SDC2119,HDS2262,C101,8PL7CVA,Q615S1BA1,2026-08-12 04:41:10-07:00,202633,20.00,119325,NGXSDJXA0H80B002632,2,15,009T02,8B18438-D,EXABAHA008,101,1,1010001,1010000,1,101,UNDEFINED,10.1353,14.9025,5.7723,8.8526,7.7964,11.6965,0.6488,2.2516,1.2552,1.2593,31.1643,31.8416,0.6488,2.2516,5011.984,7738.482,5.7723|7.7964|10.1353,8.8526|11.6965|14.9025,^GT:31.1643%0.7%20.15,^GT:5.7723%0.7%20.15%200%7.7964%0.7%20.15%300%10.1353%0.7%20.15%400,AIO
EFUSE_Q615S1BA_009_2_6,Q615S1BA1,X,Q615S1BA,009,2,6,Q615S1BA_009_2_6,,SDC2119,HDS2262,C101,8PL7CVA,Q615S1BA1,2026-08-12 04:41:10-07:00,202633,20.00,119325,NGXSDJXA0H80B002632,6,13,009T01,8B28421-D,EXABAHA008,302,3,3020001,3030000,3,303,UNDEFINED,10.1114,14.872,5.7558,8.8373,7.7624,11.6452,0.647,2.218,0.8547,1.2289,31.1114,31.7621,0.647,2.218,4986.6844,7700.1332,5.7558|7.7624|10.1114,8.8372|11.6452|14.872,^GT:31.1114%0.7%19.700000000000003,^GT:5.7558%0.7%19.700000000000003%200%7.7624%0.7%19.700000000000003%300%10.1114%0.7%19.700000000000003%400,AIO
EFUSE_Q615S1BA_009_2_7,Q615S1BA1,X,Q615S1BA,009,2,7,Q615S1BA_009_2_7,,SDC2119,HDS2262,C101,8PL7CVA,Q615S1BA1,2026-08-12 04:41:10-07:00,202633,20.00,119325,NGXSDJXA0H80B002632,7,9,009T03,8B18438-D,EXABAHA008,101,1,1010001,1010000,1,101,UNDEFINED,10.1662,14.9838,5.7957,8.9118,7.8173,11.7517,0.8925,2.2953,0.9014,1.2684,31.2179,31.9579,0.8925,2.2953,5008.7883,7719.3076,5.7957|7.8173|10.1662,8.9118|11.7517|14.9838,^GT:31.2179%0.7%19.75,^GT:5.7957%0.7%19.75%200%7.8173%0.7%19.75%300%10.1662%0.7%19.75%400,AIO
EFUSE_Q615S1BA_009_2_8,Q615S1BA1,X,Q615S1BA,009,2,8,Q615S1BA_009_2_8,,SDC2119,HDS2262,C101,8PL7CVA,Q615S1BA1,2026-08-12 04:41:10-07:00,202633,20.00,119325,NGXSDJXA0H80B002632,1,5,009T02,8B28421-D,EXABAHA008,301,3,3010001,3030000,3,303,UNDEFINED,10.2826,15.1761,5.887,9.0641,7.8978,11.9183,1.3939,2.4299,1.0449,1.3396,31.3971,32.1689,1.3939,2.4299,5017.0439,7737.1505,5.887|7.8978|10.2826,9.064|11.9183|15.1761,^GT:31.3971%0.7%20,^GT:5.887%0.7%20%200%7.8978%0.7%20%300%10.2826%0.7%20%400,AIO
EFUSE_Q615S1BA_009_2_9,Q615S1BA1,X,Q615S1BA,009,2,9,Q615S1BA_009_2_9,,SDC2119,HDS2262,C101,8PL7CVA,Q615S1BA1,2026-08-12 04:41:10-07:00,202633,20.00,119325,NGXSDJXA0H80B002632,7,8,009T01,8B28421-D,EXABAHA008,101,1,1010001,1010000,1,101,UNDEFINED,10.2469,15.1157,5.8374,8.9925,7.8481,11.8537,0.86,2.326,0.9502,1.2926,31.4964,32.2274,0.86,2.326,4982.1571,7689.747,5.8374|7.8481|10.2469,8.9925|11.8537|15.1157,^GT:31.4964%0.7%19.799999999999997,^GT:5.8374%0.7%19.799999999999997%200%7.8481%0.7%19.799999999999997%300%10.2469%0.7%19.799999999999997%400,AIO
EFUSE_Q615S1BA_009_3_-1,Q615S1BA1,X,Q615S1BA,009,3,-1,Q615S1BA_009_3_-1,,SDC2119,HDS2262,C101,8PL7CVA,Q615S1BA1,2026-08-12 04:41:10-07:00,202633,20.00,119325,NGXSDJXA0H80B002632,5,18,009T02,8B28421-D,EXABAHA008,101,1,1010001,1010000,1,101,UNDEFINED,10.1674,14.95,5.7766,8.8592,7.8017,11.7186,0.8591,2.205,0.8045,1.2022,31.3629,32.0568,0.8591,2.205,4902.53,7596.2716,5.7766|7.8017|10.1674,8.8592|11.7186|14.95,^GT:31.3629%0.7%19.5,^GT:5.7766%0.7%19.5%200%7.8017%0.7%19.5%300%10.1674%0.7%19.5%400,AIO
EFUSE_Q615S1BA_009_3_-10,Q615S1BA1,X,Q615S1BA,009,3,-10,Q615S1BA_009_3_-10,,SDC2119,HDS2262,C101,8PL7CVA,Q615S1BA1,2026-08-12 04:41:10-07:00,202633,20.00,119325,NGXSDJXA0H80B002632,7,3,009T02,8B18438-D,EXABAHA008,101,1,1010001,1010000,1,101,UNDEFINED,10.2294,15.2491,5.8148,9.1052,7.8309,11.9783,1.6469,2.4951,0.9247,1.2943,31.5329,32.3363,1.6468,2.4951,4927.5632,7628.229,5.8148|7.8309|10.2294,9.1052|11.9783|15.2491,^GT:31.5329%0.7%19.75,^GT:5.8148%0.7%19.75%200%7.8309%0.7%19.75%300%10.2294%0.7%19.75%400,AIO
EFUSE_Q615S1BA_009_3_-11,Q615S1BA1,X,Q615S1BA,009,3,-11,Q615S1BA_009_3_-11,B19880000_FAIL_TPI_SIU_STATIC_SIUP_X_ICC_K_START_X_X_X_LFM_LOWV_P2_650MV_2,SDC2119,HDS2262,C101,8PL7CVA,Q615S1BA1,2026-08-12 04:41:10-07:00,202633,20.00,119325,NGXSDJXA0H80B002632,1,11,009T03,8B28421-D,EXABAHA008,1988,19,19880000,19880000,19,1988,UNDEFINED,,,,,,,,,,,,,,,,,,,,,AIO
EFUSE_Q615S1BA_009_3_-2,Q615S1BA1,X,Q615S1BA,009,3,-2,Q615S1BA_009_3_-2,,SDC2119,HDS2262,C101,8PL7CVA,Q615S1BA1,2026-08-12 04:41:10-07:00,202633,20.00,119325,NGXSDJXA0H80B002632,4,2,009T03,8B28421-D,EXABAHA008,101,1,1010001,1010000,1,101,UNDEFINED,10.1829,14.9622,5.7931,8.8806,7.8138,11.7344,1.4075,2.2705,1.0415,1.2379,31.3557,32.0084,1.4075,2.2705,4932.8895,7629.028,5.7931|7.8138|10.1829,8.8806|11.7344|14.9622,^GT:31.3557%0.7%19.15,^GT:5.7931%0.7%19.15%200%7.8138%0.7%19.15%300%10.1829%0.7%19.15%400,AIO
EFUSE_Q615S1BA_009_3_-3,Q615S1BA1,X,Q615S1BA,009,3,-3,Q615S1BA_009_3_-3,,SDC2119,HDS2262,C101,8PL7CVA,Q615S1BA1,2026-08-12 04:41:10-07:00,202633,20.00,119325,NGXSDJXA0H80B002632,3,8,009T01,8B18438-D,EXABAHA008,101,1,1010001,1010000,1,101,UNDEFINED,10.1376,14.9182,5.7536,8.8426,7.7741,11.6895,1.6315,2.2574,1.0259,1.1962,31.3143,31.9768,1.6315,2.2574,4944.0746,7637.8162,5.7536|7.7741|10.1376,8.8426|11.6895|14.9182,^GT:31.3143%0.7%19.5,^GT:5.7536%0.7%19.5%200%7.7741%0.7%19.5%300%10.1376%0.7%19.5%400,AIO
EFUSE_Q615S1BA_009_3_-4,Q615S1BA1,X,Q615S1BA,009,3,-4,Q615S1BA_009_3_-4,,SDC2119,HDS2262,C101,8PL7CVA,Q615S1BA1,2026-08-12 04:41:10-07:00,202633,20.00,119325,NGXSDJXA0H80B002632,5,2,009T02,8B18438-D,EXABAHA008,101,1,1010001,1010000,1,101,UNDEFINED,10.1329,14.9591,5.7529,8.8704,7.7677,11.7149,0.5963,2.217,1.1582,1.1946,31.2857,32.0458,0.5963,2.217,4947.004,7648.735,5.7529|7.7677|10.1329,8.8704|11.7149|14.9591,^GT:31.2857%0.7%19.9,^GT:5.7529%0.7%19.9%200%7.7677%0.7%19.9%300%10.1329%0.7%19.9%400,AIO
EFUSE_Q615S1BA_009_3_-5,Q615S1BA1,X,Q615S1BA,009,3,-5,Q615S1BA_009_3_-5,,SDC2119,HDS2262,C101,8PL7CVA,Q615S1BA1,2026-08-12 04:41:10-07:00,202633,20.00,119325,NGXSDJXA0H80B002632,3,15,009T03,8B28421-D,EXABAHA008,101,1,1010001,1010000,1,101,UNDEFINED,10.1252,14.968,5.7497,8.8859,7.7682,11.7405,0.7299,2.3007,0.89,1.2208,31.2543,32.0111,0.7299,2.3007,4971.771,7699.0679,5.7496|7.7682|10.1252,8.8859|11.7405|14.968,^GT:31.2543%0.7%18.95,^GT:5.7496%0.7%18.95%200%7.7682%0.7%18.95%300%10.1252%0.7%18.95%400,AIO
EFUSE_Q615S1BA_009_3_-6,Q615S1BA1,X,Q615S1BA,009,3,-6,Q615S1BA_009_3_-6,,SDC2119,HDS2262,C101,8PL7CVA,Q615S1BA1,2026-08-12 04:41:10-07:00,202633,20.00,119325,NGXSDJXA0H80B002632,2,6,009T01,8B18438-D,EXABAHA008,302,3,3020001,3030000,3,303,UNDEFINED,10.1977,15.119,5.807,9.0313,7.8111,11.8729,1.6086,2.3998,0.9649,1.2921,31.3621,32.0405,1.6086,2.3998,4999.2011,7711.5846,5.807|7.8111|10.1977,9.0313|11.8729|15.119,^GT:31.3621%0.7%19.700000000000003,^GT:5.807%0.7%19.700000000000003%200%7.8111%0.7%19.700000000000003%300%10.1977%0.7%19.700000000000003%400,AIO
EFUSE_Q615S1BA_009_3_-7,Q615S1BA1,X,Q615S1BA,009,3,-7,Q615S1BA_009_3_-7,,SDC2119,HDS2262,C101,8PL7CVA,Q615S1BA1,2026-08-12 04:41:10-07:00,202633,20.00,119325,NGXSDJXA0H80B002632,7,16,009T02,8B18438-D,EXABAHA008,302,3,3020001,3030000,3,303,UNDEFINED,10.2399,15.2215,5.8413,9.1145,7.8407,11.9711,0.8377,2.4206,0.9166,1.3,31.4186,32.1421,0.8377,2.4206,5009.0546,7713.1824,5.8413|7.8407|10.2399,9.1145|11.9711|15.2215,^GT:31.4186%0.7%19.299999999999997,^GT:5.8413%0.7%19.299999999999997%200%7.8407%0.7%19.299999999999997%300%10.2399%0.7%19.299999999999997%400,AIO
EFUSE_Q615S1BA_009_3_-8,Q615S1BA1,X,Q615S1BA,009,3,-8,Q615S1BA_009_3_-8,,SDC2119,HDS2262,C101,8PL7CVA,Q615S1BA1,2026-08-12 04:41:10-07:00,202633,20.00,119325,NGXSDJXA0H80B002632,2,1,009T03,8B18438-D,EXABAHA008,101,1,1010001,1010000,1,101,UNDEFINED,10.3492,15.4183,5.9405,9.2877,7.952,12.1464,0.8082,2.6296,1.387,1.4274,31.4907,32.2663,0.8082,2.6296,5049.8003,7754.727,5.9405|7.952|10.3492,9.2877|12.1464|15.4183,^GT:31.4907%0.7%19.5,^GT:5.9405%0.7%19.5%200%7.952%0.7%19.5%300%10.3492%0.7%19.5%400,AIO
EFUSE_Q615S1BA_009_3_-9,Q615S1BA1,X,Q615S1BA,009,3,-9,Q615S1BA_009_3_-9,,SDC2119,HDS2262,C101,8PL7CVA,Q615S1BA1,2026-08-12 04:41:10-07:00,202633,20.00,119325,NGXSDJXA0H80B002632,1,3,009T01,8B28421-D,EXABAHA008,301,3,3010001,3030000,3,303,UNDEFINED,10.3065,15.3782,5.8848,9.2228,7.907,12.103,1.3457,2.52,0.9596,1.3575,31.5836,32.3968,1.3457,2.52,4976.032,7676.6977,5.8848|7.907|10.3065,9.2228|12.103|15.3782,^GT:31.5836%0.7%19.05,^GT:5.8848%0.7%19.05%200%7.907%0.7%19.05%300%10.3065%0.7%19.05%400,AIO
EFUSE_Q615S1BA_009_3_0,Q615S1BA1,X,Q615S1BA,009,3,0,Q615S1BA_009_3_0,,SDC2119,HDS2262,C101,8PL7CVA,Q615S1BA1,2026-08-12 04:41:10-07:00,202633,20.00,119325,NGXSDJXA0H80B002632,4,9,009T01,8B18438-D,EXABAHA008,301,3,3010001,3030000,3,303,UNDEFINED,10.1276,14.8757,5.7321,8.8,7.7616,11.6495,0.8989,2.1481,1.1233,1.1639,31.3964,31.9774,0.8989,2.1481,4880.6924,7583.755,5.7321|7.7615|10.1276,8.8|11.6495|14.8757,^GT:31.3964%0.7%19.549999999999997,^GT:5.7321%0.7%19.549999999999997%200%7.7615%0.7%19.549999999999997%300%10.1276%0.7%19.549999999999997%400,AIO
EFUSE_Q615S1BA_009_3_1,Q615S1BA1,X,Q615S1BA,009,3,1,Q615S1BA_009_3_1,,SDC2119,HDS2262,C101,8PL7CVA,Q615S1BA1,2026-08-12 04:41:10-07:00,202633,20.00,119325,NGXSDJXA0H80B002632,5,9,009T03,8B18438-D,EXABAHA008,301,3,3010001,3030000,3,303,UNDEFINED,10.0965,14.848,5.7242,8.7898,7.746,11.6237,0.5974,2.2049,1.1197,1.1767,31.2307,31.8853,0.5974,2.2049,4898.8016,7607.723,5.7242|7.746|10.0965,8.7898|11.6237|14.848,^GT:31.2307%0.7%19.799999999999997,^GT:5.7242%0.7%19.799999999999997%200%7.746%0.7%19.799999999999997%300%10.0965%0.7%19.799999999999997%400,AIO
EFUSE_Q615S1BA_009_3_10,Q615S1BA1,X,Q615S1BA,009,3,10,Q615S1BA_009_3_10,B81010004_FAIL_SCN_GT_GXX_CHAIN_ALL_GFXSB_K_BEGIN_HITO_GT_NOM_LFM_HVM_4,SDC2119,HDS2262,C101,8PL7CVA,Q615S1BA1,2026-08-12 04:41:10-07:00,202633,20.00,119325,NGXSDJXA0H80B002632,7,3,009T01,8B28421-D,EXABAHA008,8101,81,81010004,81010004,81,8101,UNDEFINED,10.1504,14.881,5.7951,8.8472,7.801,11.6624,0.659,2.2569,1.2957,1.2925,31.1093,31.7568,0.659,2.2569,4898.0027,7577.6298,5.7951|7.801|10.1504,8.8472|11.6624|14.881,^GT:31.1093%0.7%19.25,^GT:5.7951%0.7%19.25%200%7.801%0.7%19.25%300%10.1504%0.7%19.25%400,AIO
EFUSE_Q615S1BA_009_3_2,Q615S1BA1,X,Q615S1BA,009,3,2,Q615S1BA_009_3_2,,SDC2119,HDS2262,C101,8PL7CVA,Q615S1BA1,2026-08-12 04:41:10-07:00,202633,20.00,119325,NGXSDJXA0H80B002632,3,8,009T02,8B18438-D,EXABAHA008,101,1,1010001,1010000,1,101,UNDEFINED,10.0898,14.8454,5.707,8.7723,7.7302,11.6194,1.41,2.1854,0.8712,1.1694,31.3057,31.9637,1.4099,2.1854,4909.9867,7627.6964,5.707|7.7302|10.0898,8.7723|11.6194|14.8454,^GT:31.3057%0.7%19.6,^GT:5.707%0.7%19.6%200%7.7302%0.7%19.6%300%10.0898%0.7%19.6%400,AIO
EFUSE_Q615S1BA_009_3_3,Q615S1BA1,X,Q615S1BA,009,3,3,Q615S1BA_009_3_3,,SDC2119,HDS2262,C101,8PL7CVA,Q615S1BA1,2026-08-12 04:41:10-07:00,202633,20.00,119325,NGXSDJXA0H80B002632,5,3,009T01,8B18438-D,EXABAHA008,302,3,3020001,3030000,3,303,UNDEFINED,9.9932,14.6919,5.637,8.6593,7.6565,11.4867,1.0071,2.0983,0.692,1.0949,31.1157,31.7511,1.0071,2.0983,4879.8935,7597.6032,5.637|7.6565|9.9932,8.6592|11.4867|14.6919,^GT:31.1157%0.7%19.85,^GT:5.637%0.7%19.85%200%7.6565%0.7%19.85%300%9.9932%0.7%19.85%400,AIO
EFUSE_Q615S1BA_009_3_4,Q615S1BA1,X,Q615S1BA,009,3,4,Q615S1BA_009_3_4,,SDC000,HDS000,A000,8PL7CVA,Q615S1BA1,2026-08-12 04:41:10-07:00,202633,20.00,119325,NGXSDJXA0H80B002632,6,8,009T03,,XIU000,9321,93,,930100,93,9321,UNDEFINED,,,,,,,,,,,,,,,,,,,,,AIO
EFUSE_Q615S1BA_009_3_5,Q615S1BA1,X,Q615S1BA,009,3,5,Q615S1BA_009_3_5,,SDC2119,HDS2262,C101,8PL7CVA,Q615S1BA1,2026-08-12 04:41:10-07:00,202633,20.00,119325,NGXSDJXA0H80B002632,2,16,009T02,8B28421-D,EXABAHA008,101,1,1010001,1010000,1,101,UNDEFINED,10.0993,14.8381,5.7232,8.7762,7.7315,11.601,0.9818,2.22,1.1758,1.1849,31.2579,31.9047,0.9818,2.22,4943.5419,7683.3555,5.7232|7.7315|10.0993,8.7762|11.601|14.8381,^GT:31.2579%0.7%19.4,^GT:5.7232%0.7%19.4%200%7.7315%0.7%19.4%300%10.0993%0.7%19.4%400,AIO
EFUSE_Q615S1BA_009_3_6,Q615S1BA1,X,Q615S1BA,009,3,6,Q615S1BA_009_3_6,,SDC2119,HDS2262,C101,8PL7CVA,Q615S1BA1,2026-08-12 04:41:10-07:00,202633,20.00,119325,NGXSDJXA0H80B002632,6,12,009T01,8B28421-D,EXABAHA008,101,1,1010001,1010000,1,101,UNDEFINED,10.1061,14.8841,5.742,8.8055,7.7658,11.647,0.8466,2.1846,0.8683,1.2002,31.1721,31.9926,0.8466,2.1846,4974.1678,7694.5406,5.742|7.7658|10.1061,8.8055|11.647|14.8841,^GT:31.1721%0.7%18.799999999999997,^GT:5.742%0.7%18.799999999999997%200%7.7658%0.7%18.799999999999997%300%10.1061%0.7%18.799999999999997%400,AIO
EFUSE_Q615S1BA_009_3_7,Q615S1BA1,X,Q615S1BA,009,3,7,Q615S1BA_009_3_7,,SDC2119,HDS2262,C101,8PL7CVA,Q615S1BA1,2026-08-12 04:41:10-07:00,202633,20.00,119325,NGXSDJXA0H80B002632,7,8,009T03,8B18438-D,EXABAHA008,101,1,1010001,1010000,1,101,UNDEFINED,10.22,15.0604,5.833,8.9706,7.8629,11.8144,1.5518,2.3357,0.9649,1.3113,31.3357,32.0516,1.5518,2.3357,5006.6578,7718.2423,5.833|7.8629|10.22,8.9706|11.8144|15.0604,^GT:31.3357%0.7%19.95,^GT:5.833%0.7%19.95%200%7.8629%0.7%19.95%300%10.22%0.7%19.95%400,AIO
EFUSE_Q615S1BA_009_3_8,Q615S1BA1,X,Q615S1BA,009,3,8,Q615S1BA_009_3_8,,SDC000,HDS000,A000,8PL7CVA,Q615S1BA1,2026-08-12 04:41:10-07:00,202633,20.00,119325,NGXSDJXA0H80B002632,1,6,009T02,,XIU000,9301,93,,930100,93,9301,UNDEFINED,,,,,,,,,,,,,,,,,,,,,AIO
EFUSE_Q615S1BA_009_3_9,Q615S1BA1,X,Q615S1BA,009,3,9,Q615S1BA_009_3_9,,SDC2119,HDS2262,C101,8PL7CVA,Q615S1BA1,2026-08-12 04:41:10-07:00,202633,20.00,119325,NGXSDJXA0H80B002632,7,7,009T01,8B28421-D,EXABAHA008,301,3,3010001,3030000,3,303,UNDEFINED,10.3658,15.2819,5.9789,9.1746,7.9933,12.0311,1.7487,2.5419,1.1802,1.4759,31.335,32.1437,1.7487,2.5419,4964.8469,7662.3169,5.9789|7.9933|10.3658,9.1746|12.0311|15.2819,^GT:31.335%0.7%19.05,^GT:5.9789%0.7%19.05%200%7.9933%0.7%19.05%300%10.3658%0.7%19.05%400,AIO
EFUSE_Q615S1BA_009_4_-1,Q615S1BA1,X,Q615S1BA,009,4,-1,Q615S1BA_009_4_-1,,SDC2119,HDS2262,C101,8PL7CVA,Q615S1BA1,2026-08-12 04:41:10-07:00,202633,20.00,119325,NGXSDJXA0H80B002632,5,17,009T02,8B28421-D,EXABAHA008,301,3,3010001,3030000,3,303,UNDEFINED,10.2052,15.0374,5.8233,8.9484,7.8393,11.791,1.3451,2.3507,1.1604,1.2763,31.2993,32.0474,1.3451,2.3507,4961.9174,7673.7683,5.8233|7.8393|10.2052,8.9484|11.791|15.0374,^GT:31.2993%0.7%19.299999999999997,^GT:5.8233%0.7%19.299999999999997%200%7.8393%0.7%19.299999999999997%300%10.2052%0.7%19.299999999999997%400,AIO
EFUSE_Q615S1BA_009_4_-10,Q615S1BA1,X,Q615S1BA,009,4,-10,Q615S1BA_009_4_-10,,SDC2119,HDS2262,C101,8PL7CVA,Q615S1BA1,2026-08-12 04:41:10-07:00,202633,20.00,119325,NGXSDJXA0H80B002632,1,11,009T01,8B28421-D,EXABAHA008,101,1,1010001,1010000,1,101,UNDEFINED,10.1393,15.1147,5.7465,8.9884,7.7568,11.8434,0.549,2.3172,1.162,1.1996,31.3771,32.2437,0.549,2.3172,4862.3169,7551.7976,5.7465|7.7568|10.1393,8.9884|11.8434|15.1147,^GT:31.3771%0.7%19.1,^GT:5.7465%0.7%19.1%200%7.7568%0.7%19.1%300%10.1393%0.7%19.1%400,AIO
EFUSE_Q615S1BA_009_4_-2,Q615S1BA1,X,Q615S1BA,009,4,-2,Q615S1BA_009_4_-2,B19880000_FAIL_TPI_SIU_STATIC_SIUP_X_ICC_K_START_X_X_X_LFM_LOWV_P2_650MV_2,SDC2119,HDS2262,C101,8PL7CVA,Q615S1BA1,2026-08-12 04:41:10-07:00,202633,20.00,119325,NGXSDJXA0H80B002632,4,1,009T03,8B28421-D,EXABAHA008,1988,19,19880000,19880000,19,1988,UNDEFINED,,,,,,,,,,,,,,,,,,,,,AIO
EFUSE_Q615S1BA_009_4_-3,Q615S1BA1,X,Q615S1BA,009,4,-3,Q615S1BA_009_4_-3,,SDC2119,HDS2262,C101,8PL7CVA,Q615S1BA1,2026-08-12 04:41:10-07:00,202633,20.00,119325,NGXSDJXA0H80B002632,3,7,009T01,8B18438-D,EXABAHA008,101,1,1010001,1010000,1,101,UNDEFINED,10.1591,14.9861,5.774,8.8978,7.7877,11.7479,1.5672,2.2998,1.0593,1.2302,31.3221,32.0437,1.5672,2.2998,4971.2383,7676.4314,5.774|7.7877|10.1591,8.8978|11.7479|14.9861,^GT:31.3221%0.7%19.75,^GT:5.774%0.7%19.75%200%7.7877%0.7%19.75%300%10.1591%0.7%19.75%400,AIO
EFUSE_Q615S1BA_009_4_-4,Q615S1BA1,X,Q615S1BA,009,4,-4,Q615S1BA_009_4_-4,,SDC2119,HDS2262,C101,8PL7CVA,Q615S1BA1,2026-08-12 04:41:10-07:00,202633,20.00,119325,NGXSDJXA0H80B002632,5,3,009T02,8B18438-D,EXABAHA008,101,1,1010001,1010000,1,101,UNDEFINED,10.1281,14.9495,5.7545,8.8774,7.7665,11.7248,0.8306,2.2658,1.079,1.2139,31.24,31.9584,0.8306,2.2658,4950.1997,7674.0346,5.7545|7.7665|10.1281,8.8774|11.7248|14.9495,^GT:31.24%0.7%19.75,^GT:5.7545%0.7%19.75%200%7.7665%0.7%19.75%300%10.1281%0.7%19.75%400,AIO
EFUSE_Q615S1BA_009_4_-5,Q615S1BA1,X,Q615S1BA,009,4,-5,Q615S1BA_009_4_-5,,SDC2119,HDS2262,C101,8PL7CVA,Q615S1BA1,2026-08-12 04:41:10-07:00,202633,20.00,119325,NGXSDJXA0H80B002632,3,14,009T03,8B28421-D,EXABAHA008,101,1,1010001,1010000,1,101,UNDEFINED,10.1632,15.0351,5.7966,8.9709,7.8008,11.8046,0.748,2.336,0.9417,1.2566,31.19,31.9168,0.748,2.336,4973.1025,7699.0679,5.7966|7.8008|10.1632,8.9709|11.8046|15.0351,^GT:31.19%0.7%19.65,^GT:5.7966%0.7%19.65%200%7.8008%0.7%19.65%300%10.1632%0.7%19.65%400,AIO
EFUSE_Q615S1BA_009_4_-6,Q615S1BA1,X,Q615S1BA,009,4,-6,Q615S1BA_009_4_-6,,SDC2119,HDS2262,C101,8PL7CVA,Q615S1BA1,2026-08-12 04:41:10-07:00,202633,20.00,119325,NGXSDJXA0H80B002632,2,5,009T01,8B18438-D,EXABAHA008,101,1,1010001,1010000,1,101,UNDEFINED,10.2137,15.1405,5.8202,9.0421,7.8316,11.8982,0.7671,2.3917,0.8991,1.2872,31.3821,32.0968,0.7671,2.3917,4999.2011,7699.0679,5.8202|7.8316|10.2137,9.0421|11.8982|15.1405,^GT:31.3821%0.7%19.85,^GT:5.8202%0.7%19.85%200%7.8316%0.7%19.85%300%10.2137%0.7%19.85%400,AIO
EFUSE_Q615S1BA_009_4_-7,Q615S1BA1,X,Q615S1BA,009,4,-7,Q615S1BA_009_4_-7,,SDC2119,HDS2262,C101,8PL7CVA,Q615S1BA1,2026-08-12 04:41:10-07:00,202633,20.00,119325,NGXSDJXA0H80B002632,7,15,009T02,8B18438-D,EXABAHA008,101,1,1010001,1010000,1,101,UNDEFINED,10.3201,15.3819,5.9297,9.258,7.9524,12.1256,0.8555,2.587,1.3247,1.4112,31.36,32.2311,0.8555,2.587,5034.3542,7732.3569,5.9297|7.9524|10.3201,9.258|12.1256|15.3819,^GT:31.36%0.7%20,^GT:5.9297%0.7%20%200%7.9524%0.7%20%300%10.3201%0.7%20%400,AIO
EFUSE_Q615S1BA_009_4_-8,Q615S1BA1,X,Q615S1BA,009,4,-8,Q615S1BA_009_4_-8,,SDC2119,HDS2262,C101,8PL7CVA,Q615S1BA1,2026-08-12 04:41:10-07:00,202633,20.00,119325,NGXSDJXA0H80B002632,1,1,009T03,8B28421-D,EXABAHA008,301,3,3010001,3030000,3,303,UNDEFINED,10.3049,15.3615,5.8864,9.2358,7.9134,12.1075,1.5161,2.5406,1.3141,1.3584,31.5614,32.2405,1.5161,2.5406,5012.5166,7719.3076,5.8863|7.9134|10.3049,9.2358|12.1075|15.3615,^GT:31.5614%0.7%18.95,^GT:5.8863%0.7%18.95%200%7.9134%0.7%18.95%300%10.3049%0.7%18.95%400,AIO
EFUSE_Q615S1BA_009_4_-9,Q615S1BA1,X,Q615S1BA,009,4,-9,Q615S1BA_009_4_-9,,SDC2119,HDS2262,C101,8PL7CVA,Q615S1BA1,2026-08-12 04:41:10-07:00,202633,20.00,119325,NGXSDJXA0H80B002632,1,6,009T03,8B18438-D,EXABAHA008,101,1,1010001,1010000,1,101,UNDEFINED,10.2349,15.2588,5.8199,9.1067,7.8353,11.9981,0.6811,2.4496,0.8982,1.2726,31.5357,32.3795,0.6811,2.4496,4927.0306,7624.767,5.8199|7.8353|10.2349,9.1067|11.9981|15.2588,^GT:31.5357%0.7%19.799999999999997,^GT:5.8199%0.7%19.799999999999997%200%7.8353%0.7%19.799999999999997%300%10.2349%0.7%19.799999999999997%400,AIO
EFUSE_Q615S1BA_009_4_0,Q615S1BA1,X,Q615S1BA,009,4,0,Q615S1BA_009_4_0,B49860001_FAIL_TPI_RECOVERY_CTRL_GT_GFXAGG_K_BEGIN_X_X_X_X_X_EVALUATE_4,SDC2119,HDS2262,C101,8PL7CVA,Q615S1BA1,2026-08-12 04:41:10-07:00,202633,20.00,119325,NGXSDJXA0H80B002632,4,8,009T01,8B28421-D,EXABAHA008,4986,49,49860001,49860001,49,4986,UNDEFINED,10.1447,14.9171,5.7504,8.8435,7.7829,11.6897,1.1426,2.2508,1.1775,1.2012,31.3879,31.9663,1.1426,2.2508,4925.1664,7631.4248,5.7504|7.7829|10.1447,8.8435|11.6897|14.9171,^GT:31.3879%0.7%19.25,^GT:5.7504%0.7%19.25%200%7.7829%0.7%19.25%300%10.1447%0.7%19.25%400,AIO
EFUSE_Q615S1BA_009_4_1,Q615S1BA1,X,Q615S1BA,009,4,1,Q615S1BA_009_4_1,,SDC2119,HDS2262,C101,8PL7CVA,Q615S1BA1,2026-08-12 04:41:10-07:00,202633,20.00,119325,NGXSDJXA0H80B002632,5,8,009T03,8B28421-D,EXABAHA008,301,3,3010001,3030000,3,303,UNDEFINED,10.1328,14.931,5.7474,8.8548,7.7825,11.7022,0.7799,2.2453,1.1831,1.208,31.3243,31.98,0.7799,2.2453,4913.9814,7629.8269,5.7474|7.7824|10.1328,8.8548|11.7022|14.931,^GT:31.3243%0.7%19.5,^GT:5.7474%0.7%19.5%200%7.7824%0.7%19.5%300%10.1328%0.7%19.5%400,AIO
EFUSE_Q615S1BA_009_4_10,Q615S1BA1,X,Q615S1BA,009,4,10,Q615S1BA_009_4_10,B65000277_FAIL_ARR_GT_GXX_ARR_GT_GFXAGG_K_BEGIN_X_X_X_X_ARRSKUEVALUATE_4,SDC2119,HDS2262,C101,8PL7CVA,Q615S1BA1,2026-08-12 04:41:10-07:00,202633,20.00,119325,NGXSDJXA0H80B002632,1,11,009T02,8B28421-D,EXABAHA008,6500,65,65000277,65000277,65,6500,UNDEFINED,9.9167,14.5358,5.5848,8.5336,7.5774,11.3268,1.5283,2.0048,1.0085,1.0717,30.9421,31.5905,1.5283,2.0048,4903.8615,7575.7656,5.5848|7.5774|9.9167,8.5336|11.3268|14.5358,^GT:30.9421%0.7%18.85,^GT:5.5848%0.7%18.85%200%7.5774%0.7%18.85%300%9.9167%0.7%18.85%400,AIO
EFUSE_Q615S1BA_009_4_2,Q615S1BA1,X,Q615S1BA,009,4,2,Q615S1BA_009_4_2,,SDC2119,HDS2262,C101,8PL7CVA,Q615S1BA1,2026-08-12 04:41:10-07:00,202633,20.00,119325,NGXSDJXA0H80B002632,3,9,009T02,8B28421-D,EXABAHA008,101,1,1010001,1010000,1,101,UNDEFINED,10.0753,14.8449,5.7073,8.7789,7.7387,11.6235,0.8693,2.2056,1.1735,1.1612,31.2,31.9263,0.8693,2.2056,4933.4221,7659.3875,5.7073|7.7387|10.0753,8.7789|11.6235|14.8449,^GT:31.2%0.7%19.1,^GT:5.7073%0.7%19.1%200%7.7387%0.7%19.1%300%10.0753%0.7%19.1%400,AIO
EFUSE_Q615S1BA_009_4_3,Q615S1BA1,X,Q615S1BA,009,4,3,Q615S1BA_009_4_3,,SDC2119,HDS2262,C101,8PL7CVA,Q615S1BA1,2026-08-12 04:41:10-07:00,202633,20.00,119325,NGXSDJXA0H80B002632,5,2,009T01,8B28421-D,EXABAHA008,101,1,1010001,1010000,1,101,UNDEFINED,10.0705,14.8209,5.6978,8.7676,7.7079,11.6013,1.5448,2.1474,0.8813,1.1609,31.2336,31.8595,1.5448,2.1474,4915.8455,7667.1105,5.6978|7.7079|10.0705,8.7676|11.6013|14.8209,^GT:31.2336%0.7%19.700000000000003,^GT:5.6978%0.7%19.700000000000003%200%7.7079%0.7%19.700000000000003%300%10.0705%0.7%19.700000000000003%400,AIO
EFUSE_Q615S1BA_009_4_4,Q615S1BA1,X,Q615S1BA,009,4,4,Q615S1BA_009_4_4,,SDC2119,HDS2262,C101,8PL7CVA,Q615S1BA1,2026-08-12 04:41:10-07:00,202633,20.00,119325,NGXSDJXA0H80B002632,6,7,009T03,8B18438-D,EXABAHA008,101,1,1010001,1010000,1,101,UNDEFINED,10.0576,14.8033,5.6962,8.7312,7.7017,11.5875,1.1452,2.1518,1.0838,1.1456,31.1529,31.9584,1.1452,2.1518,4946.7377,7682.2903,5.6962|7.7017|10.0576,8.7312|11.5875|14.8033,^GT:31.1529%0.7%19.5,^GT:5.6962%0.7%19.5%200%7.7017%0.7%19.5%300%10.0576%0.7%19.5%400,AIO
EFUSE_Q615S1BA_009_4_5,Q615S1BA1,X,Q615S1BA,009,4,5,Q615S1BA_009_4_5,,SDC2119,HDS2262,C101,8PL7CVA,Q615S1BA1,2026-08-12 04:41:10-07:00,202633,20.00,119325,NGXSDJXA0H80B002632,2,17,009T02,8B18438-D,EXABAHA008,101,1,1010001,1010000,1,101,UNDEFINED,10.1377,14.9249,5.7536,8.8374,7.7649,11.6876,1.2179,2.2021,0.8659,1.2054,31.315,32.0395,1.2179,2.2021,4977.3635,7694.008,5.7536|7.7649|10.1377,8.8374|11.6876|14.9249,^GT:31.315%0.7%19.9,^GT:5.7536%0.7%19.9%200%7.7649%0.7%19.9%300%10.1377%0.7%19.9%400,AIO
EFUSE_Q615S1BA_009_4_6,Q615S1BA1,X,Q615S1BA,009,4,6,Q615S1BA_009_4_6,,SDC2119,HDS2262,C101,8PL7CVA,Q615S1BA1,2026-08-12 04:41:10-07:00,202633,20.00,119325,NGXSDJXA0H80B002632,6,11,009T01,8B28421-D,EXABAHA008,101,1,1010001,1010000,1,101,UNDEFINED,10.2026,15.0332,5.8052,8.9421,7.8298,11.7814,1.6081,2.3391,1.0666,1.2536,31.41,32.0584,1.6081,2.3391,5001.8642,7714.7803,5.8052|7.8298|10.2026,8.9421|11.7814|15.0332,^GT:31.41%0.7%19.25,^GT:5.8052%0.7%19.25%200%7.8298%0.7%19.25%300%10.2026%0.7%19.25%400,AIO
EFUSE_Q615S1BA_009_4_7,Q615S1BA1,X,Q615S1BA,009,4,7,Q615S1BA_009_4_7,,SDC2119,HDS2262,C101,8PL7CVA,Q615S1BA1,2026-08-12 04:41:10-07:00,202633,20.00,119325,NGXSDJXA0H80B002632,7,7,009T03,8B28421-D,EXABAHA008,101,1,1010001,1010000,1,101,UNDEFINED,10.2889,15.1507,5.8748,9.0464,7.8989,11.8869,0.708,2.3865,0.9121,1.3359,31.5293,32.1279,0.708,2.3865,5045.0067,7749.9334,5.8748|7.8989|10.2889,9.0464|11.8869|15.1507,^GT:31.5293%0.7%19.05,^GT:5.8748%0.7%19.05%200%7.8989%0.7%19.05%300%10.2889%0.7%19.05%400,AIO
EFUSE_Q615S1BA_009_4_8,Q615S1BA1,X,Q615S1BA,009,4,8,Q615S1BA_009_4_8,,SDC2119,HDS2262,C101,8PL7CVA,Q615S1BA1,2026-08-12 04:41:10-07:00,202633,20.00,119325,NGXSDJXA0H80B002632,1,7,009T02,8B18438-D,EXABAHA008,101,1,1010001,1010000,1,101,UNDEFINED,10.2614,15.1331,5.8309,8.9984,7.852,11.8639,1.4885,2.314,1.0305,1.2837,31.6464,32.2879,1.4885,2.314,4968.0426,7671.6378,5.8309|7.852|10.2614,8.9984|11.8639|15.1331,^GT:31.6464%0.7%19.9,^GT:5.8309%0.7%19.9%200%7.852%0.7%19.9%300%10.2614%0.7%19.9%400,AIO
EFUSE_Q615S1BA_009_4_9,Q615S1BA1,X,Q615S1BA,009,4,9,Q615S1BA_009_4_9,B88040056_FAIL_TPI_SIU_STATIC_SIUP_X_ICC_K_START_X_X_X_LFM_LOWV_P1_650MV_0,SDC2119,HDS2262,C101,8PL7CVA,Q615S1BA1,2026-08-12 04:41:10-07:00,202633,20.00,119325,NGXSDJXA0H80B002632,7,6,009T01,8B28421-D,EXABAHA008,8804,88,88040056,88040056,88,8804,UNDEFINED,,,,,,,,,,,,,,,,,,,,,AIO
EFUSE_Q615S1BA_009_5_-1,Q615S1BA1,X,Q615S1BA,009,5,-1,Q615S1BA_009_5_-1,,SDC2119,HDS2262,C101,8PL7CVA,Q615S1BA1,2026-08-12 04:41:10-07:00,202633,20.00,119325,NGXSDJXA0H80B002632,5,16,009T02,8B28421-D,EXABAHA008,301,3,3010001,3030000,3,303,UNDEFINED,10.2077,15.0472,5.819,8.9519,7.8503,11.8137,0.6631,2.3204,1.1195,1.2714,31.3479,32.0805,0.6631,2.3203,4958.7217,7682.8229,5.819|7.8503|10.2077,8.9519|11.8137|15.0472,^GT:31.3479%0.7%19.700000000000003,^GT:5.819%0.7%19.700000000000003%200%7.8503%0.7%19.700000000000003%300%10.2077%0.7%19.700000000000003%400,AIO
EFUSE_Q615S1BA_009_5_-10,Q615S1BA1,X,Q615S1BA,009,5,-10,Q615S1BA_009_5_-10,,SDC2119,HDS2262,C101,8PL7CVA,Q615S1BA1,2026-08-12 04:41:10-07:00,202633,20.00,119325,NGXSDJXA0H80B002632,1,10,009T03,8B18438-D,EXABAHA008,101,1,1010001,1010000,1,101,UNDEFINED,10.0842,15.0074,5.6929,8.9056,7.6849,11.7346,1.4513,2.2413,0.9415,1.1548,31.3664,32.1153,1.4513,2.2412,4795.4727,7463.1158,5.6929|7.6849|10.0842,8.9055|11.7346|15.0074,^GT:31.3664%0.7%19.700000000000003,^GT:5.6929%0.7%19.700000000000003%200%7.6849%0.7%19.700000000000003%300%10.0842%0.7%19.700000000000003%400,AIO
EFUSE_Q615S1BA_009_5_-2,Q615S1BA1,X,Q615S1BA,009,5,-2,Q615S1BA_009_5_-2,,SDC2119,HDS2262,C101,8PL7CVA,Q615S1BA1,2026-08-12 04:41:10-07:00,202633,20.00,119325,NGXSDJXA0H80B002632,3,1,009T03,8B18438-D,EXABAHA008,302,3,3020001,3030000,3,303,UNDEFINED,10.1999,15.0532,5.8079,8.9749,7.8544,11.8158,0.6659,2.314,1.2538,1.2768,31.3714,31.9911,0.6659,2.314,4981.0919,7692.4101,5.8079|7.8544|10.1999,8.9749|11.8158|15.0532,^GT:31.3714%0.7%19.700000000000003,^GT:5.8079%0.7%19.700000000000003%200%7.8544%0.7%19.700000000000003%300%10.1999%0.7%19.700000000000003%400,AIO
EFUSE_Q615S1BA_009_5_-3,Q615S1BA1,X,Q615S1BA,009,5,-3,Q615S1BA_009_5_-3,,SDC2119,HDS2262,C101,8PL7CVA,Q615S1BA1,2026-08-12 04:41:10-07:00,202633,20.00,119325,NGXSDJXA0H80B002632,3,6,009T01,8B18438-D,EXABAHA008,301,3,3010001,3030000,3,303,UNDEFINED,10.1398,14.9762,5.7446,8.8913,7.7587,11.7227,0.7074,2.245,1.152,1.2218,31.3943,32.0258,0.7074,2.245,4957.1238,7677.4967,5.7446|7.7587|10.1398,8.8913|11.7227|14.9762,^GT:31.3943%0.7%19.200000000000003,^GT:5.7446%0.7%19.200000000000003%200%7.7587%0.7%19.200000000000003%300%10.1398%0.7%19.200000000000003%400,AIO
EFUSE_Q615S1BA_009_5_-4,Q615S1BA1,X,Q615S1BA,009,5,-4,Q615S1BA_009_5_-4,,SDC2119,HDS2262,C101,8PL7CVA,Q615S1BA1,2026-08-12 04:41:10-07:00,202633,20.00,119325,NGXSDJXA0H80B002632,5,4,009T02,8B18438-D,EXABAHA008,101,1,1010001,1010000,1,101,UNDEFINED,10.1337,14.9722,5.7537,8.9079,7.7769,11.7571,0.7475,2.3006,1.1997,1.2178,31.2857,31.9174,0.7475,2.3006,4959.5206,7678.5619,5.7537|7.7769|10.1337,8.9079|11.7571|14.9722,^GT:31.2857%0.7%19.85,^GT:5.7537%0.7%19.85%200%7.7769%0.7%19.85%300%10.1337%0.7%19.85%400,AIO
EFUSE_Q615S1BA_009_5_-5,Q615S1BA1,X,Q615S1BA,009,5,-5,Q615S1BA_009_5_-5,B65000022_FAIL_ARR_GT_GXX_ARR_GT_SCBD_K_END_X_X_NOM_X_SSA_KS_0,SDC2119,HDS2262,C101,8PL7CVA,Q615S1BA1,2026-08-12 04:41:10-07:00,202633,20.00,119325,NGXSDJXA0H80B002632,3,13,009T03,8B28421-D,EXABAHA008,6500,65,65000022,65000022,65,6500,UNDEFINED,10.1851,15.1008,5.8056,8.9897,7.8076,11.8607,1.5706,2.3784,0.9128,1.2582,31.2821,32.1637,1.5706,2.3784,4973.3688,7668.4421,5.8056|7.8076|10.1851,8.9897|11.8607|15.1008,^GT:31.2821%0.7%19.700000000000003,^GT:5.8056%0.7%19.700000000000003%200%7.8076%0.7%19.700000000000003%300%10.1851%0.7%19.700000000000003%400,AIO
EFUSE_Q615S1BA_009_5_-6,Q615S1BA1,X,Q615S1BA,009,5,-6,Q615S1BA_009_5_-6,,SDC2119,HDS2262,C101,8PL7CVA,Q615S1BA1,2026-08-12 04:41:10-07:00,202633,20.00,119325,NGXSDJXA0H80B002632,2,4,009T01,8B18438-D,EXABAHA008,101,1,1010001,1010000,1,101,UNDEFINED,10.2618,15.269,5.8494,9.1359,7.8684,12.0128,1.6441,2.5152,0.9949,1.3542,31.5179,32.2795,1.6441,2.5152,5010.1198,7703.8615,5.8493|7.8683|10.2618,9.1359|12.0128|15.269,^GT:31.5179%0.7%19.6,^GT:5.8493%0.7%19.6%200%7.8683%0.7%19.6%300%10.2618%0.7%19.6%400,AIO
EFUSE_Q615S1BA_009_5_-7,Q615S1BA1,X,Q615S1BA,009,5,-7,Q615S1BA_009_5_-7,,SDC2119,HDS2262,C101,8PL7CVA,Q615S1BA1,2026-08-12 04:41:10-07:00,202633,20.00,119325,NGXSDJXA0H80B002632,7,14,009T02,8B28421-D,EXABAHA008,101,1,1010001,1010000,1,101,UNDEFINED,10.3283,15.386,5.9179,9.2561,7.9605,12.1298,1.6139,2.592,0.9791,1.4016,31.5029,32.2626,1.6139,2.592,5010.9188,7705.1931,5.9179|7.9605|10.3283,9.2561|12.1298|15.386,^GT:31.5029%0.7%19.6,^GT:5.9179%0.7%19.6%200%7.9605%0.7%19.6%300%10.3283%0.7%19.6%400,AIO
EFUSE_Q615S1BA_009_5_-8,Q615S1BA1,X,Q615S1BA,009,5,-8,Q615S1BA_009_5_-8,,SDC2119,HDS2262,C101,8PL7CVA,Q615S1BA1,2026-08-12 04:41:10-07:00,202633,20.00,119325,NGXSDJXA0H80B002632,1,2,009T03,8B28421-D,EXABAHA008,301,3,3010001,3030000,3,303,UNDEFINED,10.2601,15.3147,5.8405,9.1707,7.8754,12.0421,1.4289,2.4959,1.1045,1.2893,31.5686,32.3368,1.4289,2.4959,4941.9441,7655.6591,5.8405|7.8754|10.2601,9.1707|12.0421|15.3147,^GT:31.5686%0.7%19.200000000000003,^GT:5.8405%0.7%19.200000000000003%200%7.8754%0.7%19.200000000000003%300%10.2601%0.7%19.200000000000003%400,AIO
EFUSE_Q615S1BA_009_5_-9,Q615S1BA1,X,Q615S1BA,009,5,-9,Q615S1BA_009_5_-9,,SDC2119,HDS2262,C101,8PL7CVA,Q615S1BA1,2026-08-12 04:41:10-07:00,202633,20.00,119325,NGXSDJXA0H80B002632,7,10,009T02,8B18438-D,EXABAHA008,101,1,1010001,1010000,1,101,UNDEFINED,10.1569,15.1809,5.743,9.0532,7.7554,11.9082,0.6846,2.3631,1.0502,1.1852,31.5279,32.2511,0.6846,2.3631,4850.5992,7537.6831,5.743|7.7553|10.1569,9.0532|11.9082|15.1809,^GT:31.5279%0.7%19.700000000000003,^GT:5.743%0.7%19.700000000000003%200%7.7553%0.7%19.700000000000003%300%10.1569%0.7%19.700000000000003%400,AIO
EFUSE_Q615S1BA_009_5_0,Q615S1BA1,X,Q615S1BA,009,5,0,Q615S1BA_009_5_0,B82020000_FAIL_SCN_GT_GXX_CTRL_X_GFXAGG_K_BEGIN_X_X_X_X_X_EVALUATE_4,SDC2119,HDS2262,C101,8PL7CVA,Q615S1BA1,2026-08-12 04:41:10-07:00,202633,20.00,119325,NGXSDJXA0H80B002632,4,7,009T01,8B28421-D,EXABAHA008,8202,82,82020000,82020000,82,8202,UNDEFINED,10.1665,15.005,5.777,8.8968,7.7925,11.7534,0.7758,2.2366,0.9203,1.2141,31.3536,32.1484,0.7758,2.2366,4916.6445,7637.8162,5.777|7.7925|10.1665,8.8968|11.7534|15.005,^GT:31.3536%0.7%19.6,^GT:5.777%0.7%19.6%200%7.7925%0.7%19.6%300%10.1665%0.7%19.6%400,AIO
EFUSE_Q615S1BA_009_5_1,Q615S1BA1,X,Q615S1BA,009,5,1,Q615S1BA_009_5_1,,SDC2119,HDS2262,C101,8PL7CVA,Q615S1BA1,2026-08-12 04:41:10-07:00,202633,20.00,119325,NGXSDJXA0H80B002632,5,7,009T03,8B28421-D,EXABAHA008,301,3,3010001,3030000,3,303,UNDEFINED,10.1305,14.9348,5.7491,8.8417,7.7883,11.7007,1.579,2.2185,1.1857,1.1915,31.2964,32.0689,1.5789,2.2185,4921.7044,7632.7563,5.749|7.7883|10.1305,8.8417|11.7007|14.9348,^GT:31.2964%0.7%19.25,^GT:5.749%0.7%19.25%200%7.7883%0.7%19.25%300%10.1305%0.7%19.25%400,AIO
EFUSE_Q615S1BA_009_5_2,Q615S1BA1,X,Q615S1BA,009,5,2,Q615S1BA_009_5_2,,SDC2119,HDS2262,C101,8PL7CVA,Q615S1BA1,2026-08-12 04:41:10-07:00,202633,20.00,119325,NGXSDJXA0H80B002632,3,10,009T02,8B28421-D,EXABAHA008,301,3,3010001,3030000,3,303,UNDEFINED,10.1266,14.9093,5.7403,8.8311,7.7747,11.6921,0.5802,2.2257,0.819,1.2037,31.3307,31.9905,0.5802,2.2257,4957.1238,7689.2144,5.7403|7.7747|10.1266,8.8311|11.6921|14.9093,^GT:31.3307%0.7%19.35,^GT:5.7403%0.7%19.35%200%7.7747%0.7%19.35%300%10.1266%0.7%19.35%400,AIO
EFUSE_Q615S1BA_009_5_3,Q615S1BA1,X,Q615S1BA,009,5,3,Q615S1BA_009_5_3,,SDC2119,HDS2262,C101,8PL7CVA,Q615S1BA1,2026-08-12 04:41:10-07:00,202633,20.00,119325,NGXSDJXA0H80B002632,5,1,009T01,8B18438-D,EXABAHA008,101,1,1010001,1010000,1,101,UNDEFINED,10.0944,14.8639,5.7206,8.8085,7.738,11.6375,0.6047,2.251,1.1574,1.1859,31.2414,31.8705,0.6047,2.251,4943.0093,7692.1438,5.7206|7.738|10.0944,8.8085|11.6375|14.8639,^GT:31.2414%0.7%19.65,^GT:5.7206%0.7%19.65%200%7.738%0.7%19.65%300%10.0944%0.7%19.65%400,AIO
EFUSE_Q615S1BA_009_5_4,Q615S1BA1,X,Q615S1BA,009,5,4,Q615S1BA_009_5_4,,SDC2119,HDS2262,C101,8PL7CVA,Q615S1BA1,2026-08-12 04:41:10-07:00,202633,20.00,119325,NGXSDJXA0H80B002632,6,6,009T03,8B18438-D,EXABAHA008,301,3,3010001,3030000,3,303,UNDEFINED,10.121,14.9304,5.7443,8.8641,7.7561,11.703,1.4124,2.234,0.9547,1.2136,31.2621,31.9279,1.4124,2.234,4956.0586,7690.8123,5.7443|7.7561|10.121,8.8641|11.703|14.9304,^GT:31.2621%0.7%19.75,^GT:5.7443%0.7%19.75%200%7.7561%0.7%19.75%300%10.121%0.7%19.75%400,AIO
EFUSE_Q615S1BA_009_5_5,Q615S1BA1,X,Q615S1BA,009,5,5,Q615S1BA_009_5_5,,SDC2119,HDS2262,C101,8PL7CVA,Q615S1BA1,2026-08-12 04:41:10-07:00,202633,20.00,119325,NGXSDJXA0H80B002632,2,18,009T02,8B18438-D,EXABAHA008,101,1,1010001,1010000,1,101,UNDEFINED,10.2046,15.0627,5.8126,8.9744,7.8274,11.8054,1.5795,2.3238,0.8687,1.2642,31.3714,32.0437,1.5795,2.3238,4999.4674,7706.5246,5.8126|7.8274|10.2046,8.9744|11.8054|15.0627,^GT:31.3714%0.7%20,^GT:5.8126%0.7%20%200%7.8274%0.7%20%300%10.2046%0.7%20%400,AIO
EFUSE_Q615S1BA_009_5_6,Q615S1BA1,X,Q615S1BA,009,5,6,Q615S1BA_009_5_6,,SDC2119,HDS2262,C101,8PL7CVA,Q615S1BA1,2026-08-12 04:41:10-07:00,202633,20.00,119325,NGXSDJXA0H80B002632,6,10,009T01,8B28421-D,EXABAHA008,101,1,1010001,1010000,1,101,UNDEFINED,10.2998,15.2254,5.8905,9.0926,7.9018,11.9504,1.6493,2.4078,1.0785,1.3482,31.495,32.2779,1.6493,2.4078,5034.3542,7744.6072,5.8905|7.9018|10.2998,9.0926|11.9504|15.2254,^GT:31.495%0.7%19.799999999999997,^GT:5.8905%0.7%19.799999999999997%200%7.9018%0.7%19.799999999999997%300%10.2998%0.7%19.799999999999997%400,AIO
EFUSE_Q615S1BA_009_5_7,Q615S1BA1,X,Q615S1BA,009,5,7,Q615S1BA_009_5_7,,SDC2119,HDS2262,C101,8PL7CVA,Q615S1BA1,2026-08-12 04:41:10-07:00,202633,20.00,119325,NGXSDJXA0H80B002632,7,6,009T03,8B28421-D,EXABAHA008,101,1,1010001,1010000,1,101,UNDEFINED,10.314,15.2262,5.8875,9.0908,7.9161,11.948,1.5026,2.3833,1.1064,1.332,31.6179,32.2916,1.5026,2.3833,5001.5979,7709.1877,5.8875|7.9161|10.314,9.0908|11.948|15.2262,^GT:31.6179%0.7%19.65,^GT:5.8875%0.7%19.65%200%7.9161%0.7%19.65%300%10.314%0.7%19.65%400,AIO
EFUSE_Q615S1BA_009_5_8,Q615S1BA1,X,Q615S1BA,009,5,8,Q615S1BA_009_5_8,B99820039_FAIL_SCN_GT_GXX_STUCKAT_ALL_GFXSB_K_END_HITO_GT_NOM_LFM_UNGT_N2,SDC2119,HDS2262,C101,8PL7CVA,Q615S1BA1,2026-08-12 04:41:10-07:00,202633,20.00,119325,NGXSDJXA0H80B002632,1,8,009T02,8B28421-D,EXABAHA008,9982,99,99820039,99820039,99,9982,UNDEFINED,10.2447,15.1003,5.8083,8.9658,7.8449,11.8273,0.7226,2.2658,1.2362,1.2387,31.6886,32.2868,0.7226,2.2658,4959.5206,7646.6045,5.8083|7.8449|10.2447,8.9658|11.8273|15.1003,^GT:31.6886%0.7%19.1,^GT:5.8083%0.7%19.1%200%7.8449%0.7%19.1%300%10.2447%0.7%19.1%400,AIO
EFUSE_Q615S1BA_009_5_9,Q615S1BA1,X,Q615S1BA,009,5,9,Q615S1BA_009_5_9,,SDC2119,HDS2262,C101,8PL7CVA,Q615S1BA1,2026-08-12 04:41:10-07:00,202633,20.00,119325,NGXSDJXA0H80B002632,7,5,009T01,8B18438-D,EXABAHA008,101,1,1010001,1010000,1,101,UNDEFINED,10.159,14.9669,5.771,8.8636,7.7759,11.6979,1.3384,2.2061,0.8764,1.2171,31.3429,32.1226,1.3384,2.2061,4941.9441,7622.3702,5.771|7.7759|10.159,8.8636|11.6979|14.9669,^GT:31.3429%0.7%19.85,^GT:5.771%0.7%19.85%200%7.7759%0.7%19.85%300%10.159%0.7%19.85%400,AIO
EFUSE_Q615S1BA_009_6_-1,Q615S1BA1,X,Q615S1BA,009,6,-1,Q615S1BA_009_6_-1,,SDC2119,HDS2262,C101,8PL7CVA,Q615S1BA1,2026-08-12 04:41:10-07:00,202633,20.00,119325,NGXSDJXA0H80B002632,5,15,009T02,8B28421-D,EXABAHA008,101,1,1010001,1010000,1,101,UNDEFINED,10.179,15.0198,5.7971,8.9417,7.8312,11.7971,1.6592,2.3277,1.2326,1.2711,31.2993,31.99,1.6592,2.3277,4979.494,7699.8668,5.7971|7.8312|10.179,8.9417|11.7971|15.0198,^GT:31.2993%0.7%18.95,^GT:5.7971%0.7%18.95%200%7.8312%0.7%18.95%300%10.179%0.7%18.95%400,AIO
EFUSE_Q615S1BA_009_6_-2,Q615S1BA1,X,Q615S1BA,009,6,-2,Q615S1BA_009_6_-2,,SDC2119,HDS2262,C101,8PL7CVA,Q615S1BA1,2026-08-12 04:41:10-07:00,202633,20.00,119325,NGXSDJXA0H80B002632,3,2,009T03,8B28421-D,EXABAHA008,101,1,1010001,1010000,1,101,UNDEFINED,10.1709,15.0383,5.7829,8.9589,7.8134,11.8025,1.3027,2.3219,0.8559,1.2547,31.3429,31.9968,1.3027,2.3219,4975.4993,7706.7909,5.7829|7.8134|10.1709,8.9589|11.8025|15.0383,^GT:31.3429%0.7%19.5,^GT:5.7829%0.7%19.5%200%7.8134%0.7%19.5%300%10.1709%0.7%19.5%400,AIO
EFUSE_Q615S1BA_009_6_-3,Q615S1BA1,X,Q615S1BA,009,6,-3,Q615S1BA_009_6_-3,,SDC2119,HDS2262,C101,8PL7CVA,Q615S1BA1,2026-08-12 04:41:10-07:00,202633,20.00,119325,NGXSDJXA0H80B002632,3,5,009T01,8B18438-D,EXABAHA008,201,2,2010001,2020000,2,202,UNDEFINED,10.1596,15.0301,5.7678,8.9517,7.7872,11.7937,0.7913,2.3005,0.9773,1.2365,31.37,31.9916,0.7913,2.3005,4965.6458,7690.2796,5.7678|7.7872|10.1596,8.9517|11.7937|15.0301,^GT:31.37%0.7%19.65,^GT:5.7678%0.7%19.65%200%7.7872%0.7%19.65%300%10.1596%0.7%19.65%400,AIO
EFUSE_Q615S1BA_009_6_-4,Q615S1BA1,X,Q615S1BA,009,6,-4,Q615S1BA_009_6_-4,,SDC2119,HDS2262,C101,8PL7CVA,Q615S1BA1,2026-08-12 04:41:10-07:00,202633,20.00,119325,NGXSDJXA0H80B002632,5,5,009T02,8B18438-D,EXABAHA008,302,3,3020001,3030000,3,303,UNDEFINED,10.1812,15.1049,5.7846,8.9931,7.8069,11.8521,1.0197,2.3354,1.1279,1.2541,31.4043,32.1674,1.0197,2.3354,4972.0373,7681.225,5.7846|7.8069|10.1812,8.9931|11.8521|15.1049,^GT:31.4043%0.7%19.85,^GT:5.7846%0.7%19.85%200%7.8069%0.7%19.85%300%10.1812%0.7%19.85%400,AIO
EFUSE_Q615S1BA_009_6_-5,Q615S1BA1,X,Q615S1BA,009,6,-5,Q615S1BA_009_6_-5,,SDC2119,HDS2262,C101,8PL7CVA,Q615S1BA1,2026-08-12 04:41:10-07:00,202633,20.00,119325,NGXSDJXA0H80B002632,3,12,009T03,8B28421-D,EXABAHA008,101,1,1010001,1010000,1,101,UNDEFINED,10.2319,15.2128,5.8358,9.1034,7.8606,11.9604,1.5214,2.4732,0.9166,1.3293,31.4007,32.1547,1.5214,2.4732,5007.1904,7716.9108,5.8358|7.8606|10.2319,9.1034|11.9604|15.2128,^GT:31.4007%0.7%19.05,^GT:5.8358%0.7%19.05%200%7.8606%0.7%19.05%300%10.2319%0.7%19.05%400,AIO
EFUSE_Q615S1BA_009_6_-6,Q615S1BA1,X,Q615S1BA,009,6,-6,Q615S1BA_009_6_-6,,SDC2119,HDS2262,C101,8PL7CVA,Q615S1BA1,2026-08-12 04:41:10-07:00,202633,20.00,119325,NGXSDJXA0H80B002632,2,3,009T01,8B28421-D,EXABAHA008,101,1,1010001,1010000,1,101,UNDEFINED,10.3175,15.3608,5.907,9.2147,7.9412,12.0944,0.751,2.5778,0.9604,1.4003,31.5036,32.3479,0.751,2.5778,5034.8868,7732.8895,5.907|7.9412|10.3175,9.2147|12.0944|15.3608,^GT:31.5036%0.7%19.25,^GT:5.907%0.7%19.25%200%7.9412%0.7%19.25%300%10.3175%0.7%19.25%400,AIO
EFUSE_Q615S1BA_009_6_-7,Q615S1BA1,X,Q615S1BA,009,6,-7,Q615S1BA_009_6_-7,,SDC2119,HDS2262,C101,8PL7CVA,Q615S1BA1,2026-08-12 04:41:10-07:00,202633,20.00,119325,NGXSDJXA0H80B002632,7,13,009T02,8B28421-D,EXABAHA008,101,1,1010001,1010000,1,101,UNDEFINED,10.3414,15.4256,5.8975,9.2598,7.9363,12.1402,1.6835,2.5555,0.9764,1.3772,31.7421,32.4516,1.6835,2.5555,4977.0972,7693.7417,5.8975|7.9363|10.3414,9.2598|12.1402|15.4256,^GT:31.7421%0.7%20,^GT:5.8975%0.7%20%200%7.9363%0.7%20%300%10.3414%0.7%20%400,AIO
EFUSE_Q615S1BA_009_6_-8,Q615S1BA1,X,Q615S1BA,009,6,-8,Q615S1BA_009_6_-8,,SDC2119,HDS2262,C101,8PL7CVA,Q615S1BA1,2026-08-12 04:41:10-07:00,202633,20.00,119325,NGXSDJXA0H80B002632,1,3,009T03,8B28421-D,EXABAHA008,101,1,1010001,1010000,1,101,UNDEFINED,10.2405,15.2638,5.8021,9.1136,7.8251,11.9989,1.2403,2.3911,0.8946,1.2448,31.7029,32.3695,1.2403,2.3911,4900.6658,7598.4021,5.8021|7.8251|10.2405,9.1136|11.9989|15.2638,^GT:31.7029%0.7%19.15,^GT:5.8021%0.7%19.15%200%7.8251%0.7%19.15%300%10.2405%0.7%19.15%400,AIO
EFUSE_Q615S1BA_009_6_-9,Q615S1BA1,X,Q615S1BA,009,6,-9,Q615S1BA_009_6_-9,,SDC2119,HDS2262,C101,8PL7CVA,Q615S1BA1,2026-08-12 04:41:10-07:00,202633,20.00,119325,NGXSDJXA0H80B002632,1,2,009T01,8B28421-D,EXABAHA008,301,3,3010001,3030000,3,303,UNDEFINED,10.1358,15.0998,5.7208,8.9703,7.7334,11.8236,0.5371,2.2781,1.0707,1.1558,31.5357,32.2611,0.5371,2.2781,4809.0546,7503.5952,5.7208|7.7334|10.1358,8.9702|11.8236|15.0998,^GT:31.5357%0.7%19.299999999999997,^GT:5.7208%0.7%19.299999999999997%200%7.7334%0.7%19.299999999999997%300%10.1358%0.7%19.299999999999997%400,AIO
EFUSE_Q615S1BA_009_6_0,Q615S1BA1,X,Q615S1BA,009,6,0,Q615S1BA_009_6_0,,SDC2119,HDS2262,C101,8PL7CVA,Q615S1BA1,2026-08-12 04:41:10-07:00,202633,20.00,119325,NGXSDJXA0H80B002632,4,6,009T01,8B18438-D,EXABAHA008,101,1,1010001,1010000,1,101,UNDEFINED,10.1941,15.0399,5.798,8.9457,7.8246,11.7989,1.6543,2.3385,0.9546,1.2599,31.4007,32.0747,1.6543,2.3385,4954.1944,7666.5779,5.798|7.8246|10.1941,8.9457|11.7989|15.0399,^GT:31.4007%0.7%19.9,^GT:5.798%0.7%19.9%200%7.8246%0.7%19.9%300%10.1941%0.7%19.9%400,AIO
EFUSE_Q615S1BA_009_6_1,Q615S1BA1,X,Q615S1BA,009,6,1,Q615S1BA_009_6_1,,SDC2119,HDS2262,C101,8PL7CVA,Q615S1BA1,2026-08-12 04:41:10-07:00,202633,20.00,119325,NGXSDJXA0H80B002632,5,6,009T03,8B18438-D,EXABAHA008,101,1,1010001,1010000,1,101,UNDEFINED,10.1661,14.9986,5.7845,8.9111,7.8041,11.7597,1.2916,2.3008,0.8913,1.2634,31.2971,32.0395,1.2916,2.3008,4953.1292,7673.7683,5.7845|7.8041|10.1661,8.9111|11.7597|14.9986,^GT:31.2971%0.7%19.65,^GT:5.7845%0.7%19.65%200%7.8041%0.7%19.65%300%10.1661%0.7%19.65%400,AIO
EFUSE_Q615S1BA_009_6_2,Q615S1BA1,X,Q615S1BA,009,6,2,Q615S1BA_009_6_2,,SDC2119,HDS2262,C101,8PL7CVA,Q615S1BA1,2026-08-12 04:41:10-07:00,202633,20.00,119325,NGXSDJXA0H80B002632,3,11,009T02,8B18438-D,EXABAHA008,301,3,3010001,3030000,3,303,UNDEFINED,10.179,15.0214,5.78,8.9239,7.8011,11.7854,0.9829,2.31,0.9012,1.2522,31.4214,32.0921,0.9829,2.31,4950.1997,7688.4154,5.78|7.8011|10.179,8.9239|11.7854|15.0214,^GT:31.4214%0.7%19.65,^GT:5.78%0.7%19.65%200%7.8011%0.7%19.65%300%10.179%0.7%19.65%400,AIO
EFUSE_Q615S1BA_009_6_3,Q615S1BA1,X,Q615S1BA,009,6,3,Q615S1BA_009_6_3,,SDC2119,HDS2262,C101,8PL7CVA,Q615S1BA1,2026-08-12 04:41:10-07:00,202633,20.00,119325,NGXSDJXA0H80B002632,6,1,009T01,8B18438-D,EXABAHA008,101,1,1010001,1010000,1,101,UNDEFINED,10.1466,14.971,5.7583,8.8943,7.7879,11.7261,1.2734,2.2478,0.8811,1.213,31.345,31.9826,1.2734,2.2478,4959.787,7685.486,5.7583|7.7879|10.1466,8.8943|11.7261|14.971,^GT:31.345%0.7%19.45,^GT:5.7583%0.7%19.45%200%7.7879%0.7%19.45%300%10.1466%0.7%19.45%400,AIO
EFUSE_Q615S1BA_009_6_4,Q615S1BA1,X,Q615S1BA,009,6,4,Q615S1BA_009_6_4,,SDC2119,HDS2262,C101,8PL7CVA,Q615S1BA1,2026-08-12 04:41:10-07:00,202633,20.00,119325,NGXSDJXA0H80B002632,6,5,009T03,8B28421-D,EXABAHA008,101,1,1010001,1010000,1,101,UNDEFINED,10.217,15.1005,5.8271,8.9884,7.8512,11.849,0.8955,2.3409,1.0292,1.2873,31.3564,32.1689,0.8955,2.3409,5008.7883,7740.0799,5.8271|7.8512|10.217,8.9884|11.849|15.1005,^GT:31.3564%0.7%19.700000000000003,^GT:5.8271%0.7%19.700000000000003%200%7.8512%0.7%19.700000000000003%300%10.217%0.7%19.700000000000003%400,AIO
EFUSE_Q615S1BA_009_6_5,Q615S1BA1,X,Q615S1BA,009,6,5,Q615S1BA_009_6_5,,SDC2119,HDS2262,C101,8PL7CVA,Q615S1BA1,2026-08-12 04:41:10-07:00,202633,20.00,119325,NGXSDJXA0H80B002632,2,19,009T02,8B18438-D,EXABAHA008,101,1,1010001,1010000,1,101,UNDEFINED,10.2887,15.1941,5.8786,9.0784,7.9108,11.9316,0.7457,2.4524,1.3449,1.3671,31.5007,32.1879,0.7457,2.4524,5050.5992,7762.7164,5.8786|7.9108|10.2887,9.0784|11.9316|15.1941,^GT:31.5007%0.7%19.55,^GT:5.8786%0.7%19.55%200%7.9108%0.7%19.55%300%10.2887%0.7%19.55%400,AIO
EFUSE_Q615S1BA_009_6_6,Q615S1BA1,X,Q615S1BA,009,6,6,Q615S1BA_009_6_6,B82020000_FAIL_SCN_GT_GXX_CTRL_X_GFXAGG_K_BEGIN_X_X_X_X_X_EVALUATE_4,SDC2119,HDS2262,C101,8PL7CVA,Q615S1BA1,2026-08-12 04:41:10-07:00,202633,20.00,119325,NGXSDJXA0H80B002632,6,9,009T01,8B18438-D,EXABAHA008,8202,82,82020000,82020000,82,8202,UNDEFINED,10.3426,15.2642,5.9158,9.1275,7.9453,11.9917,1.7681,2.4498,1.3385,1.3574,31.62,32.2984,1.7681,2.4498,5051.6644,7757.3901,5.9158|7.9453|10.3426,9.1275|11.9917|15.2642,^GT:31.62%0.7%19.85,^GT:5.9158%0.7%19.85%200%7.9453%0.7%19.85%300%10.3426%0.7%19.85%400,AIO
EFUSE_Q615S1BA_009_6_7,Q615S1BA1,X,Q615S1BA,009,6,7,Q615S1BA_009_6_7,,SDC2119,HDS2262,C101,8PL7CVA,Q615S1BA1,2026-08-12 04:41:10-07:00,202633,20.00,119325,NGXSDJXA0H80B002632,7,5,009T03,8B18438-D,EXABAHA008,101,1,1010001,1010000,1,101,UNDEFINED,10.3065,15.2006,5.8816,9.0649,7.9068,11.9277,0.8034,2.3797,1.3014,1.317,31.6064,32.2932,0.8034,2.3797,5003.7284,7703.3289,5.8816|7.9068|10.3065,9.0649|11.9277|15.2006,^GT:31.6064%0.7%19.85,^GT:5.8816%0.7%19.85%200%7.9068%0.7%19.85%300%10.3065%0.7%19.85%400,AIO
EFUSE_Q615S1BA_009_6_8,Q615S1BA1,X,Q615S1BA,009,6,8,Q615S1BA_009_6_8,B82020000_FAIL_SCN_GT_GXX_CTRL_X_GFXAGG_K_BEGIN_X_X_X_X_X_EVALUATE_4,SDC2119,HDS2262,C101,8PL7CVA,Q615S1BA1,2026-08-12 04:41:10-07:00,202633,20.00,119325,NGXSDJXA0H80B002632,1,9,009T02,8B28421-D,EXABAHA008,8202,82,82020000,82020000,82,8202,UNDEFINED,10.2798,15.1584,5.8709,9.0227,7.8739,11.8717,1.445,2.3319,1.2612,1.2931,31.4921,32.2932,1.445,2.3319,4994.6738,7698.269,5.8709|7.8738|10.2798,9.0227|11.8717|15.1584,^GT:31.4921%0.7%19.1,^GT:5.8709%0.7%19.1%200%7.8738%0.7%19.1%300%10.2798%0.7%19.1%400,AIO
EFUSE_Q615S1BA_009_6_9,Q615S1BA1,X,Q615S1BA,009,6,9,Q615S1BA_009_6_9,B82020000_FAIL_SCN_GT_GXX_CTRL_X_GFXAGG_K_BEGIN_X_X_X_X_X_EVALUATE_4,SDC2119,HDS2262,C101,8PL7CVA,Q615S1BA1,2026-08-12 04:41:10-07:00,202633,20.00,119325,NGXSDJXA0H80B002632,7,4,009T01,8B18438-D,EXABAHA008,8202,82,82020000,82020000,82,8202,UNDEFINED,,,,,,,0.829,2.2457,1.0099,1.2497,,,,,4956.5912,7626.8975,,,,,AIO
EFUSE_Q615S1BA_009_7_-1,Q615S1BA1,X,Q615S1BA,009,7,-1,Q615S1BA_009_7_-1,,SDC2119,HDS2262,C101,8PL7CVA,Q615S1BA1,2026-08-12 04:41:10-07:00,202633,20.00,119325,NGXSDJXA0H80B002632,5,14,009T02,8B18438-D,EXABAHA008,201,2,2010001,2020000,2,202,UNDEFINED,10.2565,15.2101,5.8487,9.0896,7.8825,11.956,0.8217,2.4071,1.2787,1.3156,31.4843,32.2132,0.8217,2.4071,4985.0866,7684.1545,5.8487|7.8825|10.2565,9.0896|11.956|15.2101,^GT:31.4843%0.7%19.950000000000003,^GT:5.8487%0.7%19.950000000000003%200%7.8825%0.7%19.950000000000003%300%10.2565%0.7%19.950000000000003%400,AIO
EFUSE_Q615S1BA_009_7_-2,Q615S1BA1,X,Q615S1BA,009,7,-2,Q615S1BA_009_7_-2,,SDC2119,HDS2262,C101,8PL7CVA,Q615S1BA1,2026-08-12 04:41:10-07:00,202633,20.00,119325,NGXSDJXA0H80B002632,3,3,009T03,8B28421-D,EXABAHA008,101,1,1010001,1010000,1,101,UNDEFINED,10.2281,15.1859,5.8148,9.0494,7.8418,11.9138,1.623,2.3905,1.0529,1.2801,31.5236,32.2974,1.623,2.3905,4974.4341,7684.9534,5.8148|7.8418|10.2281,9.0494|11.9138|15.1859,^GT:31.5236%0.7%19.700000000000003,^GT:5.8148%0.7%19.700000000000003%200%7.8418%0.7%19.700000000000003%300%10.2281%0.7%19.700000000000003%400,AIO
EFUSE_Q615S1BA_009_7_-3,Q615S1BA1,X,Q615S1BA,009,7,-3,Q615S1BA_009_7_-3,,SDC2119,HDS2262,C101,8PL7CVA,Q615S1BA1,2026-08-12 04:41:10-07:00,202633,20.00,119325,NGXSDJXA0H80B002632,3,4,009T01,8B18438-D,EXABAHA008,301,3,3010001,3030000,3,303,UNDEFINED,10.2256,15.1645,5.8184,9.0569,7.8314,11.9228,1.5541,2.4176,0.8703,1.2884,31.48,32.1453,1.5541,2.4175,4996.2716,7706.7909,5.8184|7.8314|10.2256,9.0569|11.9228|15.1645,^GT:31.48%0.7%19.700000000000003,^GT:5.8184%0.7%19.700000000000003%200%7.8314%0.7%19.700000000000003%300%10.2256%0.7%19.700000000000003%400,AIO
EFUSE_Q615S1BA_009_7_-4,Q615S1BA1,X,Q615S1BA,009,7,-4,Q615S1BA_009_7_-4,,SDC2119,HDS2262,C101,8PL7CVA,Q615S1BA1,2026-08-12 04:41:10-07:00,202633,20.00,119325,NGXSDJXA0H80B002632,5,6,009T02,8B18438-D,EXABAHA008,101,1,1010001,1010000,1,101,UNDEFINED,10.2682,15.2704,5.8542,9.1553,7.8782,12.0286,1.5436,2.5156,1.2227,1.3469,31.5286,32.1847,1.5436,2.5156,5013.8482,7724.9001,5.8542|7.8782|10.2682,9.1553|12.0286|15.2704,^GT:31.5286%0.7%19.65,^GT:5.8542%0.7%19.65%200%7.8782%0.7%19.65%300%10.2682%0.7%19.65%400,AIO
EFUSE_Q615S1BA_009_7_-5,Q615S1BA1,X,Q615S1BA,009,7,-5,Q615S1BA_009_7_-5,,SDC2119,HDS2262,C101,8PL7CVA,Q615S1BA1,2026-08-12 04:41:10-07:00,202633,20.00,119325,NGXSDJXA0H80B002632,3,11,009T03,8B28421-D,EXABAHA008,101,1,1010001,1010000,1,101,UNDEFINED,10.2962,15.33,5.8866,9.1886,7.9252,12.0788,1.6664,2.532,0.9403,1.3765,31.4971,32.3232,1.6664,2.532,5019.1744,7726.7643,5.8866|7.9252|10.2962,9.1886|12.0788|15.33,^GT:31.4971%0.7%19.45,^GT:5.8866%0.7%19.45%200%7.9252%0.7%19.45%300%10.2962%0.7%19.45%400,AIO
EFUSE_Q615S1BA_009_7_-6,Q615S1BA1,X,Q615S1BA,009,7,-6,Q615S1BA_009_7_-6,,SDC2119,HDS2262,C101,8PL7CVA,Q615S1BA1,2026-08-12 04:41:10-07:00,202633,20.00,119325,NGXSDJXA0H80B002632,2,2,009T01,8B28421-D,EXABAHA008,101,1,1010001,1010000,1,101,UNDEFINED,10.3209,15.3669,5.8845,9.2305,7.9293,12.1064,0.7185,2.5332,1.1866,1.3687,31.6886,32.2968,0.7185,2.5332,5009.3209,7733.9547,5.8845|7.9293|10.3209,9.2305|12.1064|15.3669,^GT:31.6886%0.7%19.05,^GT:5.8845%0.7%19.05%200%7.9293%0.7%19.05%300%10.3209%0.7%19.05%400,AIO
EFUSE_Q615S1BA_009_7_-7,Q615S1BA1,X,Q615S1BA,009,7,-7,Q615S1BA_009_7_-7,,SDC2119,HDS2262,C101,8PL7CVA,Q615S1BA1,2026-08-12 04:41:10-07:00,202633,20.00,119325,NGXSDJXA0H80B002632,7,12,009T02,8B18438-D,EXABAHA008,101,1,1010001,1010000,1,101,UNDEFINED,10.298,15.3616,5.8644,9.1958,7.8935,12.0776,0.7819,2.5037,1.1045,1.3074,31.6686,32.4516,0.7819,2.5037,4930.759,7630.0932,5.8644|7.8935|10.298,9.1958|12.0776|15.3616,^GT:31.6686%0.7%20,^GT:5.8644%0.7%20%200%7.8935%0.7%20%300%10.298%0.7%20%400,AIO
EFUSE_Q615S1BA_009_7_-8,Q615S1BA1,X,Q615S1BA,009,7,-8,Q615S1BA_009_7_-8,,SDC2119,HDS2262,C101,8PL7CVA,Q615S1BA1,2026-08-12 04:41:10-07:00,202633,20.00,119325,NGXSDJXA0H80B002632,1,4,009T03,8B18438-D,EXABAHA008,101,1,1010001,1010000,1,101,UNDEFINED,10.2024,15.2012,5.7608,9.0634,7.8008,11.9185,1.5097,2.3873,1.1808,1.2178,31.7257,32.3042,1.5097,2.3873,4862.5832,7555.7923,5.7608|7.8008|10.2024,9.0634|11.9185|15.2012,^GT:31.7257%0.7%19.65,^GT:5.7608%0.7%19.65%200%7.8008%0.7%19.65%300%10.2024%0.7%19.65%400,AIO
EFUSE_Q615S1BA_009_7_0,Q615S1BA1,X,Q615S1BA,009,7,0,Q615S1BA_009_7_0,,SDC2119,HDS2262,C101,8PL7CVA,Q615S1BA1,2026-08-12 04:41:10-07:00,202633,20.00,119325,NGXSDJXA0H80B002632,4,5,009T01,8B18438-D,EXABAHA008,101,1,1010001,1010000,1,101,UNDEFINED,10.2727,15.2214,5.87,9.1088,7.9,11.9667,1.4165,2.4393,1.2553,1.3452,31.4479,32.1716,1.4165,2.4393,5002.1305,7693.7417,5.87|7.9|10.2727,9.1088|11.9667|15.2214,^GT:31.4479%0.7%19.9,^GT:5.87%0.7%19.9%200%7.9%0.7%19.9%300%10.2727%0.7%19.9%400,AIO
EFUSE_Q615S1BA_009_7_1,Q615S1BA1,X,Q615S1BA,009,7,1,Q615S1BA_009_7_1,,SDC2119,HDS2262,C101,8PL7CVA,Q615S1BA1,2026-08-12 04:41:10-07:00,202633,20.00,119325,NGXSDJXA0H80B002632,5,5,009T03,8B28421-D,EXABAHA008,302,3,3020001,3030000,3,303,UNDEFINED,10.2545,15.1701,5.8433,9.0649,7.8668,11.9184,1.6364,2.3853,0.9528,1.3133,31.5086,32.1326,1.6364,2.3853,4980.2929,7686.285,5.8433|7.8667|10.2545,9.0649|11.9184|15.1701,^GT:31.5086%0.7%19.6,^GT:5.8433%0.7%19.6%200%7.8667%0.7%19.6%300%10.2545%0.7%19.6%400,AIO
EFUSE_Q615S1BA_009_7_2,Q615S1BA1,X,Q615S1BA,009,7,2,Q615S1BA_009_7_2,B82020000_FAIL_SCN_GT_GXX_CTRL_X_GFXAGG_K_BEGIN_X_X_X_X_X_EVALUATE_4,SDC2119,HDS2262,C101,8PL7CVA,Q615S1BA1,2026-08-12 04:41:10-07:00,202633,20.00,119325,NGXSDJXA0H80B002632,3,12,009T02,8B28421-D,EXABAHA008,8202,82,82020000,82020000,82,8202,UNDEFINED,10.2547,15.1734,5.8304,9.0493,7.8809,11.9197,0.7065,2.4183,0.9034,1.3008,31.6021,32.2321,0.7065,2.4183,4984.0213,7692.1438,5.8304|7.8809|10.2547,9.0493|11.9197|15.1734,^GT:31.6021%0.7%19.5,^GT:5.8304%0.7%19.5%200%7.8809%0.7%19.5%300%10.2547%0.7%19.5%400,AIO
EFUSE_Q615S1BA_009_7_3,Q615S1BA1,X,Q615S1BA,009,7,3,Q615S1BA_009_7_3,,SDC2119,HDS2262,C101,8PL7CVA,Q615S1BA1,2026-08-12 04:41:10-07:00,202633,20.00,119325,NGXSDJXA0H80B002632,6,2,009T01,8B28421-D,EXABAHA008,101,1,1010001,1010000,1,101,UNDEFINED,10.2405,15.1542,5.8359,9.036,7.8806,11.8978,1.7011,2.4272,1.1822,1.3025,31.4614,32.2011,1.7011,2.4272,4984.8202,7687.8828,5.8359|7.8806|10.2405,9.036|11.8978|15.1542,^GT:31.4614%0.7%19.05,^GT:5.8359%0.7%19.05%200%7.8806%0.7%19.05%300%10.2405%0.7%19.05%400,AIO
EFUSE_Q615S1BA_009_7_4,Q615S1BA1,X,Q615S1BA,009,7,4,Q615S1BA_009_7_4,,SDC2119,HDS2262,C101,8PL7CVA,Q615S1BA1,2026-08-12 04:41:10-07:00,202633,20.00,119325,NGXSDJXA0H80B002632,6,4,009T03,8B18438-D,EXABAHA008,101,1,1010001,1010000,1,101,UNDEFINED,10.3171,15.2389,5.8948,9.1004,7.9156,11.9712,1.7135,2.4495,1.0433,1.3523,31.5879,32.3079,1.7135,2.4495,5019.7071,7728.0959,5.8948|7.9156|10.3171,9.1004|11.9712|15.2389,^GT:31.5879%0.7%19.299999999999997,^GT:5.8948%0.7%19.299999999999997%200%7.9156%0.7%19.299999999999997%300%10.3171%0.7%19.299999999999997%400,AIO
EFUSE_Q615S1BA_009_7_5,Q615S1BA1,X,Q615S1BA,009,7,5,Q615S1BA_009_7_5,,SDC2119,HDS2262,C101,8PL7CVA,Q615S1BA1,2026-08-12 04:41:10-07:00,202633,20.00,119325,NGXSDJXA0H80B002632,3,19,009T02,8B28421-D,EXABAHA008,101,1,1010001,1010000,1,101,UNDEFINED,10.3755,15.3439,5.9472,9.1954,7.9711,12.0676,1.5473,2.4922,0.9867,1.4024,31.6307,32.3605,1.5473,2.4921,5051.3981,7764.8469,5.9472|7.9711|10.3755,9.1954|12.0676|15.3439,^GT:31.6307%0.7%19.55,^GT:5.9472%0.7%19.55%200%7.9711%0.7%19.55%300%10.3755%0.7%19.55%400,AIO
EFUSE_Q615S1BA_009_7_6,Q615S1BA1,X,Q615S1BA,009,7,6,Q615S1BA_009_7_6,B99820455_FAIL_SCN_GT_GXX_ATSPEED_ALL_VMIN_K_PREHVQK_HITO_GT_NOM_LFM_N2,SDC2119,HDS2262,C101,8PL7CVA,Q615S1BA1,2026-08-12 04:41:10-07:00,202633,20.00,119325,NGXSDJXA0H80B002632,6,8,009T01,8B18438-D,EXABAHA008,9982,99,99820455,99820455,99,9982,UNDEFINED,10.3159,15.2598,5.8852,9.1092,7.9228,11.9729,1.3401,2.3996,0.9335,1.331,31.6479,32.3716,1.3401,2.3996,5004.5273,7709.1877,5.8852|7.9228|10.3159,9.1092|11.9729|15.2598,^GT:31.6479%0.7%19.45,^GT:5.8852%0.7%19.45%200%7.9228%0.7%19.45%300%10.3159%0.7%19.45%400,AIO
EFUSE_Q615S1BA_009_7_7,Q615S1BA1,X,Q615S1BA,009,7,7,Q615S1BA_009_7_7,,SDC2119,HDS2262,C101,8PL7CVA,Q615S1BA1,2026-08-12 04:41:10-07:00,202633,20.00,119325,NGXSDJXA0H80B002632,7,4,009T03,8B18438-D,EXABAHA008,101,1,1010001,1010000,1,101,UNDEFINED,10.2828,15.1856,5.8601,9.0297,7.88,11.884,0.9218,2.3552,1.1286,1.2868,31.5907,32.3995,0.9218,2.3552,4977.6298,7682.024,5.8601|7.88|10.2828,9.0297|11.884|15.1856,^GT:31.5907%0.7%19.5,^GT:5.8601%0.7%19.5%200%7.88%0.7%19.5%300%10.2828%0.7%19.5%400,AIO
EFUSE_Q615S1BA_009_7_8,Q615S1BA1,X,Q615S1BA,009,7,8,Q615S1BA_009_7_8,,SDC2119,HDS2262,C101,8PL7CVA,Q615S1BA1,2026-08-12 04:41:10-07:00,202633,20.00,119325,NGXSDJXA0H80B002632,1,10,009T02,8B28421-D,EXABAHA008,101,1,1010001,1010000,1,101,UNDEFINED,10.2796,15.1177,5.878,8.9943,7.8826,11.8481,1.1154,2.3553,0.9371,1.3167,31.44,32.2284,1.1154,2.3553,4979.2277,7673.2357,5.878|7.8826|10.2796,8.9943|11.8481|15.1177,^GT:31.44%0.7%20.1,^GT:5.878%0.7%20.1%200%7.8826%0.7%20.1%300%10.2796%0.7%20.1%400,AIO
EFUSE_Q615S1BA_009_8_-1,Q615S1BA1,X,Q615S1BA,009,8,-1,Q615S1BA_009_8_-1,,SDC2119,HDS2262,C101,8PL7CVA,Q615S1BA1,2026-08-12 04:41:10-07:00,202633,20.00,119325,NGXSDJXA0H80B002632,5,13,009T02,8B28421-D,EXABAHA008,101,1,1010001,1010000,1,101,UNDEFINED,10.283,15.2807,5.8632,9.1552,7.8895,12.0191,0.7835,2.4622,1.2261,1.3289,31.57,32.2395,0.7835,2.4622,4984.2876,7676.6977,5.8632|7.8895|10.283,9.1552|12.0191|15.2807,^GT:31.57%0.7%19.45,^GT:5.8632%0.7%19.45%200%7.8895%0.7%19.45%300%10.283%0.7%19.45%400,AIO
EFUSE_Q615S1BA_009_8_-2,Q615S1BA1,X,Q615S1BA,009,8,-2,Q615S1BA_009_8_-2,,SDC2119,HDS2262,C101,8PL7CVA,Q615S1BA1,2026-08-12 04:41:10-07:00,202633,20.00,119325,NGXSDJXA0H80B002632,3,4,009T03,8B18438-D,EXABAHA008,101,1,1010001,1010000,1,101,UNDEFINED,10.2818,15.2973,5.8442,9.1507,7.881,12.0145,0.8463,2.4816,0.9402,1.2993,31.6971,32.3505,0.8463,2.4816,4976.2983,7663.6485,5.8442|7.881|10.2818,9.1507|12.0145|15.2973,^GT:31.6971%0.7%19.9,^GT:5.8442%0.7%19.9%200%7.881%0.7%19.9%300%10.2818%0.7%19.9%400,AIO
EFUSE_Q615S1BA_009_8_-3,Q615S1BA1,X,Q615S1BA,009,8,-3,Q615S1BA_009_8_-3,,SDC2119,HDS2262,C101,8PL7CVA,Q615S1BA1,2026-08-12 04:41:10-07:00,202633,20.00,119325,NGXSDJXA0H80B002632,3,3,009T01,8B28421-D,EXABAHA008,101,1,1010001,1010000,1,101,UNDEFINED,10.2667,15.271,5.8652,9.1269,7.8839,11.9907,1.6979,2.4563,1.2024,1.2997,31.4393,32.3374,1.6979,2.4563,4988.016,7679.0945,5.8652|7.8839|10.2667,9.1269|11.9907|15.271,^GT:31.4393%0.7%19.15,^GT:5.8652%0.7%19.15%200%7.8839%0.7%19.15%300%10.2667%0.7%19.15%400,AIO
EFUSE_Q615S1BA_009_8_-4,Q615S1BA1,X,Q615S1BA,009,8,-4,Q615S1BA_009_8_-4,,SDC2119,HDS2262,C101,8PL7CVA,Q615S1BA1,2026-08-12 04:41:10-07:00,202633,20.00,119325,NGXSDJXA0H80B002632,5,7,009T02,8B28421-D,EXABAHA008,101,1,1010001,1010000,1,101,UNDEFINED,10.2637,15.303,5.843,9.1394,7.876,12.0216,1.1226,2.4607,0.8961,1.3032,31.5764,32.44,1.1225,2.4607,4973.3688,7680.1598,5.843|7.876|10.2637,9.1394|12.0216|15.303,^GT:31.5764%0.7%19.6,^GT:5.843%0.7%19.6%200%7.876%0.7%19.6%300%10.2637%0.7%19.6%400,AIO
EFUSE_Q615S1BA_009_8_-5,Q615S1BA1,X,Q615S1BA,009,8,-5,Q615S1BA_009_8_-5,,SDC2119,HDS2262,C101,8PL7CVA,Q615S1BA1,2026-08-12 04:41:10-07:00,202633,20.00,119325,NGXSDJXA0H80B002632,3,10,009T03,8B18438-D,EXABAHA008,101,1,1010001,1010000,1,101,UNDEFINED,10.2581,15.3063,5.8505,9.1584,7.8658,12.0362,1.1365,2.4514,1.0992,1.2876,31.4829,32.3574,1.1365,2.4514,4926.498,7636.751,5.8505|7.8658|10.2581,9.1584|12.0362|15.3063,^GT:31.4829%0.7%20,^GT:5.8505%0.7%20%200%7.8658%0.7%20%300%10.2581%0.7%20%400,AIO
EFUSE_Q615S1BA_009_8_-6,Q615S1BA1,X,Q615S1BA,009,8,-6,Q615S1BA_009_8_-6,,SDC2119,HDS2262,C101,8PL7CVA,Q615S1BA1,2026-08-12 04:41:10-07:00,202633,20.00,119325,NGXSDJXA0H80B002632,2,1,009T01,8B28421-D,EXABAHA008,101,1,1010001,1010000,1,101,UNDEFINED,10.2329,15.2546,5.8023,9.101,7.8175,11.9775,0.6662,2.4105,1.114,1.2543,31.6471,32.3874,0.6662,2.4105,4913.9814,7609.0546,5.8023|7.8175|10.2329,9.101|11.9775|15.2546,^GT:31.6471%0.7%19.2,^GT:5.8023%0.7%19.2%200%7.8175%0.7%19.2%300%10.2329%0.7%19.2%400,AIO
EFUSE_Q615S1BA_009_8_-7,Q615S1BA1,X,Q615S1BA,009,8,-7,Q615S1BA_009_8_-7,,SDC2119,HDS2262,C101,8PL7CVA,Q615S1BA1,2026-08-12 04:41:10-07:00,202633,20.00,119325,NGXSDJXA0H80B002632,7,11,009T02,8B28421-D,EXABAHA008,101,1,1010001,1010000,1,101,UNDEFINED,10.2187,15.2352,5.7962,9.0757,7.8188,11.9537,1.374,2.4103,0.8349,1.2468,31.5893,32.4184,1.374,2.4103,4879.3609,7585.0866,5.7962|7.8188|10.2187,9.0757|11.9537|15.2352,^GT:31.5893%0.7%19.35,^GT:5.7962%0.7%19.35%200%7.8188%0.7%19.35%300%10.2187%0.7%19.35%400,AIO
EFUSE_Q615S1BA_009_8_-8,Q615S1BA1,X,Q615S1BA,009,8,-8,Q615S1BA_009_8_-8,,SDC2119,HDS2262,C101,8PL7CVA,Q615S1BA1,2026-08-12 04:41:10-07:00,202633,20.00,119325,NGXSDJXA0H80B002632,1,5,009T03,8B28421-D,EXABAHA008,302,3,3020001,3030000,3,303,UNDEFINED,10.0832,14.9745,5.6757,8.8651,7.6764,11.6951,1.3181,2.1532,0.6952,1.1002,31.4821,32.1547,1.3181,2.1532,4778.6951,7452.1971,5.6757|7.6763|10.0832,8.8651|11.6951|14.9745,^GT:31.4821%0.7%19.65,^GT:5.6757%0.7%19.65%200%7.6763%0.7%19.65%300%10.0832%0.7%19.65%400,AIO
EFUSE_Q615S1BA_009_8_0,Q615S1BA1,X,Q615S1BA,009,8,0,Q615S1BA_009_8_0,,SDC2119,HDS2262,C101,8PL7CVA,Q615S1BA1,2026-08-12 04:41:10-07:00,202633,20.00,119325,NGXSDJXA0H80B002632,4,4,009T01,8B28421-D,EXABAHA008,101,1,1010001,1010000,1,101,UNDEFINED,10.2536,15.2475,5.8581,9.1177,7.8665,11.9889,0.7463,2.4741,0.9475,1.3333,31.3964,32.2626,0.7463,2.4741,4973.3688,7665.2463,5.8581|7.8665|10.2536,9.1176|11.9889|15.2475,^GT:31.3964%0.7%19.200000000000003,^GT:5.8581%0.7%19.200000000000003%200%7.8665%0.7%19.200000000000003%300%10.2536%0.7%19.200000000000003%400,AIO
EFUSE_Q615S1BA_009_8_1,Q615S1BA1,X,Q615S1BA,009,8,1,Q615S1BA_009_8_1,,SDC2119,HDS2262,C101,8PL7CVA,Q615S1BA1,2026-08-12 04:41:10-07:00,202633,20.00,119325,NGXSDJXA0H80B002632,5,4,009T03,8B18438-D,EXABAHA008,101,1,1010001,1010000,1,101,UNDEFINED,10.292,15.2899,5.8935,9.1749,7.9223,12.0391,0.8747,2.48,1.2057,1.3657,31.4179,32.1842,0.8747,2.48,4979.7603,7675.8988,5.8935|7.9223|10.292,9.1749|12.0391|15.2899,^GT:31.4179%0.7%20.1,^GT:5.8935%0.7%20.1%200%7.9223%0.7%20.1%300%10.292%0.7%20.1%400,AIO
EFUSE_Q615S1BA_009_8_2,Q615S1BA1,X,Q615S1BA,009,8,2,Q615S1BA_009_8_2,,SDC2119,HDS2262,C101,8PL7CVA,Q615S1BA1,2026-08-12 04:41:10-07:00,202633,20.00,119325,NGXSDJXA0H80B002632,3,13,009T02,8B18438-D,EXABAHA008,301,3,3010001,3030000,3,303,UNDEFINED,10.3059,15.2671,5.8788,9.1363,7.9167,12.0162,1.0311,2.4314,1.293,1.335,31.6221,32.2679,1.0311,2.4314,4976.5646,7671.3715,5.8788|7.9167|10.3059,9.1362|12.0162|15.2671,^GT:31.6221%0.7%19.9,^GT:5.8788%0.7%19.9%200%7.9167%0.7%19.9%300%10.3059%0.7%19.9%400,AIO
EFUSE_Q615S1BA_009_8_3,Q615S1BA1,X,Q615S1BA,009,8,3,Q615S1BA_009_8_3,,SDC2119,HDS2262,C101,8PL7CVA,Q615S1BA1,2026-08-12 04:41:10-07:00,202633,20.00,119325,NGXSDJXA0H80B002632,6,3,009T01,8B28421-D,EXABAHA008,101,1,1010001,1010000,1,101,UNDEFINED,10.2964,15.2314,5.8686,9.0981,7.9011,11.961,1.6492,2.421,0.9398,1.3076,31.6271,32.2805,1.6492,2.421,5001.0652,7694.2743,5.8686|7.9011|10.2964,9.0981|11.961|15.2314,^GT:31.6271%0.7%19.05,^GT:5.8686%0.7%19.05%200%7.9011%0.7%19.05%300%10.2964%0.7%19.05%400,AIO
EFUSE_Q615S1BA_009_8_4,Q615S1BA1,X,Q615S1BA,009,8,4,Q615S1BA_009_8_4,,SDC2119,HDS2262,C101,8PL7CVA,Q615S1BA1,2026-08-12 04:41:10-07:00,202633,20.00,119325,NGXSDJXA0H80B002632,6,3,009T03,8B28421-D,EXABAHA008,302,3,3020001,3030000,3,303,UNDEFINED,10.3581,15.3788,5.938,9.2016,7.9444,12.0828,0.9118,2.4898,1.2998,1.3793,31.5721,32.5116,0.9118,2.4898,5001.8642,7693.4754,5.938|7.9444|10.3581,9.2016|12.0828|15.3788,^GT:31.5721%0.7%19.799999999999997,^GT:5.938%0.7%19.799999999999997%200%7.9444%0.7%19.799999999999997%300%10.3581%0.7%19.799999999999997%400,AIO
EFUSE_Q615S1BA_009_8_5,Q615S1BA1,X,Q615S1BA,009,8,5,Q615S1BA_009_8_5,,SDC2119,HDS2262,C101,8PL7CVA,Q615S1BA1,2026-08-12 04:41:10-07:00,202633,20.00,119325,NGXSDJXA0H80B002632,3,18,009T02,8B28421-D,EXABAHA008,101,1,1010001,1010000,1,101,UNDEFINED,10.3004,15.2336,5.8543,9.0963,7.8995,11.9566,0.999,2.3712,1.1792,1.2908,31.7579,32.3016,0.999,2.3712,4964.8469,7646.8708,5.8543|7.8995|10.3004,9.0963|11.9566|15.2336,^GT:31.7579%0.7%19.25,^GT:5.8543%0.7%19.25%200%7.8995%0.7%19.25%300%10.3004%0.7%19.25%400,AIO
EFUSE_Q615S1BA_009_8_6,Q615S1BA1,X,Q615S1BA,009,8,6,Q615S1BA_009_8_6,,SDC2119,HDS2262,C101,8PL7CVA,Q615S1BA1,2026-08-12 04:41:10-07:00,202633,20.00,119325,NGXSDJXA0H80B002632,6,7,009T01,8B18438-D,EXABAHA008,101,1,1010001,1010000,1,101,UNDEFINED,10.2674,15.1694,5.8405,9.0285,7.8616,11.8826,1.1809,2.3264,1.1997,1.2637,31.6207,32.3205,1.1809,2.3264,4943.5419,7641.5446,5.8405|7.8616|10.2674,9.0285|11.8826|15.1694,^GT:31.6207%0.7%20.35,^GT:5.8405%0.7%20.35%200%7.8616%0.7%20.35%300%10.2674%0.7%20.35%400,AIO
EFUSE_Q615S1BA_009_8_7,Q615S1BA1,X,Q615S1BA,009,8,7,Q615S1BA_009_8_7,,SDC2119,HDS2262,C101,8PL7CVA,Q615S1BA1,2026-08-12 04:41:10-07:00,202633,20.00,119325,NGXSDJXA0H80B002632,7,3,009T03,8B18438-D,EXABAHA008,101,1,1010001,1010000,1,101,UNDEFINED,10.1614,14.9683,5.7598,8.8503,7.7798,11.6854,0.6548,2.1876,1.0993,1.1822,31.44,32.2,0.6548,2.1876,4878.5619,7551.7976,5.7598|7.7798|10.1614,8.8503|11.6854|14.9683,^GT:31.44%0.7%19.799999999999997,^GT:5.7598%0.7%19.799999999999997%200%7.7798%0.7%19.799999999999997%300%10.1614%0.7%19.799999999999997%400,AIO
EFUSE_Q615S1BA_009_9_-1,Q615S1BA1,X,Q615S1BA,009,9,-1,Q615S1BA_009_9_-1,,SDC2119,HDS2262,C101,8PL7CVA,Q615S1BA1,2026-08-12 04:41:10-07:00,202633,20.00,119325,NGXSDJXA0H80B002632,5,12,009T02,8B18438-D,EXABAHA008,101,1,1010001,1010000,1,101,UNDEFINED,10.3168,15.3625,5.8854,9.2005,7.9129,12.0609,1.661,2.5317,1.1894,1.3337,31.6529,32.4316,1.661,2.5317,4969.9068,7647.6698,5.8854|7.9129|10.3168,9.2005|12.0609|15.3625,^GT:31.6529%0.7%19.9,^GT:5.8854%0.7%19.9%200%7.9129%0.7%19.9%300%10.3168%0.7%19.9%400,AIO
EFUSE_Q615S1BA_009_9_-2,Q615S1BA1,X,Q615S1BA,009,9,-2,Q615S1BA_009_9_-2,,SDC2119,HDS2262,C101,8PL7CVA,Q615S1BA1,2026-08-12 04:41:10-07:00,202633,20.00,119325,NGXSDJXA0H80B002632,3,5,009T03,8B18438-D,EXABAHA008,301,3,3010001,3030000,3,303,UNDEFINED,10.3378,15.3962,5.898,9.2198,7.9273,12.0987,1.5417,2.5173,1.212,1.3463,31.7129,32.5074,1.5417,2.5173,4977.6298,7673.7683,5.898|7.9273|10.3378,9.2198|12.0987|15.3962,^GT:31.7129%0.7%19.799999999999997,^GT:5.898%0.7%19.799999999999997%200%7.9273%0.7%19.799999999999997%300%10.3378%0.7%19.799999999999997%400,AIO
EFUSE_Q615S1BA_009_9_-3,Q615S1BA1,X,Q615S1BA,009,9,-3,Q615S1BA_009_9_-3,,SDC2119,HDS2262,C101,8PL7CVA,Q615S1BA1,2026-08-12 04:41:10-07:00,202633,20.00,119325,NGXSDJXA0H80B002632,3,2,009T01,8B28421-D,EXABAHA008,301,3,3010001,3030000,3,303,UNDEFINED,10.2753,15.327,5.8479,9.16,7.866,12.0417,1.6381,2.4313,1.1335,1.2763,31.6243,32.4579,1.6381,2.4313,4925.1664,7606.6578,5.8479|7.866|10.2753,9.16|12.0417|15.327,^GT:31.6243%0.7%19.799999999999997,^GT:5.8479%0.7%19.799999999999997%200%7.866%0.7%19.799999999999997%300%10.2753%0.7%19.799999999999997%400,AIO
EFUSE_Q615S1BA_009_9_-4,Q615S1BA1,X,Q615S1BA,009,9,-4,Q615S1BA_009_9_-4,,SDC2119,HDS2262,C101,8PL7CVA,Q615S1BA1,2026-08-12 04:41:10-07:00,202633,20.00,119325,NGXSDJXA0H80B002632,5,8,009T02,8B18438-D,EXABAHA008,301,3,3010001,3030000,3,303,UNDEFINED,10.2223,15.2226,5.7752,9.0482,7.788,11.931,0.7819,2.337,0.8313,1.2088,31.765,32.4968,0.7819,2.337,4874.8336,7556.8575,5.7752|7.788|10.2223,9.0482|11.931|15.2226,^GT:31.765%0.7%19.4,^GT:5.7752%0.7%19.4%200%7.788%0.7%19.4%300%10.2223%0.7%19.4%400,AIO
EFUSE_Q615S1BA_009_9_-5,Q615S1BA1,X,Q615S1BA,009,9,-5,Q615S1BA_009_9_-5,,SDC2119,HDS2262,C101,8PL7CVA,Q615S1BA1,2026-08-12 04:41:10-07:00,202633,20.00,119325,NGXSDJXA0H80B002632,3,9,009T03,8B18438-D,EXABAHA008,101,1,1010001,1010000,1,101,UNDEFINED,10.1628,15.1441,5.7386,8.9889,7.7669,11.8633,0.7366,2.335,0.8299,1.1733,31.6014,32.3958,0.7366,2.335,4842.6099,7519.8402,5.7386|7.7669|10.1628,8.9889|11.8633|15.1441,^GT:31.6014%0.7%19.65,^GT:5.7386%0.7%19.65%200%7.7669%0.7%19.65%300%10.1628%0.7%19.65%400,AIO
EFUSE_Q615S1BA_009_9_-6,Q615S1BA1,X,Q615S1BA,009,9,-6,Q615S1BA_009_9_-6,,SDC2119,HDS2262,C101,8PL7CVA,Q615S1BA1,2026-08-12 04:41:10-07:00,202633,20.00,119325,NGXSDJXA0H80B002632,1,1,009T01,8B18438-D,EXABAHA008,101,1,1010001,1010000,1,101,UNDEFINED,10.1563,15.1279,5.7357,8.961,7.7383,11.8382,1.5763,2.3193,0.8371,1.1601,31.5757,32.4574,1.5763,2.3193,4819.7071,7490.2796,5.7357|7.7383|10.1563,8.961|11.8382|15.1279,^GT:31.5757%0.7%19.700000000000003,^GT:5.7357%0.7%19.700000000000003%200%7.7383%0.7%19.700000000000003%300%10.1563%0.7%19.700000000000003%400,AIO
EFUSE_Q615S1BA_009_9_0,Q615S1BA1,X,Q615S1BA,009,9,0,Q615S1BA_009_9_0,,SDC2119,HDS2262,C101,8PL7CVA,Q615S1BA1,2026-08-12 04:41:10-07:00,202633,20.00,119325,NGXSDJXA0H80B002632,4,3,009T01,8B18438-D,EXABAHA008,301,3,3010001,3030000,3,303,UNDEFINED,10.368,15.4123,5.9722,9.308,7.9912,12.1518,0.8081,2.6487,1.3652,1.4627,31.3986,32.1279,0.8081,2.6487,4958.4554,7642.8762,5.9722|7.9912|10.368,9.308|12.1518|15.4123,^GT:31.3986%0.7%19.55,^GT:5.9722%0.7%19.55%200%7.9912%0.7%19.55%300%10.368%0.7%19.55%400,AIO
EFUSE_Q615S1BA_009_9_1,Q615S1BA1,X,Q615S1BA,009,9,1,Q615S1BA_009_9_1,,SDC2119,HDS2262,C101,8PL7CVA,Q615S1BA1,2026-08-12 04:41:10-07:00,202633,20.00,119325,NGXSDJXA0H80B002632,5,3,009T03,8B28421-D,EXABAHA008,101,1,1010001,1010000,1,101,UNDEFINED,10.2823,15.3023,5.8622,9.1584,7.9001,12.0367,1.5775,2.4883,0.9754,1.337,31.5721,32.3363,1.5775,2.4883,4944.0746,7621.8375,5.8622|7.9|10.2823,9.1584|12.0367|15.3023,^GT:31.5721%0.7%19.55,^GT:5.8622%0.7%19.55%200%7.9%0.7%19.55%300%10.2823%0.7%19.55%400,AIO
EFUSE_Q615S1BA_009_9_2,Q615S1BA1,X,Q615S1BA,009,9,2,Q615S1BA_009_9_2,,SDC2119,HDS2262,C101,8PL7CVA,Q615S1BA1,2026-08-12 04:41:10-07:00,202633,20.00,119325,NGXSDJXA0H80B002632,3,14,009T02,8B18438-D,EXABAHA008,101,1,1010001,1010000,1,101,UNDEFINED,10.2878,15.2945,5.8379,9.1323,7.886,12.0055,1.5763,2.463,0.8648,1.2908,31.785,32.4326,1.5763,2.463,4931.2916,7605.3262,5.8379|7.886|10.2878,9.1323|12.0055|15.2945,^GT:31.785%0.7%19.6,^GT:5.8379%0.7%19.6%200%7.886%0.7%19.6%300%10.2878%0.7%19.6%400,AIO
EFUSE_Q615S1BA_009_9_3,Q615S1BA1,X,Q615S1BA,009,9,3,Q615S1BA_009_9_3,,SDC2119,HDS2262,C101,8PL7CVA,Q615S1BA1,2026-08-12 04:41:10-07:00,202633,20.00,119325,NGXSDJXA0H80B002632,6,4,009T01,8B28421-D,EXABAHA008,301,3,3010001,3030000,3,303,UNDEFINED,10.248,15.2201,5.8197,9.0524,7.8439,11.918,1.5018,2.3575,0.8748,1.2276,31.6307,32.4616,1.5018,2.3575,4906.7909,7582.1571,5.8197|7.8439|10.248,9.0524|11.918|15.2201,^GT:31.6307%0.7%19,^GT:5.8197%0.7%19%200%7.8439%0.7%19%300%10.248%0.7%19%400,AIO
EFUSE_Q615S1BA_009_9_4,Q615S1BA1,X,Q615S1BA,009,9,4,Q615S1BA_009_9_4,,SDC2119,HDS2262,C101,8PL7CVA,Q615S1BA1,2026-08-12 04:41:10-07:00,202633,20.00,119325,NGXSDJXA0H80B002632,6,2,009T03,8B28421-D,EXABAHA008,101,1,1010001,1010000,1,101,UNDEFINED,10.2999,15.2797,5.8537,9.1105,7.8766,11.9844,1.0883,2.402,1.1417,1.279,31.7586,32.4695,1.0883,2.402,4931.8242,7609.0546,5.8537|7.8766|10.2999,9.1105|11.9844|15.2797,^GT:31.7586%0.7%19.6,^GT:5.8537%0.7%19.6%200%7.8766%0.7%19.6%300%10.2999%0.7%19.6%400,AIO
EFUSE_Q615S1BA_009_9_5,Q615S1BA1,X,Q615S1BA,009,9,5,Q615S1BA_009_9_5,,SDC2119,HDS2262,C101,8PL7CVA,Q615S1BA1,2026-08-12 04:41:10-07:00,202633,20.00,119325,NGXSDJXA0H80B002632,3,17,009T02,8B18438-D,EXABAHA008,101,1,1010001,1010000,1,101,UNDEFINED,10.2474,15.1536,5.8117,8.9997,7.8411,11.8615,1.059,2.2965,0.9712,1.238,31.6836,32.3889,1.059,2.2965,4928.3622,7608.522,5.8117|7.8411|10.2474,8.9997|11.8615|15.1536,^GT:31.6836%0.7%19.85,^GT:5.8117%0.7%19.85%200%7.8411%0.7%19.85%300%10.2474%0.7%19.85%400,AIO
EFUSE_Q615S1BA_009_9_6,Q615S1BA1,X,Q615S1BA,009,9,6,Q615S1BA_009_9_6,,SDC2119,HDS2262,C101,8PL7CVA,Q615S1BA1,2026-08-12 04:41:10-07:00,202633,20.00,119325,NGXSDJXA0H80B002632,6,6,009T01,8B18438-D,EXABAHA008,301,3,3010001,3030000,3,303,UNDEFINED,10.1293,14.9094,5.7134,8.7838,7.7351,11.6134,1.5421,2.1292,0.8415,1.1405,31.5421,32.24,1.5421,2.1292,4851.6644,7520.9055,5.7134|7.7351|10.1293,8.7838|11.6134|14.9094,^GT:31.5421%0.7%19.9,^GT:5.7134%0.7%19.9%200%7.7351%0.7%19.9%300%10.1293%0.7%19.9%400,AIO
EFUSE_Q615S1BA_010_-10_-1,Q615S1BA1,X,Q615S1BA,010,-10,-1,Q615S1BA_010_-10_-1,,SDC2119,HDS2262,C101,8PL7CVA,Q615S1BA1,2026-08-11 22:38:03-07:00,202633,20.00,119325,NGXSDJXA0H80B002632,4,7,010T02,8B28421-D,EXABAHA008,101,1,1010001,1010000,1,101,UNDEFINED,10.2539,15.1508,5.8458,9.0119,7.8628,11.8599,1.3386,2.3218,1.1708,1.2776,31.4864,32.31,1.3386,2.3218,4858.8549,7466.8442,5.8458|7.8627|10.2539,9.0119|11.8599|15.1508,^GT:31.4864%0.7%19.15,^GT:5.8458%0.7%19.15%200%7.8627%0.7%19.15%300%10.2539%0.7%19.15%400,AIO
EFUSE_Q615S1BA_010_-10_-2,Q615S1BA1,X,Q615S1BA,010,-10,-2,Q615S1BA_010_-10_-2,,SDC2119,HDS2262,C101,8PL7CVA,Q615S1BA1,2026-08-11 22:38:03-07:00,202633,20.00,119325,NGXSDJXA0H80B002632,4,16,010T03,8B28421-D,EXABAHA008,301,3,3010001,3030000,3,303,UNDEFINED,10.1521,14.9894,5.7479,8.8668,7.755,11.7062,1.6185,2.1936,0.8289,1.1759,31.4586,32.2242,1.6185,2.1936,4800.2663,7382.6897,5.7479|7.755|10.1521,8.8668|11.7062|14.9894,^GT:31.4586%0.7%19.200000000000003,^GT:5.7479%0.7%19.200000000000003%200%7.755%0.7%19.200000000000003%300%10.1521%0.7%19.200000000000003%400,AIO
EFUSE_Q615S1BA_010_-10_-3,Q615S1BA1,X,Q615S1BA,010,-10,-3,Q615S1BA_010_-10_-3,,SDC2119,HDS2262,C101,8PL7CVA,Q615S1BA1,2026-08-11 22:38:03-07:00,202633,20.00,119325,NGXSDJXA0H80B002632,2,18,010T01,8B18438-D,EXABAHA008,201,2,2010001,2020000,2,202,UNDEFINED,10.0352,14.8327,5.633,8.7115,7.6568,11.552,0.5182,2.0657,0.9512,1.0771,31.4443,32.2168,0.5182,2.0657,4713.1824,7277.763,5.633|7.6568|10.0352,8.7115|11.552|14.8327,^GT:31.4443%0.7%19.700000000000003,^GT:5.633%0.7%19.700000000000003%200%7.6568%0.7%19.700000000000003%300%10.0352%0.7%19.700000000000003%400,AIO
EFUSE_Q615S1BA_010_-10_0,Q615S1BA1,X,Q615S1BA,010,-10,0,Q615S1BA_010_-10_0,,SDC2119,HDS2262,C101,8PL7CVA,Q615S1BA1,2026-08-11 22:38:03-07:00,202633,20.00,119325,NGXSDJXA0H80B002632,5,16,010T01,8B28421-D,EXABAHA008,101,1,1010001,1010000,1,101,UNDEFINED,10.2857,15.1985,5.8669,9.0592,7.8983,11.9155,0.6888,2.3824,1.2333,1.3175,31.5629,32.3121,0.6888,2.3824,4894.8069,7506.5246,5.8669|7.8983|10.2857,9.0592|11.9155|15.1985,^GT:31.5629%0.7%19.299999999999997,^GT:5.8669%0.7%19.299999999999997%200%7.8983%0.7%19.299999999999997%300%10.2857%0.7%19.299999999999997%400,AIO
EFUSE_Q615S1BA_010_-10_1,Q615S1BA1,X,Q615S1BA,010,-10,1,Q615S1BA_010_-10_1,,SDC2119,HDS2262,C101,8PL7CVA,Q615S1BA1,2026-08-11 22:38:03-07:00,202633,20.00,119325,NGXSDJXA0H80B002632,4,17,010T03,8B18438-D,EXABAHA008,101,1,1010001,1010000,1,101,UNDEFINED,10.2698,15.149,5.8634,9.0138,7.8913,11.866,0.6756,2.3382,0.8931,1.3094,31.4743,32.2905,0.6756,2.3382,4911.0519,7533.4221,5.8634|7.8913|10.2698,9.0138|11.866|15.149,^GT:31.4743%0.7%19.45,^GT:5.8634%0.7%19.45%200%7.8913%0.7%19.45%300%10.2698%0.7%19.45%400,AIO
EFUSE_Q615S1BA_010_-10_2,Q615S1BA1,X,Q615S1BA,010,-10,2,Q615S1BA_010_-10_2,,SDC2119,HDS2262,C101,8PL7CVA,Q615S1BA1,2026-08-11 22:38:03-07:00,202633,20.00,119325,NGXSDJXA0H80B002632,4,6,010T02,8B18438-D,EXABAHA008,101,1,1010001,1010000,1,101,UNDEFINED,10.1936,15.0186,5.7899,8.8942,7.7994,11.733,0.9261,2.2611,1.0901,1.2394,31.455,32.2337,0.9261,2.2611,4884.9534,7511.8509,5.7899|7.7994|10.1936,8.8942|11.733|15.0186,^GT:31.455%0.7%19.299999999999997,^GT:5.7899%0.7%19.299999999999997%200%7.7994%0.7%19.299999999999997%300%10.1936%0.7%19.299999999999997%400,AIO
EFUSE_Q615S1BA_010_-1_-1,Q615S1BA1,X,Q615S1BA,010,-1,-1,Q615S1BA_010_-1_-1,B99820476_FAIL_SCN_GT_GXX_STUCKAT_ALL_GFXSB_K_END_HITO_GT_NOM_LFM_X_N2,SDC2119,HDS2262,C101,8PL7CVA,Q615S1BA1,2026-08-11 22:38:03-07:00,202633,20.00,119325,NGXSDJXA0H80B002632,4,17,010T02,8B18438-D,EXABAHA008,9982,99,99820476,99820476,99,9982,UNDEFINED,10.0079,14.6801,5.6419,8.6426,7.6633,11.4688,0.7677,2.0299,0.9325,1.0835,31.1857,31.7763,0.7677,2.0299,4767.7763,7420.7723,5.6419|7.6633|10.0079,8.6426|11.4688|14.6801,^GT:31.1857%0.7%19.549999999999997,^GT:5.6419%0.7%19.549999999999997%200%7.6633%0.7%19.549999999999997%300%10.0079%0.7%19.549999999999997%400,AIO
EFUSE_Q615S1BA_010_-1_-10,Q615S1BA1,X,Q615S1BA,010,-1,-10,Q615S1BA_010_-1_-10,,SDC2119,HDS2262,C101,8PL7CVA,Q615S1BA1,2026-08-11 22:38:03-07:00,202633,20.00,119325,NGXSDJXA0H80B002632,7,5,010T02,8B28421-D,EXABAHA008,101,1,1010001,1010000,1,101,UNDEFINED,10.216,15.2187,5.7972,9.0698,7.81,11.9357,0.712,2.3612,1.171,1.2342,31.5629,32.3626,0.712,2.3612,4909.1877,7540.6125,5.7972|7.81|10.216,9.0698|11.9357|15.2187,^GT:31.5629%0.7%19.05,^GT:5.7972%0.7%19.05%200%7.81%0.7%19.05%300%10.216%0.7%19.05%400,AIO
EFUSE_Q615S1BA_010_-1_-11,Q615S1BA1,X,Q615S1BA,010,-1,-11,Q615S1BA_010_-1_-11,B82020000_FAIL_SCN_GT_GXX_CTRL_X_GFXAGG_K_BEGIN_X_X_X_X_X_EVALUATE_4,SDC2119,HDS2262,C101,8PL7CVA,Q615S1BA1,2026-08-11 22:38:03-07:00,202633,20.00,119325,NGXSDJXA0H80B002632,1,13,010T01,8B28421-D,EXABAHA008,8202,82,82020000,82020000,82,8202,UNDEFINED,9.9743,14.8034,5.594,8.7159,7.6002,11.5405,1.0386,2.1386,0.9565,1.0413,31.2879,32.0395,1.0386,2.1386,4777.8961,7389.8802,5.594|7.6002|9.9743,8.7159|11.5405|14.8034,^GT:31.2879%0.7%18.85,^GT:5.594%0.7%18.85%200%7.6002%0.7%18.85%300%9.9743%0.7%18.85%400,AIO
EFUSE_Q615S1BA_010_-1_-2,Q615S1BA1,X,Q615S1BA,010,-1,-2,Q615S1BA_010_-1_-2,,SDC2119,HDS2262,C101,8PL7CVA,Q615S1BA1,2026-08-11 22:38:03-07:00,202633,20.00,119325,NGXSDJXA0H80B002632,4,6,010T03,8B28421-D,EXABAHA008,101,1,1010001,1010000,1,101,UNDEFINED,10.1134,14.8438,5.7649,8.8133,7.7856,11.6295,0.6879,2.2341,1.0992,1.2486,31.0607,31.7395,0.6879,2.2341,4888.1491,7547.2703,5.7649|7.7856|10.1134,8.8133|11.6295|14.8438,^GT:31.0607%0.7%19.3,^GT:5.7649%0.7%19.3%200%7.7856%0.7%19.3%300%10.1134%0.7%19.3%400,AIO
EFUSE_Q615S1BA_010_-1_-3,Q615S1BA1,X,Q615S1BA,010,-1,-3,Q615S1BA_010_-1_-3,,SDC2119,HDS2262,C101,8PL7CVA,Q615S1BA1,2026-08-11 22:38:03-07:00,202633,20.00,119325,NGXSDJXA0H80B002632,3,12,010T01,8B18438-D,EXABAHA008,301,3,3010001,3030000,3,303,UNDEFINED,10.1348,14.875,5.7906,8.857,7.8044,11.6784,1.1272,2.2662,1.1076,1.2865,31.03,31.6737,1.1272,2.2662,4974.1678,7635.1531,5.7906|7.8044|10.1348,8.857|11.6784|14.875,^GT:31.03%0.7%19.700000000000003,^GT:5.7906%0.7%19.700000000000003%200%7.8044%0.7%19.700000000000003%300%10.1348%0.7%19.700000000000003%400,AIO
EFUSE_Q615S1BA_010_-1_-4,Q615S1BA1,X,Q615S1BA,010,-1,-4,Q615S1BA_010_-1_-4,,SDC2119,HDS2262,C101,8PL7CVA,Q615S1BA1,2026-08-11 22:38:03-07:00,202633,20.00,119325,NGXSDJXA0H80B002632,6,3,010T02,8B28421-D,EXABAHA008,101,1,1010001,1010000,1,101,UNDEFINED,10.0363,14.7628,5.6855,8.7365,7.7098,11.5518,0.813,2.1756,0.7707,1.1704,31.0771,31.7174,0.813,2.1756,4937.6831,7635.6858,5.6855|7.7098|10.0363,8.7365|11.5518|14.7628,^GT:31.0771%0.7%19.05,^GT:5.6855%0.7%19.05%200%7.7098%0.7%19.05%300%10.0363%0.7%19.05%400,AIO
EFUSE_Q615S1BA_010_-1_-5,Q615S1BA1,X,Q615S1BA,010,-1,-5,Q615S1BA_010_-1_-5,,SDC2119,HDS2262,C101,8PL7CVA,Q615S1BA1,2026-08-11 22:38:03-07:00,202633,20.00,119325,NGXSDJXA0H80B002632,3,19,010T03,8B18438-D,EXABAHA008,101,1,1010001,1010000,1,101,UNDEFINED,10.0301,14.7828,5.6702,8.7536,7.6888,11.575,0.985,2.2011,0.7494,1.15,31.1421,31.7326,0.985,2.2011,4934.7537,7630.6258,5.6702|7.6888|10.0301,8.7536|11.575|14.7828,^GT:31.1421%0.7%19.799999999999997,^GT:5.6702%0.7%19.799999999999997%200%7.6888%0.7%19.799999999999997%300%10.0301%0.7%19.799999999999997%400,AIO
EFUSE_Q615S1BA_010_-1_-6,Q615S1BA1,X,Q615S1BA,010,-1,-6,Q615S1BA_010_-1_-6,B81010004_FAIL_SCN_GT_GXX_CHAIN_ALL_GFXSB_K_BEGIN_HITO_GT_NOM_LFM_HVM_4,SDC2119,HDS2262,C101,8PL7CVA,Q615S1BA1,2026-08-11 22:38:03-07:00,202633,20.00,119325,NGXSDJXA0H80B002632,2,10,010T01,8B18438-D,EXABAHA008,8101,81,81010004,81010004,81,8101,UNDEFINED,10.0821,14.8857,5.7239,8.8436,7.7343,11.6598,0.8669,2.2683,0.9127,1.252,31.13,31.8005,0.8669,2.2683,4963.7816,7664.98,5.7239|7.7343|10.0821,8.8436|11.6598|14.8857,^GT:31.13%0.7%19.65,^GT:5.7239%0.7%19.65%200%7.7343%0.7%19.65%300%10.0821%0.7%19.65%400,AIO
EFUSE_Q615S1BA_010_-1_-7,Q615S1BA1,X,Q615S1BA,010,-1,-7,Q615S1BA_010_-1_-7,,SDC2119,HDS2262,C101,8PL7CVA,Q615S1BA1,2026-08-11 22:38:03-07:00,202633,20.00,119325,NGXSDJXA0H80B002632,6,19,010T02,8B18438-D,EXABAHA008,301,3,3010001,3030000,3,303,UNDEFINED,10.22,15.116,5.8433,9.0312,7.8434,11.8691,0.7431,2.3749,1.2465,1.3176,31.2629,32.0253,0.7431,2.3749,4990.4128,7656.1917,5.8432|7.8434|10.22,9.0312|11.8691|15.116,^GT:31.2629%0.7%19.799999999999997,^GT:5.8432%0.7%19.799999999999997%200%7.8434%0.7%19.799999999999997%300%10.22%0.7%19.799999999999997%400,AIO
EFUSE_Q615S1BA_010_-1_-8,Q615S1BA1,X,Q615S1BA,010,-1,-8,Q615S1BA_010_-1_-8,,SDC2119,HDS2262,C101,8PL7CVA,Q615S1BA1,2026-08-11 22:38:03-07:00,202633,20.00,119325,NGXSDJXA0H80B002632,2,5,010T03,8B28421-D,EXABAHA008,301,3,3010001,3030000,3,303,UNDEFINED,10.2469,15.2076,5.8536,9.1015,7.8577,11.9473,0.7094,2.4282,0.9465,1.3292,31.3807,32.1374,0.7094,2.4282,4994.4075,7652.7297,5.8536|7.8577|10.2469,9.1015|11.9473|15.2076,^GT:31.3807%0.7%19.65,^GT:5.8536%0.7%19.65%200%7.8577%0.7%19.65%300%10.2469%0.7%19.65%400,AIO
EFUSE_Q615S1BA_010_-1_-9,Q615S1BA1,X,Q615S1BA,010,-1,-9,Q615S1BA_010_-1_-9,,SDC2119,HDS2262,C101,8PL7CVA,Q615S1BA1,2026-08-11 22:38:03-07:00,202633,20.00,119325,NGXSDJXA0H80B002632,7,8,010T02,8B18438-D,EXABAHA008,301,3,3010001,3030000,3,303,UNDEFINED,10.2835,15.297,5.8626,9.1605,7.8941,12.0257,0.7771,2.4894,0.9954,1.3314,31.5779,32.2974,0.7771,2.4894,4976.032,7617.0439,5.8626|7.8941|10.2835,9.1605|12.0257|15.297,^GT:31.5779%0.7%19.65,^GT:5.8626%0.7%19.65%200%7.8941%0.7%19.65%300%10.2835%0.7%19.65%400,AIO
EFUSE_Q615S1BA_010_-1_0,Q615S1BA1,X,Q615S1BA,010,-1,0,Q615S1BA_010_-1_0,,SDC2119,HDS2262,C101,8PL7CVA,Q615S1BA1,2026-08-11 22:38:03-07:00,202633,20.00,119325,NGXSDJXA0H80B002632,4,14,010T01,8B28421-D,EXABAHA008,101,1,1010001,1010000,1,101,UNDEFINED,9.9656,14.5885,5.5803,8.538,7.6072,11.3657,0.5075,1.9498,0.9509,1.0324,31.3236,31.8447,0.5075,1.9498,4707.0573,7373.3688,5.5803|7.6072|9.9656,8.538|11.3657|14.5885,^GT:31.3236%0.7%19.25,^GT:5.5803%0.7%19.25%200%7.6072%0.7%19.25%300%9.9656%0.7%19.25%400,AIO
EFUSE_Q615S1BA_010_-1_1,Q615S1BA1,X,Q615S1BA,010,-1,1,Q615S1BA_010_-1_1,,SDC2119,HDS2262,C101,8PL7CVA,Q615S1BA1,2026-08-11 22:38:03-07:00,202633,20.00,119325,NGXSDJXA0H80B002632,5,13,010T03,8B18438-D,EXABAHA008,101,1,1010001,1010000,1,101,UNDEFINED,10.0288,14.6929,5.6664,8.6464,7.6802,11.4522,0.5549,2.0233,0.7218,1.095,31.16,31.8237,0.5549,2.0233,4762.7164,7432.2237,5.6664|7.6802|10.0288,8.6464|11.4522|14.6929,^GT:31.16%0.7%19.700000000000003,^GT:5.6664%0.7%19.700000000000003%200%7.6802%0.7%19.700000000000003%300%10.0288%0.7%19.700000000000003%400,AIO
EFUSE_Q615S1BA_010_-1_10,Q615S1BA1,X,Q615S1BA,010,-1,10,Q615S1BA_010_-1_10,,SDC2119,HDS2262,C101,8PL7CVA,Q615S1BA1,2026-08-11 22:38:03-07:00,202633,20.00,119325,NGXSDJXA0H80B002632,7,1,010T03,8B18438-D,EXABAHA008,101,1,1010001,1010000,1,101,UNDEFINED,10.2299,15.019,5.8239,8.8891,7.8398,11.7335,1.152,2.1991,1.2009,1.2355,31.4714,32.2626,1.152,2.1991,4911.3182,7556.3249,5.8239|7.8398|10.2299,8.8891|11.7335|15.019,^GT:31.4714%0.7%19.700000000000003,^GT:5.8239%0.7%19.700000000000003%200%7.8398%0.7%19.700000000000003%300%10.2299%0.7%19.700000000000003%400,AIO
EFUSE_Q615S1BA_010_-1_2,Q615S1BA1,X,Q615S1BA,010,-1,2,Q615S1BA_010_-1_2,,SDC2119,HDS2262,C101,8PL7CVA,Q615S1BA1,2026-08-11 22:38:03-07:00,202633,20.00,119325,NGXSDJXA0H80B002632,3,4,010T02,8B18438-D,EXABAHA008,101,1,1010001,1010000,1,101,UNDEFINED,10.0858,14.7338,5.7149,8.7014,7.7302,11.5222,1.3661,2.1054,1.0704,1.1859,31.2207,31.7495,1.3661,2.1054,4863.1158,7525.1664,5.7149|7.7302|10.0858,8.7014|11.5222|14.7338,^GT:31.2207%0.7%19.6,^GT:5.7149%0.7%19.6%200%7.7302%0.7%19.6%300%10.0858%0.7%19.6%400,AIO
EFUSE_Q615S1BA_010_-1_3,Q615S1BA1,X,Q615S1BA,010,-1,3,Q615S1BA_010_-1_3,,SDC2119,HDS2262,C101,8PL7CVA,Q615S1BA1,2026-08-11 22:38:03-07:00,202633,20.00,119325,NGXSDJXA0H80B002632,5,7,010T01,8B28421-D,EXABAHA008,101,1,1010001,1010000,1,101,UNDEFINED,10.037,14.7007,5.6928,8.6785,7.7036,11.4888,1.5268,2.0888,0.8941,1.1683,31.03,31.6958,1.5268,2.0888,4912.3835,7586.1518,5.6928|7.7036|10.037,8.6785|11.4888|14.7007,^GT:31.03%0.7%19.700000000000003,^GT:5.6928%0.7%19.700000000000003%200%7.7036%0.7%19.700000000000003%300%10.037%0.7%19.700000000000003%400,AIO
EFUSE_Q615S1BA_010_-1_4,Q615S1BA1,X,Q615S1BA,010,-1,4,Q615S1BA_010_-1_4,,SDC2119,HDS2262,C101,8PL7CVA,Q615S1BA1,2026-08-11 22:38:03-07:00,202633,20.00,119325,NGXSDJXA0H80B002632,6,12,010T03,8B18438-D,EXABAHA008,101,1,1010001,1010000,1,101,UNDEFINED,10.0067,14.6785,5.6704,8.6695,7.6797,11.4723,0.6651,2.1381,0.7931,1.134,30.9736,31.6263,0.6651,2.1381,4930.2264,7625.2996,5.6704|7.6797|10.0067,8.6695|11.4723|14.6785,^GT:30.9736%0.7%19.75,^GT:5.6704%0.7%19.75%200%7.6797%0.7%19.75%300%10.0067%0.7%19.75%400,AIO
EFUSE_Q615S1BA_010_-1_5,Q615S1BA1,X,Q615S1BA,010,-1,5,Q615S1BA_010_-1_5,,SDC2119,HDS2262,C101,8PL7CVA,Q615S1BA1,2026-08-11 22:38:03-07:00,202633,20.00,119325,NGXSDJXA0H80B002632,2,12,010T02,8B28421-D,EXABAHA008,101,1,1010001,1010000,1,101,UNDEFINED,10.0815,14.7882,5.7383,8.7674,7.7518,11.5766,0.7678,2.1844,1.0785,1.2173,31.0229,31.6884,0.7678,2.1844,4975.7656,7675.8988,5.7383|7.7518|10.0815,8.7674|11.5766|14.7882,^GT:31.0229%0.7%19.45,^GT:5.7383%0.7%19.45%200%7.7518%0.7%19.45%300%10.0815%0.7%19.45%400,AIO
EFUSE_Q615S1BA_010_-1_6,Q615S1BA1,X,Q615S1BA,010,-1,6,Q615S1BA_010_-1_6,,SDC2119,HDS2262,C101,8PL7CVA,Q615S1BA1,2026-08-11 22:38:03-07:00,202633,20.00,119325,NGXSDJXA0H80B002632,6,16,010T01,8B18438-D,EXABAHA008,201,2,2010001,2020000,2,202,UNDEFINED,10.205,14.9709,5.8352,8.9191,7.8374,11.7465,1.3141,2.3042,0.9501,1.315,31.2129,31.8516,1.3141,2.3042,5016.245,7693.4754,5.8352|7.8373|10.205,8.9191|11.7465|14.9709,^GT:31.2129%0.7%19.65,^GT:5.8352%0.7%19.65%200%7.8373%0.7%19.65%300%10.205%0.7%19.65%400,AIO
EFUSE_Q615S1BA_010_-1_7,Q615S1BA1,X,Q615S1BA,010,-1,7,Q615S1BA_010_-1_7,,SDC2119,HDS2262,C101,8PL7CVA,Q615S1BA1,2026-08-11 22:38:03-07:00,202633,20.00,119325,NGXSDJXA0H80B002632,7,12,010T03,8B18438-D,EXABAHA008,101,1,1010001,1010000,1,101,UNDEFINED,10.2397,15.0635,5.8468,8.9739,7.8757,11.8104,1.726,2.3327,0.9391,1.2924,31.3779,32.0505,1.726,2.3327,4987.7497,7662.8495,5.8468|7.8756|10.2397,8.9739|11.8104|15.0635,^GT:31.3779%0.7%19.85,^GT:5.8468%0.7%19.85%200%7.8756%0.7%19.85%300%10.2397%0.7%19.85%400,AIO
EFUSE_Q615S1BA_010_-1_8,Q615S1BA1,X,Q615S1BA,010,-1,8,Q615S1BA_010_-1_8,,SDC2119,HDS2262,C101,8PL7CVA,Q615S1BA1,2026-08-11 22:38:03-07:00,202633,20.00,119325,NGXSDJXA0H80B002632,1,2,010T02,8B18438-D,EXABAHA008,101,1,1010001,1010000,1,101,UNDEFINED,10.2816,15.121,5.8647,9.013,7.9015,11.8553,1.6183,2.3544,1.3157,1.3069,31.5493,32.1474,1.6183,2.3544,4972.8362,7634.6205,5.8647|7.9015|10.2816,9.013|11.8553|15.121,^GT:31.5493%0.7%19.9,^GT:5.8647%0.7%19.9%200%7.9015%0.7%19.9%300%10.2816%0.7%19.9%400,AIO
EFUSE_Q615S1BA_010_-1_9,Q615S1BA1,X,Q615S1BA,010,-1,9,Q615S1BA_010_-1_9,,SDC2119,HDS2262,C101,8PL7CVA,Q615S1BA1,2026-08-11 22:38:03-07:00,202633,20.00,119325,NGXSDJXA0H80B002632,7,11,010T01,8B28421-D,EXABAHA008,101,1,1010001,1010000,1,101,UNDEFINED,10.2475,15.083,5.8157,8.9567,7.8529,11.8006,0.7891,2.2577,1.1384,1.2498,31.6557,32.2437,0.7891,2.2577,4919.8402,7566.1784,5.8157|7.8529|10.2475,8.9567|11.8006|15.083,^GT:31.6557%0.7%19.299999999999997,^GT:5.8157%0.7%19.299999999999997%200%7.8529%0.7%19.299999999999997%300%10.2475%0.7%19.299999999999997%400,AIO
EFUSE_Q615S1BA_010_-2_-1,Q615S1BA1,X,Q615S1BA,010,-2,-1,Q615S1BA_010_-2_-1,,SDC2119,HDS2262,C101,8PL7CVA,Q615S1BA1,2026-08-11 22:38:03-07:00,202633,20.00,119325,NGXSDJXA0H80B002632,4,16,010T02,8B18438-D,EXABAHA008,101,1,1010001,1010000,1,101,UNDEFINED,10.1365,14.8399,5.7787,8.7995,7.8009,11.6188,0.8771,2.2644,1.0943,1.2544,31.1271,31.7916,0.8771,2.2644,4879.8935,7527.8296,5.7787|7.8009|10.1365,8.7995|11.6188|14.8399,^GT:31.1271%0.7%20.15,^GT:5.7787%0.7%20.15%200%7.8009%0.7%20.15%300%10.1365%0.7%20.15%400,AIO
EFUSE_Q615S1BA_010_-2_-10,Q615S1BA1,X,Q615S1BA,010,-2,-10,Q615S1BA_010_-2_-10,,SDC2119,HDS2262,C101,8PL7CVA,Q615S1BA1,2026-08-11 22:38:03-07:00,202633,20.00,119325,NGXSDJXA0H80B002632,1,8,010T01,8B28421-D,EXABAHA008,302,3,3020001,3030000,3,303,UNDEFINED,10.1781,15.1546,5.7469,9.0204,7.7765,11.8758,1.4362,2.299,0.774,1.1987,31.6521,32.2853,1.4362,2.299,4874.8336,7514.7803,5.7468|7.7765|10.1781,9.0204|11.8758|15.1546,^GT:31.6521%0.7%19.25,^GT:5.7468%0.7%19.25%200%7.7765%0.7%19.25%300%10.1781%0.7%19.25%400,AIO
EFUSE_Q615S1BA_010_-2_-11,Q615S1BA1,X,Q615S1BA,010,-2,-11,Q615S1BA_010_-2_-11,B82020000_FAIL_SCN_GT_GXX_CTRL_X_GFXAGG_K_BEGIN_X_X_X_X_X_EVALUATE_4,SDC2119,HDS2262,C101,8PL7CVA,Q615S1BA1,2026-08-11 22:38:03-07:00,202633,20.00,119325,NGXSDJXA0H80B002632,7,1,010T02,8B18438-D,EXABAHA008,8202,82,82020000,82020000,82,8202,UNDEFINED,9.9322,14.7267,5.5534,8.6343,7.5482,11.464,0.8458,2.0157,0.668,1.0248,31.2771,32.0653,0.8458,2.0157,4693.4754,7295.8722,5.5534|7.5482|9.9322,8.6343|11.464|14.7267,^GT:31.2771%0.7%20,^GT:5.5534%0.7%20%200%7.5482%0.7%20%300%9.9322%0.7%20%400,AIO
EFUSE_Q615S1BA_010_-2_-2,Q615S1BA1,X,Q615S1BA,010,-2,-2,Q615S1BA_010_-2_-2,,SDC2119,HDS2262,C101,8PL7CVA,Q615S1BA1,2026-08-11 22:38:03-07:00,202633,20.00,119325,NGXSDJXA0H80B002632,4,7,010T03,8B18438-D,EXABAHA008,101,1,1010001,1010000,1,101,UNDEFINED,10.1957,14.957,5.8384,8.9225,7.8558,11.7358,0.9026,2.3709,1.0587,1.3388,31.1236,31.7605,0.9026,2.3709,4978.1625,7627.6964,5.8384|7.8558|10.1957,8.9225|11.7358|14.957,^GT:31.1236%0.7%20.1,^GT:5.8384%0.7%20.1%200%7.8558%0.7%20.1%300%10.1957%0.7%20.1%400,AIO
EFUSE_Q615S1BA_010_-2_-3,Q615S1BA1,X,Q615S1BA,010,-2,-3,Q615S1BA_010_-2_-3,B81010004_FAIL_SCN_GT_GXX_CHAIN_ALL_GFXSB_K_BEGIN_HITO_GT_NOM_LFM_HVM_4,SDC2119,HDS2262,C101,8PL7CVA,Q615S1BA1,2026-08-11 22:38:03-07:00,202633,20.00,119325,NGXSDJXA0H80B002632,3,13,010T01,8B18438-D,EXABAHA008,8101,81,81010004,81010004,81,8101,UNDEFINED,10.1432,14.8933,5.802,8.8924,7.8087,11.6967,1.7409,2.2993,0.9856,1.3032,31.0086,31.5837,1.7409,2.2993,4967.2437,7654.0613,5.802|7.8087|10.1432,8.8924|11.6967|14.8933,^GT:31.0086%0.7%20.049999999999997,^GT:5.802%0.7%20.049999999999997%200%7.8087%0.7%20.049999999999997%300%10.1432%0.7%20.049999999999997%400,AIO
EFUSE_Q615S1BA_010_-2_-4,Q615S1BA1,X,Q615S1BA,010,-2,-4,Q615S1BA_010_-2_-4,,SDC2119,HDS2262,C101,8PL7CVA,Q615S1BA1,2026-08-11 22:38:03-07:00,202633,20.00,119325,NGXSDJXA0H80B002632,6,4,010T02,8B18438-D,EXABAHA008,302,3,3020001,3030000,3,303,UNDEFINED,9.975,14.7023,5.6705,8.7123,7.6628,11.5226,0.6186,2.1552,0.7643,1.1687,30.7471,31.5263,0.6186,2.1552,4950.7324,7636.4847,5.6704|7.6628|9.975,8.7123|11.5226|14.7023,^GT:30.7471%0.7%19.65,^GT:5.6704%0.7%19.65%200%7.6628%0.7%19.65%300%9.975%0.7%19.65%400,AIO
EFUSE_Q615S1BA_010_-2_-5,Q615S1BA1,X,Q615S1BA,010,-2,-5,Q615S1BA_010_-2_-5,B81010004_FAIL_SCN_GT_GXX_CHAIN_ALL_GFXSB_K_BEGIN_HITO_GT_NOM_LFM_HVM_4,SDC2119,HDS2262,C101,8PL7CVA,Q615S1BA1,2026-08-11 22:38:03-07:00,202633,20.00,119325,NGXSDJXA0H80B002632,2,19,010T03,8B18438-D,EXABAHA008,8101,81,81010004,81010004,81,8101,UNDEFINED,10.083,14.8509,5.7239,8.8271,7.737,11.6471,1.6382,2.2126,1.227,1.2082,31.1364,31.7042,1.6382,2.2126,4965.1132,7650.5992,5.7239|7.737|10.083,8.8271|11.6471|14.8509,^GT:31.1364%0.7%19.95,^GT:5.7239%0.7%19.95%200%7.737%0.7%19.95%300%10.083%0.7%19.95%400,AIO
EFUSE_Q615S1BA_010_-2_-6,Q615S1BA1,X,Q615S1BA,010,-2,-6,Q615S1BA_010_-2_-6,,SDC2119,HDS2262,C101,8PL7CVA,Q615S1BA1,2026-08-11 22:38:03-07:00,202633,20.00,119325,NGXSDJXA0H80B002632,2,11,010T01,8B28421-D,EXABAHA008,301,3,3010001,3030000,3,303,UNDEFINED,10.1047,14.9295,5.7409,8.8778,7.7556,11.7158,1.3504,2.288,0.9887,1.2354,31.17,31.8511,1.3504,2.288,4972.5699,7647.1372,5.7409|7.7556|10.1047,8.8778|11.7158|14.9295,^GT:31.17%0.7%19.45,^GT:5.7409%0.7%19.45%200%7.7556%0.7%19.45%300%10.1047%0.7%19.45%400,AIO
EFUSE_Q615S1BA_010_-2_-7,Q615S1BA1,X,Q615S1BA,010,-2,-7,Q615S1BA_010_-2_-7,,SDC2119,HDS2262,C101,8PL7CVA,Q615S1BA1,2026-08-11 22:38:03-07:00,202633,20.00,119325,NGXSDJXA0H80B002632,6,18,010T02,8B18438-D,EXABAHA008,101,1,1010001,1010000,1,101,UNDEFINED,10.1834,15.0756,5.7955,8.985,7.8098,11.8273,0.6516,2.3399,0.8584,1.2695,31.3421,32.0558,0.6516,2.3399,4970.7057,7637.0173,5.7955|7.8098|10.1834,8.985|11.8273|15.0756,^GT:31.3421%0.7%19.5,^GT:5.7955%0.7%19.5%200%7.8098%0.7%19.5%300%10.1834%0.7%19.5%400,AIO
EFUSE_Q615S1BA_010_-2_-8,Q615S1BA1,X,Q615S1BA,010,-2,-8,Q615S1BA_010_-2_-8,,SDC2119,HDS2262,C101,8PL7CVA,Q615S1BA1,2026-08-11 22:38:03-07:00,202633,20.00,119325,NGXSDJXA0H80B002632,2,6,010T03,8B28421-D,EXABAHA008,101,1,1010001,1010000,1,101,UNDEFINED,10.2494,15.2441,5.8551,9.1045,7.87,11.9767,0.7056,2.4682,1.0021,1.3199,31.3879,32.3137,0.7056,2.4681,4974.9667,7622.6365,5.8551|7.87|10.2494,9.1045|11.9767|15.2441,^GT:31.3879%0.7%19.35,^GT:5.8551%0.7%19.35%200%7.87%0.7%19.35%300%10.2494%0.7%19.35%400,AIO
EFUSE_Q615S1BA_010_-2_-9,Q615S1BA1,X,Q615S1BA,010,-2,-9,Q615S1BA_010_-2_-9,,SDC2119,HDS2262,C101,8PL7CVA,Q615S1BA1,2026-08-11 22:38:03-07:00,202633,20.00,119325,NGXSDJXA0H80B002632,1,8,010T03,8B28421-D,EXABAHA008,301,3,3010001,3030000,3,303,UNDEFINED,10.2564,15.2494,5.8333,9.115,7.8489,11.9667,0.6498,2.4044,1.2425,1.2837,31.5936,32.2863,0.6498,2.4044,4946.7377,7593.6085,5.8333|7.8489|10.2564,9.115|11.9667|15.2494,^GT:31.5936%0.7%18.95,^GT:5.8333%0.7%18.95%200%7.8489%0.7%18.95%300%10.2564%0.7%18.95%400,AIO
EFUSE_Q615S1BA_010_-2_0,Q615S1BA1,X,Q615S1BA,010,-2,0,Q615S1BA_010_-2_0,,SDC2119,HDS2262,C101,8PL7CVA,Q615S1BA1,2026-08-11 22:38:03-07:00,202633,20.00,119325,NGXSDJXA0H80B002632,4,15,010T01,8B18438-D,EXABAHA008,301,3,3010001,3030000,3,303,UNDEFINED,10.0649,14.7279,5.7159,8.7016,7.7209,11.5217,0.7703,2.1212,0.8468,1.1771,31.0643,31.7179,0.7703,2.1212,4818.1092,7480.6924,5.7159|7.7209|10.0649,8.7015|11.5217|14.7279,^GT:31.0643%0.7%19.85,^GT:5.7159%0.7%19.85%200%7.7209%0.7%19.85%300%10.0649%0.7%19.85%400,AIO
EFUSE_Q615S1BA_010_-2_1,Q615S1BA1,X,Q615S1BA,010,-2,1,Q615S1BA_010_-2_1,B99880012_FAIL_TPI_SIU_STATIC_CTRL_X_PWRDWN_K_STRESS_X_X_X_X_LOWV_BFL_N2,SDC2119,HDS2262,C101,8PL7CVA,Q615S1BA1,2026-08-11 22:38:03-07:00,202633,20.00,119325,NGXSDJXA0H80B002632,5,14,010T03,8B28421-D,EXABAHA008,9988,99,99880012,99880012,99,9988,UNDEFINED,10.0601,14.7177,5.7139,8.6925,7.7209,11.5063,1.0112,2.1057,1.0303,1.1733,31.0443,31.7116,1.0112,2.1057,4861.2517,7534.7537,5.7139|7.7209|10.0601,8.6925|11.5063|14.7177,^GT:31.0443%0.7%19.25,^GT:5.7139%0.7%19.25%200%7.7209%0.7%19.25%300%10.0601%0.7%19.25%400,AIO
EFUSE_Q615S1BA_010_-2_10,Q615S1BA1,X,Q615S1BA,010,-2,10,Q615S1BA_010_-2_10,,SDC2119,HDS2262,C101,8PL7CVA,Q615S1BA1,2026-08-11 22:38:03-07:00,202633,20.00,119325,NGXSDJXA0H80B002632,1,13,010T02,8B18438-D,EXABAHA008,101,1,1010001,1010000,1,101,UNDEFINED,10.2158,14.9929,5.7902,8.8524,7.8085,11.7042,1.6466,2.1743,1.161,1.2042,31.6114,32.3184,1.6466,2.1743,4883.6218,7529.4274,5.7902|7.8085|10.2158,8.8524|11.7042|14.9929,^GT:31.6114%0.7%20.1,^GT:5.7902%0.7%20.1%200%7.8085%0.7%20.1%300%10.2158%0.7%20.1%400,AIO
EFUSE_Q615S1BA_010_-2_2,Q615S1BA1,X,Q615S1BA,010,-2,2,Q615S1BA_010_-2_2,,SDC2119,HDS2262,C101,8PL7CVA,Q615S1BA1,2026-08-11 22:38:03-07:00,202633,20.00,119325,NGXSDJXA0H80B002632,3,3,010T02,8B28421-D,EXABAHA008,101,1,1010001,1010000,1,101,UNDEFINED,10.0438,14.684,5.6932,8.6605,7.6961,11.4912,1.5481,2.1113,1.0223,1.157,31.0757,31.7026,1.5481,2.1113,4910.7856,7588.5486,5.6932|7.6961|10.0438,8.6605|11.4912|14.684,^GT:31.0757%0.7%19.25,^GT:5.6932%0.7%19.25%200%7.6961%0.7%19.25%300%10.0438%0.7%19.25%400,AIO
EFUSE_Q615S1BA_010_-2_3,Q615S1BA1,X,Q615S1BA,010,-2,3,Q615S1BA_010_-2_3,,SDC2119,HDS2262,C101,8PL7CVA,Q615S1BA1,2026-08-11 22:38:03-07:00,202633,20.00,119325,NGXSDJXA0H80B002632,5,8,010T01,8B18438-D,EXABAHA008,301,3,3010001,3030000,3,303,UNDEFINED,9.9874,14.6414,5.6457,8.6176,7.6554,11.4302,1.2263,2.0622,1.067,1.1063,31.0121,31.7042,1.2263,2.0622,4905.4594,7592.5433,5.6457|7.6554|9.9874,8.6176|11.4302|14.6414,^GT:31.0121%0.7%19.4,^GT:5.6457%0.7%19.4%200%7.6554%0.7%19.4%300%9.9874%0.7%19.4%400,AIO
EFUSE_Q615S1BA_010_-2_4,Q615S1BA1,X,Q615S1BA,010,-2,4,Q615S1BA_010_-2_4,,SDC2119,HDS2262,C101,8PL7CVA,Q615S1BA1,2026-08-11 22:38:03-07:00,202633,20.00,119325,NGXSDJXA0H80B002632,6,13,010T03,8B18438-D,EXABAHA008,101,1,1010001,1010000,1,101,UNDEFINED,10.029,14.7216,5.6766,8.669,7.6891,11.5007,1.4444,2.0979,1.129,1.1309,31.0886,31.8563,1.4444,2.0979,4923.036,7619.7071,5.6766|7.6891|10.029,8.6689|11.5007|14.7216,^GT:31.0886%0.7%19.799999999999997,^GT:5.6766%0.7%19.799999999999997%200%7.6891%0.7%19.799999999999997%300%10.029%0.7%19.799999999999997%400,AIO
EFUSE_Q615S1BA_010_-2_5,Q615S1BA1,X,Q615S1BA,010,-2,5,Q615S1BA_010_-2_5,,SDC2119,HDS2262,C101,8PL7CVA,Q615S1BA1,2026-08-11 22:38:03-07:00,202633,20.00,119325,NGXSDJXA0H80B002632,2,11,010T02,8B28421-D,EXABAHA008,301,3,3010001,3030000,3,303,UNDEFINED,10.1492,14.8775,5.8007,8.8375,7.8086,11.6798,0.9145,2.249,0.9553,1.269,31.0607,31.7895,0.9145,2.249,4983.2224,7676.964,5.8007|7.8086|10.1492,8.8375|11.6798|14.8775,^GT:31.0607%0.7%19.55,^GT:5.8007%0.7%19.55%200%7.8086%0.7%19.55%300%10.1492%0.7%19.55%400,AIO
EFUSE_Q615S1BA_010_-2_6,Q615S1BA1,X,Q615S1BA,010,-2,6,Q615S1BA_010_-2_6,,SDC2119,HDS2262,C101,8PL7CVA,Q615S1BA1,2026-08-11 22:38:03-07:00,202633,20.00,119325,NGXSDJXA0H80B002632,6,17,010T01,8B18438-D,EXABAHA008,101,1,1010001,1010000,1,101,UNDEFINED,10.2225,15.0022,5.8372,8.9316,7.8558,11.75,1.2061,2.2853,0.9566,1.3005,31.3236,31.9505,1.2061,2.2853,4974.9667,7646.0719,5.8372|7.8558|10.2225,8.9316|11.75|15.0022,^GT:31.3236%0.7%20.1,^GT:5.8372%0.7%20.1%200%7.8558%0.7%20.1%300%10.2225%0.7%20.1%400,AIO
EFUSE_Q615S1BA_010_-2_7,Q615S1BA1,X,Q615S1BA,010,-2,7,Q615S1BA_010_-2_7,,SDC2119,HDS2262,C101,8PL7CVA,Q615S1BA1,2026-08-11 22:38:03-07:00,202633,20.00,119325,NGXSDJXA0H80B002632,7,13,010T03,8B18438-D,EXABAHA008,101,1,1010001,1010000,1,101,UNDEFINED,10.2166,15.0204,5.8229,8.9242,7.837,11.7687,0.9819,2.2698,1.0118,1.277,31.3836,32.0853,0.9819,2.2698,4963.5153,7628.4953,5.8229|7.837|10.2166,8.9242|11.7687|15.0204,^GT:31.3836%0.7%19.799999999999997,^GT:5.8229%0.7%19.799999999999997%200%7.837%0.7%19.799999999999997%300%10.2166%0.7%19.799999999999997%400,AIO
EFUSE_Q615S1BA_010_-2_8,Q615S1BA1,X,Q615S1BA,010,-2,8,Q615S1BA_010_-2_8,,SDC2119,HDS2262,C101,8PL7CVA,Q615S1BA1,2026-08-11 22:38:03-07:00,202633,20.00,119325,NGXSDJXA0H80B002632,1,1,010T02,8B28421-D,EXABAHA008,301,3,3010001,3030000,3,303,UNDEFINED,10.2695,15.1103,5.8617,8.9943,7.8685,11.8461,1.6257,2.3066,0.8933,1.294,31.4843,32.1895,1.6257,2.3065,4953.1292,7607.723,5.8617|7.8685|10.2695,8.9943|11.8461|15.1103,^GT:31.4843%0.7%19.299999999999997,^GT:5.8617%0.7%19.299999999999997%200%7.8685%0.7%19.299999999999997%300%10.2695%0.7%19.299999999999997%400,AIO
EFUSE_Q615S1BA_010_-2_9,Q615S1BA1,X,Q615S1BA,010,-2,9,Q615S1BA_010_-2_9,,SDC2119,HDS2262,C101,8PL7CVA,Q615S1BA1,2026-08-11 22:38:03-07:00,202633,20.00,119325,NGXSDJXA0H80B002632,7,12,010T01,8B18438-D,EXABAHA008,101,1,1010001,1010000,1,101,UNDEFINED,10.2482,15.0725,5.8318,8.944,7.8444,11.7972,0.6567,2.2507,0.85,1.2366,31.5457,32.2553,0.6567,2.2507,4914.2477,7559.5206,5.8318|7.8444|10.2482,8.944|11.7972|15.0725,^GT:31.5457%0.7%19.700000000000003,^GT:5.8318%0.7%19.700000000000003%200%7.8444%0.7%19.700000000000003%300%10.2482%0.7%19.700000000000003%400,AIO
EFUSE_Q615S1BA_010_-3_-1,Q615S1BA1,X,Q615S1BA,010,-3,-1,Q615S1BA_010_-3_-1,,SDC2119,HDS2262,C101,8PL7CVA,Q615S1BA1,2026-08-11 22:38:03-07:00,202633,20.00,119325,NGXSDJXA0H80B002632,4,15,010T02,8B28421-D,EXABAHA008,101,1,1010001,1010000,1,101,UNDEFINED,10.1006,14.8226,5.7617,8.7898,7.7673,11.6049,0.6859,2.2951,1.2019,1.271,30.9921,31.7516,0.6859,2.2951,4943.5419,7611.7177,5.7617|7.7673|10.1006,8.7898|11.6049|14.8226,^GT:30.9921%0.7%19.05,^GT:5.7617%0.7%19.05%200%7.7673%0.7%19.05%300%10.1006%0.7%19.05%400,AIO
EFUSE_Q615S1BA_010_-3_-10,Q615S1BA1,X,Q615S1BA,010,-3,-10,Q615S1BA_010_-3_-10,,SDC2119,HDS2262,C101,8PL7CVA,Q615S1BA1,2026-08-11 22:38:03-07:00,202633,20.00,119325,NGXSDJXA0H80B002632,7,6,010T02,8B28421-D,EXABAHA008,301,3,3010001,3030000,3,303,UNDEFINED,10.1526,15.0774,5.7241,8.9446,7.7544,11.7877,1.0759,2.2332,0.7527,1.1538,31.6321,32.2779,1.0759,2.2332,4827.1638,7450.3329,5.7241|7.7544|10.1526,8.9446|11.7877|15.0774,^GT:31.6321%0.7%18.95,^GT:5.7241%0.7%18.95%200%7.7544%0.7%18.95%300%10.1526%0.7%18.95%400,AIO
EFUSE_Q615S1BA_010_-3_-2,Q615S1BA1,X,Q615S1BA,010,-3,-2,Q615S1BA_010_-3_-2,,SDC2119,HDS2262,C101,8PL7CVA,Q615S1BA1,2026-08-11 22:38:03-07:00,202633,20.00,119325,NGXSDJXA0H80B002632,4,8,010T03,8B28421-D,EXABAHA008,101,1,1010001,1010000,1,101,UNDEFINED,10.1356,14.8982,5.7996,8.8699,7.8068,11.695,1.5159,2.3328,0.9237,1.3035,30.9714,31.7279,1.5159,2.3328,4970.1731,7644.7403,5.7996|7.8068|10.1356,8.8699|11.695|14.8982,^GT:30.9714%0.7%19.799999999999997,^GT:5.7996%0.7%19.799999999999997%200%7.8068%0.7%19.799999999999997%300%10.1356%0.7%19.799999999999997%400,AIO
EFUSE_Q615S1BA_010_-3_-3,Q615S1BA1,X,Q615S1BA,010,-3,-3,Q615S1BA_010_-3_-3,,SDC2119,HDS2262,C101,8PL7CVA,Q615S1BA1,2026-08-11 22:38:03-07:00,202633,20.00,119325,NGXSDJXA0H80B002632,3,14,010T01,8B18438-D,EXABAHA008,101,1,1010001,1010000,1,101,UNDEFINED,10.0762,14.8147,5.7335,8.7953,7.7299,11.6114,0.6151,2.2554,1.1237,1.2118,31.0193,31.6811,0.6151,2.2554,4936.3515,7625.0333,5.7335|7.7299|10.0762,8.7953|11.6114|14.8147,^GT:31.0193%0.7%19.75,^GT:5.7335%0.7%19.75%200%7.7299%0.7%19.75%300%10.0762%0.7%19.75%400,AIO
EFUSE_Q615S1BA_010_-3_-4,Q615S1BA1,X,Q615S1BA,010,-3,-4,Q615S1BA_010_-3_-4,,SDC000,HDS000,A000,8PL7CVA,Q615S1BA1,2026-08-11 22:38:03-07:00,202633,20.00,119325,NGXSDJXA0H80B002632,6,5,010T02,,XIU000,9301,93,,930100,93,9301,UNDEFINED,,,,,,,,,,,,,,,,,,,,,AIO
EFUSE_Q615S1BA_010_-3_-5,Q615S1BA1,X,Q615S1BA,010,-3,-5,Q615S1BA_010_-3_-5,,SDC2119,HDS2262,C101,8PL7CVA,Q615S1BA1,2026-08-11 22:38:03-07:00,202633,20.00,119325,NGXSDJXA0H80B002632,2,18,010T03,8B28421-D,EXABAHA008,101,1,1010001,1010000,1,101,UNDEFINED,10.0898,14.8953,5.7304,8.8452,7.7335,11.6646,0.7046,2.2541,0.8377,1.2142,31.1386,31.8426,0.7046,2.2541,4979.2277,7649.0013,5.7304|7.7335|10.0898,8.8452|11.6646|14.8953,^GT:31.1386%0.7%18.95,^GT:5.7304%0.7%18.95%200%7.7335%0.7%18.95%300%10.0898%0.7%18.95%400,AIO
EFUSE_Q615S1BA_010_-3_-6,Q615S1BA1,X,Q615S1BA,010,-3,-6,Q615S1BA_010_-3_-6,,SDC2119,HDS2262,C101,8PL7CVA,Q615S1BA1,2026-08-11 22:38:03-07:00,202633,20.00,119325,NGXSDJXA0H80B002632,2,12,010T01,8B28421-D,EXABAHA008,101,1,1010001,1010000,1,101,UNDEFINED,10.136,14.9953,5.763,8.9127,7.7753,11.7449,1.3545,2.3336,0.9504,1.2518,31.2357,32.0137,1.3545,2.3336,4977.3635,7632.7563,5.763|7.7753|10.136,8.9127|11.7449|14.9953,^GT:31.2357%0.7%18.95,^GT:5.763%0.7%18.95%200%7.7753%0.7%18.95%300%10.136%0.7%18.95%400,AIO
EFUSE_Q615S1BA_010_-3_-7,Q615S1BA1,X,Q615S1BA,010,-3,-7,Q615S1BA_010_-3_-7,,SDC2119,HDS2262,C101,8PL7CVA,Q615S1BA1,2026-08-11 22:38:03-07:00,202633,20.00,119325,NGXSDJXA0H80B002632,6,17,010T02,8B18438-D,EXABAHA008,101,1,1010001,1010000,1,101,UNDEFINED,10.2231,15.1741,5.8206,9.0697,7.8465,11.9112,1.1737,2.4016,1.2932,1.3018,31.4464,32.1284,1.1737,2.4016,4993.6085,7626.3648,5.8206|7.8465|10.2231,9.0697|11.9112|15.1741,^GT:31.4464%0.7%19.35,^GT:5.8206%0.7%19.35%200%7.8465%0.7%19.35%300%10.2231%0.7%19.35%400,AIO
EFUSE_Q615S1BA_010_-3_-8,Q615S1BA1,X,Q615S1BA,010,-3,-8,Q615S1BA_010_-3_-8,,SDC2119,HDS2262,C101,8PL7CVA,Q615S1BA1,2026-08-11 22:38:03-07:00,202633,20.00,119325,NGXSDJXA0H80B002632,2,7,010T03,8B28421-D,EXABAHA008,201,2,2010001,2020000,2,202,UNDEFINED,10.2823,15.2962,5.8751,9.1641,7.8926,12.0223,0.9375,2.469,1.1055,1.3367,31.48,32.2742,0.9375,2.469,4984.0213,7635.9521,5.8751|7.8926|10.2823,9.1641|12.0223|15.2962,^GT:31.48%0.7%19.15,^GT:5.8751%0.7%19.15%200%7.8926%0.7%19.15%300%10.2823%0.7%19.15%400,AIO
EFUSE_Q615S1BA_010_-3_-9,Q615S1BA1,X,Q615S1BA,010,-3,-9,Q615S1BA_010_-3_-9,,SDC2119,HDS2262,C101,8PL7CVA,Q615S1BA1,2026-08-11 22:38:03-07:00,202633,20.00,119325,NGXSDJXA0H80B002632,1,5,010T01,8B28421-D,EXABAHA008,301,3,3010001,3030000,3,303,UNDEFINED,10.2711,15.2816,5.8407,9.1139,7.8627,11.9921,1.2891,2.4023,0.932,1.2873,31.6457,32.4616,1.2891,2.4023,4915.8455,7556.3249,5.8407|7.8627|10.2711,9.1139|11.9921|15.2816,^GT:31.6457%0.7%19.299999999999997,^GT:5.8407%0.7%19.299999999999997%200%7.8627%0.7%19.299999999999997%300%10.2711%0.7%19.299999999999997%400,AIO
EFUSE_Q615S1BA_010_-3_0,Q615S1BA1,X,Q615S1BA,010,-3,0,Q615S1BA_010_-3_0,B65000018_FAIL_ARR_GT_GXX_ARR_GT_SCBD_K_END_X_X_NOM_X_LSA_KS_0,SDC2119,HDS2262,C101,8PL7CVA,Q615S1BA1,2026-08-11 22:38:03-07:00,202633,20.00,119325,NGXSDJXA0H80B002632,4,16,010T01,8B28421-D,EXABAHA008,6500,65,65000018,65000018,65,6500,UNDEFINED,10.0851,14.8008,5.7361,8.7771,7.7486,11.5904,1.4159,2.2049,0.8795,1.2163,31.0643,31.7037,1.4159,2.2049,4919.5739,7580.2929,5.7361|7.7486|10.0851,8.7771|11.5904|14.8008,^GT:31.0643%0.7%19.15,^GT:5.7361%0.7%19.15%200%7.7486%0.7%19.15%300%10.0851%0.7%19.15%400,AIO
EFUSE_Q615S1BA_010_-3_1,Q615S1BA1,X,Q615S1BA,010,-3,1,Q615S1BA_010_-3_1,,SDC2119,HDS2262,C101,8PL7CVA,Q615S1BA1,2026-08-11 22:38:03-07:00,202633,20.00,119325,NGXSDJXA0H80B002632,5,15,010T03,8B28421-D,EXABAHA008,101,1,1010001,1010000,1,101,UNDEFINED,10.0102,14.6916,5.6755,8.6499,7.688,11.4791,0.5468,2.1109,0.7811,1.1348,30.9621,31.7984,0.5468,2.1109,4887.3502,7562.4501,5.6755|7.688|10.0102,8.6499|11.4791|14.6916,^GT:30.9621%0.7%19.15,^GT:5.6755%0.7%19.15%200%7.688%0.7%19.15%300%10.0102%0.7%19.15%400,AIO
EFUSE_Q615S1BA_010_-3_10,Q615S1BA1,X,Q615S1BA,010,-3,10,Q615S1BA_010_-3_10,,SDC2119,HDS2262,C101,8PL7CVA,Q615S1BA1,2026-08-11 22:38:03-07:00,202633,20.00,119325,NGXSDJXA0H80B002632,7,1,010T01,8B18438-D,EXABAHA008,101,1,1010001,1010000,1,101,UNDEFINED,10.087,14.7872,5.6838,8.6838,7.7064,11.5012,0.5193,2.0009,0.6977,1.093,31.4514,32.1232,0.5193,2.0009,4813.5819,7455.6591,5.6838|7.7064|10.087,8.6838|11.5012|14.7872,^GT:31.4514%0.7%19.799999999999997,^GT:5.6838%0.7%19.799999999999997%200%7.7064%0.7%19.799999999999997%300%10.087%0.7%19.799999999999997%400,AIO
EFUSE_Q615S1BA_010_-3_2,Q615S1BA1,X,Q615S1BA,010,-3,2,Q615S1BA_010_-3_2,,SDC2119,HDS2262,C101,8PL7CVA,Q615S1BA1,2026-08-11 22:38:03-07:00,202633,20.00,119325,NGXSDJXA0H80B002632,3,2,010T02,8B28421-D,EXABAHA008,101,1,1010001,1010000,1,101,UNDEFINED,9.9977,14.6607,5.6492,8.6325,7.6666,11.466,1.6184,2.0584,1.0212,1.1121,31.0607,31.7274,1.6184,2.0584,4895.3395,7593.0759,5.6492|7.6666|9.9977,8.6325|11.466|14.6607,^GT:31.0607%0.7%19.35,^GT:5.6492%0.7%19.35%200%7.6666%0.7%19.35%300%9.9977%0.7%19.35%400,AIO
EFUSE_Q615S1BA_010_-3_3,Q615S1BA1,X,Q615S1BA,010,-3,3,Q615S1BA_010_-3_3,,SDC2119,HDS2262,C101,8PL7CVA,Q615S1BA1,2026-08-11 22:38:03-07:00,202633,20.00,119325,NGXSDJXA0H80B002632,5,9,010T01,8B28421-D,EXABAHA008,101,1,1010001,1010000,1,101,UNDEFINED,10.0074,14.6753,5.6528,8.6415,7.6631,11.4602,0.5876,2.117,0.9366,1.1214,31.1043,31.7568,0.5876,2.117,4886.0186,7593.0759,5.6528|7.6631|10.0074,8.6415|11.4602|14.6753,^GT:31.1043%0.7%19.05,^GT:5.6528%0.7%19.05%200%7.6631%0.7%19.05%300%10.0074%0.7%19.05%400,AIO
EFUSE_Q615S1BA_010_-3_4,Q615S1BA1,X,Q615S1BA,010,-3,4,Q615S1BA_010_-3_4,,SDC2119,HDS2262,C101,8PL7CVA,Q615S1BA1,2026-08-11 22:38:03-07:00,202633,20.00,119325,NGXSDJXA0H80B002632,6,14,010T03,8B18438-D,EXABAHA008,101,1,1010001,1010000,1,101,UNDEFINED,10.1168,14.8388,5.7448,8.7957,7.7621,11.6143,0.6259,2.2236,0.9295,1.221,31.2286,31.8058,0.6259,2.2236,4972.3036,7657.257,5.7448|7.7621|10.1168,8.7957|11.6143|14.8388,^GT:31.2286%0.7%19.799999999999997,^GT:5.7448%0.7%19.799999999999997%200%7.7621%0.7%19.799999999999997%300%10.1168%0.7%19.799999999999997%400,AIO
EFUSE_Q615S1BA_010_-3_5,Q615S1BA1,X,Q615S1BA,010,-3,5,Q615S1BA_010_-3_5,,SDC2119,HDS2262,C101,8PL7CVA,Q615S1BA1,2026-08-11 22:38:03-07:00,202633,20.00,119325,NGXSDJXA0H80B002632,2,10,010T02,8B28421-D,EXABAHA008,101,1,1010001,1010000,1,101,UNDEFINED,10.167,14.9044,5.7906,8.8537,7.8145,11.689,0.9368,2.2436,0.859,1.2616,31.26,31.8458,0.9368,2.2436,4977.0972,7660.719,5.7906|7.8145|10.167,8.8537|11.689|14.9044,^GT:31.26%0.7%18.95,^GT:5.7906%0.7%18.95%200%7.8145%0.7%18.95%300%10.167%0.7%18.95%400,AIO
EFUSE_Q615S1BA_010_-3_6,Q615S1BA1,X,Q615S1BA,010,-3,6,Q615S1BA_010_-3_6,,SDC2119,HDS2262,C101,8PL7CVA,Q615S1BA1,2026-08-11 22:38:03-07:00,202633,20.00,119325,NGXSDJXA0H80B002632,6,18,010T01,8B28421-D,EXABAHA008,101,1,1010001,1010000,1,101,UNDEFINED,10.2087,15.0092,5.827,8.913,7.8299,11.763,0.8921,2.2984,1.238,1.2713,31.2979,32.0853,0.8921,2.2984,4972.5699,7642.0772,5.827|7.8299|10.2087,8.913|11.763|15.0092,^GT:31.2979%0.7%19.25,^GT:5.827%0.7%19.25%200%7.8299%0.7%19.25%300%10.2087%0.7%19.25%400,AIO
EFUSE_Q615S1BA_010_-3_7,Q615S1BA1,X,Q615S1BA,010,-3,7,Q615S1BA_010_-3_7,,SDC2119,HDS2262,C101,8PL7CVA,Q615S1BA1,2026-08-11 22:38:03-07:00,202633,20.00,119325,NGXSDJXA0H80B002632,7,14,010T03,8B28421-D,EXABAHA008,301,3,3010001,3030000,3,303,UNDEFINED,10.1989,15.0262,5.8149,8.9246,7.8327,11.7651,1.4184,2.2681,0.8287,1.2559,31.3143,32.1137,1.4184,2.2681,4946.2051,7608.2557,5.8149|7.8327|10.1989,8.9246|11.7651|15.0262,^GT:31.3143%0.7%19.15,^GT:5.8149%0.7%19.15%200%7.8327%0.7%19.15%300%10.1989%0.7%19.15%400,AIO
EFUSE_Q615S1BA_010_-3_8,Q615S1BA1,X,Q615S1BA,010,-3,8,Q615S1BA_010_-3_8,,SDC2119,HDS2262,C101,8PL7CVA,Q615S1BA1,2026-08-11 22:38:03-07:00,202633,20.00,119325,NGXSDJXA0H80B002632,2,1,010T02,8B18438-D,EXABAHA008,301,3,3010001,3030000,3,303,UNDEFINED,10.2665,15.1101,5.8476,8.9756,7.8653,11.8285,0.9096,2.3594,1.1158,1.2898,31.5636,32.2868,0.9096,2.3594,4962.4501,7617.3103,5.8476|7.8653|10.2665,8.9756|11.8285|15.1101,^GT:31.5636%0.7%19.6,^GT:5.8476%0.7%19.6%200%7.8653%0.7%19.6%300%10.2665%0.7%19.6%400,AIO
EFUSE_Q615S1BA_010_-3_9,Q615S1BA1,X,Q615S1BA,010,-3,9,Q615S1BA_010_-3_9,,SDC2119,HDS2262,C101,8PL7CVA,Q615S1BA1,2026-08-11 22:38:03-07:00,202633,20.00,119325,NGXSDJXA0H80B002632,7,13,010T01,8B28421-D,EXABAHA008,101,1,1010001,1010000,1,101,UNDEFINED,10.2458,15.0755,5.8188,8.9279,7.8428,11.7831,0.6843,2.293,1.2264,1.24,31.6214,32.3558,0.6843,2.2929,4893.4754,7553.1292,5.8188|7.8428|10.2458,8.9279|11.7831|15.0755,^GT:31.6214%0.7%19.35,^GT:5.8188%0.7%19.35%200%7.8428%0.7%19.35%300%10.2458%0.7%19.35%400,AIO
EFUSE_Q615S1BA_010_-4_-1,Q615S1BA1,X,Q615S1BA,010,-4,-1,Q615S1BA_010_-4_-1,,SDC2119,HDS2262,C101,8PL7CVA,Q615S1BA1,2026-08-11 22:38:03-07:00,202633,20.00,119325,NGXSDJXA0H80B002632,4,14,010T02,8B28421-D,EXABAHA008,301,3,3010001,3030000,3,303,UNDEFINED,10.0587,14.8141,5.7206,8.7924,7.723,11.6009,1.0289,2.2276,0.8772,1.2368,30.9864,31.6932,1.0289,2.2276,4930.2264,7612.2503,5.7206|7.723|10.0587,8.7924|11.6009|14.8141,^GT:30.9864%0.7%20.1,^GT:5.7206%0.7%20.1%200%7.723%0.7%20.1%300%10.0587%0.7%20.1%400,AIO
EFUSE_Q615S1BA_010_-4_-10,Q615S1BA1,X,Q615S1BA,010,-4,-10,Q615S1BA_010_-4_-10,B82020000_FAIL_SCN_GT_GXX_CTRL_X_GFXAGG_K_BEGIN_X_X_X_X_X_EVALUATE_4,SDC2119,HDS2262,C101,8PL7CVA,Q615S1BA1,2026-08-11 22:38:03-07:00,202633,20.00,119325,NGXSDJXA0H80B002632,1,7,010T01,8B28421-D,EXABAHA008,8202,82,82020000,82020000,82,8202,UNDEFINED,10.072,14.944,5.6539,8.7907,7.6703,11.6391,0.4838,2.1022,1.064,1.0532,31.5579,32.3858,0.4838,2.1022,4728.3622,7317.7097,5.6539|7.6703|10.072,8.7907|11.6391|14.944,^GT:31.5579%0.7%19.299999999999997,^GT:5.6539%0.7%19.299999999999997%200%7.6703%0.7%19.299999999999997%300%10.072%0.7%19.299999999999997%400,AIO
EFUSE_Q615S1BA_010_-4_-2,Q615S1BA1,X,Q615S1BA,010,-4,-2,Q615S1BA_010_-4_-2,,SDC2119,HDS2262,C101,8PL7CVA,Q615S1BA1,2026-08-11 22:38:03-07:00,202633,20.00,119325,NGXSDJXA0H80B002632,4,9,010T03,8B18438-D,EXABAHA008,302,3,3020001,3030000,3,303,UNDEFINED,10.0773,14.8218,5.7351,8.8173,7.749,11.6322,1.6426,2.2283,1.2225,1.2316,31.0157,31.6026,1.6426,2.2283,4949.9334,7634.8868,5.7351|7.749|10.0773,8.8173|11.6322|14.8218,^GT:31.0157%0.7%19.799999999999997,^GT:5.7351%0.7%19.799999999999997%200%7.749%0.7%19.799999999999997%300%10.0773%0.7%19.799999999999997%400,AIO
EFUSE_Q615S1BA_010_-4_-3,Q615S1BA1,X,Q615S1BA,010,-4,-3,Q615S1BA_010_-4_-3,B65210000_FAIL_ARR_GT_GXX_LSA_GT_VMIN_K_PREHVQK_X_X_NOM_X_ALL_LSA_0,SDC2119,HDS2262,C101,8PL7CVA,Q615S1BA1,2026-08-11 22:38:03-07:00,202633,20.00,119325,NGXSDJXA0H80B002632,3,15,010T01,8B28421-D,EXABAHA008,6521,65,65210000,65210000,65,6521,UNDEFINED,10.082,14.8537,5.7336,8.8278,7.7499,11.6374,0.9584,2.2378,0.8596,1.2378,31.06,31.7153,0.9584,2.2378,4949.6671,7629.8269,5.7336|7.7499|10.082,8.8278|11.6374|14.8537,^GT:31.06%0.7%19.299999999999997,^GT:5.7336%0.7%19.299999999999997%200%7.7499%0.7%19.299999999999997%300%10.082%0.7%19.299999999999997%400,AIO
EFUSE_Q615S1BA_010_-4_-4,Q615S1BA1,X,Q615S1BA,010,-4,-4,Q615S1BA_010_-4_-4,,SDC2119,HDS2262,C101,8PL7CVA,Q615S1BA1,2026-08-11 22:38:03-07:00,202633,20.00,119325,NGXSDJXA0H80B002632,6,6,010T02,8B28421-D,EXABAHA008,101,1,1010001,1010000,1,101,UNDEFINED,10.0978,14.8982,5.7399,8.8386,7.7498,11.6714,1.3533,2.2407,0.9776,1.2055,31.1279,31.8926,1.3533,2.2407,4960.8522,7628.4953,5.7399|7.7498|10.0978,8.8386|11.6714|14.8982,^GT:31.1279%0.7%19.45,^GT:5.7399%0.7%19.45%200%7.7498%0.7%19.45%300%10.0978%0.7%19.45%400,AIO
EFUSE_Q615S1BA_010_-4_-5,Q615S1BA1,X,Q615S1BA,010,-4,-5,Q615S1BA_010_-4_-5,,SDC2119,HDS2262,C101,8PL7CVA,Q615S1BA1,2026-08-11 22:38:03-07:00,202633,20.00,119325,NGXSDJXA0H80B002632,2,17,010T03,8B18438-D,EXABAHA008,101,1,1010001,1010000,1,101,UNDEFINED,10.1506,15.0178,5.7794,8.9336,7.786,11.77,0.757,2.3038,0.8481,1.2501,31.2229,32.0221,0.757,2.3038,4947.8029,7597.6032,5.7794|7.786|10.1506,8.9336|11.77|15.0178,^GT:31.2229%0.7%20.200000000000003,^GT:5.7794%0.7%20.200000000000003%200%7.786%0.7%20.200000000000003%300%10.1506%0.7%20.200000000000003%400,AIO
EFUSE_Q615S1BA_010_-4_-6,Q615S1BA1,X,Q615S1BA,010,-4,-6,Q615S1BA_010_-4_-6,,SDC2119,HDS2262,C101,8PL7CVA,Q615S1BA1,2026-08-11 22:38:03-07:00,202633,20.00,119325,NGXSDJXA0H80B002632,2,13,010T01,8B18438-D,EXABAHA008,101,1,1010001,1010000,1,101,UNDEFINED,10.1983,15.1297,5.8076,9.027,7.8226,11.8668,0.712,2.3976,1.1727,1.2774,31.3621,32.1195,0.712,2.3976,4979.7603,7618.1092,5.8076|7.8226|10.1983,9.027|11.8668|15.1297,^GT:31.3621%0.7%20,^GT:5.8076%0.7%20%200%7.8226%0.7%20%300%10.1983%0.7%20%400,AIO
EFUSE_Q615S1BA_010_-4_-7,Q615S1BA1,X,Q615S1BA,010,-4,-7,Q615S1BA_010_-4_-7,,SDC2119,HDS2262,C101,8PL7CVA,Q615S1BA1,2026-08-11 22:38:03-07:00,202633,20.00,119325,NGXSDJXA0H80B002632,6,16,010T02,8B18438-D,EXABAHA008,101,1,1010001,1010000,1,101,UNDEFINED,10.2851,15.2798,5.8706,9.163,7.8964,12.0252,0.8578,2.4594,0.9881,1.3487,31.5321,32.1937,0.8578,2.4594,5033.0226,7671.9041,5.8706|7.8964|10.2851,9.163|12.0252|15.2798,^GT:31.5321%0.7%19.700000000000003,^GT:5.8706%0.7%19.700000000000003%200%7.8964%0.7%19.700000000000003%300%10.2851%0.7%19.700000000000003%400,AIO
EFUSE_Q615S1BA_010_-4_-8,Q615S1BA1,X,Q615S1BA,010,-4,-8,Q615S1BA_010_-4_-8,,SDC2119,HDS2262,C101,8PL7CVA,Q615S1BA1,2026-08-11 22:38:03-07:00,202633,20.00,119325,NGXSDJXA0H80B002632,2,8,010T03,8B28421-D,EXABAHA008,101,1,1010001,1010000,1,101,UNDEFINED,10.2757,15.2841,5.8565,9.1365,7.8757,12.009,1.7089,2.4515,0.9503,1.3028,31.5657,32.3558,1.7089,2.4515,4966.1784,7605.5925,5.8565|7.8757|10.2757,9.1365|12.009|15.2841,^GT:31.5657%0.7%19.15,^GT:5.8565%0.7%19.15%200%7.8757%0.7%19.15%300%10.2757%0.7%19.15%400,AIO
EFUSE_Q615S1BA_010_-4_-9,Q615S1BA1,X,Q615S1BA,010,-4,-9,Q615S1BA_010_-4_-9,,SDC2119,HDS2262,C101,8PL7CVA,Q615S1BA1,2026-08-11 22:38:03-07:00,202633,20.00,119325,NGXSDJXA0H80B002632,7,7,010T02,8B28421-D,EXABAHA008,301,3,3010001,3030000,3,303,UNDEFINED,10.2206,15.2051,5.7851,9.0556,7.8062,11.9147,0.5911,2.3586,1.0542,1.2202,31.6821,32.3658,0.5911,2.3586,4879.3609,7508.9214,5.7851|7.8062|10.2206,9.0556|11.9147|15.2051,^GT:31.6821%0.7%19.25,^GT:5.7851%0.7%19.25%200%7.8062%0.7%19.25%300%10.2206%0.7%19.25%400,AIO
EFUSE_Q615S1BA_010_-4_0,Q615S1BA1,X,Q615S1BA,010,-4,0,Q615S1BA_010_-4_0,B82020000_FAIL_SCN_GT_GXX_CTRL_X_GFXAGG_K_BEGIN_X_X_X_X_X_EVALUATE_4,SDC2119,HDS2262,C101,8PL7CVA,Q615S1BA1,2026-08-11 22:38:03-07:00,202633,20.00,119325,NGXSDJXA0H80B002632,4,17,010T01,8B18438-D,EXABAHA008,8202,82,82020000,82020000,82,8202,UNDEFINED,9.9953,14.698,5.6558,8.6864,7.6587,11.5039,1.4169,2.1296,1.0878,1.1531,30.9964,31.64,1.4169,2.1296,4906.7909,7570.972,5.6558|7.6587|9.9953,8.6864|11.5039|14.698,^GT:30.9964%0.7%20,^GT:5.6558%0.7%20%200%7.6587%0.7%20%300%9.9953%0.7%20%400,AIO
EFUSE_Q615S1BA_010_-4_1,Q615S1BA1,X,Q615S1BA,010,-4,1,Q615S1BA_010_-4_1,B99880012_FAIL_TPI_SIU_STATIC_CTRL_X_PWRDWN_K_STRESS_X_X_X_X_LOWV_BFL_N2,SDC2119,HDS2262,C101,8PL7CVA,Q615S1BA1,2026-08-11 22:38:03-07:00,202633,20.00,119325,NGXSDJXA0H80B002632,5,16,010T03,8B18438-D,EXABAHA008,9988,99,99880012,99880012,99,9988,UNDEFINED,9.9909,14.697,5.646,8.6682,7.6584,11.5038,1.2736,2.1017,1.0941,1.1145,31.035,31.7305,1.2736,2.1017,4875.0999,7554.727,5.646|7.6584|9.9909,8.6682|11.5038|14.697,^GT:31.035%0.7%19.9,^GT:5.646%0.7%19.9%200%7.6584%0.7%19.9%300%9.9909%0.7%19.9%400,AIO
EFUSE_Q615S1BA_010_-4_2,Q615S1BA1,X,Q615S1BA,010,-4,2,Q615S1BA_010_-4_2,,SDC2119,HDS2262,C101,8PL7CVA,Q615S1BA1,2026-08-11 22:38:03-07:00,202633,20.00,119325,NGXSDJXA0H80B002632,3,1,010T02,8B28421-D,EXABAHA008,201,2,2010001,2020000,2,202,UNDEFINED,9.9976,14.6735,5.6433,8.6372,7.66,11.4676,1.5064,2.1189,0.7289,1.1026,31.1021,31.77,1.5064,2.1189,4858.5885,7560.5859,5.6433|7.66|9.9976,8.6372|11.4676|14.6735,^GT:31.1021%0.7%19.45,^GT:5.6433%0.7%19.45%200%7.66%0.7%19.45%300%9.9976%0.7%19.45%400,AIO
EFUSE_Q615S1BA_010_-4_3,Q615S1BA1,X,Q615S1BA,010,-4,3,Q615S1BA_010_-4_3,,SDC2119,HDS2262,C101,8PL7CVA,Q615S1BA1,2026-08-11 22:38:03-07:00,202633,20.00,119325,NGXSDJXA0H80B002632,5,10,010T01,8B28421-D,EXABAHA008,101,1,1010001,1010000,1,101,UNDEFINED,10.0831,14.8087,5.7277,8.7694,7.7399,11.599,1.428,2.1763,1.1108,1.2022,31.11,31.7858,1.428,2.1763,4932.6232,7627.4301,5.7277|7.7399|10.0831,8.7694|11.599|14.8087,^GT:31.11%0.7%19.35,^GT:5.7277%0.7%19.35%200%7.7399%0.7%19.35%300%10.0831%0.7%19.35%400,AIO
EFUSE_Q615S1BA_010_-4_4,Q615S1BA1,X,Q615S1BA,010,-4,4,Q615S1BA_010_-4_4,,SDC2119,HDS2262,C101,8PL7CVA,Q615S1BA1,2026-08-11 22:38:03-07:00,202633,20.00,119325,NGXSDJXA0H80B002632,6,15,010T03,8B18438-D,EXABAHA008,101,1,1010001,1010000,1,101,UNDEFINED,10.1749,14.9489,5.8029,8.8814,7.8277,11.7134,0.9101,2.2837,0.9237,1.2857,31.2286,31.9342,0.9101,2.2837,4960.5859,7631.9574,5.8029|7.8277|10.1749,8.8814|11.7134|14.9489,^GT:31.2286%0.7%20,^GT:5.8029%0.7%20%200%7.8277%0.7%20%300%10.1749%0.7%20%400,AIO
EFUSE_Q615S1BA_010_-4_5,Q615S1BA1,X,Q615S1BA,010,-4,5,Q615S1BA_010_-4_5,,SDC2119,HDS2262,C101,8PL7CVA,Q615S1BA1,2026-08-11 22:38:03-07:00,202633,20.00,119325,NGXSDJXA0H80B002632,2,9,010T02,8B28421-D,EXABAHA008,101,1,1010001,1010000,1,101,UNDEFINED,10.2357,15.0428,5.8502,8.9603,7.8607,11.7971,1.6264,2.3789,0.9768,1.328,31.325,32.0132,1.6264,2.3789,4984.2876,7647.6698,5.8502|7.8607|10.2357,8.9603|11.7971|15.0428,^GT:31.325%0.7%20,^GT:5.8502%0.7%20%200%7.8607%0.7%20%300%10.2357%0.7%20%400,AIO
EFUSE_Q615S1BA_010_-4_6,Q615S1BA1,X,Q615S1BA,010,-4,6,Q615S1BA_010_-4_6,,SDC2119,HDS2262,C101,8PL7CVA,Q615S1BA1,2026-08-11 22:38:03-07:00,202633,20.00,119325,NGXSDJXA0H80B002632,6,19,010T01,8B28421-D,EXABAHA008,101,1,1010001,1010000,1,101,UNDEFINED,10.2429,15.0844,5.8491,8.9762,7.8672,11.827,0.7734,2.3189,1.0071,1.3078,31.3843,32.1484,0.7734,2.3189,4966.7111,7633.5553,5.8491|7.8672|10.2429,8.9762|11.827|15.0844,^GT:31.3843%0.7%19.55,^GT:5.8491%0.7%19.55%200%7.8672%0.7%19.55%300%10.2429%0.7%19.55%400,AIO
EFUSE_Q615S1BA_010_-4_7,Q615S1BA1,X,Q615S1BA,010,-4,7,Q615S1BA_010_-4_7,,SDC2119,HDS2262,C101,8PL7CVA,Q615S1BA1,2026-08-11 22:38:03-07:00,202633,20.00,119325,NGXSDJXA0H80B002632,7,15,010T03,8B18438-D,EXABAHA008,101,1,1010001,1010000,1,101,UNDEFINED,10.2749,15.1219,5.8816,9.01,7.8913,11.8624,1.4882,2.3601,0.9657,1.3236,31.3807,32.1679,1.4882,2.3601,4992.8096,7645.5393,5.8816|7.8913|10.2749,9.01|11.8624|15.1219,^GT:31.3807%0.7%19.65,^GT:5.8816%0.7%19.65%200%7.8913%0.7%19.65%300%10.2749%0.7%19.65%400,AIO
EFUSE_Q615S1BA_010_-4_8,Q615S1BA1,X,Q615S1BA,010,-4,8,Q615S1BA_010_-4_8,,SDC2119,HDS2262,C101,8PL7CVA,Q615S1BA1,2026-08-11 22:38:03-07:00,202633,20.00,119325,NGXSDJXA0H80B002632,2,2,010T02,8B28421-D,EXABAHA008,101,1,1010001,1010000,1,101,UNDEFINED,10.2749,15.1311,5.8679,8.9939,7.8878,11.8485,1.3902,2.3678,0.8897,1.2963,31.4786,32.3011,1.3902,2.3677,4944.6072,7599.7337,5.8679|7.8878|10.2749,8.9939|11.8485|15.1311,^GT:31.4786%0.7%19.45,^GT:5.8679%0.7%19.45%200%7.8878%0.7%19.45%300%10.2749%0.7%19.45%400,AIO
EFUSE_Q615S1BA_010_-4_9,Q615S1BA1,X,Q615S1BA,010,-4,9,Q615S1BA_010_-4_9,,SDC2119,HDS2262,C101,8PL7CVA,Q615S1BA1,2026-08-11 22:38:03-07:00,202633,20.00,119325,NGXSDJXA0H80B002632,7,14,010T01,8B28421-D,EXABAHA008,101,1,1010001,1010000,1,101,UNDEFINED,10.2683,15.0926,5.8501,8.9448,7.869,11.8029,0.7167,2.2661,1.1382,1.2749,31.5586,32.3568,0.7167,2.2661,4893.4754,7544.8735,5.8501|7.8689|10.2683,8.9448|11.8029|15.0926,^GT:31.5586%0.7%19.65,^GT:5.8501%0.7%19.65%200%7.8689%0.7%19.65%300%10.2683%0.7%19.65%400,AIO
EFUSE_Q615S1BA_010_-5_-1,Q615S1BA1,X,Q615S1BA,010,-5,-1,Q615S1BA_010_-5_-1,,SDC2119,HDS2262,C101,8PL7CVA,Q615S1BA1,2026-08-11 22:38:03-07:00,202633,20.00,119325,NGXSDJXA0H80B002632,4,13,010T02,8B18438-D,EXABAHA008,101,1,1010001,1010000,1,101,UNDEFINED,10.0932,14.8333,5.7557,8.8331,7.765,11.658,1.689,2.2848,0.8412,1.2521,30.9821,31.58,1.689,2.2848,4975.233,7653.2623,5.7557|7.765|10.0932,8.8331|11.658|14.8333,^GT:30.9821%0.7%19.55,^GT:5.7557%0.7%19.55%200%7.765%0.7%19.55%300%10.0932%0.7%19.55%400,AIO
EFUSE_Q615S1BA_010_-5_-2,Q615S1BA1,X,Q615S1BA,010,-5,-2,Q615S1BA_010_-5_-2,,SDC2119,HDS2262,C101,8PL7CVA,Q615S1BA1,2026-08-11 22:38:03-07:00,202633,20.00,119325,NGXSDJXA0H80B002632,4,11,010T03,8B28421-D,EXABAHA008,201,2,2010001,2020000,2,202,UNDEFINED,10.1222,14.9207,5.7835,8.8974,7.7845,11.7185,1.728,2.3416,1.2755,1.2828,30.9907,31.7016,1.728,2.3416,4970.1731,7657.257,5.7835|7.7845|10.1222,8.8974|11.7185|14.9207,^GT:30.9907%0.7%19.25,^GT:5.7835%0.7%19.25%200%7.7845%0.7%19.25%300%10.1222%0.7%19.25%400,AIO
EFUSE_Q615S1BA_010_-5_-3,Q615S1BA1,X,Q615S1BA,010,-5,-3,Q615S1BA_010_-5_-3,B65210004_FAIL_ARR_GT_GXX_VRF_GT_VMIN_K_PREHVQK_X_X_NOM_X_ALL_X_0,SDC2119,HDS2262,C101,8PL7CVA,Q615S1BA1,2026-08-11 22:38:03-07:00,202633,20.00,119325,NGXSDJXA0H80B002632,3,16,010T01,8B18438-D,EXABAHA008,6521,65,65210004,65210004,65,6521,UNDEFINED,10.1511,14.9905,5.7971,8.9289,7.8057,11.759,0.6869,2.3264,0.929,1.2878,31.1,31.9032,0.6869,2.3264,4966.4447,7630.6258,5.7971|7.8057|10.1511,8.9289|11.759|14.9905,^GT:31.1%0.7%20.1,^GT:5.7971%0.7%20.1%200%7.8057%0.7%20.1%300%10.1511%0.7%20.1%400,AIO
EFUSE_Q615S1BA_010_-5_-4,Q615S1BA1,X,Q615S1BA,010,-5,-4,Q615S1BA_010_-5_-4,,SDC2119,HDS2262,C101,8PL7CVA,Q615S1BA1,2026-08-11 22:38:03-07:00,202633,20.00,119325,NGXSDJXA0H80B002632,6,7,010T02,8B18438-D,EXABAHA008,301,3,3010001,3030000,3,303,UNDEFINED,10.1823,15.0374,5.7956,8.9476,7.8175,11.8063,1.6976,2.3365,0.9334,1.2787,31.3336,32.0516,1.6976,2.3365,4965.1132,7605.8589,5.7956|7.8175|10.1823,8.9476|11.8063|15.0374,^GT:31.3336%0.7%20.05,^GT:5.7956%0.7%20.05%200%7.8175%0.7%20.05%300%10.1823%0.7%20.05%400,AIO
EFUSE_Q615S1BA_010_-5_-5,Q615S1BA1,X,Q615S1BA,010,-5,-5,Q615S1BA_010_-5_-5,,SDC2119,HDS2262,C101,8PL7CVA,Q615S1BA1,2026-08-11 22:38:03-07:00,202633,20.00,119325,NGXSDJXA0H80B002632,2,16,010T03,8B18438-D,EXABAHA008,301,3,3010001,3030000,3,303,UNDEFINED,10.2003,15.1439,5.8125,9.0509,7.8205,11.8834,1.4444,2.3904,0.9206,1.2957,31.3414,32.0684,1.4444,2.3904,4953.9281,7585.0866,5.8125|7.8205|10.2003,9.0509|11.8834|15.1439,^GT:31.3414%0.7%19.799999999999997,^GT:5.8125%0.7%19.799999999999997%200%7.8205%0.7%19.799999999999997%300%10.2003%0.7%19.799999999999997%400,AIO
EFUSE_Q615S1BA_010_-5_-6,Q615S1BA1,X,Q615S1BA,010,-5,-6,Q615S1BA_010_-5_-6,,SDC2119,HDS2262,C101,8PL7CVA,Q615S1BA1,2026-08-11 22:38:03-07:00,202633,20.00,119325,NGXSDJXA0H80B002632,2,14,010T01,8B18438-D,EXABAHA008,101,1,1010001,1010000,1,101,UNDEFINED,10.2532,15.2308,5.8438,9.0897,7.8594,11.9501,0.6914,2.4641,1.2791,1.3199,31.4957,32.3216,0.6914,2.4641,4976.8309,7611.984,5.8438|7.8594|10.2532,9.0897|11.9501|15.2308,^GT:31.4957%0.7%20.05,^GT:5.8438%0.7%20.05%200%7.8594%0.7%20.05%300%10.2532%0.7%20.05%400,AIO
EFUSE_Q615S1BA_010_-5_-7,Q615S1BA1,X,Q615S1BA,010,-5,-7,Q615S1BA_010_-5_-7,B99880012_FAIL_TPI_SIU_STATIC_CTRL_X_PWRDWN_K_STRESS_X_X_X_X_LOWV_BFL_N2,SDC2119,HDS2262,C101,8PL7CVA,Q615S1BA1,2026-08-11 22:38:03-07:00,202633,20.00,119325,NGXSDJXA0H80B002632,6,15,010T02,8B18438-D,EXABAHA008,9988,99,99880012,99880012,99,9988,UNDEFINED,10.2968,15.3119,5.8891,9.1818,7.9073,12.0488,1.4281,2.4709,1.2675,1.3428,31.4836,32.2637,1.428,2.4709,4990.9454,7629.8269,5.8891|7.9073|10.2968,9.1818|12.0488|15.3119,^GT:31.4836%0.7%19.5,^GT:5.8891%0.7%19.5%200%7.9073%0.7%19.5%300%10.2968%0.7%19.5%400,AIO
EFUSE_Q615S1BA_010_-5_-8,Q615S1BA1,X,Q615S1BA,010,-5,-8,Q615S1BA_010_-5_-8,,SDC2119,HDS2262,C101,8PL7CVA,Q615S1BA1,2026-08-11 22:38:03-07:00,202633,20.00,119325,NGXSDJXA0H80B002632,2,9,010T03,8B28421-D,EXABAHA008,101,1,1010001,1010000,1,101,UNDEFINED,10.2674,15.2495,5.826,9.093,7.8421,11.9674,0.6504,2.3703,0.8829,1.2565,31.7243,32.4026,0.6504,2.3703,4922.7696,7545.6724,5.826|7.8421|10.2674,9.093|11.9674|15.2495,^GT:31.7243%0.7%19.15,^GT:5.826%0.7%19.15%200%7.8421%0.7%19.15%300%10.2674%0.7%19.15%400,AIO
EFUSE_Q615S1BA_010_-5_-9,Q615S1BA1,X,Q615S1BA,010,-5,-9,Q615S1BA_010_-5_-9,,SDC2119,HDS2262,C101,8PL7CVA,Q615S1BA1,2026-08-11 22:38:03-07:00,202633,20.00,119325,NGXSDJXA0H80B002632,1,9,010T03,8B28421-D,EXABAHA008,301,3,3010001,3030000,3,303,UNDEFINED,10.1945,15.1526,5.7535,8.9765,7.7838,11.8431,0.9168,2.2599,0.7806,1.1641,31.7214,32.5058,0.9168,2.2599,4826.6312,7446.8708,5.7535|7.7838|10.1945,8.9765|11.8431|15.1526,^GT:31.7214%0.7%19.299999999999997,^GT:5.7535%0.7%19.299999999999997%200%7.7838%0.7%19.299999999999997%300%10.1945%0.7%19.299999999999997%400,AIO
EFUSE_Q615S1BA_010_-5_0,Q615S1BA1,X,Q615S1BA,010,-5,0,Q615S1BA_010_-5_0,,SDC2119,HDS2262,C101,8PL7CVA,Q615S1BA1,2026-08-11 22:38:03-07:00,202633,20.00,119325,NGXSDJXA0H80B002632,4,18,010T01,8B18438-D,EXABAHA008,301,3,3010001,3030000,3,303,UNDEFINED,10.0899,14.8608,5.7504,8.8202,7.7705,11.6551,1.498,2.3115,0.9057,1.2467,30.9964,31.7926,1.498,2.3115,4946.2051,7623.1691,5.7504|7.7705|10.0899,8.8202|11.6551|14.8608,^GT:30.9964%0.7%19.700000000000003,^GT:5.7504%0.7%19.700000000000003%200%7.7705%0.7%19.700000000000003%300%10.0899%0.7%19.700000000000003%400,AIO
EFUSE_Q615S1BA_010_-5_1,Q615S1BA1,X,Q615S1BA,010,-5,1,Q615S1BA_010_-5_1,,SDC2119,HDS2262,C101,8PL7CVA,Q615S1BA1,2026-08-11 22:38:03-07:00,202633,20.00,119325,NGXSDJXA0H80B002632,5,17,010T03,8B18438-D,EXABAHA008,101,1,1010001,1010000,1,101,UNDEFINED,10.1391,14.9397,5.7875,8.8979,7.8025,11.7261,0.9022,2.3131,0.9688,1.2948,31.0829,31.7989,0.9022,2.3131,4932.6232,7613.8482,5.7875|7.8025|10.1391,8.8979|11.7261|14.9397,^GT:31.0829%0.7%20,^GT:5.7875%0.7%20%200%7.8025%0.7%20%300%10.1391%0.7%20%400,AIO
EFUSE_Q615S1BA_010_-5_2,Q615S1BA1,X,Q615S1BA,010,-5,2,Q615S1BA_010_-5_2,,SDC2119,HDS2262,C101,8PL7CVA,Q615S1BA1,2026-08-11 22:38:03-07:00,202633,20.00,119325,NGXSDJXA0H80B002632,4,1,010T02,8B18438-D,EXABAHA008,301,3,3010001,3030000,3,303,UNDEFINED,10.1313,14.9239,5.7772,8.8616,7.7771,11.6924,1.0021,2.2698,1.1768,1.2468,31.1007,31.9068,1.0021,2.2698,4927.0306,7612.2503,5.7772|7.7771|10.1313,8.8616|11.6924|14.9239,^GT:31.1007%0.7%19.700000000000003,^GT:5.7772%0.7%19.700000000000003%200%7.7771%0.7%19.700000000000003%300%10.1313%0.7%19.700000000000003%400,AIO
EFUSE_Q615S1BA_010_-5_3,Q615S1BA1,X,Q615S1BA,010,-5,3,Q615S1BA_010_-5_3,,SDC2119,HDS2262,C101,8PL7CVA,Q615S1BA1,2026-08-11 22:38:03-07:00,202633,20.00,119325,NGXSDJXA0H80B002632,5,11,010T01,8B18438-D,EXABAHA008,101,1,1010001,1010000,1,101,UNDEFINED,10.1971,15.0,5.8209,8.938,7.8327,11.7577,1.5345,2.3481,0.9617,1.3014,31.2586,31.9053,1.5345,2.3481,4956.8575,7629.8269,5.8209|7.8327|10.1971,8.938|11.7577|15,^GT:31.2586%0.7%19.700000000000003,^GT:5.8209%0.7%19.700000000000003%200%7.8327%0.7%19.700000000000003%300%10.1971%0.7%19.700000000000003%400,AIO
EFUSE_Q615S1BA_010_-5_4,Q615S1BA1,X,Q615S1BA,010,-5,4,Q615S1BA_010_-5_4,,SDC2119,HDS2262,C101,8PL7CVA,Q615S1BA1,2026-08-11 22:38:03-07:00,202633,20.00,119325,NGXSDJXA0H80B002632,6,16,010T03,8B18438-D,EXABAHA008,101,1,1010001,1010000,1,101,UNDEFINED,10.2835,15.1487,5.9115,9.0635,7.9238,11.902,1.3831,2.4307,1.1331,1.3959,31.2286,32.0274,1.3831,2.4307,5006.3915,7674.5672,5.9115|7.9238|10.2835,9.0635|11.902|15.1487,^GT:31.2286%0.7%20,^GT:5.9115%0.7%20%200%7.9238%0.7%20%300%10.2835%0.7%20%400,AIO
EFUSE_Q615S1BA_010_-5_5,Q615S1BA1,X,Q615S1BA,010,-5,5,Q615S1BA_010_-5_5,,SDC2119,HDS2262,C101,8PL7CVA,Q615S1BA1,2026-08-11 22:38:03-07:00,202633,20.00,119325,NGXSDJXA0H80B002632,2,8,010T02,8B18438-D,EXABAHA008,301,3,3010001,3030000,3,303,UNDEFINED,10.2774,15.1305,5.8684,9.0256,7.9049,11.8849,1.0119,2.4025,0.977,1.3472,31.4929,32.1311,1.0119,2.4025,4995.739,7651.9308,5.8684|7.9049|10.2774,9.0256|11.8849|15.1305,^GT:31.4929%0.7%19.85,^GT:5.8684%0.7%19.85%200%7.9049%0.7%19.85%300%10.2774%0.7%19.85%400,AIO
EFUSE_Q615S1BA_010_-5_6,Q615S1BA1,X,Q615S1BA,010,-5,6,Q615S1BA_010_-5_6,,SDC2119,HDS2262,C101,8PL7CVA,Q615S1BA1,2026-08-11 22:38:03-07:00,202633,20.00,119325,NGXSDJXA0H80B002632,7,19,010T01,8B18438-D,EXABAHA008,301,3,3010001,3030000,3,303,UNDEFINED,10.3178,15.1914,5.9013,9.0677,7.9228,11.9233,0.7381,2.3894,1.2668,1.3412,31.5464,32.23,0.7381,2.3894,4986.9507,7643.4088,5.9013|7.9228|10.3178,9.0677|11.9233|15.1914,^GT:31.5464%0.7%19.799999999999997,^GT:5.9013%0.7%19.799999999999997%200%7.9228%0.7%19.799999999999997%300%10.3178%0.7%19.799999999999997%400,AIO
EFUSE_Q615S1BA_010_-5_7,Q615S1BA1,X,Q615S1BA,010,-5,7,Q615S1BA_010_-5_7,,SDC2119,HDS2262,C101,8PL7CVA,Q615S1BA1,2026-08-11 22:38:03-07:00,202633,20.00,119325,NGXSDJXA0H80B002632,7,16,010T03,8B28421-D,EXABAHA008,101,1,1010001,1010000,1,101,UNDEFINED,10.2838,15.151,5.8667,9.0181,7.8845,11.8735,1.5028,2.387,1.1892,1.306,31.5507,32.2784,1.5028,2.387,4954.1944,7602.6631,5.8667|7.8845|10.2838,9.0181|11.8735|15.151,^GT:31.5507%0.7%18.75,^GT:5.8667%0.7%18.75%200%7.8845%0.7%18.75%300%10.2838%0.7%18.75%400,AIO
EFUSE_Q615S1BA_010_-5_8,Q615S1BA1,X,Q615S1BA,010,-5,8,Q615S1BA_010_-5_8,,SDC2119,HDS2262,C101,8PL7CVA,Q615S1BA1,2026-08-11 22:38:03-07:00,202633,20.00,119325,NGXSDJXA0H80B002632,2,3,010T02,8B28421-D,EXABAHA008,302,3,3020001,3030000,3,303,UNDEFINED,10.3092,15.1729,5.8815,9.0372,7.9047,11.8919,0.7326,2.3625,1.1908,1.3129,31.6264,32.2932,0.7326,2.3625,4929.6937,7585.3529,5.8815|7.9047|10.3092,9.0372|11.8919|15.1729,^GT:31.6264%0.7%19.45,^GT:5.8815%0.7%19.45%200%7.9047%0.7%19.45%300%10.3092%0.7%19.45%400,AIO
EFUSE_Q615S1BA_010_-5_9,Q615S1BA1,X,Q615S1BA,010,-5,9,Q615S1BA_010_-5_9,B19880000_FAIL_TPI_SIU_STATIC_SIUP_X_ICC_K_START_X_X_X_LFM_LOWV_P2_650MV_2,SDC2119,HDS2262,C101,8PL7CVA,Q615S1BA1,2026-08-11 22:38:03-07:00,202633,20.00,119325,NGXSDJXA0H80B002632,7,15,010T01,8B28421-D,EXABAHA008,1988,19,19880000,19880000,19,1988,UNDEFINED,,,,,,,,,,,,,,,,,,,,,AIO
EFUSE_Q615S1BA_010_-6_-1,Q615S1BA1,X,Q615S1BA,010,-6,-1,Q615S1BA_010_-6_-1,,SDC2119,HDS2262,C101,8PL7CVA,Q615S1BA1,2026-08-11 22:38:03-07:00,202633,20.00,119325,NGXSDJXA0H80B002632,4,12,010T02,8B18438-D,EXABAHA008,101,1,1010001,1010000,1,101,UNDEFINED,10.1559,15.0066,5.8104,8.9535,7.8186,11.7956,0.7085,2.3702,1.1503,1.3184,31.0393,31.8584,0.7085,2.3702,4970.1731,7627.6964,5.8104|7.8186|10.1559,8.9535|11.7956|15.0066,^GT:31.0393%0.7%19.85,^GT:5.8104%0.7%19.85%200%7.8186%0.7%19.85%300%10.1559%0.7%19.85%400,AIO
EFUSE_Q615S1BA_010_-6_-2,Q615S1BA1,X,Q615S1BA,010,-6,-2,Q615S1BA_010_-6_-2,,SDC2119,HDS2262,C101,8PL7CVA,Q615S1BA1,2026-08-11 22:38:03-07:00,202633,20.00,119325,NGXSDJXA0H80B002632,4,12,010T03,8B18438-D,EXABAHA008,301,3,3010001,3030000,3,303,UNDEFINED,10.1868,15.0748,5.831,9.0177,7.8456,11.8451,1.3091,2.4234,0.9162,1.3331,31.1129,31.8795,1.3091,2.4234,4975.4993,7623.7017,5.831|7.8456|10.1868,9.0177|11.8451|15.0748,^GT:31.1129%0.7%20.15,^GT:5.831%0.7%20.15%200%7.8456%0.7%20.15%300%10.1868%0.7%20.15%400,AIO
EFUSE_Q615S1BA_010_-6_-3,Q615S1BA1,X,Q615S1BA,010,-6,-3,Q615S1BA_010_-6_-3,,SDC2119,HDS2262,C101,8PL7CVA,Q615S1BA1,2026-08-11 22:38:03-07:00,202633,20.00,119325,NGXSDJXA0H80B002632,3,17,010T01,8B28421-D,EXABAHA008,101,1,1010001,1010000,1,101,UNDEFINED,10.1834,15.0593,5.8063,8.9915,7.8269,11.837,0.6773,2.3825,1.278,1.2937,31.265,31.9358,0.6773,2.3825,4980.8256,7625.8322,5.8063|7.8269|10.1834,8.9915|11.837|15.0593,^GT:31.265%0.7%19.35,^GT:5.8063%0.7%19.35%200%7.8269%0.7%19.35%300%10.1834%0.7%19.35%400,AIO
EFUSE_Q615S1BA_010_-6_-4,Q615S1BA1,X,Q615S1BA,010,-6,-4,Q615S1BA_010_-6_-4,,SDC2119,HDS2262,C101,8PL7CVA,Q615S1BA1,2026-08-11 22:38:03-07:00,202633,20.00,119325,NGXSDJXA0H80B002632,6,8,010T02,8B18438-D,EXABAHA008,301,3,3010001,3030000,3,303,UNDEFINED,10.1786,15.1012,5.7904,8.9982,7.8217,11.8441,0.6734,2.3435,0.9916,1.2535,31.3443,32.1211,0.6734,2.3435,4945.4061,7575.233,5.7904|7.8217|10.1786,8.9982|11.8441|15.1012,^GT:31.3443%0.7%19.85,^GT:5.7904%0.7%19.85%200%7.8217%0.7%19.85%300%10.1786%0.7%19.85%400,AIO
EFUSE_Q615S1BA_010_-6_-5,Q615S1BA1,X,Q615S1BA,010,-6,-5,Q615S1BA_010_-6_-5,,SDC2119,HDS2262,C101,8PL7CVA,Q615S1BA1,2026-08-11 22:38:03-07:00,202633,20.00,119325,NGXSDJXA0H80B002632,2,15,010T03,8B18438-D,EXABAHA008,101,1,1010001,1010000,1,101,UNDEFINED,10.236,15.2025,5.832,9.0624,7.8395,11.9347,0.6548,2.3795,1.1624,1.282,31.4571,32.3163,0.6548,2.3795,4947.5366,7563.249,5.832|7.8395|10.236,9.0624|11.9347|15.2025,^GT:31.4571%0.7%19.85,^GT:5.832%0.7%19.85%200%7.8395%0.7%19.85%300%10.236%0.7%19.85%400,AIO
EFUSE_Q615S1BA_010_-6_-6,Q615S1BA1,X,Q615S1BA,010,-6,-6,Q615S1BA_010_-6_-6,,SDC2119,HDS2262,C101,8PL7CVA,Q615S1BA1,2026-08-11 22:38:03-07:00,202633,20.00,119325,NGXSDJXA0H80B002632,2,15,010T01,8B18438-D,EXABAHA008,301,3,3010001,3030000,3,303,UNDEFINED,10.2901,15.2876,5.8681,9.1491,7.885,12.0084,0.7045,2.4751,0.9037,1.3268,31.5857,32.3079,0.7045,2.4751,4975.7656,7609.5872,5.8681|7.885|10.2901,9.1491|12.0084|15.2876,^GT:31.5857%0.7%19.799999999999997,^GT:5.8681%0.7%19.799999999999997%200%7.885%0.7%19.799999999999997%300%10.2901%0.7%19.799999999999997%400,AIO
EFUSE_Q615S1BA_010_-6_-7,Q615S1BA1,X,Q615S1BA,010,-6,-7,Q615S1BA_010_-6_-7,,SDC2119,HDS2262,C101,8PL7CVA,Q615S1BA1,2026-08-11 22:38:03-07:00,202633,20.00,119325,NGXSDJXA0H80B002632,6,14,010T02,8B28421-D,EXABAHA008,101,1,1010001,1010000,1,101,UNDEFINED,10.311,15.3415,5.8816,9.1683,7.9019,12.0301,1.067,2.4347,0.9251,1.3072,31.6386,32.4905,1.067,2.4347,4911.3182,7536.6178,5.8816|7.9019|10.311,9.1683|12.0301|15.3415,^GT:31.6386%0.7%19.85,^GT:5.8816%0.7%19.85%200%7.9019%0.7%19.85%300%10.311%0.7%19.85%400,AIO
EFUSE_Q615S1BA_010_-6_-8,Q615S1BA1,X,Q615S1BA,010,-6,-8,Q615S1BA_010_-6_-8,,SDC2119,HDS2262,C101,8PL7CVA,Q615S1BA1,2026-08-11 22:38:03-07:00,202633,20.00,119325,NGXSDJXA0H80B002632,2,10,010T03,8B18438-D,EXABAHA008,301,3,3010001,3030000,3,303,UNDEFINED,10.2301,15.2222,5.789,9.0508,7.8115,11.9114,1.2324,2.3195,1.003,1.2264,31.7221,32.4811,1.2324,2.3195,4860.719,7479.8935,5.789|7.8115|10.2301,9.0508|11.9114|15.2222,^GT:31.7221%0.7%19.799999999999997,^GT:5.789%0.7%19.799999999999997%200%7.8115%0.7%19.799999999999997%300%10.2301%0.7%19.799999999999997%400,AIO
EFUSE_Q615S1BA_010_-6_-9,Q615S1BA1,X,Q615S1BA,010,-6,-9,Q615S1BA_010_-6_-9,,SDC2119,HDS2262,C101,8PL7CVA,Q615S1BA1,2026-08-11 22:38:03-07:00,202633,20.00,119325,NGXSDJXA0H80B002632,1,6,010T01,8B28421-D,EXABAHA008,101,1,1010001,1010000,1,101,UNDEFINED,10.1134,14.9556,5.6684,8.7944,7.6979,11.6558,1.5109,2.109,0.8523,1.0633,31.75,32.4274,1.5109,2.1089,4706.5246,7278.5619,5.6684|7.6979|10.1134,8.7944|11.6558|14.9556,^GT:31.75%0.7%19.15,^GT:5.6684%0.7%19.15%200%7.6979%0.7%19.15%300%10.1134%0.7%19.15%400,AIO
EFUSE_Q615S1BA_010_-6_0,Q615S1BA1,X,Q615S1BA,010,-6,0,Q615S1BA_010_-6_0,,SDC2119,HDS2262,C101,8PL7CVA,Q615S1BA1,2026-08-11 22:38:03-07:00,202633,20.00,119325,NGXSDJXA0H80B002632,4,19,010T01,8B18438-D,EXABAHA008,201,2,2010001,2020000,2,202,UNDEFINED,10.2359,15.1014,5.8669,9.0421,7.8835,11.8744,1.6303,2.4053,1.2411,1.3617,31.2071,31.8911,1.6303,2.4053,4964.8469,7620.2397,5.8669|7.8835|10.2359,9.0421|11.8744|15.1014,^GT:31.2071%0.7%19.95,^GT:5.8669%0.7%19.95%200%7.8835%0.7%19.95%300%10.2359%0.7%19.95%400,AIO
EFUSE_Q615S1BA_010_-6_1,Q615S1BA1,X,Q615S1BA,010,-6,1,Q615S1BA_010_-6_1,,SDC2119,HDS2262,C101,8PL7CVA,Q615S1BA1,2026-08-11 22:38:03-07:00,202633,20.00,119325,NGXSDJXA0H80B002632,5,18,010T03,8B28421-D,EXABAHA008,101,1,1010001,1010000,1,101,UNDEFINED,10.2827,15.1578,5.898,9.0922,7.9115,11.9209,0.7779,2.4523,1.1986,1.3954,31.3193,31.9242,0.7779,2.4523,4989.8802,7652.1971,5.898|7.9115|10.2827,9.0922|11.9209|15.1578,^GT:31.3193%0.7%19.15,^GT:5.898%0.7%19.15%200%7.9115%0.7%19.15%300%10.2827%0.7%19.15%400,AIO
EFUSE_Q615S1BA_010_-6_2,Q615S1BA1,X,Q615S1BA,010,-6,2,Q615S1BA_010_-6_2,,SDC2119,HDS2262,C101,8PL7CVA,Q615S1BA1,2026-08-11 22:38:03-07:00,202633,20.00,119325,NGXSDJXA0H80B002632,4,2,010T02,8B28421-D,EXABAHA008,101,1,1010001,1010000,1,101,UNDEFINED,10.2997,15.1741,5.9157,9.0972,7.9256,11.932,1.5241,2.4602,0.9746,1.3884,31.3143,31.9837,1.5241,2.4602,5003.7284,7662.0506,5.9157|7.9256|10.2997,9.0972|11.932|15.1741,^GT:31.3143%0.7%19.25,^GT:5.9157%0.7%19.25%200%7.9256%0.7%19.25%300%10.2997%0.7%19.25%400,AIO
EFUSE_Q615S1BA_010_-6_3,Q615S1BA1,X,Q615S1BA,010,-6,3,Q615S1BA_010_-6_3,,SDC2119,HDS2262,C101,8PL7CVA,Q615S1BA1,2026-08-11 22:38:03-07:00,202633,20.00,119325,NGXSDJXA0H80B002632,5,12,010T01,8B28421-D,EXABAHA008,101,1,1010001,1010000,1,101,UNDEFINED,10.3521,15.2673,5.9502,9.1733,7.9689,12.0179,1.2817,2.5301,1.1115,1.4623,31.4421,32.0737,1.2817,2.5301,5020.2397,7686.8176,5.9502|7.9689|10.3521,9.1733|12.0179|15.2673,^GT:31.4421%0.7%19.9,^GT:5.9502%0.7%19.9%200%7.9689%0.7%19.9%300%10.3521%0.7%19.9%400,AIO
EFUSE_Q615S1BA_010_-6_4,Q615S1BA1,X,Q615S1BA,010,-6,4,Q615S1BA_010_-6_4,B82020000_FAIL_SCN_GT_GXX_CTRL_X_GFXAGG_K_BEGIN_X_X_X_X_X_EVALUATE_4,SDC2119,HDS2262,C101,8PL7CVA,Q615S1BA1,2026-08-11 22:38:03-07:00,202633,20.00,119325,NGXSDJXA0H80B002632,6,17,010T03,8B18438-D,EXABAHA008,8202,82,82020000,82020000,82,8202,UNDEFINED,10.3905,15.3397,6.0066,9.2176,8.0077,12.0848,0.8991,2.5836,1.1958,1.4991,31.3136,32.2216,0.8991,2.5836,5050.0666,7718.775,6.0066|8.0077|10.3905,9.2176|12.0848|15.3397,^GT:31.3136%0.7%19.5,^GT:6.0066%0.7%19.5%200%8.0077%0.7%19.5%300%10.3905%0.7%19.5%400,AIO
EFUSE_Q615S1BA_010_-6_5,Q615S1BA1,X,Q615S1BA,010,-6,5,Q615S1BA_010_-6_5,,SDC2119,HDS2262,C101,8PL7CVA,Q615S1BA1,2026-08-11 22:38:03-07:00,202633,20.00,119325,NGXSDJXA0H80B002632,2,7,010T02,8B28421-D,EXABAHA008,101,1,1010001,1010000,1,101,UNDEFINED,10.3887,15.3265,5.9781,9.1942,8.0052,12.0474,1.7174,2.5523,1.2342,1.4427,31.5043,32.2753,1.7174,2.5523,5032.49,7688.6818,5.9781|8.0052|10.3887,9.1942|12.0474|15.3265,^GT:31.5043%0.7%19.45,^GT:5.9781%0.7%19.45%200%8.0052%0.7%19.45%300%10.3887%0.7%19.45%400,AIO
EFUSE_Q615S1BA_010_-6_6,Q615S1BA1,X,Q615S1BA,010,-6,6,Q615S1BA_010_-6_6,,SDC2119,HDS2262,C101,8PL7CVA,Q615S1BA1,2026-08-11 22:38:03-07:00,202633,20.00,119325,NGXSDJXA0H80B002632,7,18,010T01,8B18438-D,EXABAHA008,101,1,1010001,1010000,1,101,UNDEFINED,10.3698,15.3,5.9329,9.1384,7.9617,11.9976,0.9774,2.4313,1.3562,1.3796,31.6921,32.4295,0.9774,2.4313,4976.032,7610.9188,5.9329|7.9617|10.3698,9.1384|11.9976|15.3,^GT:31.6921%0.7%19.85,^GT:5.9329%0.7%19.85%200%7.9617%0.7%19.85%300%10.3698%0.7%19.85%400,AIO
EFUSE_Q615S1BA_010_-6_7,Q615S1BA1,X,Q615S1BA,010,-6,7,Q615S1BA_010_-6_7,,SDC2119,HDS2262,C101,8PL7CVA,Q615S1BA1,2026-08-11 22:38:03-07:00,202633,20.00,119325,NGXSDJXA0H80B002632,7,17,010T03,8B18438-D,EXABAHA008,302,3,3020001,3030000,3,303,UNDEFINED,10.3368,15.2393,5.8987,9.0875,7.9214,11.9499,1.3568,2.4122,1.1767,1.3298,31.7007,32.3779,1.3568,2.4122,4939.8136,7590.6791,5.8987|7.9214|10.3368,9.0875|11.9499|15.2393,^GT:31.7007%0.7%19.9,^GT:5.8987%0.7%19.9%200%7.9214%0.7%19.9%300%10.3368%0.7%19.9%400,AIO
EFUSE_Q615S1BA_010_-6_8,Q615S1BA1,X,Q615S1BA,010,-6,8,Q615S1BA_010_-6_8,,SDC2119,HDS2262,C101,8PL7CVA,Q615S1BA1,2026-08-11 22:38:03-07:00,202633,20.00,119325,NGXSDJXA0H80B002632,2,4,010T02,8B18438-D,EXABAHA008,101,1,1010001,1010000,1,101,UNDEFINED,10.276,15.103,5.8583,8.9554,7.8901,11.8099,1.7149,2.3275,1.2862,1.2846,31.555,32.3558,1.7149,2.3275,4896.6711,7539.8136,5.8583|7.8901|10.276,8.9554|11.8099|15.103,^GT:31.555%0.7%19.85,^GT:5.8583%0.7%19.85%200%7.8901%0.7%19.85%300%10.276%0.7%19.85%400,AIO
EFUSE_Q615S1BA_010_-7_-1,Q615S1BA1,X,Q615S1BA,010,-7,-1,Q615S1BA_010_-7_-1,,SDC2119,HDS2262,C101,8PL7CVA,Q615S1BA1,2026-08-11 22:38:03-07:00,202633,20.00,119325,NGXSDJXA0H80B002632,4,11,010T02,8B18438-D,EXABAHA008,101,1,1010001,1010000,1,101,UNDEFINED,10.2802,15.2638,5.8901,9.1605,7.9161,12.0208,1.6619,2.4796,1.3309,1.3748,31.3579,32.1226,1.6619,2.4796,4973.3688,7594.9401,5.8901|7.9161|10.2802,9.1605|12.0208|15.2638,^GT:31.3579%0.7%19.75,^GT:5.8901%0.7%19.75%200%7.9161%0.7%19.75%300%10.2802%0.7%19.75%400,AIO
EFUSE_Q615S1BA_010_-7_-2,Q615S1BA1,X,Q615S1BA,010,-7,-2,Q615S1BA_010_-7_-2,B65000277_FAIL_ARR_GT_GXX_ARR_GT_GFXAGG_K_BEGIN_X_X_X_X_ARRSKUEVALUATE_4,SDC2119,HDS2262,C101,8PL7CVA,Q615S1BA1,2026-08-11 22:38:03-07:00,202633,20.00,119325,NGXSDJXA0H80B002632,4,13,010T03,8B28421-D,EXABAHA008,6500,65,65000277,65000277,65,6500,UNDEFINED,10.2627,15.2279,5.875,9.1089,7.884,11.9711,1.3505,2.4507,1.0316,1.3542,31.3407,32.2053,1.3505,2.4507,4970.7057,7585.6192,5.875|7.884|10.2627,9.1089|11.9711|15.2279,^GT:31.3407%0.7%19.05,^GT:5.875%0.7%19.05%200%7.884%0.7%19.05%300%10.2627%0.7%19.05%400,AIO
EFUSE_Q615S1BA_010_-7_-3,Q615S1BA1,X,Q615S1BA,010,-7,-3,Q615S1BA_010_-7_-3,,SDC2119,HDS2262,C101,8PL7CVA,Q615S1BA1,2026-08-11 22:38:03-07:00,202633,20.00,119325,NGXSDJXA0H80B002632,3,18,010T01,8B18438-D,EXABAHA008,101,1,1010001,1010000,1,101,UNDEFINED,10.2481,15.2223,5.8579,9.0932,7.8782,11.9703,0.7016,2.4767,1.1927,1.3397,31.3586,32.2584,0.7016,2.4767,4975.4993,7612.5166,5.8579|7.8782|10.2481,9.0932|11.9703|15.2223,^GT:31.3586%0.7%19.7,^GT:5.8579%0.7%19.7%200%7.8782%0.7%19.7%300%10.2481%0.7%19.7%400,AIO
EFUSE_Q615S1BA_010_-7_-4,Q615S1BA1,X,Q615S1BA,010,-7,-4,Q615S1BA_010_-7_-4,,SDC2119,HDS2262,C101,8PL7CVA,Q615S1BA1,2026-08-11 22:38:03-07:00,202633,20.00,119325,NGXSDJXA0H80B002632,6,9,010T02,8B28421-D,EXABAHA008,301,3,3010001,3030000,3,303,UNDEFINED,10.2339,15.2107,5.8292,9.0995,7.8567,11.9349,1.143,2.3858,0.8898,1.285,31.4621,32.1642,1.143,2.3858,4955.526,7585.6192,5.8292|7.8567|10.2339,9.0995|11.9349|15.2107,^GT:31.4621%0.7%18.85,^GT:5.8292%0.7%18.85%200%7.8567%0.7%18.85%300%10.2339%0.7%18.85%400,AIO
EFUSE_Q615S1BA_010_-7_-5,Q615S1BA1,X,Q615S1BA,010,-7,-5,Q615S1BA_010_-7_-5,,SDC2119,HDS2262,C101,8PL7CVA,Q615S1BA1,2026-08-11 22:38:03-07:00,202633,20.00,119325,NGXSDJXA0H80B002632,2,14,010T03,8B18438-D,EXABAHA008,101,1,1010001,1010000,1,101,UNDEFINED,10.2553,15.2547,5.8343,9.0959,7.8402,11.9535,1.6833,2.4508,1.2173,1.2864,31.5786,32.4147,1.6833,2.4508,4927.8296,7549.4008,5.8343|7.8402|10.2553,9.0959|11.9535|15.2547,^GT:31.5786%0.7%19.45,^GT:5.8343%0.7%19.45%200%7.8402%0.7%19.45%300%10.2553%0.7%19.45%400,AIO
EFUSE_Q615S1BA_010_-7_-6,Q615S1BA1,X,Q615S1BA,010,-7,-6,Q615S1BA_010_-7_-6,,SDC2119,HDS2262,C101,8PL7CVA,Q615S1BA1,2026-08-11 22:38:03-07:00,202633,20.00,119325,NGXSDJXA0H80B002632,2,16,010T01,8B28421-D,EXABAHA008,101,1,1010001,1010000,1,101,UNDEFINED,10.2686,15.2625,5.8287,9.0878,7.8532,11.959,0.6501,2.4055,0.8494,1.2562,31.7136,32.4984,0.6501,2.4055,4899.8668,7518.2423,5.8287|7.8532|10.2686,9.0878|11.959|15.2625,^GT:31.7136%0.7%19.200000000000003,^GT:5.8287%0.7%19.200000000000003%200%7.8532%0.7%19.200000000000003%300%10.2686%0.7%19.200000000000003%400,AIO
EFUSE_Q615S1BA_010_-7_-7,Q615S1BA1,X,Q615S1BA,010,-7,-7,Q615S1BA_010_-7_-7,,SDC2119,HDS2262,C101,8PL7CVA,Q615S1BA1,2026-08-11 22:38:03-07:00,202633,20.00,119325,NGXSDJXA0H80B002632,6,13,010T02,8B28421-D,EXABAHA008,101,1,1010001,1010000,1,101,UNDEFINED,10.2179,15.1642,5.7623,8.9943,7.8123,11.8785,0.5653,2.2936,0.9524,1.1846,31.8257,32.4732,0.5653,2.2936,4839.9467,7446.8708,5.7623|7.8123|10.2179,8.9943|11.8785|15.1642,^GT:31.8257%0.7%19.15,^GT:5.7623%0.7%19.15%200%7.8123%0.7%19.15%300%10.2179%0.7%19.15%400,AIO
EFUSE_Q615S1BA_010_-7_-8,Q615S1BA1,X,Q615S1BA,010,-7,-8,Q615S1BA_010_-7_-8,,SDC2119,HDS2262,C101,8PL7CVA,Q615S1BA1,2026-08-11 22:38:03-07:00,202633,20.00,119325,NGXSDJXA0H80B002632,2,11,010T03,8B18438-D,EXABAHA008,101,1,1010001,1010000,1,101,UNDEFINED,10.1578,15.03,5.7121,8.856,7.7208,11.7148,0.5337,2.1415,1.0264,1.096,31.755,32.4947,0.5337,2.1415,4727.0306,7316.6445,5.7121|7.7208|10.1578,8.856|11.7148|15.03,^GT:31.755%0.7%19.6,^GT:5.7121%0.7%19.6%200%7.7208%0.7%19.6%300%10.1578%0.7%19.6%400,AIO
EFUSE_Q615S1BA_010_-7_0,Q615S1BA1,X,Q615S1BA,010,-7,0,Q615S1BA_010_-7_0,,SDC2119,HDS2262,C101,8PL7CVA,Q615S1BA1,2026-08-11 22:38:03-07:00,202633,20.00,119325,NGXSDJXA0H80B002632,5,19,010T01,8B18438-D,EXABAHA008,301,3,3010001,3030000,3,303,UNDEFINED,10.3449,15.3283,5.9503,9.2076,7.9719,12.0628,1.4941,2.5203,1.2367,1.4308,31.39,32.2147,1.494,2.5203,4992.5433,7621.3049,5.9503|7.9719|10.3449,9.2075|12.0628|15.3283,^GT:31.39%0.7%20.1,^GT:5.9503%0.7%20.1%200%7.9719%0.7%20.1%300%10.3449%0.7%20.1%400,AIO
EFUSE_Q615S1BA_010_-7_1,Q615S1BA1,X,Q615S1BA,010,-7,1,Q615S1BA_010_-7_1,,SDC2119,HDS2262,C101,8PL7CVA,Q615S1BA1,2026-08-11 22:38:03-07:00,202633,20.00,119325,NGXSDJXA0H80B002632,5,19,010T03,8B18438-D,EXABAHA008,101,1,1010001,1010000,1,101,UNDEFINED,10.4489,15.4662,6.0558,9.3439,8.0815,12.2089,1.8797,2.6596,1.1145,1.5343,31.3793,32.2226,1.8797,2.6596,5043.9414,7671.6378,6.0558|8.0815|10.4489,9.3439|12.2089|15.4662,^GT:31.3793%0.7%20,^GT:6.0558%0.7%20%200%8.0815%0.7%20%300%10.4489%0.7%20%400,AIO
EFUSE_Q615S1BA_010_-7_2,Q615S1BA1,X,Q615S1BA,010,-7,2,Q615S1BA_010_-7_2,,SDC2119,HDS2262,C101,8PL7CVA,Q615S1BA1,2026-08-11 22:38:03-07:00,202633,20.00,119325,NGXSDJXA0H80B002632,4,3,010T02,8B28421-D,EXABAHA008,301,3,3010001,3030000,3,303,UNDEFINED,10.515,15.5482,6.1252,9.4312,8.1494,12.2931,1.6052,2.7668,1.4233,1.6201,31.3557,32.1947,1.6051,2.7668,5083.0892,7746.7377,6.1252|8.1494|10.515,9.4312|12.2931|15.5482,^GT:31.3557%0.7%19.55,^GT:6.1252%0.7%19.55%200%8.1494%0.7%19.55%300%10.515%0.7%19.55%400,AIO
EFUSE_Q615S1BA_010_-7_3,Q615S1BA1,X,Q615S1BA,010,-7,3,Q615S1BA_010_-7_3,,SDC2119,HDS2262,C101,8PL7CVA,Q615S1BA1,2026-08-11 22:38:03-07:00,202633,20.00,119325,NGXSDJXA0H80B002632,5,13,010T01,8B28421-D,EXABAHA008,101,1,1010001,1010000,1,101,UNDEFINED,10.5285,15.5851,6.145,9.4656,8.1559,12.31,1.0275,2.7587,1.2185,1.6305,31.3107,32.2084,1.0275,2.7587,5085.486,7758.7217,6.145|8.1559|10.5285,9.4655|12.31|15.5851,^GT:31.3107%0.7%19.75,^GT:6.145%0.7%19.75%200%8.1559%0.7%19.75%300%10.5285%0.7%19.75%400,AIO
EFUSE_Q615S1BA_010_-7_4,Q615S1BA1,X,Q615S1BA,010,-7,4,Q615S1BA_010_-7_4,,SDC2119,HDS2262,C101,8PL7CVA,Q615S1BA1,2026-08-11 22:38:03-07:00,202633,20.00,119325,NGXSDJXA0H80B002632,6,18,010T03,8B28421-D,EXABAHA008,301,3,3010001,3030000,3,303,UNDEFINED,10.5279,15.5621,6.1059,9.4094,8.1249,12.2691,1.3916,2.7001,1.2864,1.5891,31.5857,32.3826,1.3916,2.7,5065.2463,7716.3782,6.1059|8.1249|10.5279,9.4094|12.2691|15.5621,^GT:31.5857%0.7%19.9,^GT:6.1059%0.7%19.9%200%8.1249%0.7%19.9%300%10.5279%0.7%19.9%400,AIO
EFUSE_Q615S1BA_010_-7_5,Q615S1BA1,X,Q615S1BA,010,-7,5,Q615S1BA_010_-7_5,,SDC2119,HDS2262,C101,8PL7CVA,Q615S1BA1,2026-08-11 22:38:03-07:00,202633,20.00,119325,NGXSDJXA0H80B002632,2,6,010T02,8B18438-D,EXABAHA008,301,3,3010001,3030000,3,303,UNDEFINED,10.4295,15.3976,6.0137,9.2565,8.0345,12.1158,1.5008,2.5496,1.3328,1.4743,31.5414,32.3216,1.5008,2.5496,5001.0652,7629.8269,6.0137|8.0345|10.4295,9.2565|12.1158|15.3976,^GT:31.5414%0.7%19.700000000000003,^GT:6.0137%0.7%19.700000000000003%200%8.0345%0.7%19.700000000000003%300%10.4295%0.7%19.700000000000003%400,AIO
EFUSE_Q615S1BA_010_-7_6,Q615S1BA1,X,Q615S1BA,010,-7,6,Q615S1BA_010_-7_6,,SDC2119,HDS2262,C101,8PL7CVA,Q615S1BA1,2026-08-11 22:38:03-07:00,202633,20.00,119325,NGXSDJXA0H80B002632,7,17,010T01,8B18438-D,EXABAHA008,101,1,1010001,1010000,1,101,UNDEFINED,10.3683,15.2893,5.9324,9.1251,7.9595,11.9828,1.0105,2.4167,0.9948,1.3675,31.685,32.4432,1.0105,2.4167,4937.9494,7581.0919,5.9324|7.9595|10.3683,9.1251|11.9828|15.2893,^GT:31.685%0.7%19.55,^GT:5.9324%0.7%19.55%200%7.9595%0.7%19.55%300%10.3683%0.7%19.55%400,AIO
EFUSE_Q615S1BA_010_-7_7,Q615S1BA1,X,Q615S1BA,010,-7,7,Q615S1BA_010_-7_7,,SDC2119,HDS2262,C101,8PL7CVA,Q615S1BA1,2026-08-11 22:38:03-07:00,202633,20.00,119325,NGXSDJXA0H80B002632,7,18,010T03,8B28421-D,EXABAHA008,101,1,1010001,1010000,1,101,UNDEFINED,10.3071,15.1383,5.875,9.0197,7.9143,11.8634,0.7595,2.3214,0.9726,1.3095,31.6579,32.2032,0.7595,2.3214,4904.3941,7545.4061,5.875|7.9143|10.3071,9.0197|11.8634|15.1383,^GT:31.6579%0.7%18.95,^GT:5.875%0.7%18.95%200%7.9143%0.7%18.95%300%10.3071%0.7%18.95%400,AIO
EFUSE_Q615S1BA_010_-8_-1,Q615S1BA1,X,Q615S1BA,010,-8,-1,Q615S1BA_010_-8_-1,,SDC2119,HDS2262,C101,8PL7CVA,Q615S1BA1,2026-08-11 22:38:03-07:00,202633,20.00,119325,NGXSDJXA0H80B002632,4,9,010T02,8B28421-D,EXABAHA008,101,1,1010001,1010000,1,101,UNDEFINED,10.3349,15.3221,5.9116,9.1637,7.9438,12.039,1.7394,2.5041,1.1905,1.379,31.595,32.4126,1.7394,2.5041,4965.1132,7594.4075,5.9116|7.9438|10.3349,9.1637|12.039|15.3221,^GT:31.595%0.7%18.95,^GT:5.9116%0.7%18.95%200%7.9438%0.7%18.95%300%10.3349%0.7%18.95%400,AIO
EFUSE_Q615S1BA_010_-8_-2,Q615S1BA1,X,Q615S1BA,010,-8,-2,Q615S1BA_010_-8_-2,B82020000_FAIL_SCN_GT_GXX_CTRL_X_GFXAGG_K_BEGIN_X_X_X_X_X_EVALUATE_4,SDC2119,HDS2262,C101,8PL7CVA,Q615S1BA1,2026-08-11 22:38:03-07:00,202633,20.00,119325,NGXSDJXA0H80B002632,4,14,010T03,8B18438-D,EXABAHA008,8202,82,82020000,82020000,82,8202,UNDEFINED,10.3275,15.3446,5.9195,9.2085,7.9393,12.0698,0.9267,2.5162,1.0023,1.392,31.4857,32.2953,0.9267,2.5162,4952.0639,7572.3036,5.9195|7.9393|10.3275,9.2085|12.0698|15.3446,^GT:31.4857%0.7%20,^GT:5.9195%0.7%20%200%7.9393%0.7%20%300%10.3275%0.7%20%400,AIO
EFUSE_Q615S1BA_010_-8_-3,Q615S1BA1,X,Q615S1BA,010,-8,-3,Q615S1BA_010_-8_-3,,SDC2119,HDS2262,C101,8PL7CVA,Q615S1BA1,2026-08-11 22:38:03-07:00,202633,20.00,119325,NGXSDJXA0H80B002632,3,19,010T01,8B18438-D,EXABAHA008,101,1,1010001,1010000,1,101,UNDEFINED,10.3066,15.2989,5.8713,9.161,7.9079,12.0178,1.683,2.4625,1.1182,1.3365,31.6807,32.3047,1.683,2.4625,4940.0799,7561.1185,5.8713|7.9079|10.3066,9.161|12.0178|15.2989,^GT:31.6807%0.7%19.65,^GT:5.8713%0.7%19.65%200%7.9079%0.7%19.65%300%10.3066%0.7%19.65%400,AIO
EFUSE_Q615S1BA_010_-8_-4,Q615S1BA1,X,Q615S1BA,010,-8,-4,Q615S1BA_010_-8_-4,,SDC2119,HDS2262,C101,8PL7CVA,Q615S1BA1,2026-08-11 22:38:03-07:00,202633,20.00,119325,NGXSDJXA0H80B002632,6,10,010T02,8B28421-D,EXABAHA008,101,1,1010001,1010000,1,101,UNDEFINED,10.2566,15.2237,5.8315,9.0648,7.8609,11.9394,0.7907,2.3886,0.936,1.2601,31.6079,32.4153,0.7907,2.3886,4898.8016,7519.5739,5.8315|7.8609|10.2566,9.0648|11.9394|15.2237,^GT:31.6079%0.7%19.45,^GT:5.8315%0.7%19.45%200%7.8609%0.7%19.45%300%10.2566%0.7%19.45%400,AIO
EFUSE_Q615S1BA_010_-8_-5,Q615S1BA1,X,Q615S1BA,010,-8,-5,Q615S1BA_010_-8_-5,,SDC2119,HDS2262,C101,8PL7CVA,Q615S1BA1,2026-08-11 22:38:03-07:00,202633,20.00,119325,NGXSDJXA0H80B002632,2,13,010T03,8B28421-D,EXABAHA008,301,3,3010001,3030000,3,303,UNDEFINED,10.2654,15.2494,5.832,9.0871,7.8478,11.9363,1.6492,2.4003,0.8867,1.248,31.6671,32.4332,1.6492,2.4003,4883.3555,7505.4594,5.832|7.8478|10.2654,9.0871|11.9363|15.2494,^GT:31.6671%0.7%19.4,^GT:5.832%0.7%19.4%200%7.8478%0.7%19.4%300%10.2654%0.7%19.4%400,AIO
EFUSE_Q615S1BA_010_-8_-6,Q615S1BA1,X,Q615S1BA,010,-8,-6,Q615S1BA_010_-8_-6,,SDC2119,HDS2262,C101,8PL7CVA,Q615S1BA1,2026-08-11 22:38:03-07:00,202633,20.00,119325,NGXSDJXA0H80B002632,2,17,010T01,8B18438-D,EXABAHA008,301,3,3010001,3030000,3,303,UNDEFINED,10.4584,15.4848,6.0245,9.3356,8.0414,12.1815,0.9385,2.6604,1.4006,1.4999,31.6707,32.3642,0.9385,2.6604,4831.9574,7434.0879,6.0245|8.0414|10.4584,9.3356|12.1815|15.4848,^GT:31.6707%0.7%20,^GT:6.0245%0.7%20%200%8.0414%0.7%20%300%10.4584%0.7%20%400,AIO
EFUSE_Q615S1BA_010_-8_-7,Q615S1BA1,X,Q615S1BA,010,-8,-7,Q615S1BA_010_-8_-7,,SDC2119,HDS2262,C101,8PL7CVA,Q615S1BA1,2026-08-11 22:38:03-07:00,202633,20.00,119325,NGXSDJXA0H80B002632,6,12,010T02,8B28421-D,EXABAHA008,101,1,1010001,1010000,1,101,UNDEFINED,10.1059,14.9435,5.6398,8.7698,7.6609,11.619,0.4594,2.0241,0.6312,1.0231,31.9007,32.4932,0.4594,2.0241,4658.0559,7224.5007,5.6398|7.6609|10.1059,8.7698|11.619|14.9435,^GT:31.9007%0.7%19.25,^GT:5.6398%0.7%19.25%200%7.6609%0.7%19.25%300%10.1059%0.7%19.25%400,AIO
EFUSE_Q615S1BA_010_-8_0,Q615S1BA1,X,Q615S1BA,010,-8,0,Q615S1BA_010_-8_0,,SDC2119,HDS2262,C101,8PL7CVA,Q615S1BA1,2026-08-11 22:38:03-07:00,202633,20.00,119325,NGXSDJXA0H80B002632,5,18,010T01,8B18438-D,EXABAHA008,101,1,1010001,1010000,1,101,UNDEFINED,10.3892,15.3781,5.9557,9.2337,7.9829,12.1024,1.8067,2.567,1.1925,1.4325,31.6679,32.3389,1.8067,2.567,4976.8309,7594.4075,5.9557|7.9829|10.3892,9.2337|12.1024|15.3781,^GT:31.6679%0.7%19.9,^GT:5.9557%0.7%19.9%200%7.9829%0.7%19.9%300%10.3892%0.7%19.9%400,AIO
EFUSE_Q615S1BA_010_-8_1,Q615S1BA1,X,Q615S1BA,010,-8,1,Q615S1BA_010_-8_1,,SDC2119,HDS2262,C101,8PL7CVA,Q615S1BA1,2026-08-11 22:38:03-07:00,202633,20.00,119325,NGXSDJXA0H80B002632,4,19,010T03,8B18438-D,EXABAHA008,301,3,3010001,3030000,3,303,UNDEFINED,10.456,15.495,6.0394,9.341,8.0573,12.2141,1.6738,2.6418,1.3459,1.5103,31.5471,32.3895,1.6738,2.6418,5017.8429,7645.5393,6.0394|8.0573|10.456,9.341|12.2141|15.495,^GT:31.5471%0.7%19.95,^GT:6.0394%0.7%19.95%200%8.0573%0.7%19.95%300%10.456%0.7%19.95%400,AIO
EFUSE_Q615S1BA_010_-8_2,Q615S1BA1,X,Q615S1BA,010,-8,2,Q615S1BA_010_-8_2,B19880000_FAIL_TPI_SIU_STATIC_SIUP_X_ICC_K_START_X_X_X_LFM_LOWV_P2_650MV_2,SDC2119,HDS2262,C101,8PL7CVA,Q615S1BA1,2026-08-11 22:38:03-07:00,202633,20.00,119325,NGXSDJXA0H80B002632,4,4,010T02,8B18438-D,EXABAHA008,1988,19,19880000,19880000,19,1988,UNDEFINED,,,,,,,,,,,,,,,,,,,,,AIO
EFUSE_Q615S1BA_010_-8_3,Q615S1BA1,X,Q615S1BA,010,-8,3,Q615S1BA_010_-8_3,,SDC2119,HDS2262,C101,8PL7CVA,Q615S1BA1,2026-08-11 22:38:03-07:00,202633,20.00,119325,NGXSDJXA0H80B002632,5,14,010T01,8B28421-D,EXABAHA008,101,1,1010001,1010000,1,101,UNDEFINED,10.5277,15.5737,6.1156,9.412,8.1285,12.2809,1.9307,2.7295,1.4956,1.5848,31.515,32.43,1.9307,2.7295,5057.257,7717.4434,6.1156|8.1285|10.5277,9.412|12.2809|15.5737,^GT:31.515%0.7%19.55,^GT:6.1156%0.7%19.55%200%8.1285%0.7%19.55%300%10.5277%0.7%19.55%400,AIO
EFUSE_Q615S1BA_010_-8_4,Q615S1BA1,X,Q615S1BA,010,-8,4,Q615S1BA_010_-8_4,,SDC2119,HDS2262,C101,8PL7CVA,Q615S1BA1,2026-08-11 22:38:03-07:00,202633,20.00,119325,NGXSDJXA0H80B002632,6,19,010T03,8B18438-D,EXABAHA008,101,1,1010001,1010000,1,101,UNDEFINED,10.4581,15.471,6.0079,9.2853,8.0351,12.1586,1.2012,2.586,1.0124,1.4584,31.7871,32.5563,1.2012,2.586,4992.5433,7635.9521,6.0079|8.0351|10.4581,9.2853|12.1586|15.471,^GT:31.7871%0.7%19.9,^GT:6.0079%0.7%19.9%200%8.0351%0.7%19.9%300%10.4581%0.7%19.9%400,AIO
EFUSE_Q615S1BA_010_-8_5,Q615S1BA1,X,Q615S1BA,010,-8,5,Q615S1BA_010_-8_5,,SDC2119,HDS2262,C101,8PL7CVA,Q615S1BA1,2026-08-11 22:38:03-07:00,202633,20.00,119325,NGXSDJXA0H80B002632,2,5,010T02,8B28421-D,EXABAHA008,301,3,3010001,3030000,3,303,UNDEFINED,10.4083,15.3723,5.9767,9.214,8.0021,12.0911,1.213,2.5075,1.1182,1.415,31.6543,32.4121,1.213,2.5075,4975.7656,7611.4514,5.9767|8.0021|10.4083,9.214|12.0911|15.3723,^GT:31.6543%0.7%19.4,^GT:5.9767%0.7%19.4%200%8.0021%0.7%19.4%300%10.4083%0.7%19.4%400,AIO
EFUSE_Q615S1BA_010_-8_6,Q615S1BA1,X,Q615S1BA,010,-8,6,Q615S1BA_010_-8_6,,SDC2119,HDS2262,C101,8PL7CVA,Q615S1BA1,2026-08-11 22:38:03-07:00,202633,20.00,119325,NGXSDJXA0H80B002632,7,16,010T01,8B28421-D,EXABAHA008,301,3,3010001,3030000,3,303,UNDEFINED,10.3046,15.1383,5.8751,8.9942,7.8917,11.8503,0.7296,2.3129,0.972,1.2964,31.6393,32.3374,0.7296,2.3129,4891.3449,7514.2477,5.8751|7.8917|10.3046,8.9942|11.8503|15.1383,^GT:31.6393%0.7%19.4,^GT:5.8751%0.7%19.4%200%7.8917%0.7%19.4%300%10.3046%0.7%19.4%400,AIO
EFUSE_Q615S1BA_010_-9_-1,Q615S1BA1,X,Q615S1BA,010,-9,-1,Q615S1BA_010_-9_-1,,SDC000,HDS000,A000,8PL7CVA,Q615S1BA1,2026-08-11 22:38:03-07:00,202633,20.00,119325,NGXSDJXA0H80B002632,4,8,010T02,,XIU000,9301,93,,930100,93,9301,UNDEFINED,,,,,,,,,,,,,,,,,,,,,AIO
EFUSE_Q615S1BA_010_-9_-2,Q615S1BA1,X,Q615S1BA,010,-9,-2,Q615S1BA_010_-9_-2,,SDC2119,HDS2262,C101,8PL7CVA,Q615S1BA1,2026-08-11 22:38:03-07:00,202633,20.00,119325,NGXSDJXA0H80B002632,4,15,010T03,8B18438-D,EXABAHA008,101,1,1010001,1010000,1,101,UNDEFINED,10.3138,15.2993,5.9005,9.1365,7.9136,12.0059,1.2438,2.471,1.3175,1.3372,31.5236,32.4358,1.2438,2.471,4898.0027,7512.9161,5.9005|7.9136|10.3138,9.1365|12.0059|15.2993,^GT:31.5236%0.7%19.35,^GT:5.9005%0.7%19.35%200%7.9136%0.7%19.35%300%10.3138%0.7%19.35%400,AIO
EFUSE_Q615S1BA_010_-9_-3,Q615S1BA1,X,Q615S1BA,010,-9,-3,Q615S1BA_010_-9_-3,,SDC2119,HDS2262,C101,8PL7CVA,Q615S1BA1,2026-08-11 22:38:03-07:00,202633,20.00,119325,NGXSDJXA0H80B002632,2,19,010T01,8B18438-D,EXABAHA008,101,1,1010001,1010000,1,101,UNDEFINED,10.2461,15.2219,5.821,9.0705,7.8518,11.9364,0.7959,2.3441,0.8933,1.267,31.6079,32.3758,0.7959,2.3441,4852.1971,7458.3222,5.821|7.8518|10.2461,9.0705|11.9364|15.2219,^GT:31.6079%0.7%19.799999999999997,^GT:5.821%0.7%19.799999999999997%200%7.8518%0.7%19.799999999999997%300%10.2461%0.7%19.799999999999997%400,AIO
EFUSE_Q615S1BA_010_-9_-4,Q615S1BA1,X,Q615S1BA,010,-9,-4,Q615S1BA_010_-9_-4,,SDC2119,HDS2262,C101,8PL7CVA,Q615S1BA1,2026-08-11 22:38:03-07:00,202633,20.00,119325,NGXSDJXA0H80B002632,6,11,010T02,8B28421-D,EXABAHA008,101,1,1010001,1010000,1,101,UNDEFINED,10.2019,15.1117,5.765,8.9637,7.7843,11.8177,1.5342,2.2642,0.8313,1.1896,31.6921,32.3579,1.5342,2.2642,4823.968,7433.0226,5.765|7.7843|10.2019,8.9637|11.8177|15.1117,^GT:31.6921%0.7%19.25,^GT:5.765%0.7%19.25%200%7.7843%0.7%19.25%300%10.2019%0.7%19.25%400,AIO
EFUSE_Q615S1BA_010_-9_-5,Q615S1BA1,X,Q615S1BA,010,-9,-5,Q615S1BA_010_-9_-5,B88040055_FAIL_TPI_SIU_STATIC_SIUP_X_ICC_K_START_X_X_X_LFM_LOWV_INFRA_650MV_0,SDC2119,HDS2262,C101,8PL7CVA,Q615S1BA1,2026-08-11 22:38:03-07:00,202633,20.00,119325,NGXSDJXA0H80B002632,2,12,010T03,8B18438-D,EXABAHA008,8804,88,88040055,88040055,88,8804,UNDEFINED,,,,,,,,,,,,,,,,,,,,,AIO
EFUSE_Q615S1BA_010_-9_0,Q615S1BA1,X,Q615S1BA,010,-9,0,Q615S1BA_010_-9_0,,SDC2119,HDS2262,C101,8PL7CVA,Q615S1BA1,2026-08-11 22:38:03-07:00,202633,20.00,119325,NGXSDJXA0H80B002632,5,17,010T01,8B28421-D,EXABAHA008,101,1,1010001,1010000,1,101,UNDEFINED,10.3442,15.3155,5.9245,9.1581,7.9542,12.0212,0.727,2.4793,1.2064,1.366,31.5693,32.4074,0.727,2.4793,4924.1012,7543.5419,5.9245|7.9542|10.3442,9.1581|12.0212|15.3155,^GT:31.5693%0.7%19.05,^GT:5.9245%0.7%19.05%200%7.9542%0.7%19.05%300%10.3442%0.7%19.05%400,AIO
EFUSE_Q615S1BA_010_-9_1,Q615S1BA1,X,Q615S1BA,010,-9,1,Q615S1BA_010_-9_1,,SDC2119,HDS2262,C101,8PL7CVA,Q615S1BA1,2026-08-11 22:38:03-07:00,202633,20.00,119325,NGXSDJXA0H80B002632,4,18,010T03,8B18438-D,EXABAHA008,101,1,1010001,1010000,1,101,UNDEFINED,10.3757,15.3771,5.9643,9.2193,7.9803,12.0949,0.9351,2.5495,0.983,1.4093,31.51,32.4095,0.9351,2.5495,4960.5859,7591.2117,5.9643|7.9803|10.3757,9.2193|12.0949|15.3771,^GT:31.51%0.7%19.45,^GT:5.9643%0.7%19.45%200%7.9803%0.7%19.45%300%10.3757%0.7%19.45%400,AIO
EFUSE_Q615S1BA_010_-9_2,Q615S1BA1,X,Q615S1BA,010,-9,2,Q615S1BA_010_-9_2,,SDC2119,HDS2262,C101,8PL7CVA,Q615S1BA1,2026-08-11 22:38:03-07:00,202633,20.00,119325,NGXSDJXA0H80B002632,4,5,010T02,8B28421-D,EXABAHA008,101,1,1010001,1010000,1,101,UNDEFINED,10.4122,15.3969,5.9865,9.2465,8.0208,12.1278,0.79,2.5487,1.1003,1.4559,31.6121,32.3705,0.79,2.5487,5004.7936,7651.3981,5.9865|8.0208|10.4122,9.2465|12.1278|15.3969,^GT:31.6121%0.7%18.85,^GT:5.9865%0.7%18.85%200%8.0208%0.7%18.85%300%10.4122%0.7%18.85%400,AIO
EFUSE_Q615S1BA_010_-9_3,Q615S1BA1,X,Q615S1BA,010,-9,3,Q615S1BA_010_-9_3,,SDC2119,HDS2262,C101,8PL7CVA,Q615S1BA1,2026-08-11 22:38:03-07:00,202633,20.00,119325,NGXSDJXA0H80B002632,5,15,010T01,8B28421-D,EXABAHA008,101,1,1010001,1010000,1,101,UNDEFINED,10.3959,15.3661,5.9586,9.2124,7.9956,12.0718,1.7004,2.5304,1.3022,1.4297,31.695,32.3879,1.7004,2.5304,4979.7603,7632.49,5.9586|7.9956|10.3959,9.2124|12.0718|15.3661,^GT:31.695%0.7%19.299999999999997,^GT:5.9586%0.7%19.299999999999997%200%7.9956%0.7%19.299999999999997%300%10.3959%0.7%19.299999999999997%400,AIO
EFUSE_Q615S1BA_010_-9_4,Q615S1BA1,X,Q615S1BA,010,-9,4,Q615S1BA_010_-9_4,,SDC2119,HDS2262,C101,8PL7CVA,Q615S1BA1,2026-08-11 22:38:03-07:00,202633,20.00,119325,NGXSDJXA0H80B002632,7,19,010T03,8B28421-D,EXABAHA008,101,1,1010001,1010000,1,101,UNDEFINED,10.3294,15.2389,5.8945,9.0821,7.9189,11.9258,1.5714,2.3933,0.975,1.3323,31.6779,32.4042,1.5714,2.3933,4912.3835,7559.787,5.8945|7.9189|10.3294,9.0821|11.9258|15.2389,^GT:31.6779%0.7%19.5,^GT:5.8945%0.7%19.5%200%7.9189%0.7%19.5%300%10.3294%0.7%19.5%400,AIO
EFUSE_Q615S1BA_010_0_-1,Q615S1BA1,X,Q615S1BA,010,0,-1,Q615S1BA_010_0_-1,,SDC2119,HDS2262,C101,8PL7CVA,Q615S1BA1,2026-08-11 22:38:03-07:00,202633,20.00,119325,NGXSDJXA0H80B002632,4,18,010T02,8B28421-D,EXABAHA008,101,1,1010001,1010000,1,101,UNDEFINED,9.9225,14.5675,5.5615,8.5469,7.5864,11.365,1.4157,1.9658,0.9997,1.0159,31.15,31.6874,1.4157,1.9657,4701.731,7373.1025,5.5615|7.5864|9.9225,8.5469|11.365|14.5675,^GT:31.15%0.7%19.3,^GT:5.5615%0.7%19.3%200%7.5864%0.7%19.3%300%9.9225%0.7%19.3%400,AIO
EFUSE_Q615S1BA_010_0_-10,Q615S1BA1,X,Q615S1BA,010,0,-10,Q615S1BA_010_0_-10,,SDC2119,HDS2262,C101,8PL7CVA,Q615S1BA1,2026-08-11 22:38:03-07:00,202633,20.00,119325,NGXSDJXA0H80B002632,1,9,010T01,8B18438-D,EXABAHA008,201,2,2010001,2020000,2,202,UNDEFINED,10.3132,15.387,5.8833,9.222,7.9101,12.0911,0.8516,2.5228,0.9238,1.3366,31.6421,32.4474,0.8516,2.5228,4964.3142,7578.4288,5.8833|7.9101|10.3132,9.222|12.0911|15.387,^GT:31.6421%0.7%19.700000000000003,^GT:5.8833%0.7%19.700000000000003%200%7.9101%0.7%19.700000000000003%300%10.3132%0.7%19.700000000000003%400,AIO
EFUSE_Q615S1BA_010_0_-11,Q615S1BA1,X,Q615S1BA,010,0,-11,Q615S1BA_010_0_-11,,SDC2119,HDS2262,C101,8PL7CVA,Q615S1BA1,2026-08-11 22:38:03-07:00,202633,20.00,119325,NGXSDJXA0H80B002632,1,12,010T03,8B28421-D,EXABAHA008,302,3,3020001,3030000,3,303,UNDEFINED,10.1258,15.0203,5.7148,8.9177,7.7416,11.7609,1.5829,2.2517,0.8161,1.1839,31.5071,32.1189,1.5829,2.2517,4846.3382,7460.1864,5.7148|7.7416|10.1258,8.9177|11.7609|15.0203,^GT:31.5071%0.7%19.25,^GT:5.7148%0.7%19.25%200%7.7416%0.7%19.25%300%10.1258%0.7%19.25%400,AIO
EFUSE_Q615S1BA_010_0_-2,Q615S1BA1,X,Q615S1BA,010,0,-2,Q615S1BA_010_0_-2,,SDC2119,HDS2262,C101,8PL7CVA,Q615S1BA1,2026-08-11 22:38:03-07:00,202633,20.00,119325,NGXSDJXA0H80B002632,4,5,010T03,8B18438-D,EXABAHA008,101,1,1010001,1010000,1,101,UNDEFINED,10.0101,14.6953,5.6594,8.6555,7.6705,11.4738,1.5999,2.077,0.9559,1.1082,31.0764,31.7884,1.5999,2.077,4813.0493,7494.8069,5.6594|7.6705|10.0101,8.6555|11.4738|14.6953,^GT:31.0764%0.7%19.9,^GT:5.6594%0.7%19.9%200%7.6705%0.7%19.9%300%10.0101%0.7%19.9%400,AIO
EFUSE_Q615S1BA_010_0_-3,Q615S1BA1,X,Q615S1BA,010,0,-3,Q615S1BA_010_0_-3,,SDC2119,HDS2262,C101,8PL7CVA,Q615S1BA1,2026-08-11 22:38:03-07:00,202633,20.00,119325,NGXSDJXA0H80B002632,3,11,010T01,8B18438-D,EXABAHA008,101,1,1010001,1010000,1,101,UNDEFINED,10.0619,14.762,5.716,8.7445,7.7301,11.5549,1.5324,2.1903,1.0827,1.1953,31.0421,31.6711,1.5324,2.1903,4901.9973,7576.2983,5.716|7.7301|10.0619,8.7445|11.5549|14.762,^GT:31.0421%0.7%20,^GT:5.716%0.7%20%200%7.7301%0.7%20%300%10.0619%0.7%20%400,AIO
EFUSE_Q615S1BA_010_0_-4,Q615S1BA1,X,Q615S1BA,010,0,-4,Q615S1BA_010_0_-4,,SDC2119,HDS2262,C101,8PL7CVA,Q615S1BA1,2026-08-11 22:38:03-07:00,202633,20.00,119325,NGXSDJXA0H80B002632,6,2,010T02,8B28421-D,EXABAHA008,101,1,1010001,1010000,1,101,UNDEFINED,10.0249,14.7491,5.6885,8.7293,7.6871,11.5491,1.3,2.2061,0.8739,1.1521,30.9743,31.6832,1.3,2.2061,4931.5579,7627.9627,5.6885|7.6871|10.0249,8.7293|11.5491|14.7491,^GT:30.9743%0.7%19.45,^GT:5.6885%0.7%19.45%200%7.6871%0.7%19.45%300%10.0249%0.7%19.45%400,AIO
EFUSE_Q615S1BA_010_0_-5,Q615S1BA1,X,Q615S1BA,010,0,-5,Q615S1BA_010_0_-5,,SDC2119,HDS2262,C101,8PL7CVA,Q615S1BA1,2026-08-11 22:38:03-07:00,202633,20.00,119325,NGXSDJXA0H80B002632,3,18,010T03,8B18438-D,EXABAHA008,101,1,1010001,1010000,1,101,UNDEFINED,10.0255,14.7642,5.6835,8.7408,7.6876,11.5616,0.6383,2.1525,1.1708,1.1548,31.0143,31.7021,0.6383,2.1525,4934.221,7634.3542,5.6835|7.6876|10.0255,8.7408|11.5616|14.7642,^GT:31.0143%0.7%20.25,^GT:5.6835%0.7%20.25%200%7.6876%0.7%20.25%300%10.0255%0.7%20.25%400,AIO
EFUSE_Q615S1BA_010_0_-6,Q615S1BA1,X,Q615S1BA,010,0,-6,Q615S1BA_010_0_-6,,SDC2119,HDS2262,C101,8PL7CVA,Q615S1BA1,2026-08-11 22:38:03-07:00,202633,20.00,119325,NGXSDJXA0H80B002632,2,9,010T01,8B18438-D,EXABAHA008,101,1,1010001,1010000,1,101,UNDEFINED,10.1044,14.9101,5.7522,8.8566,7.7522,11.6892,0.6697,2.3205,0.8456,1.2422,31.0871,31.8605,0.6697,2.3204,4998.4021,7694.008,5.7522|7.7522|10.1044,8.8566|11.6892|14.9101,^GT:31.0871%0.7%20,^GT:5.7522%0.7%20%200%7.7522%0.7%20%300%10.1044%0.7%20%400,AIO
EFUSE_Q615S1BA_010_0_-7,Q615S1BA1,X,Q615S1BA,010,0,-7,Q615S1BA_010_0_-7,,SDC2119,HDS2262,C101,8PL7CVA,Q615S1BA1,2026-08-11 22:38:03-07:00,202633,20.00,119325,NGXSDJXA0H80B002632,7,19,010T02,8B28421-D,EXABAHA008,101,1,1010001,1010000,1,101,UNDEFINED,10.1733,15.0234,5.7992,8.9665,7.8204,11.8056,0.9388,2.4002,0.8903,1.3067,31.2436,31.8784,0.9388,2.4002,5018.6418,7701.1984,5.7992|7.8204|10.1733,8.9665|11.8056|15.0234,^GT:31.2436%0.7%19.4,^GT:5.7992%0.7%19.4%200%7.8204%0.7%19.4%300%10.1733%0.7%19.4%400,AIO
EFUSE_Q615S1BA_010_0_-8,Q615S1BA1,X,Q615S1BA,010,0,-8,Q615S1BA_010_0_-8,,SDC2119,HDS2262,C101,8PL7CVA,Q615S1BA1,2026-08-11 22:38:03-07:00,202633,20.00,119325,NGXSDJXA0H80B002632,2,4,010T03,8B28421-D,EXABAHA008,101,1,1010001,1010000,1,101,UNDEFINED,10.2728,15.2456,5.8713,9.1293,7.9026,11.9814,0.7145,2.4698,1.1852,1.3491,31.4393,32.1911,0.7145,2.4698,5029.2943,7690.2796,5.8713|7.9026|10.2728,9.1293|11.9814|15.2456,^GT:31.4393%0.7%19.35,^GT:5.8713%0.7%19.35%200%7.9026%0.7%19.35%300%10.2728%0.7%19.35%400,AIO
EFUSE_Q615S1BA_010_0_-9,Q615S1BA1,X,Q615S1BA,010,0,-9,Q615S1BA_010_0_-9,,SDC2119,HDS2262,C101,8PL7CVA,Q615S1BA1,2026-08-11 22:38:03-07:00,202633,20.00,119325,NGXSDJXA0H80B002632,1,4,010T01,8B18438-D,EXABAHA008,301,3,3010001,3030000,3,303,UNDEFINED,10.3299,15.3581,5.9183,9.2266,7.9367,12.0973,0.8117,2.5373,0.9678,1.4016,31.5114,32.2711,0.8117,2.5373,5032.49,7662.3169,5.9183|7.9367|10.3299,9.2266|12.0973|15.3581,^GT:31.5114%0.7%19.799999999999997,^GT:5.9183%0.7%19.799999999999997%200%7.9367%0.7%19.799999999999997%300%10.3299%0.7%19.799999999999997%400,AIO
EFUSE_Q615S1BA_010_0_0,Q615S1BA1,X,Q615S1BA,010,0,0,Q615S1BA_010_0_0,,SDC2119,HDS2262,C101,8PL7CVA,Q615S1BA1,2026-08-11 22:38:03-07:00,202633,20.00,119325,NGXSDJXA0H80B002632,4,13,010T01,8B28421-D,EXABAHA008,301,3,3010001,3030000,3,303,UNDEFINED,9.8812,14.4811,5.5255,8.4322,7.5412,11.2597,0.3955,1.8923,0.6233,0.9412,31.1121,31.8363,0.3955,1.8923,4605.0599,7302.7963,5.5255|7.5412|9.8812,8.4322|11.2597|14.4811,^GT:31.1121%0.7%19.1,^GT:5.5255%0.7%19.1%200%7.5412%0.7%19.1%300%9.8812%0.7%19.1%400,AIO
EFUSE_Q615S1BA_010_0_1,Q615S1BA1,X,Q615S1BA,010,0,1,Q615S1BA_010_0_1,,SDC2119,HDS2262,C101,8PL7CVA,Q615S1BA1,2026-08-11 22:38:03-07:00,202633,20.00,119325,NGXSDJXA0H80B002632,5,12,010T03,8B18438-D,EXABAHA008,101,1,1010001,1010000,1,101,UNDEFINED,9.9787,14.6189,5.6013,8.5726,7.6277,11.3982,1.0869,1.9912,0.8522,1.0746,31.2671,31.8226,1.0869,1.9912,4700.9321,7394.1411,5.6013|7.6277|9.9787,8.5726|11.3982|14.6189,^GT:31.2671%0.7%19.65,^GT:5.6013%0.7%19.65%200%7.6277%0.7%19.65%300%9.9787%0.7%19.65%400,AIO
EFUSE_Q615S1BA_010_0_10,Q615S1BA1,X,Q615S1BA,010,0,10,Q615S1BA_010_0_10,,SDC2119,HDS2262,C101,8PL7CVA,Q615S1BA1,2026-08-11 22:38:03-07:00,202633,20.00,119325,NGXSDJXA0H80B002632,7,2,010T01,8B18438-D,EXABAHA008,101,1,1010001,1010000,1,101,UNDEFINED,10.2223,15.0171,5.8206,8.8994,7.8389,11.7373,1.0513,2.2455,0.9134,1.2431,31.4414,32.1984,1.0512,2.2455,4917.7097,7568.0426,5.8205|7.8389|10.2223,8.8994|11.7373|15.0171,^GT:31.4414%0.7%19.9,^GT:5.8205%0.7%19.9%200%7.8389%0.7%19.9%300%10.2223%0.7%19.9%400,AIO
EFUSE_Q615S1BA_010_0_2,Q615S1BA1,X,Q615S1BA,010,0,2,Q615S1BA_010_0_2,,SDC2119,HDS2262,C101,8PL7CVA,Q615S1BA1,2026-08-11 22:38:03-07:00,202633,20.00,119325,NGXSDJXA0H80B002632,3,5,010T02,8B18438-D,EXABAHA008,101,1,1010001,1010000,1,101,UNDEFINED,10.1097,14.7856,5.7532,8.747,7.7589,11.5609,1.6648,2.1728,0.8115,1.2071,31.1179,31.7826,1.6648,2.1728,4851.1318,7506.5246,5.7532|7.7589|10.1097,8.7469|11.5609|14.7856,^GT:31.1179%0.7%19.700000000000003,^GT:5.7532%0.7%19.700000000000003%200%7.7589%0.7%19.700000000000003%300%10.1097%0.7%19.700000000000003%400,AIO
EFUSE_Q615S1BA_010_0_3,Q615S1BA1,X,Q615S1BA,010,0,3,Q615S1BA_010_0_3,,SDC2119,HDS2262,C101,8PL7CVA,Q615S1BA1,2026-08-11 22:38:03-07:00,202633,20.00,119325,NGXSDJXA0H80B002632,5,6,010T01,8B28421-D,EXABAHA008,101,1,1010001,1010000,1,101,UNDEFINED,10.1016,14.7856,5.7606,8.7611,7.7697,11.5731,1.6157,2.1913,1.1627,1.2424,31.0071,31.7079,1.6157,2.1913,4943.5419,7624.767,5.7606|7.7697|10.1016,8.7611|11.5731|14.7856,^GT:31.0071%0.7%19.25,^GT:5.7606%0.7%19.25%200%7.7697%0.7%19.25%300%10.1016%0.7%19.25%400,AIO
EFUSE_Q615S1BA_010_0_4,Q615S1BA1,X,Q615S1BA,010,0,4,Q615S1BA_010_0_4,,SDC2119,HDS2262,C101,8PL7CVA,Q615S1BA1,2026-08-11 22:38:03-07:00,202633,20.00,119325,NGXSDJXA0H80B002632,6,11,010T03,8B18438-D,EXABAHA008,101,1,1010001,1010000,1,101,UNDEFINED,10.0335,14.6852,5.6878,8.6681,7.698,11.4955,0.8642,2.0969,1.0199,1.1421,31.0407,31.6695,0.8642,2.0969,4956.0586,7651.9308,5.6878|7.698|10.0335,8.668|11.4955|14.6852,^GT:31.0407%0.7%19.799999999999997,^GT:5.6878%0.7%19.799999999999997%200%7.698%0.7%19.799999999999997%300%10.0335%0.7%19.799999999999997%400,AIO
EFUSE_Q615S1BA_010_0_5,Q615S1BA1,X,Q615S1BA,010,0,5,Q615S1BA_010_0_5,,SDC000,HDS000,A000,8PL7CVA,Q615S1BA1,2026-08-11 22:38:03-07:00,202633,20.00,119325,NGXSDJXA0H80B002632,2,13,010T02,,XIU000,9301,93,,930100,93,9301,UNDEFINED,,,,,,,,,,,,,,,,,,,,,AIO
EFUSE_Q615S1BA_010_0_6,Q615S1BA1,X,Q615S1BA,010,0,6,Q615S1BA_010_0_6,,SDC2119,HDS2262,C101,8PL7CVA,Q615S1BA1,2026-08-11 22:38:03-07:00,202633,20.00,119325,NGXSDJXA0H80B002632,6,15,010T01,8B28421-D,EXABAHA008,101,1,1010001,1010000,1,101,UNDEFINED,10.1628,14.9139,5.8026,8.8707,7.8083,11.6831,0.7945,2.3013,0.8952,1.2759,31.1443,31.8063,0.7945,2.3013,5017.8429,7692.4101,5.8026|7.8083|10.1628,8.8707|11.6831|14.9139,^GT:31.1443%0.7%19.35,^GT:5.8026%0.7%19.35%200%7.8083%0.7%19.35%300%10.1628%0.7%19.35%400,AIO
EFUSE_Q615S1BA_010_0_7,Q615S1BA1,X,Q615S1BA,010,0,7,Q615S1BA_010_0_7,,SDC2119,HDS2262,C101,8PL7CVA,Q615S1BA1,2026-08-11 22:38:03-07:00,202633,20.00,119325,NGXSDJXA0H80B002632,7,11,010T03,8B28421-D,EXABAHA008,101,1,1010001,1010000,1,101,UNDEFINED,10.2051,15.0088,5.8174,8.9188,7.8346,11.7591,1.6087,2.2747,1.2382,1.2691,31.3407,32.0526,1.6087,2.2747,4973.3688,7637.2836,5.8174|7.8345|10.2051,8.9188|11.7591|15.0088,^GT:31.3407%0.7%19.45,^GT:5.8174%0.7%19.45%200%7.8345%0.7%19.45%300%10.2051%0.7%19.45%400,AIO
EFUSE_Q615S1BA_010_0_8,Q615S1BA1,X,Q615S1BA,010,0,8,Q615S1BA_010_0_8,,SDC2119,HDS2262,C101,8PL7CVA,Q615S1BA1,2026-08-11 22:38:03-07:00,202633,20.00,119325,NGXSDJXA0H80B002632,1,3,010T02,8B18438-D,EXABAHA008,101,1,1010001,1010000,1,101,UNDEFINED,10.223,15.0369,5.8114,8.9133,7.823,11.7748,1.0629,2.2732,1.2472,1.2391,31.5114,32.2295,1.0629,2.2732,4956.0586,7622.3702,5.8114|7.823|10.223,8.9133|11.7748|15.0369,^GT:31.5114%0.7%19.9,^GT:5.8114%0.7%19.9%200%7.823%0.7%19.9%300%10.223%0.7%19.9%400,AIO
EFUSE_Q615S1BA_010_0_9,Q615S1BA1,X,Q615S1BA,010,0,9,Q615S1BA_010_0_9,,SDC2119,HDS2262,C101,8PL7CVA,Q615S1BA1,2026-08-11 22:38:03-07:00,202633,20.00,119325,NGXSDJXA0H80B002632,7,10,010T01,8B18438-D,EXABAHA008,302,3,3020001,3030000,3,303,UNDEFINED,10.2556,15.0823,5.8369,8.9565,7.857,11.7949,1.1894,2.2691,0.8589,1.268,31.5621,32.2411,1.1894,2.2691,4931.0253,7586.9507,5.8369|7.857|10.2556,8.9565|11.7949|15.0823,^GT:31.5621%0.7%19.75,^GT:5.8369%0.7%19.75%200%7.857%0.7%19.75%300%10.2556%0.7%19.75%400,AIO
EFUSE_Q615S1BA_010_10_-1,Q615S1BA1,X,Q615S1BA,010,10,-1,Q615S1BA_010_10_-1,,SDC2119,HDS2262,C101,8PL7CVA,Q615S1BA1,2026-08-11 22:38:03-07:00,202633,20.00,119325,NGXSDJXA0H80B002632,5,11,010T02,8B18438-D,EXABAHA008,301,3,3010001,3030000,3,303,UNDEFINED,10.3303,15.3289,5.908,9.174,7.9295,12.0402,1.5202,2.4681,0.9392,1.3399,31.5879,32.3942,1.5202,2.4681,4937.6831,7577.8961,5.908|7.9295|10.3303,9.174|12.0402|15.3289,^GT:31.5879%0.7%20,^GT:5.908%0.7%20%200%7.9295%0.7%20%300%10.3303%0.7%20%400,AIO
EFUSE_Q615S1BA_010_10_-2,Q615S1BA1,X,Q615S1BA,010,10,-2,Q615S1BA_010_10_-2,,SDC2119,HDS2262,C101,8PL7CVA,Q615S1BA1,2026-08-11 22:38:03-07:00,202633,20.00,119325,NGXSDJXA0H80B002632,3,6,010T03,8B18438-D,EXABAHA008,101,1,1010001,1010000,1,101,UNDEFINED,10.3607,15.3748,5.9142,9.2005,7.9453,12.084,1.5872,2.4945,1.2617,1.3606,31.7607,32.4963,1.5872,2.4945,4957.3901,7614.9134,5.9142|7.9453|10.3607,9.2005|12.084|15.3748,^GT:31.7607%0.7%20.15,^GT:5.9142%0.7%20.15%200%7.9453%0.7%20.15%300%10.3607%0.7%20.15%400,AIO
EFUSE_Q615S1BA_010_10_-3,Q615S1BA1,X,Q615S1BA,010,10,-3,Q615S1BA_010_10_-3,,SDC2119,HDS2262,C101,8PL7CVA,Q615S1BA1,2026-08-11 22:38:03-07:00,202633,20.00,119325,NGXSDJXA0H80B002632,3,1,010T01,8B18438-D,EXABAHA008,101,1,1010001,1010000,1,101,UNDEFINED,10.3119,15.2808,5.8639,9.102,7.8971,11.9755,1.5344,2.3924,0.9676,1.2916,31.7714,32.52,1.5344,2.3924,4888.4154,7535.5526,5.8639|7.8971|10.3119,9.102|11.9755|15.2808,^GT:31.7714%0.7%20.05,^GT:5.8639%0.7%20.05%200%7.8971%0.7%20.05%300%10.3119%0.7%20.05%400,AIO
EFUSE_Q615S1BA_010_10_-4,Q615S1BA1,X,Q615S1BA,010,10,-4,Q615S1BA_010_10_-4,,SDC2119,HDS2262,C101,8PL7CVA,Q615S1BA1,2026-08-11 22:38:03-07:00,202633,20.00,119325,NGXSDJXA0H80B002632,5,9,010T02,8B18438-D,EXABAHA008,101,1,1010001,1010000,1,101,UNDEFINED,10.2516,15.2006,5.8112,9.017,7.8311,11.8852,1.3668,2.2764,1.1703,1.2055,31.7179,32.5453,1.3668,2.2764,4833.5553,7473.7683,5.8111|7.8311|10.2516,9.017|11.8852|15.2006,^GT:31.7179%0.7%20.1,^GT:5.8111%0.7%20.1%200%7.8311%0.7%20.1%300%10.2516%0.7%20.1%400,AIO
EFUSE_Q615S1BA_010_10_-5,Q615S1BA1,X,Q615S1BA,010,10,-5,Q615S1BA_010_10_-5,B81010004_FAIL_SCN_GT_GXX_CHAIN_ALL_GFXSB_K_BEGIN_HITO_GT_NOM_LFM_HVM_4,SDC2119,HDS2262,C101,8PL7CVA,Q615S1BA1,2026-08-11 22:38:03-07:00,202633,20.00,119325,NGXSDJXA0H80B002632,3,8,010T03,8B28421-D,EXABAHA008,8101,81,81010004,81010004,81,8101,UNDEFINED,10.162,15.0143,5.7292,8.8659,7.7487,11.7218,0.7391,2.1576,1.102,1.1184,31.6629,32.36,0.7391,2.1576,4771.771,7400.7989,5.7292|7.7487|10.162,8.8659|11.7218|15.0143,^GT:31.6629%0.7%19.55,^GT:5.7292%0.7%19.55%200%7.7487%0.7%19.55%300%10.162%0.7%19.55%400,AIO
EFUSE_Q615S1BA_010_10_0,Q615S1BA1,X,Q615S1BA,010,10,0,Q615S1BA_010_10_0,B82020000_FAIL_SCN_GT_GXX_CTRL_X_GFXAGG_K_BEGIN_X_X_X_X_X_EVALUATE_4,SDC2119,HDS2262,C101,8PL7CVA,Q615S1BA1,2026-08-11 22:38:03-07:00,202633,20.00,119325,NGXSDJXA0H80B002632,4,2,010T01,8B28421-D,EXABAHA008,8202,82,82020000,82020000,82,8202,UNDEFINED,10.2691,15.2373,5.8491,9.0901,7.8786,11.9379,0.6713,2.3959,1.2629,1.2989,31.5714,32.3537,0.6713,2.3959,4907.3236,7548.0692,5.8491|7.8786|10.2691,9.0901|11.9379|15.2373,^GT:31.5714%0.7%20.05,^GT:5.8491%0.7%20.05%200%7.8786%0.7%20.05%300%10.2691%0.7%20.05%400,AIO
EFUSE_Q615S1BA_010_10_1,Q615S1BA1,X,Q615S1BA,010,10,1,Q615S1BA_010_10_1,B65000018_FAIL_ARR_GT_GXX_ARR_GT_SCBD_K_END_X_X_NOM_X_LSA_KS_0,SDC2119,HDS2262,C101,8PL7CVA,Q615S1BA1,2026-08-11 22:38:03-07:00,202633,20.00,119325,NGXSDJXA0H80B002632,5,2,010T03,8B18438-D,EXABAHA008,6500,65,65000018,65000018,65,6500,UNDEFINED,10.259,15.2058,5.8332,9.0628,7.8593,11.9175,0.9146,2.3694,0.9063,1.2812,31.6129,32.3316,0.9146,2.3694,4891.0786,7530.2264,5.8332|7.8593|10.259,9.0628|11.9175|15.2058,^GT:31.6129%0.7%20.1,^GT:5.8332%0.7%20.1%200%7.8593%0.7%20.1%300%10.259%0.7%20.1%400,AIO
EFUSE_Q615S1BA_010_10_2,Q615S1BA1,X,Q615S1BA,010,10,2,Q615S1BA_010_10_2,B99242480_FAIL_PTH_ACM_GXXX_ACM_X_CTVDEC_K_END_X_X_MIN_X_TAPBABYSTEPS_N2,SDC2119,HDS2262,C101,8PL7CVA,Q615S1BA1,2026-08-11 22:38:03-07:00,202633,20.00,119325,NGXSDJXA0H80B002632,3,15,010T02,8B28421-D,EXABAHA008,9924,99,99242480,99242480,99,9924,UNDEFINED,10.2848,15.1928,5.8511,9.0669,7.8836,11.9341,1.1781,2.3896,0.9037,1.2968,31.6693,32.2416,1.1781,2.3896,4903.3289,7542.4767,5.8511|7.8836|10.2848,9.0669|11.9341|15.1928,^GT:31.6693%0.7%19.75,^GT:5.8511%0.7%19.75%200%7.8836%0.7%19.75%300%10.2848%0.7%19.75%400,AIO
EFUSE_Q615S1BA_010_10_3,Q615S1BA1,X,Q615S1BA,010,10,3,Q615S1BA_010_10_3,,SDC2119,HDS2262,C101,8PL7CVA,Q615S1BA1,2026-08-11 22:38:03-07:00,202633,20.00,119325,NGXSDJXA0H80B002632,6,5,010T01,8B18438-D,EXABAHA008,302,3,3020001,3030000,3,303,UNDEFINED,10.2874,15.1592,5.8433,9.0128,7.8773,11.8704,0.6767,2.3519,0.8661,1.2695,31.7436,32.3495,0.6767,2.3519,4897.2037,7528.0959,5.8433|7.8773|10.2874,9.0128|11.8704|15.1592,^GT:31.7436%0.7%20.1,^GT:5.8433%0.7%20.1%200%7.8773%0.7%20.1%300%10.2874%0.7%20.1%400,AIO
EFUSE_Q615S1BA_010_10_4,Q615S1BA1,X,Q615S1BA,010,10,4,Q615S1BA_010_10_4,,SDC2119,HDS2262,C101,8PL7CVA,Q615S1BA1,2026-08-11 22:38:03-07:00,202633,20.00,119325,NGXSDJXA0H80B002632,6,1,010T03,8B18438-D,EXABAHA008,101,1,1010001,1010000,1,101,UNDEFINED,10.2309,15.0549,5.7988,8.8911,7.821,11.7521,0.8204,2.2077,0.8426,1.1967,31.6579,32.4411,0.8204,2.2077,4831.6911,7453.2623,5.7988|7.821|10.2309,8.8911|11.7521|15.0549,^GT:31.6579%0.7%20,^GT:5.7988%0.7%20%200%7.821%0.7%20%300%10.2309%0.7%20%400,AIO
EFUSE_Q615S1BA_010_11_-1,Q615S1BA1,X,Q615S1BA,010,11,-1,Q615S1BA_010_11_-1,,SDC2119,HDS2262,C101,8PL7CVA,Q615S1BA1,2026-08-11 22:38:03-07:00,202633,20.00,119325,NGXSDJXA0H80B002632,5,10,010T02,8B18438-D,EXABAHA008,101,1,1010001,1010000,1,101,UNDEFINED,10.1783,15.0637,5.7652,8.9244,7.7767,11.7719,0.8571,2.2655,0.7677,1.1777,31.5221,32.3121,0.8571,2.2655,4809.8535,7408.7883,5.7652|7.7767|10.1783,8.9244|11.7719|15.0637,^GT:31.5221%0.7%19.9,^GT:5.7652%0.7%19.9%200%7.7767%0.7%19.9%300%10.1783%0.7%19.9%400,AIO
EFUSE_Q615S1BA_010_11_-2,Q615S1BA1,X,Q615S1BA,010,11,-2,Q615S1BA_010_11_-2,B65000018_FAIL_ARR_GT_GXX_ARR_GT_SCBD_K_END_X_X_NOM_X_LSA_KS_0,SDC2119,HDS2262,C101,8PL7CVA,Q615S1BA1,2026-08-11 22:38:03-07:00,202633,20.00,119325,NGXSDJXA0H80B002632,3,7,010T03,8B28421-D,EXABAHA008,6500,65,65000018,65000018,65,6500,UNDEFINED,10.1767,15.0432,5.7481,8.9107,7.7653,11.7494,0.5651,2.2194,0.8674,1.1767,31.6329,32.2763,0.5651,2.2194,4820.7723,7441.8109,5.7481|7.7653|10.1767,8.9107|11.7494|15.0432,^GT:31.6329%0.7%19.799999999999997,^GT:5.7481%0.7%19.799999999999997%200%7.7653%0.7%19.799999999999997%300%10.1767%0.7%19.799999999999997%400,AIO
EFUSE_Q615S1BA_010_11_0,Q615S1BA1,X,Q615S1BA,010,11,0,Q615S1BA_010_11_0,,SDC2119,HDS2262,C101,8PL7CVA,Q615S1BA1,2026-08-11 22:38:03-07:00,202633,20.00,119325,NGXSDJXA0H80B002632,4,1,010T01,8B28421-D,EXABAHA008,302,3,3020001,3030000,3,303,UNDEFINED,10.1307,14.9636,5.6892,8.8117,7.7229,11.6697,1.5384,2.1191,0.9622,1.1019,31.725,32.3784,1.5384,2.1191,4749.4008,7345.1398,5.6892|7.7229|10.1307,8.8117|11.6697|14.9636,^GT:31.725%0.7%19.05,^GT:5.6892%0.7%19.05%200%7.7229%0.7%19.05%300%10.1307%0.7%19.05%400,AIO
EFUSE_Q615S1BA_010_11_1,Q615S1BA1,X,Q615S1BA,010,11,1,Q615S1BA_010_11_1,,SDC2119,HDS2262,C101,8PL7CVA,Q615S1BA1,2026-08-11 22:38:03-07:00,202633,20.00,119325,NGXSDJXA0H80B002632,5,1,010T03,8B28421-D,EXABAHA008,201,2,2010001,2020000,2,202,UNDEFINED,10.0749,14.8699,5.6701,8.7355,7.6829,11.5855,1.4853,2.0659,0.9474,1.0597,31.4629,32.2863,1.4853,2.0659,4735.5526,7325.6991,5.6701|7.6829|10.0749,8.7355|11.5855|14.8699,^GT:31.4629%0.7%19.15,^GT:5.6701%0.7%19.15%200%7.6829%0.7%19.15%300%10.0749%0.7%19.15%400,AIO
EFUSE_Q615S1BA_010_11_2,Q615S1BA1,X,Q615S1BA,010,11,2,Q615S1BA_010_11_2,B65000277_FAIL_ARR_GT_GXX_ARR_GT_GFXAGG_K_BEGIN_X_X_X_X_ARRSKUEVALUATE_4,SDC2119,HDS2262,C101,8PL7CVA,Q615S1BA1,2026-08-11 22:38:03-07:00,202633,20.00,119325,NGXSDJXA0H80B002632,3,16,010T02,8B18438-D,EXABAHA008,6500,65,65000277,65000277,65,6500,UNDEFINED,10.2428,15.0424,5.8536,8.9588,7.865,11.7676,1.6006,2.2945,0.9167,1.2983,31.3514,32.0189,1.6006,2.2945,4742.743,7347.5366,5.8536|7.865|10.2428,8.9588|11.7676|15.0424,^GT:31.3514%0.7%19.799999999999997,^GT:5.8536%0.7%19.799999999999997%200%7.865%0.7%19.799999999999997%300%10.2428%0.7%19.799999999999997%400,AIO
EFUSE_Q615S1BA_010_1_-1,Q615S1BA1,X,Q615S1BA,010,1,-1,Q615S1BA_010_1_-1,B82020000_FAIL_SCN_GT_GXX_CTRL_X_GFXAGG_K_BEGIN_X_X_X_X_X_EVALUATE_4,SDC2119,HDS2262,C101,8PL7CVA,Q615S1BA1,2026-08-11 22:38:03-07:00,202633,20.00,119325,NGXSDJXA0H80B002632,4,19,010T02,8B18438-D,EXABAHA008,8202,82,82020000,82020000,82,8202,UNDEFINED,9.9055,14.5656,5.5574,8.5395,7.5731,11.3558,0.7097,1.9621,0.8068,1.0111,31.0586,31.7163,0.7097,1.9621,4689.2144,7372.8362,5.5573|7.5731|9.9055,8.5395|11.3558|14.5656,^GT:31.0586%0.7%19.799999999999997,^GT:5.5573%0.7%19.799999999999997%200%7.5731%0.7%19.799999999999997%300%9.9055%0.7%19.799999999999997%400,AIO
EFUSE_Q615S1BA_010_1_-10,Q615S1BA1,X,Q615S1BA,010,1,-10,Q615S1BA_010_1_-10,,SDC2119,HDS2262,C101,8PL7CVA,Q615S1BA1,2026-08-11 22:38:03-07:00,202633,20.00,119325,NGXSDJXA0H80B002632,7,4,010T02,8B28421-D,EXABAHA008,101,1,1010001,1010000,1,101,UNDEFINED,10.3197,15.3937,5.8862,9.2397,7.9147,12.1037,0.8655,2.5464,0.9633,1.347,31.6679,32.3895,0.8655,2.5463,4948.0692,7570.1731,5.8862|7.9147|10.3197,9.2397|12.1037|15.3937,^GT:31.6679%0.7%19.45,^GT:5.8862%0.7%19.45%200%7.9147%0.7%19.45%300%10.3197%0.7%19.45%400,AIO
EFUSE_Q615S1BA_010_1_-11,Q615S1BA1,X,Q615S1BA,010,1,-11,Q615S1BA_010_1_-11,B19880170_FAIL_TPI_SIU_STATIC_SIUP_X_ICC_K_START_X_X_X_LFM_LOWV_INFRA_650MV_2,SDC2119,HDS2262,C101,8PL7CVA,Q615S1BA1,2026-08-11 22:38:03-07:00,202633,20.00,119325,NGXSDJXA0H80B002632,7,2,010T02,8B18438-D,EXABAHA008,1988,19,19880170,19880170,19,1988,UNDEFINED,,,,,,,,,,,,,,,,,,,,,AIO
EFUSE_Q615S1BA_010_1_-2,Q615S1BA1,X,Q615S1BA,010,1,-2,Q615S1BA_010_1_-2,,SDC2119,HDS2262,C101,8PL7CVA,Q615S1BA1,2026-08-11 22:38:03-07:00,202633,20.00,119325,NGXSDJXA0H80B002632,4,4,010T03,8B28421-D,EXABAHA008,101,1,1010001,1010000,1,101,UNDEFINED,9.9731,14.6552,5.6251,8.6066,7.6348,11.4262,1.5591,2.0161,0.6725,1.0748,31.0571,31.8347,1.5591,2.0161,4798.4021,7478.5619,5.6251|7.6348|9.9731,8.6066|11.4262|14.6552,^GT:31.0571%0.7%19.15,^GT:5.6251%0.7%19.15%200%7.6348%0.7%19.15%300%9.9731%0.7%19.15%400,AIO
EFUSE_Q615S1BA_010_1_-3,Q615S1BA1,X,Q615S1BA,010,1,-3,Q615S1BA_010_1_-3,,SDC2119,HDS2262,C101,8PL7CVA,Q615S1BA1,2026-08-11 22:38:03-07:00,202633,20.00,119325,NGXSDJXA0H80B002632,3,10,010T01,8B28421-D,EXABAHA008,101,1,1010001,1010000,1,101,UNDEFINED,10.0387,14.732,5.6947,8.7166,7.6989,11.5286,1.5471,2.1389,1.146,1.1579,31.0286,31.66,1.5471,2.1389,4886.285,7566.9774,5.6947|7.6989|10.0387,8.7166|11.5286|14.732,^GT:31.0286%0.7%18.95,^GT:5.6947%0.7%18.95%200%7.6989%0.7%18.95%300%10.0387%0.7%18.95%400,AIO
EFUSE_Q615S1BA_010_1_-4,Q615S1BA1,X,Q615S1BA,010,1,-4,Q615S1BA_010_1_-4,,SDC2119,HDS2262,C101,8PL7CVA,Q615S1BA1,2026-08-11 22:38:03-07:00,202633,20.00,119325,NGXSDJXA0H80B002632,6,1,010T02,8B18438-D,EXABAHA008,301,3,3010001,3030000,3,303,UNDEFINED,10.054,14.784,5.7071,8.7457,7.7254,11.5765,1.527,2.2176,0.7857,1.1926,31.0493,31.7805,1.527,2.2175,4931.8242,7636.751,5.7071|7.7254|10.054,8.7457|11.5765|14.784,^GT:31.0493%0.7%19.5,^GT:5.7071%0.7%19.5%200%7.7254%0.7%19.5%300%10.054%0.7%19.5%400,AIO
EFUSE_Q615S1BA_010_1_-5,Q615S1BA1,X,Q615S1BA,010,1,-5,Q615S1BA_010_1_-5,,SDC2119,HDS2262,C101,8PL7CVA,Q615S1BA1,2026-08-11 22:38:03-07:00,202633,20.00,119325,NGXSDJXA0H80B002632,3,17,010T03,8B18438-D,EXABAHA008,101,1,1010001,1010000,1,101,UNDEFINED,9.9969,14.7274,5.6554,8.686,7.6628,11.5148,1.107,2.1282,1.093,1.1263,31.0107,31.7968,1.107,2.1282,4925.4328,7625.0333,5.6554|7.6628|9.9969,8.686|11.5148|14.7274,^GT:31.0107%0.7%19.6,^GT:5.6554%0.7%19.6%200%7.6628%0.7%19.6%300%9.9969%0.7%19.6%400,AIO
EFUSE_Q615S1BA_010_1_-6,Q615S1BA1,X,Q615S1BA,010,1,-6,Q615S1BA_010_1_-6,,SDC2119,HDS2262,C101,8PL7CVA,Q615S1BA1,2026-08-11 22:38:03-07:00,202633,20.00,119325,NGXSDJXA0H80B002632,2,8,010T01,8B28421-D,EXABAHA008,101,1,1010001,1010000,1,101,UNDEFINED,10.0816,14.8767,5.7348,8.8298,7.7425,11.6646,1.6607,2.2916,1.2214,1.2121,31.0486,31.8258,1.6607,2.2916,4989.0812,7679.6272,5.7348|7.7425|10.0816,8.8298|11.6646|14.8767,^GT:31.0486%0.7%19.1,^GT:5.7348%0.7%19.1%200%7.7425%0.7%19.1%300%10.0816%0.7%19.1%400,AIO
EFUSE_Q615S1BA_010_1_-7,Q615S1BA1,X,Q615S1BA,010,1,-7,Q615S1BA_010_1_-7,,SDC2119,HDS2262,C101,8PL7CVA,Q615S1BA1,2026-08-11 22:38:03-07:00,202633,20.00,119325,NGXSDJXA0H80B002632,7,18,010T02,8B18438-D,EXABAHA008,101,1,1010001,1010000,1,101,UNDEFINED,10.1624,15.0333,5.7982,8.9556,7.8134,11.8113,0.9999,2.3848,1.0288,1.2894,31.1729,31.9879,0.9999,2.3848,4997.6032,7665.5126,5.7982|7.8134|10.1624,8.9556|11.8113|15.0333,^GT:31.1729%0.7%19.45,^GT:5.7982%0.7%19.45%200%7.8134%0.7%19.45%300%10.1624%0.7%19.45%400,AIO
EFUSE_Q615S1BA_010_1_-8,Q615S1BA1,X,Q615S1BA,010,1,-8,Q615S1BA_010_1_-8,,SDC2119,HDS2262,C101,8PL7CVA,Q615S1BA1,2026-08-11 22:38:03-07:00,202633,20.00,119325,NGXSDJXA0H80B002632,2,3,010T03,8B28421-D,EXABAHA008,101,1,1010001,1010000,1,101,UNDEFINED,10.2969,15.3,5.8944,9.1826,7.9083,12.0341,1.1659,2.5103,1.0486,1.359,31.4464,32.1974,1.1659,2.5103,5027.9627,7684.4208,5.8944|7.9083|10.2969,9.1825|12.0341|15.3,^GT:31.4464%0.7%19.65,^GT:5.8944%0.7%19.65%200%7.9083%0.7%19.65%300%10.2969%0.7%19.65%400,AIO
EFUSE_Q615S1BA_010_1_-9,Q615S1BA1,X,Q615S1BA,010,1,-9,Q615S1BA_010_1_-9,,SDC2119,HDS2262,C101,8PL7CVA,Q615S1BA1,2026-08-11 22:38:03-07:00,202633,20.00,119325,NGXSDJXA0H80B002632,1,7,010T03,8B28421-D,EXABAHA008,301,3,3010001,3030000,3,303,UNDEFINED,10.3572,15.4237,5.9345,9.2733,7.958,12.1375,0.7744,2.5723,1.1425,1.4144,31.5907,32.3705,0.7744,2.5723,5016.245,7650.0666,5.9345|7.958|10.3572,9.2733|12.1375|15.4237,^GT:31.5907%0.7%19.700000000000003,^GT:5.9345%0.7%19.700000000000003%200%7.958%0.7%19.700000000000003%300%10.3572%0.7%19.700000000000003%400,AIO
EFUSE_Q615S1BA_010_1_0,Q615S1BA1,X,Q615S1BA,010,1,0,Q615S1BA_010_1_0,,SDC2119,HDS2262,C101,8PL7CVA,Q615S1BA1,2026-08-11 22:38:03-07:00,202633,20.00,119325,NGXSDJXA0H80B002632,4,12,010T01,8B28421-D,EXABAHA008,101,1,1010001,1010000,1,101,UNDEFINED,9.9093,14.5207,5.5457,8.4851,7.5507,11.3088,0.8866,1.8862,0.7596,0.9664,31.1686,31.7663,0.8866,1.8862,4631.6911,7334.4874,5.5457|7.5507|9.9093,8.4851|11.3088|14.5207,^GT:31.1686%0.7%19.45,^GT:5.5457%0.7%19.45%200%7.5507%0.7%19.45%300%9.9093%0.7%19.45%400,AIO
EFUSE_Q615S1BA_010_1_1,Q615S1BA1,X,Q615S1BA,010,1,1,Q615S1BA_010_1_1,,SDC2119,HDS2262,C101,8PL7CVA,Q615S1BA1,2026-08-11 22:38:03-07:00,202633,20.00,119325,NGXSDJXA0H80B002632,5,11,010T03,8B18438-D,EXABAHA008,101,1,1010001,1010000,1,101,UNDEFINED,9.9629,14.5966,5.5939,8.5364,7.615,11.3695,1.097,1.9449,1.0669,1.041,31.2071,31.8958,1.097,1.9449,4730.759,7414.6471,5.5939|7.615|9.9629,8.5364|11.3695|14.5966,^GT:31.2071%0.7%19.8,^GT:5.5939%0.7%19.8%200%7.615%0.7%19.8%300%9.9629%0.7%19.8%400,AIO
EFUSE_Q615S1BA_010_1_10,Q615S1BA1,X,Q615S1BA,010,1,10,Q615S1BA_010_1_10,,SDC2119,HDS2262,C101,8PL7CVA,Q615S1BA1,2026-08-11 22:38:03-07:00,202633,20.00,119325,NGXSDJXA0H80B002632,1,12,010T02,8B18438-D,EXABAHA008,101,1,1010001,1010000,1,101,UNDEFINED,10.2581,15.0534,5.8484,8.9194,7.8776,11.7632,0.9688,2.2353,0.8631,1.2632,31.4979,32.2842,0.9688,2.2353,4933.4221,7578.9614,5.8484|7.8776|10.2581,8.9194|11.7632|15.0534,^GT:31.4979%0.7%19.65,^GT:5.8484%0.7%19.65%200%7.8776%0.7%19.65%300%10.2581%0.7%19.65%400,AIO
EFUSE_Q615S1BA_010_1_2,Q615S1BA1,X,Q615S1BA,010,1,2,Q615S1BA_010_1_2,,SDC2119,HDS2262,C101,8PL7CVA,Q615S1BA1,2026-08-11 22:38:03-07:00,202633,20.00,119325,NGXSDJXA0H80B002632,3,6,010T02,8B28421-D,EXABAHA008,301,3,3010001,3030000,3,303,UNDEFINED,10.0932,14.7409,5.7393,8.7081,7.7568,11.5257,1.4108,2.12,1.0491,1.1813,31.0993,31.7516,1.4108,2.1199,4867.1105,7523.5686,5.7393|7.7568|10.0932,8.7081|11.5257|14.7409,^GT:31.0993%0.7%18.85,^GT:5.7393%0.7%18.85%200%7.7568%0.7%18.85%300%10.0932%0.7%18.85%400,AIO
EFUSE_Q615S1BA_010_1_3,Q615S1BA1,X,Q615S1BA,010,1,3,Q615S1BA_010_1_3,,SDC2119,HDS2262,C101,8PL7CVA,Q615S1BA1,2026-08-11 22:38:03-07:00,202633,20.00,119325,NGXSDJXA0H80B002632,5,5,010T01,8B18438-D,EXABAHA008,301,3,3010001,3030000,3,303,UNDEFINED,10.1172,14.8048,5.7766,8.7695,7.7865,11.5843,1.1929,2.232,0.8685,1.2393,31.0043,31.7647,1.1929,2.232,4938.2157,7609.8535,5.7766|7.7865|10.1172,8.7695|11.5843|14.8048,^GT:31.0043%0.7%19.799999999999997,^GT:5.7766%0.7%19.799999999999997%200%7.7865%0.7%19.799999999999997%300%10.1172%0.7%19.799999999999997%400,AIO
EFUSE_Q615S1BA_010_1_4,Q615S1BA1,X,Q615S1BA,010,1,4,Q615S1BA_010_1_4,,SDC2119,HDS2262,C101,8PL7CVA,Q615S1BA1,2026-08-11 22:38:03-07:00,202633,20.00,119325,NGXSDJXA0H80B002632,6,10,010T03,8B28421-D,EXABAHA008,101,1,1010001,1010000,1,101,UNDEFINED,9.9997,14.6636,5.6496,8.6348,7.6686,11.4535,1.0186,2.078,1.1195,1.12,31.0721,31.7305,1.0186,2.078,4925.4328,7630.6258,5.6496|7.6686|9.9997,8.6348|11.4535|14.6636,^GT:31.0721%0.7%19.1,^GT:5.6496%0.7%19.1%200%7.6686%0.7%19.1%300%9.9997%0.7%19.1%400,AIO
EFUSE_Q615S1BA_010_1_5,Q615S1BA1,X,Q615S1BA,010,1,5,Q615S1BA_010_1_5,,SDC2119,HDS2262,C101,8PL7CVA,Q615S1BA1,2026-08-11 22:38:03-07:00,202633,20.00,119325,NGXSDJXA0H80B002632,2,14,010T02,8B28421-D,EXABAHA008,101,1,1010001,1010000,1,101,UNDEFINED,10.0616,14.7577,5.7092,8.7194,7.7245,11.5327,1.62,2.1508,1.0142,1.1851,31.0886,31.7805,1.62,2.1508,4987.217,7677.763,5.7092|7.7245|10.0616,8.7194|11.5327|14.7577,^GT:31.0886%0.7%19.35,^GT:5.7092%0.7%19.35%200%7.7245%0.7%19.35%300%10.0616%0.7%19.35%400,AIO
EFUSE_Q615S1BA_010_1_6,Q615S1BA1,X,Q615S1BA,010,1,6,Q615S1BA_010_1_6,,SDC2119,HDS2262,C101,8PL7CVA,Q615S1BA1,2026-08-11 22:38:03-07:00,202633,20.00,119325,NGXSDJXA0H80B002632,6,14,010T01,8B28421-D,EXABAHA008,101,1,1010001,1010000,1,101,UNDEFINED,10.0985,14.8246,5.7399,8.7727,7.7595,11.6037,0.6378,2.2028,1.0931,1.2041,31.1329,31.8521,0.6378,2.2028,4973.3688,7642.3435,5.7399|7.7595|10.0985,8.7727|11.6037|14.8246,^GT:31.1329%0.7%19.35,^GT:5.7399%0.7%19.35%200%7.7595%0.7%19.35%300%10.0985%0.7%19.35%400,AIO
EFUSE_Q615S1BA_010_1_7,Q615S1BA1,X,Q615S1BA,010,1,7,Q615S1BA_010_1_7,,SDC2119,HDS2262,C101,8PL7CVA,Q615S1BA1,2026-08-11 22:38:03-07:00,202633,20.00,119325,NGXSDJXA0H80B002632,7,10,010T03,8B18438-D,EXABAHA008,101,1,1010001,1010000,1,101,UNDEFINED,10.106,14.8526,5.714,8.7753,7.7338,11.5985,1.6541,2.1476,0.7894,1.17,31.3714,31.9858,1.6541,2.1476,4934.4874,7584.2876,5.714|7.7338|10.106,8.7753|11.5985|14.8526,^GT:31.3714%0.7%19.35,^GT:5.714%0.7%19.35%200%7.7338%0.7%19.35%300%10.106%0.7%19.35%400,AIO
EFUSE_Q615S1BA_010_1_8,Q615S1BA1,X,Q615S1BA,010,1,8,Q615S1BA_010_1_8,,SDC2119,HDS2262,C101,8PL7CVA,Q615S1BA1,2026-08-11 22:38:03-07:00,202633,20.00,119325,NGXSDJXA0H80B002632,1,4,010T02,8B28421-D,EXABAHA008,101,1,1010001,1010000,1,101,UNDEFINED,10.2168,15.0291,5.8123,8.9126,7.8232,11.7431,1.3467,2.2442,1.1027,1.2437,31.4607,32.1926,1.3467,2.2442,4931.2916,7589.0812,5.8123|7.8232|10.2168,8.9125|11.7431|15.0291,^GT:31.4607%0.7%19.799999999999997,^GT:5.8123%0.7%19.799999999999997%200%7.8232%0.7%19.799999999999997%300%10.2168%0.7%19.799999999999997%400,AIO
EFUSE_Q615S1BA_010_1_9,Q615S1BA1,X,Q615S1BA,010,1,9,Q615S1BA_010_1_9,B65210000_FAIL_ARR_GT_GXX_LSA_GT_VMIN_K_PREHVQK_X_X_NOM_X_ALL_LSA_0,SDC2119,HDS2262,C101,8PL7CVA,Q615S1BA1,2026-08-11 22:38:03-07:00,202633,20.00,119325,NGXSDJXA0H80B002632,7,9,010T01,8B18438-D,EXABAHA008,6521,65,65210000,65210000,65,6521,UNDEFINED,10.2029,15.0239,5.7977,8.9068,7.8134,11.7427,0.7058,2.2544,1.2401,1.2339,31.4657,32.1953,0.7058,2.2544,4919.0413,7568.5752,5.7977|7.8134|10.2029,8.9068|11.7427|15.0239,^GT:31.4657%0.7%19.45,^GT:5.7977%0.7%19.45%200%7.8134%0.7%19.45%300%10.2029%0.7%19.45%400,AIO
EFUSE_Q615S1BA_010_2_-1,Q615S1BA1,X,Q615S1BA,010,2,-1,Q615S1BA_010_2_-1,,SDC2119,HDS2262,C101,8PL7CVA,Q615S1BA1,2026-08-11 22:38:03-07:00,202633,20.00,119325,NGXSDJXA0H80B002632,5,19,010T02,8B28421-D,EXABAHA008,101,1,1010001,1010000,1,101,UNDEFINED,10.024,14.7144,5.672,8.6854,7.6865,11.5098,0.6307,2.1223,1.1125,1.1206,31.0857,31.7316,0.6307,2.1223,4802.1305,7483.6218,5.672|7.6865|10.024,8.6854|11.5098|14.7144,^GT:31.0857%0.7%19.45,^GT:5.672%0.7%19.45%200%7.6865%0.7%19.45%300%10.024%0.7%19.45%400,AIO
EFUSE_Q615S1BA_010_2_-10,Q615S1BA1,X,Q615S1BA,010,2,-10,Q615S1BA_010_2_-10,,SDC2119,HDS2262,C101,8PL7CVA,Q615S1BA1,2026-08-11 22:38:03-07:00,202633,20.00,119325,NGXSDJXA0H80B002632,1,10,010T01,8B28421-D,EXABAHA008,101,1,1010001,1010000,1,101,UNDEFINED,10.2812,15.3188,5.8533,9.1614,7.8632,12.0257,0.9331,2.4591,1.2625,1.3043,31.6279,32.4074,0.9331,2.459,4932.6232,7574.4341,5.8533|7.8632|10.2812,9.1614|12.0257|15.3188,^GT:31.6279%0.7%19.299999999999997,^GT:5.8533%0.7%19.299999999999997%200%7.8632%0.7%19.299999999999997%300%10.2812%0.7%19.299999999999997%400,AIO
EFUSE_Q615S1BA_010_2_-11,Q615S1BA1,X,Q615S1BA,010,2,-11,Q615S1BA_010_2_-11,,SDC2119,HDS2262,C101,8PL7CVA,Q615S1BA1,2026-08-11 22:38:03-07:00,202633,20.00,119325,NGXSDJXA0H80B002632,1,12,010T01,8B18438-D,EXABAHA008,101,1,1010001,1010000,1,101,UNDEFINED,10.0399,14.9211,5.6495,8.8272,7.6536,11.6477,0.5178,2.1612,0.7589,1.1199,31.36,32.0732,0.5178,2.1612,4796.2716,7422.9028,5.6495|7.6536|10.0399,8.8272|11.6477|14.9211,^GT:31.36%0.7%19.799999999999997,^GT:5.6495%0.7%19.799999999999997%200%7.6536%0.7%19.799999999999997%300%10.0399%0.7%19.799999999999997%400,AIO
EFUSE_Q615S1BA_010_2_-2,Q615S1BA1,X,Q615S1BA,010,2,-2,Q615S1BA_010_2_-2,,SDC2119,HDS2262,C101,8PL7CVA,Q615S1BA1,2026-08-11 22:38:03-07:00,202633,20.00,119325,NGXSDJXA0H80B002632,4,3,010T03,8B28421-D,EXABAHA008,101,1,1010001,1010000,1,101,UNDEFINED,10.0862,14.8032,5.7292,8.7695,7.7381,11.5835,1.3761,2.1943,1.1354,1.1835,31.1214,31.7563,1.3761,2.1943,4861.7843,7548.8682,5.7292|7.7381|10.0862,8.7695|11.5835|14.8032,^GT:31.1214%0.7%19.25,^GT:5.7292%0.7%19.25%200%7.7381%0.7%19.25%300%10.0862%0.7%19.25%400,AIO
EFUSE_Q615S1BA_010_2_-3,Q615S1BA1,X,Q615S1BA,010,2,-3,Q615S1BA_010_2_-3,B99880012_FAIL_TPI_SIU_STATIC_CTRL_X_PWRDWN_K_STRESS_X_X_X_X_LOWV_BFL_N2,SDC2119,HDS2262,C101,8PL7CVA,Q615S1BA1,2026-08-11 22:38:03-07:00,202633,20.00,119325,NGXSDJXA0H80B002632,3,9,010T01,8B28421-D,EXABAHA008,9988,99,99880012,99880012,99,9988,UNDEFINED,10.1279,14.8572,5.7641,8.8382,7.7906,11.6544,0.7087,2.2366,1.2727,1.2453,31.17,31.6789,0.7087,2.2366,4926.498,7611.1851,5.7641|7.7906|10.1279,8.8382|11.6544|14.8572,^GT:31.17%0.7%19.45,^GT:5.7641%0.7%19.45%200%7.7906%0.7%19.45%300%10.1279%0.7%19.45%400,AIO
EFUSE_Q615S1BA_010_2_-4,Q615S1BA1,X,Q615S1BA,010,2,-4,Q615S1BA_010_2_-4,,SDC2119,HDS2262,C101,8PL7CVA,Q615S1BA1,2026-08-11 22:38:03-07:00,202633,20.00,119325,NGXSDJXA0H80B002632,5,1,010T02,8B18438-D,EXABAHA008,101,1,1010001,1010000,1,101,UNDEFINED,10.0601,14.8071,5.7063,8.7596,7.7164,11.5909,0.9126,2.2097,0.9686,1.1777,31.0986,31.8289,0.9126,2.2097,4904.6605,7602.3968,5.7063|7.7164|10.0601,8.7596|11.5909|14.8071,^GT:31.0986%0.7%20.049999999999997,^GT:5.7063%0.7%20.049999999999997%200%7.7164%0.7%20.049999999999997%300%10.0601%0.7%20.049999999999997%400,AIO
EFUSE_Q615S1BA_010_2_-5,Q615S1BA1,X,Q615S1BA,010,2,-5,Q615S1BA_010_2_-5,,SDC000,HDS000,A000,8PL7CVA,Q615S1BA1,2026-08-11 22:38:03-07:00,202633,20.00,119325,NGXSDJXA0H80B002632,3,16,010T03,,XIU000,9301,93,,930100,93,9301,UNDEFINED,,,,,,,,,,,,,,,,,,,,,AIO
EFUSE_Q615S1BA_010_2_-6,Q615S1BA1,X,Q615S1BA,010,2,-6,Q615S1BA_010_2_-6,,SDC2119,HDS2262,C101,8PL7CVA,Q615S1BA1,2026-08-11 22:38:03-07:00,202633,20.00,119325,NGXSDJXA0H80B002632,2,7,010T01,8B18438-D,EXABAHA008,101,1,1010001,1010000,1,101,UNDEFINED,10.1755,15.0226,5.8006,8.9745,7.8281,11.7995,1.6469,2.3727,1.2642,1.2972,31.25,31.8321,1.6469,2.3727,5004.261,7699.3342,5.8005|7.8281|10.1755,8.9745|11.7995|15.0226,^GT:31.25%0.7%19.9,^GT:5.8005%0.7%19.9%200%7.8281%0.7%19.9%300%10.1755%0.7%19.9%400,AIO
EFUSE_Q615S1BA_010_2_-7,Q615S1BA1,X,Q615S1BA,010,2,-7,Q615S1BA_010_2_-7,,SDC2119,HDS2262,C101,8PL7CVA,Q615S1BA1,2026-08-11 22:38:03-07:00,202633,20.00,119325,NGXSDJXA0H80B002632,7,17,010T02,8B28421-D,EXABAHA008,301,3,3010001,3030000,3,303,UNDEFINED,10.1958,15.0891,5.8011,8.9928,7.8178,11.836,1.5726,2.3592,0.9427,1.2925,31.3907,32.0858,1.5726,2.3592,4999.2011,7675.8988,5.8011|7.8178|10.1958,8.9928|11.836|15.0891,^GT:31.3907%0.7%19.05,^GT:5.8011%0.7%19.05%200%7.8178%0.7%19.05%300%10.1958%0.7%19.05%400,AIO
EFUSE_Q615S1BA_010_2_-8,Q615S1BA1,X,Q615S1BA,010,2,-8,Q615S1BA_010_2_-8,,SDC2119,HDS2262,C101,8PL7CVA,Q615S1BA1,2026-08-11 22:38:03-07:00,202633,20.00,119325,NGXSDJXA0H80B002632,2,2,010T03,8B28421-D,EXABAHA008,101,1,1010001,1010000,1,101,UNDEFINED,10.2749,15.2505,5.8561,9.1247,7.8989,11.9818,0.9915,2.4784,0.9083,1.3525,31.5629,32.2411,0.9915,2.4784,5029.028,7695.0732,5.8561|7.8989|10.2749,9.1247|11.9818|15.2505,^GT:31.5629%0.7%19.05,^GT:5.8561%0.7%19.05%200%7.8989%0.7%19.05%300%10.2749%0.7%19.05%400,AIO
EFUSE_Q615S1BA_010_2_-9,Q615S1BA1,X,Q615S1BA,010,2,-9,Q615S1BA_010_2_-9,,SDC2119,HDS2262,C101,8PL7CVA,Q615S1BA1,2026-08-11 22:38:03-07:00,202633,20.00,119325,NGXSDJXA0H80B002632,7,9,010T02,8B28421-D,EXABAHA008,101,1,1010001,1010000,1,101,UNDEFINED,10.359,15.4196,5.9219,9.2502,7.9527,12.1261,1.4484,2.5501,1.3625,1.394,31.6936,32.4705,1.4484,2.5501,5013.3156,7660.9854,5.9219|7.9527|10.359,9.2502|12.1261|15.4196,^GT:31.6936%0.7%19.05,^GT:5.9219%0.7%19.05%200%7.9527%0.7%19.05%300%10.359%0.7%19.05%400,AIO
EFUSE_Q615S1BA_010_2_0,Q615S1BA1,X,Q615S1BA,010,2,0,Q615S1BA_010_2_0,,SDC2119,HDS2262,C101,8PL7CVA,Q615S1BA1,2026-08-11 22:38:03-07:00,202633,20.00,119325,NGXSDJXA0H80B002632,4,11,010T01,8B18438-D,EXABAHA008,101,1,1010001,1010000,1,101,UNDEFINED,10.03,14.7056,5.6535,8.6602,7.6577,11.4834,1.4631,2.0845,0.8192,1.0954,31.2607,31.8179,1.4631,2.0845,4764.5806,7453.2623,5.6535|7.6577|10.03,8.6602|11.4834|14.7056,^GT:31.2607%0.7%19.6,^GT:5.6535%0.7%19.6%200%7.6577%0.7%19.6%300%10.03%0.7%19.6%400,AIO
EFUSE_Q615S1BA_010_2_1,Q615S1BA1,X,Q615S1BA,010,2,1,Q615S1BA_010_2_1,,SDC2119,HDS2262,C101,8PL7CVA,Q615S1BA1,2026-08-11 22:38:03-07:00,202633,20.00,119325,NGXSDJXA0H80B002632,5,10,010T03,8B18438-D,EXABAHA008,101,1,1010001,1010000,1,101,UNDEFINED,10.0254,14.6887,5.6701,8.6496,7.6714,11.4746,1.2434,2.0763,0.759,1.1347,31.1093,31.7847,1.2434,2.0763,4813.0493,7495.8722,5.6701|7.6714|10.0254,8.6496|11.4746|14.6887,^GT:31.1093%0.7%19.65,^GT:5.6701%0.7%19.65%200%7.6714%0.7%19.65%300%10.0254%0.7%19.65%400,AIO
EFUSE_Q615S1BA_010_2_10,Q615S1BA1,X,Q615S1BA,010,2,10,Q615S1BA_010_2_10,,SDC2119,HDS2262,C101,8PL7CVA,Q615S1BA1,2026-08-11 22:38:03-07:00,202633,20.00,119325,NGXSDJXA0H80B002632,7,2,010T03,8B18438-D,EXABAHA008,301,3,3010001,3030000,3,303,UNDEFINED,10.2613,15.0865,5.8429,8.9616,7.8838,11.8007,1.1431,2.2932,1.1469,1.281,31.56,32.2363,1.1431,2.2932,4915.3129,7564.5806,5.8429|7.8838|10.2613,8.9616|11.8007|15.0865,^GT:31.56%0.7%20.1,^GT:5.8429%0.7%20.1%200%7.8838%0.7%20.1%300%10.2613%0.7%20.1%400,AIO
EFUSE_Q615S1BA_010_2_2,Q615S1BA1,X,Q615S1BA,010,2,2,Q615S1BA_010_2_2,,SDC2119,HDS2262,C101,8PL7CVA,Q615S1BA1,2026-08-11 22:38:03-07:00,202633,20.00,119325,NGXSDJXA0H80B002632,3,7,010T02,8B18438-D,EXABAHA008,101,1,1010001,1010000,1,101,UNDEFINED,10.1175,14.7948,5.7558,8.7551,7.7703,11.5788,0.9603,2.1823,0.9084,1.2163,31.155,31.7879,0.9603,2.1823,4891.3449,7565.3795,5.7558|7.7703|10.1175,8.7551|11.5788|14.7948,^GT:31.155%0.7%19.85,^GT:5.7558%0.7%19.85%200%7.7703%0.7%19.85%300%10.1175%0.7%19.85%400,AIO
EFUSE_Q615S1BA_010_2_3,Q615S1BA1,X,Q615S1BA,010,2,3,Q615S1BA_010_2_3,B24050001_FAIL_PTH_ACM_GXXX_ACM_X_SCREEN_K_END_X_X_X_X_CLPOSC_POSTCALIB_2,SDC2119,HDS2262,C101,8PL7CVA,Q615S1BA1,2026-08-11 22:38:03-07:00,202633,20.00,119325,NGXSDJXA0H80B002632,5,4,010T01,8B18438-D,EXABAHA008,2405,24,24050001,24050001,24,2405,UNDEFINED,10.0642,14.711,5.7077,8.7083,7.7367,11.5057,0.6321,2.0963,0.8109,1.1672,31.1179,31.5932,0.6321,2.0963,4893.7417,7581.6245,5.7077|7.7366|10.0642,8.7083|11.5057|14.711,^GT:31.1179%0.7%20.15,^GT:5.7077%0.7%20.15%200%7.7366%0.7%20.15%300%10.0642%0.7%20.15%400,AIO
EFUSE_Q615S1BA_010_2_4,Q615S1BA1,X,Q615S1BA,010,2,4,Q615S1BA_010_2_4,,SDC2119,HDS2262,C101,8PL7CVA,Q615S1BA1,2026-08-11 22:38:03-07:00,202633,20.00,119325,NGXSDJXA0H80B002632,6,9,010T03,8B28421-D,EXABAHA008,101,1,1010001,1010000,1,101,UNDEFINED,9.9396,14.5668,5.6003,8.5557,7.5982,11.368,0.9149,2.0211,1.0377,1.0572,30.995,31.6379,0.9149,2.0211,4862.8495,7570.1731,5.6003|7.5982|9.9396,8.5556|11.368|14.5668,^GT:30.995%0.7%19.25,^GT:5.6003%0.7%19.25%200%7.5982%0.7%19.25%300%9.9396%0.7%19.25%400,AIO
EFUSE_Q615S1BA_010_2_5,Q615S1BA1,X,Q615S1BA,010,2,5,Q615S1BA_010_2_5,,SDC2119,HDS2262,C101,8PL7CVA,Q615S1BA1,2026-08-11 22:38:03-07:00,202633,20.00,119325,NGXSDJXA0H80B002632,2,15,010T02,8B18438-D,EXABAHA008,101,1,1010001,1010000,1,101,UNDEFINED,10.0497,14.7266,5.6926,8.6906,7.7156,11.5127,0.8938,2.1005,0.7649,1.1654,31.1221,31.7684,0.8938,2.1005,4965.9121,7654.5939,5.6926|7.7156|10.0497,8.6906|11.5127|14.7266,^GT:31.1221%0.7%19.45,^GT:5.6926%0.7%19.45%200%7.7156%0.7%19.45%300%10.0497%0.7%19.45%400,AIO
EFUSE_Q615S1BA_010_2_6,Q615S1BA1,X,Q615S1BA,010,2,6,Q615S1BA_010_2_6,,SDC2119,HDS2262,C101,8PL7CVA,Q615S1BA1,2026-08-11 22:38:03-07:00,202633,20.00,119325,NGXSDJXA0H80B002632,6,13,010T01,8B28421-D,EXABAHA008,101,1,1010001,1010000,1,101,UNDEFINED,10.0813,14.797,5.7298,8.7511,7.7372,11.5725,0.8371,2.1486,0.7829,1.2004,31.0821,31.8205,0.8371,2.1486,4956.0586,7624.2344,5.7298|7.7372|10.0813,8.7511|11.5725|14.797,^GT:31.0821%0.7%19.55,^GT:5.7298%0.7%19.55%200%7.7372%0.7%19.55%300%10.0813%0.7%19.55%400,AIO
EFUSE_Q615S1BA_010_2_7,Q615S1BA1,X,Q615S1BA,010,2,7,Q615S1BA_010_2_7,,SDC2119,HDS2262,C101,8PL7CVA,Q615S1BA1,2026-08-11 22:38:03-07:00,202633,20.00,119325,NGXSDJXA0H80B002632,7,9,010T03,8B28421-D,EXABAHA008,101,1,1010001,1010000,1,101,UNDEFINED,10.1165,14.8612,5.7349,8.7948,7.7409,11.6103,0.9418,2.1853,0.9355,1.1723,31.2971,31.9284,0.9418,2.1853,4949.9334,7611.4514,5.7349|7.7409|10.1165,8.7948|11.6103|14.8612,^GT:31.2971%0.7%19,^GT:5.7349%0.7%19%200%7.7409%0.7%19%300%10.1165%0.7%19%400,AIO
EFUSE_Q615S1BA_010_2_8,Q615S1BA1,X,Q615S1BA,010,2,8,Q615S1BA_010_2_8,,SDC2119,HDS2262,C101,8PL7CVA,Q615S1BA1,2026-08-11 22:38:03-07:00,202633,20.00,119325,NGXSDJXA0H80B002632,1,5,010T02,8B18438-D,EXABAHA008,101,1,1010001,1010000,1,101,UNDEFINED,10.2401,15.0473,5.829,8.9333,7.8638,11.7784,1.4644,2.2869,1.2165,1.2744,31.5079,32.1789,1.4644,2.2869,4976.8309,7650.8655,5.829|7.8638|10.2401,8.9333|11.7784|15.0473,^GT:31.5079%0.7%19.4,^GT:5.829%0.7%19.4%200%7.8638%0.7%19.4%300%10.2401%0.7%19.4%400,AIO
EFUSE_Q615S1BA_010_2_9,Q615S1BA1,X,Q615S1BA,010,2,9,Q615S1BA_010_2_9,,SDC2119,HDS2262,C101,8PL7CVA,Q615S1BA1,2026-08-11 22:38:03-07:00,202633,20.00,119325,NGXSDJXA0H80B002632,7,8,010T01,8B18438-D,EXABAHA008,301,3,3010001,3030000,3,303,UNDEFINED,10.2909,15.1468,5.8566,8.9987,7.8823,11.8616,1.159,2.311,0.9356,1.2974,31.6736,32.3584,1.159,2.311,4949.4008,7612.783,5.8566|7.8823|10.2909,8.9987|11.8616|15.1468,^GT:31.6736%0.7%19.85,^GT:5.8566%0.7%19.85%200%7.8823%0.7%19.85%300%10.2909%0.7%19.85%400,AIO
EFUSE_Q615S1BA_010_3_-1,Q615S1BA1,X,Q615S1BA,010,3,-1,Q615S1BA_010_3_-1,,SDC2119,HDS2262,C101,8PL7CVA,Q615S1BA1,2026-08-11 22:38:03-07:00,202633,20.00,119325,NGXSDJXA0H80B002632,5,18,010T02,8B28421-D,EXABAHA008,101,1,1010001,1010000,1,101,UNDEFINED,10.1878,14.9451,5.815,8.8969,7.8448,11.7381,1.6169,2.2921,0.912,1.2914,31.2343,31.8326,1.6169,2.2921,4901.4647,7589.8802,5.815|7.8448|10.1878,8.8969|11.7381|14.9451,^GT:31.2343%0.7%19.6,^GT:5.815%0.7%19.6%200%7.8448%0.7%19.6%300%10.1878%0.7%19.6%400,AIO
EFUSE_Q615S1BA_010_3_-10,Q615S1BA1,X,Q615S1BA,010,3,-10,Q615S1BA_010_3_-10,,SDC2119,HDS2262,C101,8PL7CVA,Q615S1BA1,2026-08-11 22:38:03-07:00,202633,20.00,119325,NGXSDJXA0H80B002632,7,3,010T02,8B28421-D,EXABAHA008,301,3,3010001,3030000,3,303,UNDEFINED,10.2527,15.2616,5.8218,9.1304,7.852,11.9889,0.9423,2.4525,1.1742,1.2901,31.6493,32.2695,0.9423,2.4525,4933.9547,7579.7603,5.8218|7.852|10.2527,9.1304|11.9889|15.2616,^GT:31.6493%0.7%19.1,^GT:5.8218%0.7%19.1%200%7.852%0.7%19.1%300%10.2527%0.7%19.1%400,AIO
EFUSE_Q615S1BA_010_3_-11,Q615S1BA1,X,Q615S1BA,010,3,-11,Q615S1BA_010_3_-11,B82020000_FAIL_SCN_GT_GXX_CTRL_X_GFXAGG_K_BEGIN_X_X_X_X_X_EVALUATE_4,SDC2119,HDS2262,C101,8PL7CVA,Q615S1BA1,2026-08-11 22:38:03-07:00,202633,20.00,119325,NGXSDJXA0H80B002632,1,11,010T03,8B28421-D,EXABAHA008,8202,82,82020000,82020000,82,8202,UNDEFINED,9.9549,14.7861,5.6042,8.6938,7.5835,11.5282,1.234,2.1196,0.8617,1.0464,31.0764,32.0647,1.234,2.1196,4748.3356,7366.4447,5.6042|7.5834|9.9549,8.6938|11.5282|14.7861,^GT:31.0764%0.7%19.9,^GT:5.6042%0.7%19.9%200%7.5834%0.7%19.9%300%9.9549%0.7%19.9%400,AIO
EFUSE_Q615S1BA_010_3_-2,Q615S1BA1,X,Q615S1BA,010,3,-2,Q615S1BA_010_3_-2,,SDC2119,HDS2262,C101,8PL7CVA,Q615S1BA1,2026-08-11 22:38:03-07:00,202633,20.00,119325,NGXSDJXA0H80B002632,4,2,010T03,8B28421-D,EXABAHA008,301,3,3010001,3030000,3,303,UNDEFINED,10.1831,14.9609,5.8224,8.9226,7.8483,11.7402,1.002,2.3362,0.972,1.3153,31.1479,31.7805,1.002,2.3362,4937.1505,7621.8375,5.8224|7.8483|10.1831,8.9226|11.7402|14.9609,^GT:31.1479%0.7%19.05,^GT:5.8224%0.7%19.05%200%7.8483%0.7%19.05%300%10.1831%0.7%19.05%400,AIO
EFUSE_Q615S1BA_010_3_-3,Q615S1BA1,X,Q615S1BA,010,3,-3,Q615S1BA_010_3_-3,,SDC2119,HDS2262,C101,8PL7CVA,Q615S1BA1,2026-08-11 22:38:03-07:00,202633,20.00,119325,NGXSDJXA0H80B002632,3,8,010T01,8B28421-D,EXABAHA008,101,1,1010001,1010000,1,101,UNDEFINED,10.0712,14.8129,5.7246,8.7766,7.7438,11.5961,0.6446,2.2076,0.9481,1.1985,31.0471,31.77,0.6446,2.2076,4900.6658,7585.3529,5.7246|7.7438|10.0712,8.7766|11.5961|14.8129,^GT:31.0471%0.7%18.85,^GT:5.7246%0.7%18.85%200%7.7438%0.7%18.85%300%10.0712%0.7%18.85%400,AIO
EFUSE_Q615S1BA_010_3_-4,Q615S1BA1,X,Q615S1BA,010,3,-4,Q615S1BA_010_3_-4,,SDC2119,HDS2262,C101,8PL7CVA,Q615S1BA1,2026-08-11 22:38:03-07:00,202633,20.00,119325,NGXSDJXA0H80B002632,5,2,010T02,8B18438-D,EXABAHA008,101,1,1010001,1010000,1,101,UNDEFINED,10.027,14.7882,5.6738,8.7353,7.6771,11.5548,1.4616,2.1539,1.029,1.1656,31.0943,31.8574,1.4616,2.1539,4894.5406,7585.6192,5.6738|7.6771|10.027,8.7353|11.5548|14.7882,^GT:31.0943%0.7%19.700000000000003,^GT:5.6738%0.7%19.700000000000003%200%7.6771%0.7%19.700000000000003%300%10.027%0.7%19.700000000000003%400,AIO
EFUSE_Q615S1BA_010_3_-5,Q615S1BA1,X,Q615S1BA,010,3,-5,Q615S1BA_010_3_-5,,SDC2119,HDS2262,C101,8PL7CVA,Q615S1BA1,2026-08-11 22:38:03-07:00,202633,20.00,119325,NGXSDJXA0H80B002632,3,15,010T03,8B28421-D,EXABAHA008,301,3,3010001,3030000,3,303,UNDEFINED,10.0678,14.8523,5.7022,8.8171,7.7156,11.6253,1.0711,2.2203,1.0029,1.1792,31.1829,31.7642,1.0711,2.2203,4928.0959,7633.8216,5.7022|7.7156|10.0678,8.8171|11.6253|14.8523,^GT:31.1829%0.7%19.15,^GT:5.7022%0.7%19.15%200%7.7156%0.7%19.15%300%10.0678%0.7%19.15%400,AIO
EFUSE_Q615S1BA_010_3_-6,Q615S1BA1,X,Q615S1BA,010,3,-6,Q615S1BA_010_3_-6,,SDC2119,HDS2262,C101,8PL7CVA,Q615S1BA1,2026-08-11 22:38:03-07:00,202633,20.00,119325,NGXSDJXA0H80B002632,2,6,010T01,8B28421-D,EXABAHA008,101,1,1010001,1010000,1,101,UNDEFINED,10.1464,14.9797,5.7722,8.9386,7.7885,11.7765,0.6418,2.3167,1.144,1.2678,31.2443,31.7953,0.6418,2.3167,4981.6245,7676.1651,5.7722|7.7885|10.1464,8.9386|11.7765|14.9797,^GT:31.2443%0.7%18.95,^GT:5.7722%0.7%18.95%200%7.7885%0.7%18.95%300%10.1464%0.7%18.95%400,AIO
EFUSE_Q615S1BA_010_3_-7,Q615S1BA1,X,Q615S1BA,010,3,-7,Q615S1BA_010_3_-7,,SDC2119,HDS2262,C101,8PL7CVA,Q615S1BA1,2026-08-11 22:38:03-07:00,202633,20.00,119325,NGXSDJXA0H80B002632,7,16,010T02,8B28421-D,EXABAHA008,101,1,1010001,1010000,1,101,UNDEFINED,10.2537,15.1946,5.8532,9.0974,7.8727,11.9534,1.7123,2.4537,1.1928,1.3249,31.4321,32.0905,1.7123,2.4537,4992.277,7662.3169,5.8532|7.8727|10.2537,9.0974|11.9534|15.1946,^GT:31.4321%0.7%19.700000000000003,^GT:5.8532%0.7%19.700000000000003%200%7.8727%0.7%19.700000000000003%300%10.2537%0.7%19.700000000000003%400,AIO
EFUSE_Q615S1BA_010_3_-8,Q615S1BA1,X,Q615S1BA,010,3,-8,Q615S1BA_010_3_-8,,SDC2119,HDS2262,C101,8PL7CVA,Q615S1BA1,2026-08-11 22:38:03-07:00,202633,20.00,119325,NGXSDJXA0H80B002632,2,1,010T03,8B18438-D,EXABAHA008,301,3,3010001,3030000,3,303,UNDEFINED,10.3366,15.3674,5.9324,9.2473,7.9436,12.1016,1.4671,2.5698,1.0324,1.4175,31.4586,32.2111,1.4671,2.5698,5035.4194,7702.2636,5.9324|7.9436|10.3366,9.2473|12.1016|15.3674,^GT:31.4586%0.7%19.950000000000003,^GT:5.9324%0.7%19.950000000000003%200%7.9436%0.7%19.950000000000003%300%10.3366%0.7%19.950000000000003%400,AIO
EFUSE_Q615S1BA_010_3_-9,Q615S1BA1,X,Q615S1BA,010,3,-9,Q615S1BA_010_3_-9,,SDC2119,HDS2262,C101,8PL7CVA,Q615S1BA1,2026-08-11 22:38:03-07:00,202633,20.00,119325,NGXSDJXA0H80B002632,1,3,010T01,8B18438-D,EXABAHA008,101,1,1010001,1010000,1,101,UNDEFINED,10.336,15.3764,5.9152,9.2488,7.9361,12.1038,1.4134,2.5697,0.9695,1.3797,31.5779,32.2505,1.4134,2.5697,4987.4834,7639.9467,5.9151|7.9361|10.336,9.2488|12.1038|15.3764,^GT:31.5779%0.7%19.6,^GT:5.9151%0.7%19.6%200%7.9361%0.7%19.6%300%10.336%0.7%19.6%400,AIO
EFUSE_Q615S1BA_010_3_0,Q615S1BA1,X,Q615S1BA,010,3,0,Q615S1BA_010_3_0,,SDC2119,HDS2262,C101,8PL7CVA,Q615S1BA1,2026-08-11 22:38:03-07:00,202633,20.00,119325,NGXSDJXA0H80B002632,4,9,010T01,8B28421-D,EXABAHA008,101,1,1010001,1010000,1,101,UNDEFINED,10.0858,14.788,5.7429,8.7578,7.7571,11.5854,0.8172,2.1956,1.0177,1.1993,31.0207,31.7379,0.8172,2.1956,4868.7084,7550.9987,5.7429|7.7571|10.0858,8.7578|11.5854|14.788,^GT:31.0207%0.7%18.95,^GT:5.7429%0.7%18.95%200%7.7571%0.7%18.95%300%10.0858%0.7%18.95%400,AIO
EFUSE_Q615S1BA_010_3_1,Q615S1BA1,X,Q615S1BA,010,3,1,Q615S1BA_010_3_1,,SDC2119,HDS2262,C101,8PL7CVA,Q615S1BA1,2026-08-11 22:38:03-07:00,202633,20.00,119325,NGXSDJXA0H80B002632,5,9,010T03,8B28421-D,EXABAHA008,301,3,3010001,3030000,3,303,UNDEFINED,10.0923,14.7828,5.7415,8.7613,7.7404,11.5795,1.2156,2.2163,0.9832,1.1868,31.0771,31.6921,1.2156,2.2163,4870.0399,7549.4008,5.7415|7.7404|10.0923,8.7613|11.5795|14.7828,^GT:31.0771%0.7%19.5,^GT:5.7415%0.7%19.5%200%7.7404%0.7%19.5%300%10.0923%0.7%19.5%400,AIO
EFUSE_Q615S1BA_010_3_10,Q615S1BA1,X,Q615S1BA,010,3,10,Q615S1BA_010_3_10,,SDC2119,HDS2262,C101,8PL7CVA,Q615S1BA1,2026-08-11 22:38:03-07:00,202633,20.00,119325,NGXSDJXA0H80B002632,7,3,010T01,8B28421-D,EXABAHA008,301,3,3010001,3030000,3,303,UNDEFINED,10.1727,14.9371,5.7615,8.813,7.7887,11.6554,1.6306,2.1893,0.7764,1.1795,31.5086,32.2321,1.6306,2.1893,4883.8881,7529.1611,5.7615|7.7886|10.1727,8.813|11.6554|14.9371,^GT:31.5086%0.7%19.299999999999997,^GT:5.7615%0.7%19.299999999999997%200%7.7886%0.7%19.299999999999997%300%10.1727%0.7%19.299999999999997%400,AIO
EFUSE_Q615S1BA_010_3_2,Q615S1BA1,X,Q615S1BA,010,3,2,Q615S1BA_010_3_2,,SDC000,HDS000,A000,8PL7CVA,Q615S1BA1,2026-08-11 22:38:03-07:00,202633,20.00,119325,NGXSDJXA0H80B002632,3,8,010T02,,XIU000,9301,93,,930100,93,9301,UNDEFINED,,,,,,,,,,,,,,,,,,,,,AIO
EFUSE_Q615S1BA_010_3_3,Q615S1BA1,X,Q615S1BA,010,3,3,Q615S1BA_010_3_3,,SDC2119,HDS2262,C101,8PL7CVA,Q615S1BA1,2026-08-11 22:38:03-07:00,202633,20.00,119325,NGXSDJXA0H80B002632,5,3,010T01,8B28421-D,EXABAHA008,301,3,3010001,3030000,3,303,UNDEFINED,9.9209,14.5566,5.5786,8.5197,7.5774,11.3373,1.4636,1.9596,0.7043,1.0252,31.0164,31.7732,1.4636,1.9596,4807.4567,7511.8509,5.5786|7.5774|9.9209,8.5197|11.3373|14.5566,^GT:31.0164%0.7%19.45,^GT:5.5786%0.7%19.45%200%7.5774%0.7%19.45%300%9.9209%0.7%19.45%400,AIO
EFUSE_Q615S1BA_010_3_4,Q615S1BA1,X,Q615S1BA,010,3,4,Q615S1BA_010_3_4,,SDC2119,HDS2262,C101,8PL7CVA,Q615S1BA1,2026-08-11 22:38:03-07:00,202633,20.00,119325,NGXSDJXA0H80B002632,6,8,010T03,8B18438-D,EXABAHA008,101,1,1010001,1010000,1,101,UNDEFINED,9.9204,14.5419,5.5705,8.5138,7.5855,11.3122,1.0623,1.9774,0.6423,0.9972,31.0707,31.7268,1.0623,1.9774,4824.5007,7530.759,5.5705|7.5855|9.9204,8.5138|11.3122|14.5419,^GT:31.0707%0.7%19.25,^GT:5.5705%0.7%19.25%200%7.5855%0.7%19.25%300%9.9204%0.7%19.25%400,AIO
EFUSE_Q615S1BA_010_3_5,Q615S1BA1,X,Q615S1BA,010,3,5,Q615S1BA_010_3_5,,SDC2119,HDS2262,C101,8PL7CVA,Q615S1BA1,2026-08-11 22:38:03-07:00,202633,20.00,119325,NGXSDJXA0H80B002632,2,16,010T02,8B28421-D,EXABAHA008,101,1,1010001,1010000,1,101,UNDEFINED,10.0298,14.7027,5.6572,8.6591,7.6714,11.4714,0.5688,2.1083,0.8623,1.1319,31.2329,31.8084,0.5688,2.1083,4901.9973,7594.4075,5.6572|7.6714|10.0298,8.6591|11.4714|14.7027,^GT:31.2329%0.7%19.25,^GT:5.6572%0.7%19.25%200%7.6714%0.7%19.25%300%10.0298%0.7%19.25%400,AIO
EFUSE_Q615S1BA_010_3_6,Q615S1BA1,X,Q615S1BA,010,3,6,Q615S1BA_010_3_6,,SDC2119,HDS2262,C101,8PL7CVA,Q615S1BA1,2026-08-11 22:38:03-07:00,202633,20.00,119325,NGXSDJXA0H80B002632,6,12,010T01,8B28421-D,EXABAHA008,101,1,1010001,1010000,1,101,UNDEFINED,10.1066,14.8375,5.7272,8.7686,7.743,11.5991,1.3421,2.1484,1.1683,1.1514,31.2814,31.9416,1.3421,2.1484,4924.6338,7598.9348,5.7272|7.743|10.1066,8.7686|11.5991|14.8375,^GT:31.2814%0.7%19.1,^GT:5.7272%0.7%19.1%200%7.743%0.7%19.1%300%10.1066%0.7%19.1%400,AIO
EFUSE_Q615S1BA_010_3_7,Q615S1BA1,X,Q615S1BA,010,3,7,Q615S1BA_010_3_7,,SDC2119,HDS2262,C101,8PL7CVA,Q615S1BA1,2026-08-11 22:38:03-07:00,202633,20.00,119325,NGXSDJXA0H80B002632,7,8,010T03,8B18438-D,EXABAHA008,301,3,3010001,3030000,3,303,UNDEFINED,10.1808,14.9555,5.7832,8.8642,7.7982,11.7015,0.838,2.2723,0.9138,1.2263,31.4114,32.0595,0.838,2.2723,4965.9121,7627.6964,5.7832|7.7982|10.1808,8.8642|11.7015|14.9555,^GT:31.4114%0.7%19.75,^GT:5.7832%0.7%19.75%200%7.7982%0.7%19.75%300%10.1808%0.7%19.75%400,AIO
EFUSE_Q615S1BA_010_3_8,Q615S1BA1,X,Q615S1BA,010,3,8,Q615S1BA_010_3_8,,SDC2119,HDS2262,C101,8PL7CVA,Q615S1BA1,2026-08-11 22:38:03-07:00,202633,20.00,119325,NGXSDJXA0H80B002632,1,6,010T02,8B28421-D,EXABAHA008,101,1,1010001,1010000,1,101,UNDEFINED,10.2306,15.0754,5.8272,8.9413,7.86,11.8066,1.381,2.309,0.9118,1.2647,31.4529,32.2847,1.381,2.309,4979.494,7651.9308,5.8272|7.86|10.2306,8.9413|11.8066|15.0754,^GT:31.4529%0.7%19.15,^GT:5.8272%0.7%19.15%200%7.86%0.7%19.15%300%10.2306%0.7%19.15%400,AIO
EFUSE_Q615S1BA_010_3_9,Q615S1BA1,X,Q615S1BA,010,3,9,Q615S1BA_010_3_9,,SDC2119,HDS2262,C101,8PL7CVA,Q615S1BA1,2026-08-11 22:38:03-07:00,202633,20.00,119325,NGXSDJXA0H80B002632,7,7,010T01,8B18438-D,EXABAHA008,101,1,1010001,1010000,1,101,UNDEFINED,10.2441,15.101,5.838,8.9646,7.8506,11.828,1.242,2.2786,1.1973,1.2557,31.4721,32.2968,1.242,2.2786,4934.7537,7589.6138,5.838|7.8506|10.2441,8.9646|11.828|15.101,^GT:31.4721%0.7%19.75,^GT:5.838%0.7%19.75%200%7.8506%0.7%19.75%300%10.2441%0.7%19.75%400,AIO
EFUSE_Q615S1BA_010_4_-1,Q615S1BA1,X,Q615S1BA,010,4,-1,Q615S1BA_010_4_-1,,SDC2119,HDS2262,C101,8PL7CVA,Q615S1BA1,2026-08-11 22:38:03-07:00,202633,20.00,119325,NGXSDJXA0H80B002632,5,17,010T02,8B28421-D,EXABAHA008,301,3,3010001,3030000,3,303,UNDEFINED,10.194,14.9948,5.8265,8.9358,7.8519,11.7708,1.2984,2.3435,1.1895,1.3135,31.1964,31.8895,1.2984,2.3435,4929.9601,7625.5659,5.8265|7.8519|10.194,8.9358|11.7708|14.9948,^GT:31.1964%0.7%19.85,^GT:5.8265%0.7%19.85%200%7.8519%0.7%19.85%300%10.194%0.7%19.85%400,AIO
EFUSE_Q615S1BA_010_4_-10,Q615S1BA1,X,Q615S1BA,010,4,-10,Q615S1BA_010_4_-10,,SDC2119,HDS2262,C101,8PL7CVA,Q615S1BA1,2026-08-11 22:38:03-07:00,202633,20.00,119325,NGXSDJXA0H80B002632,1,11,010T01,8B18438-D,EXABAHA008,101,1,1010001,1010000,1,101,UNDEFINED,10.1955,15.1734,5.7698,9.0547,7.8011,11.9069,1.4267,2.3668,0.8463,1.2374,31.6121,32.2037,1.4267,2.3668,4906.5246,7547.8029,5.7698|7.8011|10.1955,9.0547|11.9069|15.1734,^GT:31.6121%0.7%19.6,^GT:5.7698%0.7%19.6%200%7.8011%0.7%19.6%300%10.1955%0.7%19.6%400,AIO
EFUSE_Q615S1BA_010_4_-2,Q615S1BA1,X,Q615S1BA,010,4,-2,Q615S1BA_010_4_-2,,SDC2119,HDS2262,C101,8PL7CVA,Q615S1BA1,2026-08-11 22:38:03-07:00,202633,20.00,119325,NGXSDJXA0H80B002632,4,1,010T03,8B18438-D,EXABAHA008,101,1,1010001,1010000,1,101,UNDEFINED,10.1641,14.9506,5.7986,8.9128,7.8232,11.726,0.6973,2.2918,1.1535,1.2839,31.1821,31.7779,0.6973,2.2918,4928.6285,7627.1638,5.7986|7.8232|10.1641,8.9128|11.726|14.9506,^GT:31.1821%0.7%19.85,^GT:5.7986%0.7%19.85%200%7.8232%0.7%19.85%300%10.1641%0.7%19.85%400,AIO
EFUSE_Q615S1BA_010_4_-3,Q615S1BA1,X,Q615S1BA,010,4,-3,Q615S1BA_010_4_-3,,SDC2119,HDS2262,C101,8PL7CVA,Q615S1BA1,2026-08-11 22:38:03-07:00,202633,20.00,119325,NGXSDJXA0H80B002632,3,7,010T01,8B28421-D,EXABAHA008,101,1,1010001,1010000,1,101,UNDEFINED,10.0849,14.8504,5.7235,8.8078,7.7355,11.6372,1.4619,2.1959,0.8525,1.1934,31.1529,31.8032,1.4619,2.1959,4923.8349,7615.4461,5.7235|7.7355|10.0849,8.8078|11.6372|14.8504,^GT:31.1529%0.7%19.55,^GT:5.7235%0.7%19.55%200%7.7355%0.7%19.55%300%10.0849%0.7%19.55%400,AIO
EFUSE_Q615S1BA_010_4_-4,Q615S1BA1,X,Q615S1BA,010,4,-4,Q615S1BA_010_4_-4,,SDC2119,HDS2262,C101,8PL7CVA,Q615S1BA1,2026-08-11 22:38:03-07:00,202633,20.00,119325,NGXSDJXA0H80B002632,5,3,010T02,8B28421-D,EXABAHA008,301,3,3010001,3030000,3,303,UNDEFINED,10.0347,14.788,5.6794,8.7546,7.6832,11.575,1.1045,2.158,0.987,1.1448,31.1093,31.7547,1.1045,2.158,4910.5193,7616.5113,5.6794|7.6832|10.0347,8.7546|11.575|14.788,^GT:31.1093%0.7%19,^GT:5.6794%0.7%19%200%7.6832%0.7%19%300%10.0347%0.7%19%400,AIO
EFUSE_Q615S1BA_010_4_-5,Q615S1BA1,X,Q615S1BA,010,4,-5,Q615S1BA_010_4_-5,B99820455_FAIL_SCN_GT_GXX_ATSPEED_ALL_VMIN_K_PREHVQK_HITO_GT_NOM_LFM_N2,SDC2119,HDS2262,C101,8PL7CVA,Q615S1BA1,2026-08-11 22:38:03-07:00,202633,20.00,119325,NGXSDJXA0H80B002632,3,14,010T03,8B28421-D,EXABAHA008,9982,99,99820455,99820455,99,9982,UNDEFINED,10.1121,14.9285,5.7431,8.8678,7.7624,11.705,0.6495,2.2802,1.1549,1.2364,31.2071,31.8984,0.6495,2.2802,4947.8029,7640.213,5.7431|7.7624|10.1121,8.8678|11.705|14.9285,^GT:31.2071%0.7%19.65,^GT:5.7431%0.7%19.65%200%7.7624%0.7%19.65%300%10.1121%0.7%19.65%400,AIO
EFUSE_Q615S1BA_010_4_-6,Q615S1BA1,X,Q615S1BA,010,4,-6,Q615S1BA_010_4_-6,,SDC2119,HDS2262,C101,8PL7CVA,Q615S1BA1,2026-08-11 22:38:03-07:00,202633,20.00,119325,NGXSDJXA0H80B002632,2,5,010T01,8B28421-D,EXABAHA008,101,1,1010001,1010000,1,101,UNDEFINED,10.1914,15.101,5.8214,9.0197,7.8186,11.847,1.2927,2.3994,1.1083,1.3058,31.215,32.0068,1.2927,2.3994,4981.3582,7654.0613,5.8213|7.8186|10.1914,9.0197|11.847|15.101,^GT:31.215%0.7%19.299999999999997,^GT:5.8213%0.7%19.299999999999997%200%7.8186%0.7%19.299999999999997%300%10.1914%0.7%19.299999999999997%400,AIO
EFUSE_Q615S1BA_010_4_-7,Q615S1BA1,X,Q615S1BA,010,4,-7,Q615S1BA_010_4_-7,,SDC2119,HDS2262,C101,8PL7CVA,Q615S1BA1,2026-08-11 22:38:03-07:00,202633,20.00,119325,NGXSDJXA0H80B002632,7,15,010T02,8B18438-D,EXABAHA008,101,1,1010001,1010000,1,101,UNDEFINED,10.3171,15.3237,5.9113,9.2027,7.9368,12.0727,0.7363,2.5713,1.2107,1.4009,31.47,32.2158,0.7363,2.5713,5009.3209,7674.8336,5.9113|7.9367|10.3171,9.2027|12.0727|15.3237,^GT:31.47%0.7%19.799999999999997,^GT:5.9113%0.7%19.799999999999997%200%7.9367%0.7%19.799999999999997%300%10.3171%0.7%19.799999999999997%400,AIO
EFUSE_Q615S1BA_010_4_-8,Q615S1BA1,X,Q615S1BA,010,4,-8,Q615S1BA_010_4_-8,,SDC2119,HDS2262,C101,8PL7CVA,Q615S1BA1,2026-08-11 22:38:03-07:00,202633,20.00,119325,NGXSDJXA0H80B002632,1,1,010T03,8B28421-D,EXABAHA008,101,1,1010001,1010000,1,101,UNDEFINED,10.3576,15.4064,5.9329,9.2671,7.9582,12.1339,0.7575,2.5608,1.0716,1.4104,31.605,32.3121,0.7575,2.5608,5016.5113,7679.8935,5.9329|7.9582|10.3576,9.2671|12.1339|15.4064,^GT:31.605%0.7%19.25,^GT:5.9329%0.7%19.25%200%7.9582%0.7%19.25%300%10.3576%0.7%19.25%400,AIO
EFUSE_Q615S1BA_010_4_-9,Q615S1BA1,X,Q615S1BA,010,4,-9,Q615S1BA_010_4_-9,,SDC2119,HDS2262,C101,8PL7CVA,Q615S1BA1,2026-08-11 22:38:03-07:00,202633,20.00,119325,NGXSDJXA0H80B002632,1,6,010T03,8B18438-D,EXABAHA008,101,1,1010001,1010000,1,101,UNDEFINED,10.2676,15.2963,5.8381,9.1463,7.8699,12.0072,0.818,2.4966,0.9291,1.3117,31.6393,32.3684,0.818,2.4966,4931.2916,7577.3635,5.8381|7.8699|10.2676,9.1463|12.0072|15.2963,^GT:31.6393%0.7%19.6,^GT:5.8381%0.7%19.6%200%7.8699%0.7%19.6%300%10.2676%0.7%19.6%400,AIO
EFUSE_Q615S1BA_010_4_0,Q615S1BA1,X,Q615S1BA,010,4,0,Q615S1BA_010_4_0,,SDC2119,HDS2262,C101,8PL7CVA,Q615S1BA1,2026-08-11 22:38:03-07:00,202633,20.00,119325,NGXSDJXA0H80B002632,4,8,010T01,8B18438-D,EXABAHA008,301,3,3010001,3030000,3,303,UNDEFINED,10.1028,14.839,5.7366,8.7997,7.7768,11.6135,1.567,2.2001,0.854,1.2138,31.1871,31.7858,1.567,2.2001,4896.9374,7587.217,5.7366|7.7768|10.1028,8.7997|11.6135|14.839,^GT:31.1871%0.7%19.85,^GT:5.7366%0.7%19.85%200%7.7768%0.7%19.85%300%10.1028%0.7%19.85%400,AIO
EFUSE_Q615S1BA_010_4_1,Q615S1BA1,X,Q615S1BA,010,4,1,Q615S1BA_010_4_1,,SDC2119,HDS2262,C101,8PL7CVA,Q615S1BA1,2026-08-11 22:38:03-07:00,202633,20.00,119325,NGXSDJXA0H80B002632,5,8,010T03,8B18438-D,EXABAHA008,101,1,1010001,1010000,1,101,UNDEFINED,10.07,14.7863,5.7125,8.7635,7.7334,11.5787,1.5308,2.1583,0.8338,1.1752,31.125,31.6989,1.5308,2.1583,4883.8881,7576.2983,5.7125|7.7334|10.07,8.7635|11.5787|14.7863,^GT:31.125%0.7%19.85,^GT:5.7125%0.7%19.85%200%7.7334%0.7%19.85%300%10.07%0.7%19.85%400,AIO
EFUSE_Q615S1BA_010_4_10,Q615S1BA1,X,Q615S1BA,010,4,10,Q615S1BA_010_4_10,B65000277_FAIL_ARR_GT_GXX_ARR_GT_GFXAGG_K_BEGIN_X_X_X_X_ARRSKUEVALUATE_4,SDC2119,HDS2262,C101,8PL7CVA,Q615S1BA1,2026-08-11 22:38:03-07:00,202633,20.00,119325,NGXSDJXA0H80B002632,1,11,010T02,8B28421-D,EXABAHA008,6500,65,65000277,65000277,65,6500,UNDEFINED,10.0422,14.7116,5.6705,8.623,7.6616,11.4363,1.4332,1.9858,1.0765,1.063,31.2264,32.0453,1.4332,1.9858,4863.1158,7508.1225,5.6705|7.6616|10.0422,8.623|11.4363|14.7116,^GT:31.2264%0.7%19.05,^GT:5.6705%0.7%19.05%200%7.6616%0.7%19.05%300%10.0422%0.7%19.05%400,AIO
EFUSE_Q615S1BA_010_4_2,Q615S1BA1,X,Q615S1BA,010,4,2,Q615S1BA_010_4_2,,SDC2119,HDS2262,C101,8PL7CVA,Q615S1BA1,2026-08-11 22:38:03-07:00,202633,20.00,119325,NGXSDJXA0H80B002632,3,9,010T02,8B28421-D,EXABAHA008,101,1,1010001,1010000,1,101,UNDEFINED,9.968,14.6154,5.6127,8.5996,7.6263,11.4187,0.4927,2.0917,0.8856,1.0675,31.1093,31.6621,0.4927,2.0917,4857.257,7560.0533,5.6127|7.6263|9.968,8.5996|11.4187|14.6154,^GT:31.1093%0.7%19.25,^GT:5.6127%0.7%19.25%200%7.6263%0.7%19.25%300%9.968%0.7%19.25%400,AIO
EFUSE_Q615S1BA_010_4_3,Q615S1BA1,X,Q615S1BA,010,4,3,Q615S1BA_010_4_3,,SDC000,HDS000,A000,8PL7CVA,Q615S1BA1,2026-08-11 22:38:03-07:00,202633,20.00,119325,NGXSDJXA0H80B002632,5,2,010T01,,XIU000,9301,93,,930100,93,9301,UNDEFINED,,,,,,,,,,,,,,,,,,,,,AIO
EFUSE_Q615S1BA_010_4_4,Q615S1BA1,X,Q615S1BA,010,4,4,Q615S1BA_010_4_4,,SDC2119,HDS2262,C101,8PL7CVA,Q615S1BA1,2026-08-11 22:38:03-07:00,202633,20.00,119325,NGXSDJXA0H80B002632,6,7,010T03,8B28421-D,EXABAHA008,101,1,1010001,1010000,1,101,UNDEFINED,9.9785,14.6369,5.6305,8.6134,7.6383,11.4114,0.8815,2.0374,0.7742,1.1006,31.0571,31.7026,0.8815,2.0374,4881.225,7582.6897,5.6305|7.6383|9.9785,8.6134|11.4114|14.6369,^GT:31.0571%0.7%19.45,^GT:5.6305%0.7%19.45%200%7.6383%0.7%19.45%300%9.9785%0.7%19.45%400,AIO
EFUSE_Q615S1BA_010_4_5,Q615S1BA1,X,Q615S1BA,010,4,5,Q615S1BA_010_4_5,,SDC2119,HDS2262,C101,8PL7CVA,Q615S1BA1,2026-08-11 22:38:03-07:00,202633,20.00,119325,NGXSDJXA0H80B002632,2,17,010T02,8B18438-D,EXABAHA008,101,1,1010001,1010000,1,101,UNDEFINED,10.1059,14.8173,5.7324,8.7527,7.7395,11.5754,1.061,2.1353,0.8052,1.1731,31.2393,31.9189,1.061,2.1353,4908.1225,7584.8202,5.7324|7.7395|10.1059,8.7527|11.5754|14.8173,^GT:31.2393%0.7%19.799999999999997,^GT:5.7324%0.7%19.799999999999997%200%7.7395%0.7%19.799999999999997%300%10.1059%0.7%19.799999999999997%400,AIO
EFUSE_Q615S1BA_010_4_6,Q615S1BA1,X,Q615S1BA,010,4,6,Q615S1BA_010_4_6,,SDC2119,HDS2262,C101,8PL7CVA,Q615S1BA1,2026-08-11 22:38:03-07:00,202633,20.00,119325,NGXSDJXA0H80B002632,6,11,010T01,8B18438-D,EXABAHA008,101,1,1010001,1010000,1,101,UNDEFINED,10.1956,14.9934,5.7947,8.8798,7.8157,11.7271,0.7109,2.2203,1.1019,1.2279,31.435,32.1768,0.7109,2.2203,4946.2051,7624.2344,5.7947|7.8157|10.1956,8.8798|11.7271|14.9934,^GT:31.435%0.7%20.05,^GT:5.7947%0.7%20.05%200%7.8157%0.7%20.05%300%10.1956%0.7%20.05%400,AIO
EFUSE_Q615S1BA_010_4_7,Q615S1BA1,X,Q615S1BA,010,4,7,Q615S1BA_010_4_7,,SDC000,HDS000,A000,8PL7CVA,Q615S1BA1,2026-08-11 22:38:03-07:00,202633,20.00,119325,NGXSDJXA0H80B002632,7,7,010T03,,XIU000,9301,93,,930100,93,9301,UNDEFINED,,,,,,,,,,,,,,,,,,,,,AIO
EFUSE_Q615S1BA_010_4_8,Q615S1BA1,X,Q615S1BA,010,4,8,Q615S1BA_010_4_8,,SDC2119,HDS2262,C101,8PL7CVA,Q615S1BA1,2026-08-11 22:38:03-07:00,202633,20.00,119325,NGXSDJXA0H80B002632,1,7,010T02,8B28421-D,EXABAHA008,301,3,3010001,3030000,3,303,UNDEFINED,10.234,15.0669,5.818,8.9314,7.8352,11.7882,0.8658,2.2999,0.8841,1.2347,31.5429,32.2921,0.8658,2.2998,4940.3462,7586.1518,5.818|7.8352|10.234,8.9314|11.7882|15.0669,^GT:31.5429%0.7%19.4,^GT:5.818%0.7%19.4%200%7.8352%0.7%19.4%300%10.234%0.7%19.4%400,AIO
EFUSE_Q615S1BA_010_4_9,Q615S1BA1,X,Q615S1BA,010,4,9,Q615S1BA_010_4_9,,SDC2119,HDS2262,C101,8PL7CVA,Q615S1BA1,2026-08-11 22:38:03-07:00,202633,20.00,119325,NGXSDJXA0H80B002632,7,6,010T01,8B18438-D,EXABAHA008,301,3,3010001,3030000,3,303,UNDEFINED,10.2173,15.0588,5.7923,8.9056,7.8197,11.7627,1.2029,2.2125,0.8304,1.2002,31.6071,32.3853,1.2029,2.2125,4915.0466,7569.1079,5.7923|7.8197|10.2173,8.9056|11.7627|15.0588,^GT:31.6071%0.7%19.9,^GT:5.7923%0.7%19.9%200%7.8197%0.7%19.9%300%10.2173%0.7%19.9%400,AIO
EFUSE_Q615S1BA_010_5_-1,Q615S1BA1,X,Q615S1BA,010,5,-1,Q615S1BA_010_5_-1,,SDC2119,HDS2262,C101,8PL7CVA,Q615S1BA1,2026-08-11 22:38:03-07:00,202633,20.00,119325,NGXSDJXA0H80B002632,5,16,010T02,8B18438-D,EXABAHA008,301,3,3010001,3030000,3,303,UNDEFINED,10.0693,14.8137,5.717,8.7733,7.728,11.6087,1.5671,2.1724,0.7826,1.1797,31.0879,31.7916,1.5671,2.1724,4892.6764,7585.0866,5.717|7.728|10.0693,8.7733|11.6087|14.8137,^GT:31.0879%0.7%19.55,^GT:5.717%0.7%19.55%200%7.728%0.7%19.55%300%10.0693%0.7%19.55%400,AIO
EFUSE_Q615S1BA_010_5_-10,Q615S1BA1,X,Q615S1BA,010,5,-10,Q615S1BA_010_5_-10,,SDC2119,HDS2262,C101,8PL7CVA,Q615S1BA1,2026-08-11 22:38:03-07:00,202633,20.00,119325,NGXSDJXA0H80B002632,1,10,010T03,8B28421-D,EXABAHA008,101,1,1010001,1010000,1,101,UNDEFINED,10.1269,15.0609,5.7028,8.9318,7.7276,11.781,0.5663,2.2718,0.8364,1.1479,31.6007,32.2584,0.5663,2.2718,4824.2344,7459.3875,5.7028|7.7276|10.1269,8.9318|11.781|15.0609,^GT:31.6007%0.7%19.200000000000003,^GT:5.7028%0.7%19.200000000000003%200%7.7276%0.7%19.200000000000003%300%10.1269%0.7%19.200000000000003%400,AIO
EFUSE_Q615S1BA_010_5_-2,Q615S1BA1,X,Q615S1BA,010,5,-2,Q615S1BA_010_5_-2,,SDC2119,HDS2262,C101,8PL7CVA,Q615S1BA1,2026-08-11 22:38:03-07:00,202633,20.00,119325,NGXSDJXA0H80B002632,3,1,010T03,8B18438-D,EXABAHA008,101,1,1010001,1010000,1,101,UNDEFINED,10.1196,14.8964,5.7539,8.8363,7.7824,11.6846,0.6856,2.2778,0.8294,1.2225,31.1836,31.8953,0.6856,2.2778,4929.4274,7623.4354,5.7539|7.7824|10.1196,8.8363|11.6846|14.8964,^GT:31.1836%0.7%19.799999999999997,^GT:5.7539%0.7%19.799999999999997%200%7.7824%0.7%19.799999999999997%300%10.1196%0.7%19.799999999999997%400,AIO
EFUSE_Q615S1BA_010_5_-3,Q615S1BA1,X,Q615S1BA,010,5,-3,Q615S1BA_010_5_-3,,SDC2119,HDS2262,C101,8PL7CVA,Q615S1BA1,2026-08-11 22:38:03-07:00,202633,20.00,119325,NGXSDJXA0H80B002632,3,6,010T01,8B28421-D,EXABAHA008,101,1,1010001,1010000,1,101,UNDEFINED,10.0952,14.8911,5.7372,8.8349,7.7457,11.6644,1.0951,2.2905,0.7974,1.2042,31.1286,31.8747,1.0951,2.2905,4922.237,7618.1092,5.7372|7.7457|10.0952,8.8349|11.6644|14.8911,^GT:31.1286%0.7%19.45,^GT:5.7372%0.7%19.45%200%7.7457%0.7%19.45%300%10.0952%0.7%19.45%400,AIO
EFUSE_Q615S1BA_010_5_-4,Q615S1BA1,X,Q615S1BA,010,5,-4,Q615S1BA_010_5_-4,,SDC2119,HDS2262,C101,8PL7CVA,Q615S1BA1,2026-08-11 22:38:03-07:00,202633,20.00,119325,NGXSDJXA0H80B002632,5,4,010T02,8B18438-D,EXABAHA008,101,1,1010001,1010000,1,101,UNDEFINED,10.113,14.9113,5.7549,8.8678,7.7762,11.695,0.6132,2.2973,1.126,1.2324,31.1293,31.8079,0.6132,2.2973,4932.6232,7619.1744,5.7549|7.7762|10.113,8.8678|11.695|14.9113,^GT:31.1293%0.7%19.75,^GT:5.7549%0.7%19.75%200%7.7762%0.7%19.75%300%10.113%0.7%19.75%400,AIO
EFUSE_Q615S1BA_010_5_-5,Q615S1BA1,X,Q615S1BA,010,5,-5,Q615S1BA_010_5_-5,,SDC2119,HDS2262,C101,8PL7CVA,Q615S1BA1,2026-08-11 22:38:03-07:00,202633,20.00,119325,NGXSDJXA0H80B002632,3,13,010T03,8B28421-D,EXABAHA008,101,1,1010001,1010000,1,101,UNDEFINED,10.1545,15.0173,5.7767,8.9369,7.8009,11.7751,0.7947,2.3363,1.0204,1.2591,31.27,32.0021,0.7947,2.3363,4940.3462,7607.4567,5.7767|7.8009|10.1545,8.9369|11.7751|15.0173,^GT:31.27%0.7%18.85,^GT:5.7767%0.7%18.85%200%7.8009%0.7%18.85%300%10.1545%0.7%18.85%400,AIO
EFUSE_Q615S1BA_010_5_-6,Q615S1BA1,X,Q615S1BA,010,5,-6,Q615S1BA_010_5_-6,,SDC2119,HDS2262,C101,8PL7CVA,Q615S1BA1,2026-08-11 22:38:03-07:00,202633,20.00,119325,NGXSDJXA0H80B002632,2,4,010T01,8B18438-D,EXABAHA008,301,3,3010001,3030000,3,303,UNDEFINED,10.2722,15.2452,5.8746,9.1498,7.9036,11.9965,0.7215,2.4764,1.0984,1.3661,31.4121,32.0811,0.7215,2.4763,4999.4674,7660.4527,5.8745|7.9036|10.2722,9.1498|11.9965|15.2452,^GT:31.4121%0.7%19.700000000000003,^GT:5.8745%0.7%19.700000000000003%200%7.9036%0.7%19.700000000000003%300%10.2722%0.7%19.700000000000003%400,AIO
EFUSE_Q615S1BA_010_5_-7,Q615S1BA1,X,Q615S1BA,010,5,-7,Q615S1BA_010_5_-7,,SDC2119,HDS2262,C101,8PL7CVA,Q615S1BA1,2026-08-11 22:38:03-07:00,202633,20.00,119325,NGXSDJXA0H80B002632,7,14,010T02,8B28421-D,EXABAHA008,301,3,3010001,3030000,3,303,UNDEFINED,10.3013,15.3166,5.9063,9.2064,7.9294,12.0601,1.5938,2.6,1.3838,1.4117,31.3929,32.1589,1.5937,2.6,5018.1092,7669.7736,5.9063|7.9294|10.3013,9.2064|12.0601|15.3166,^GT:31.3929%0.7%18.9,^GT:5.9063%0.7%18.9%200%7.9294%0.7%18.9%300%10.3013%0.7%18.9%400,AIO
EFUSE_Q615S1BA_010_5_-8,Q615S1BA1,X,Q615S1BA,010,5,-8,Q615S1BA_010_5_-8,,SDC2119,HDS2262,C101,8PL7CVA,Q615S1BA1,2026-08-11 22:38:03-07:00,202633,20.00,119325,NGXSDJXA0H80B002632,1,2,010T03,8B18438-D,EXABAHA008,101,1,1010001,1010000,1,101,UNDEFINED,10.3384,15.4113,5.9295,9.2571,7.9503,12.1274,1.6938,2.5786,1.1068,1.3826,31.4921,32.3905,1.6938,2.5786,4974.4341,7625.2996,5.9295|7.9503|10.3384,9.2571|12.1274|15.4113,^GT:31.4921%0.7%19.75,^GT:5.9295%0.7%19.75%200%7.9503%0.7%19.75%300%10.3384%0.7%19.75%400,AIO
EFUSE_Q615S1BA_010_5_-9,Q615S1BA1,X,Q615S1BA,010,5,-9,Q615S1BA_010_5_-9,,SDC2119,HDS2262,C101,8PL7CVA,Q615S1BA1,2026-08-11 22:38:03-07:00,202633,20.00,119325,NGXSDJXA0H80B002632,7,10,010T02,8B28421-D,EXABAHA008,101,1,1010001,1010000,1,101,UNDEFINED,10.225,15.2661,5.7951,9.1069,7.8192,11.969,1.5009,2.3952,0.9325,1.2376,31.6421,32.4168,1.5009,2.3952,4887.0839,7524.1012,5.7951|7.8192|10.225,9.1069|11.969|15.2661,^GT:31.6421%0.7%18.95,^GT:5.7951%0.7%18.95%200%7.8192%0.7%18.95%300%10.225%0.7%18.95%400,AIO
EFUSE_Q615S1BA_010_5_0,Q615S1BA1,X,Q615S1BA,010,5,0,Q615S1BA_010_5_0,,SDC2119,HDS2262,C101,8PL7CVA,Q615S1BA1,2026-08-11 22:38:03-07:00,202633,20.00,119325,NGXSDJXA0H80B002632,4,7,010T01,8B18438-D,EXABAHA008,101,1,1010001,1010000,1,101,UNDEFINED,10.0469,14.7933,5.6772,8.7444,7.7036,11.5744,1.5712,2.1459,0.7942,1.1467,31.2121,31.8363,1.5712,2.1459,4838.3489,7521.4381,5.6772|7.7036|10.0469,8.7444|11.5744|14.7933,^GT:31.2121%0.7%19.9,^GT:5.6772%0.7%19.9%200%7.7036%0.7%19.9%300%10.0469%0.7%19.9%400,AIO
EFUSE_Q615S1BA_010_5_1,Q615S1BA1,X,Q615S1BA,010,5,1,Q615S1BA_010_5_1,B31220000_FAIL_FUS_FUSEBURN_FUSE_X_FUSEBURN_K_FINAL_X_X_X_X_ULT_WRITE_0,SDC2119,HDS2262,C101,8PL7CVA,Q615S1BA1,2026-08-11 22:38:03-07:00,202633,20.00,119325,NGXSDJXA0H80B002632,5,7,010T03,8B28421-D,EXABAHA008,3122,31,31220000,31220000,31,3122,UNDEFINED,10.0232,14.7387,5.6562,8.7054,7.6745,11.5237,0.7724,2.0846,1.0464,1.1003,31.1936,31.7542,0.7724,2.0846,4838.6152,7534.221,5.6561|7.6745|10.0232,8.7054|11.5237|14.7387,^GT:31.1936%0.7%19.049999999999997,^GT:5.6561%0.7%19.049999999999997%200%7.6745%0.7%19.049999999999997%300%10.0232%0.7%19.049999999999997%400,AIO
EFUSE_Q615S1BA_010_5_2,Q615S1BA1,X,Q615S1BA,010,5,2,Q615S1BA_010_5_2,,SDC2119,HDS2262,C101,8PL7CVA,Q615S1BA1,2026-08-11 22:38:03-07:00,202633,20.00,119325,NGXSDJXA0H80B002632,3,10,010T02,8B28421-D,EXABAHA008,101,1,1010001,1010000,1,101,UNDEFINED,10.0065,14.6844,5.6529,8.6604,7.6726,11.4787,0.5876,2.0881,0.6993,1.1075,31.0971,31.7053,0.5876,2.0881,4876.964,7583.2224,5.6529|7.6726|10.0065,8.6604|11.4787|14.6844,^GT:31.0971%0.7%19.05,^GT:5.6529%0.7%19.05%200%7.6726%0.7%19.05%300%10.0065%0.7%19.05%400,AIO
EFUSE_Q615S1BA_010_5_3,Q615S1BA1,X,Q615S1BA,010,5,3,Q615S1BA_010_5_3,,SDC2119,HDS2262,C101,8PL7CVA,Q615S1BA1,2026-08-11 22:38:03-07:00,202633,20.00,119325,NGXSDJXA0H80B002632,5,1,010T01,8B18438-D,EXABAHA008,101,1,1010001,1010000,1,101,UNDEFINED,10.0109,14.7107,5.6787,8.6847,7.6813,11.508,1.2221,2.1157,0.9689,1.1359,30.9443,31.7158,1.2221,2.1157,4898.8016,7605.8589,5.6787|7.6813|10.0109,8.6847|11.508|14.7107,^GT:30.9443%0.7%19.85,^GT:5.6787%0.7%19.85%200%7.6813%0.7%19.85%300%10.0109%0.7%19.85%400,AIO
EFUSE_Q615S1BA_010_5_4,Q615S1BA1,X,Q615S1BA,010,5,4,Q615S1BA_010_5_4,,SDC2119,HDS2262,C101,8PL7CVA,Q615S1BA1,2026-08-11 22:38:03-07:00,202633,20.00,119325,NGXSDJXA0H80B002632,6,6,010T03,8B28421-D,EXABAHA008,301,3,3010001,3030000,3,303,UNDEFINED,10.0712,14.805,5.7262,8.7566,7.7281,11.5853,0.6022,2.1523,0.8012,1.1757,31.0357,31.8337,0.6022,2.1523,4921.7044,7617.8429,5.7262|7.7281|10.0712,8.7566|11.5853|14.805,^GT:31.0357%0.7%19.299999999999997,^GT:5.7262%0.7%19.299999999999997%200%7.7281%0.7%19.299999999999997%300%10.0712%0.7%19.299999999999997%400,AIO
EFUSE_Q615S1BA_010_5_5,Q615S1BA1,X,Q615S1BA,010,5,5,Q615S1BA_010_5_5,B82020000_FAIL_SCN_GT_GXX_CTRL_X_GFXAGG_K_BEGIN_X_X_X_X_X_EVALUATE_4,SDC2119,HDS2262,C101,8PL7CVA,Q615S1BA1,2026-08-11 22:38:03-07:00,202633,20.00,119325,NGXSDJXA0H80B002632,2,18,010T02,8B18438-D,EXABAHA008,8202,82,82020000,82020000,82,8202,UNDEFINED,10.1736,14.9578,5.7973,8.8616,7.8039,11.6973,1.6258,2.2709,1.2068,1.225,31.2593,32.0853,1.6258,2.2709,4948.8682,7617.8429,5.7973|7.8039|10.1736,8.8616|11.6973|14.9578,^GT:31.2593%0.7%19.9,^GT:5.7973%0.7%19.9%200%7.8039%0.7%19.9%300%10.1736%0.7%19.9%400,AIO
EFUSE_Q615S1BA_010_5_6,Q615S1BA1,X,Q615S1BA,010,5,6,Q615S1BA_010_5_6,,SDC2119,HDS2262,C101,8PL7CVA,Q615S1BA1,2026-08-11 22:38:03-07:00,202633,20.00,119325,NGXSDJXA0H80B002632,6,10,010T01,8B28421-D,EXABAHA008,302,3,3020001,3030000,3,303,UNDEFINED,10.2643,15.1078,5.8477,8.9868,7.8646,11.8334,1.0509,2.3338,1.0167,1.3092,31.5471,32.2158,1.0509,2.3338,4974.1678,7640.213,5.8477|7.8646|10.2643,8.9868|11.8334|15.1078,^GT:31.5471%0.7%19.799999999999997,^GT:5.8477%0.7%19.799999999999997%200%7.8646%0.7%19.799999999999997%300%10.2643%0.7%19.799999999999997%400,AIO
EFUSE_Q615S1BA_010_5_7,Q615S1BA1,X,Q615S1BA,010,5,7,Q615S1BA_010_5_7,,SDC2119,HDS2262,C101,8PL7CVA,Q615S1BA1,2026-08-11 22:38:03-07:00,202633,20.00,119325,NGXSDJXA0H80B002632,7,6,010T03,8B18438-D,EXABAHA008,101,1,1010001,1010000,1,101,UNDEFINED,10.2958,15.1754,5.8846,9.0297,7.9024,11.8895,0.8432,2.3871,1.1112,1.2946,31.5086,32.3458,0.8432,2.3871,4968.3089,7618.3755,5.8846|7.9024|10.2958,9.0297|11.8895|15.1754,^GT:31.5086%0.7%19.700000000000003,^GT:5.8846%0.7%19.700000000000003%200%7.9024%0.7%19.700000000000003%300%10.2958%0.7%19.700000000000003%400,AIO
EFUSE_Q615S1BA_010_5_8,Q615S1BA1,X,Q615S1BA,010,5,8,Q615S1BA_010_5_8,,SDC000,HDS000,A000,8PL7CVA,Q615S1BA1,2026-08-11 22:38:03-07:00,202633,20.00,119325,NGXSDJXA0H80B002632,1,8,010T02,,XIU000,9301,93,,930100,93,9301,UNDEFINED,,,,,,,,,,,,,,,,,,,,,AIO
EFUSE_Q615S1BA_010_5_9,Q615S1BA1,X,Q615S1BA,010,5,9,Q615S1BA_010_5_9,,SDC2119,HDS2262,C101,8PL7CVA,Q615S1BA1,2026-08-11 22:38:03-07:00,202633,20.00,119325,NGXSDJXA0H80B002632,7,5,010T01,8B28421-D,EXABAHA008,301,3,3010001,3030000,3,303,UNDEFINED,10.184,14.9659,5.7604,8.8352,7.7842,11.6677,1.4063,2.16,0.7994,1.1892,31.5971,32.2668,1.4062,2.16,4920.6391,7558.4554,5.7604|7.7842|10.184,8.8352|11.6677|14.9659,^GT:31.5971%0.7%18.75,^GT:5.7604%0.7%18.75%200%7.7842%0.7%18.75%300%10.184%0.7%18.75%400,AIO
EFUSE_Q615S1BA_010_6_-1,Q615S1BA1,X,Q615S1BA,010,6,-1,Q615S1BA_010_6_-1,,SDC2119,HDS2262,C101,8PL7CVA,Q615S1BA1,2026-08-11 22:38:03-07:00,202633,20.00,119325,NGXSDJXA0H80B002632,5,15,010T02,8B28421-D,EXABAHA008,101,1,1010001,1010000,1,101,UNDEFINED,10.1599,14.9644,5.7974,8.9147,7.8219,11.7515,1.6746,2.3348,1.2029,1.2793,31.1607,31.8405,1.6746,2.3348,4947.5366,7651.6644,5.7974|7.8219|10.1599,8.9147|11.7515|14.9644,^GT:31.1607%0.7%19.35,^GT:5.7974%0.7%19.35%200%7.8219%0.7%19.35%300%10.1599%0.7%19.35%400,AIO
EFUSE_Q615S1BA_010_6_-2,Q615S1BA1,X,Q615S1BA,010,6,-2,Q615S1BA_010_6_-2,,SDC2119,HDS2262,C101,8PL7CVA,Q615S1BA1,2026-08-11 22:38:03-07:00,202633,20.00,119325,NGXSDJXA0H80B002632,3,2,010T03,8B28421-D,EXABAHA008,302,3,3020001,3030000,3,303,UNDEFINED,10.168,15.005,5.7941,8.9298,7.8131,11.7667,1.1664,2.3045,1.1722,1.2621,31.2421,31.9747,1.1664,2.3045,4925.9654,7635.9521,5.7941|7.8131|10.168,8.9298|11.7667|15.005,^GT:31.2421%0.7%19.35,^GT:5.7941%0.7%19.35%200%7.8131%0.7%19.35%300%10.168%0.7%19.35%400,AIO
EFUSE_Q615S1BA_010_6_-3,Q615S1BA1,X,Q615S1BA,010,6,-3,Q615S1BA_010_6_-3,,SDC2119,HDS2262,C101,8PL7CVA,Q615S1BA1,2026-08-11 22:38:03-07:00,202633,20.00,119325,NGXSDJXA0H80B002632,3,5,010T01,8B28421-D,EXABAHA008,101,1,1010001,1010000,1,101,UNDEFINED,10.1766,15.0379,5.7945,8.9432,7.82,11.7823,1.6104,2.3175,1.2036,1.2704,31.3007,32.0774,1.6104,2.3175,4939.8136,7637.8162,5.7945|7.82|10.1766,8.9432|11.7823|15.0379,^GT:31.3007%0.7%19.9,^GT:5.7945%0.7%19.9%200%7.82%0.7%19.9%300%10.1766%0.7%19.9%400,AIO
EFUSE_Q615S1BA_010_6_-4,Q615S1BA1,X,Q615S1BA,010,6,-4,Q615S1BA_010_6_-4,,SDC2119,HDS2262,C101,8PL7CVA,Q615S1BA1,2026-08-11 22:38:03-07:00,202633,20.00,119325,NGXSDJXA0H80B002632,5,5,010T02,8B18438-D,EXABAHA008,101,1,1010001,1010000,1,101,UNDEFINED,10.2217,15.0994,5.8262,9.0138,7.8368,11.8593,1.4766,2.3826,0.9743,1.2898,31.3964,32.0295,1.4765,2.3826,4946.4714,7628.4953,5.8262|7.8368|10.2217,9.0138|11.8593|15.0994,^GT:31.3964%0.7%19.799999999999997,^GT:5.8262%0.7%19.799999999999997%200%7.8368%0.7%19.799999999999997%300%10.2217%0.7%19.799999999999997%400,AIO
EFUSE_Q615S1BA_010_6_-5,Q615S1BA1,X,Q615S1BA,010,6,-5,Q615S1BA_010_6_-5,,SDC2119,HDS2262,C101,8PL7CVA,Q615S1BA1,2026-08-11 22:38:03-07:00,202633,20.00,119325,NGXSDJXA0H80B002632,3,12,010T03,8B28421-D,EXABAHA008,101,1,1010001,1010000,1,101,UNDEFINED,10.2755,15.2375,5.8781,9.1268,7.8919,11.9739,0.732,2.4787,0.9553,1.349,31.41,32.1616,0.732,2.4787,4973.9015,7653.5286,5.8781|7.8919|10.2755,9.1268|11.9739|15.2375,^GT:31.41%0.7%19.5,^GT:5.8781%0.7%19.5%200%7.8919%0.7%19.5%300%10.2755%0.7%19.5%400,AIO
EFUSE_Q615S1BA_010_6_-6,Q615S1BA1,X,Q615S1BA,010,6,-6,Q615S1BA_010_6_-6,,SDC2119,HDS2262,C101,8PL7CVA,Q615S1BA1,2026-08-11 22:38:03-07:00,202633,20.00,119325,NGXSDJXA0H80B002632,2,3,010T01,8B18438-D,EXABAHA008,101,1,1010001,1010000,1,101,UNDEFINED,10.3606,15.3812,5.9361,9.2549,7.9632,12.112,1.7175,2.5636,1.371,1.426,31.6043,32.2437,1.7175,2.5636,5019.1744,7688.4154,5.936|7.9632|10.3606,9.2549|12.112|15.3812,^GT:31.6043%0.7%19.700000000000003,^GT:5.936%0.7%19.700000000000003%200%7.9632%0.7%19.700000000000003%300%10.3606%0.7%19.700000000000003%400,AIO
EFUSE_Q615S1BA_010_6_-7,Q615S1BA1,X,Q615S1BA,010,6,-7,Q615S1BA_010_6_-7,,SDC2119,HDS2262,C101,8PL7CVA,Q615S1BA1,2026-08-11 22:38:03-07:00,202633,20.00,119325,NGXSDJXA0H80B002632,7,13,010T02,8B18438-D,EXABAHA008,101,1,1010001,1010000,1,101,UNDEFINED,10.4003,15.4878,5.9684,9.3236,8.0029,12.2092,1.6973,2.6165,1.4055,1.4495,31.6571,32.4432,1.6973,2.6165,5008.2557,7659.9201,5.9683|8.0029|10.4003,9.3236|12.2092|15.4878,^GT:31.6571%0.7%20.1,^GT:5.9683%0.7%20.1%200%8.0029%0.7%20.1%300%10.4003%0.7%20.1%400,AIO
EFUSE_Q615S1BA_010_6_-8,Q615S1BA1,X,Q615S1BA,010,6,-8,Q615S1BA_010_6_-8,B81010004_FAIL_SCN_GT_GXX_CHAIN_ALL_GFXSB_K_BEGIN_HITO_GT_NOM_LFM_HVM_4,SDC2119,HDS2262,C101,8PL7CVA,Q615S1BA1,2026-08-11 22:38:03-07:00,202633,20.00,119325,NGXSDJXA0H80B002632,1,3,010T03,8B18438-D,EXABAHA008,8101,81,81010004,81010004,81,8101,UNDEFINED,10.3643,15.4496,5.9182,9.2676,7.9332,12.1343,1.558,2.5202,1.0857,1.3566,31.7579,32.5368,1.558,2.5202,4929.9601,7578.4288,5.9182|7.9332|10.3643,9.2676|12.1343|15.4496,^GT:31.7579%0.7%20.200000000000003,^GT:5.9182%0.7%20.200000000000003%200%7.9332%0.7%20.200000000000003%300%10.3643%0.7%20.200000000000003%400,AIO
EFUSE_Q615S1BA_010_6_-9,Q615S1BA1,X,Q615S1BA,010,6,-9,Q615S1BA_010_6_-9,B81010004_FAIL_SCN_GT_GXX_CHAIN_ALL_GFXSB_K_BEGIN_HITO_GT_NOM_LFM_HVM_4,SDC2119,HDS2262,C101,8PL7CVA,Q615S1BA1,2026-08-11 22:38:03-07:00,202633,20.00,119325,NGXSDJXA0H80B002632,1,2,010T01,8B28421-D,EXABAHA008,8101,81,81010004,81010004,81,8101,UNDEFINED,10.2526,15.2828,5.8288,9.1375,7.8598,11.9873,1.215,2.4563,1.1274,1.2796,31.5986,32.3437,1.215,2.4563,4879.3609,7535.5526,5.8288|7.8598|10.2526,9.1375|11.9873|15.2828,^GT:31.5986%0.7%19.6,^GT:5.8288%0.7%19.6%200%7.8598%0.7%19.6%300%10.2526%0.7%19.6%400,AIO
EFUSE_Q615S1BA_010_6_0,Q615S1BA1,X,Q615S1BA,010,6,0,Q615S1BA_010_6_0,,SDC2119,HDS2262,C101,8PL7CVA,Q615S1BA1,2026-08-11 22:38:03-07:00,202633,20.00,119325,NGXSDJXA0H80B002632,4,6,010T01,8B28421-D,EXABAHA008,302,3,3020001,3030000,3,303,UNDEFINED,10.1368,14.9313,5.7633,8.878,7.7748,11.706,0.7566,2.2689,1.0792,1.2559,31.2393,31.8595,0.7566,2.2689,4920.9055,7610.1198,5.7633|7.7748|10.1368,8.878|11.706|14.9313,^GT:31.2393%0.7%19.85,^GT:5.7633%0.7%19.85%200%7.7748%0.7%19.85%300%10.1368%0.7%19.85%400,AIO
EFUSE_Q615S1BA_010_6_1,Q615S1BA1,X,Q615S1BA,010,6,1,Q615S1BA_010_6_1,,SDC2119,HDS2262,C101,8PL7CVA,Q615S1BA1,2026-08-11 22:38:03-07:00,202633,20.00,119325,NGXSDJXA0H80B002632,5,6,010T03,8B28421-D,EXABAHA008,101,1,1010001,1010000,1,101,UNDEFINED,10.1464,14.9524,5.7883,8.8962,7.8036,11.7247,1.6107,2.3304,1.2236,1.2701,31.1293,31.8747,1.6107,2.3304,4916.9108,7602.6631,5.7883|7.8036|10.1464,8.8962|11.7247|14.9524,^GT:31.1293%0.7%19.95,^GT:5.7883%0.7%19.95%200%7.8036%0.7%19.95%300%10.1464%0.7%19.95%400,AIO
EFUSE_Q615S1BA_010_6_2,Q615S1BA1,X,Q615S1BA,010,6,2,Q615S1BA_010_6_2,,SDC2119,HDS2262,C101,8PL7CVA,Q615S1BA1,2026-08-11 22:38:03-07:00,202633,20.00,119325,NGXSDJXA0H80B002632,3,11,010T02,8B18438-D,EXABAHA008,101,1,1010001,1010000,1,101,UNDEFINED,10.1115,14.8583,5.7373,8.8012,7.7546,11.6335,1.45,2.2361,0.9503,1.2207,31.2443,31.8795,1.45,2.2361,4928.0959,7624.767,5.7373|7.7546|10.1115,8.8012|11.6335|14.8583,^GT:31.2443%0.7%19.65,^GT:5.7373%0.7%19.65%200%7.7546%0.7%19.65%300%10.1115%0.7%19.65%400,AIO
EFUSE_Q615S1BA_010_6_3,Q615S1BA1,X,Q615S1BA,010,6,3,Q615S1BA_010_6_3,,SDC2119,HDS2262,C101,8PL7CVA,Q615S1BA1,2026-08-11 22:38:03-07:00,202633,20.00,119325,NGXSDJXA0H80B002632,6,1,010T01,8B18438-D,EXABAHA008,101,1,1010001,1010000,1,101,UNDEFINED,10.1214,14.8742,5.7542,8.8118,7.7702,11.6529,0.6186,2.199,0.9723,1.2085,31.1943,31.9074,0.6186,2.199,4937.9494,7627.4301,5.7542|7.7702|10.1214,8.8118|11.6529|14.8742,^GT:31.1943%0.7%19.55,^GT:5.7542%0.7%19.55%200%7.7702%0.7%19.55%300%10.1214%0.7%19.55%400,AIO
EFUSE_Q615S1BA_010_6_4,Q615S1BA1,X,Q615S1BA,010,6,4,Q615S1BA_010_6_4,,SDC2119,HDS2262,C101,8PL7CVA,Q615S1BA1,2026-08-11 22:38:03-07:00,202633,20.00,119325,NGXSDJXA0H80B002632,6,5,010T03,8B28421-D,EXABAHA008,301,3,3010001,3030000,3,303,UNDEFINED,10.1612,14.9613,5.7835,8.8968,7.7878,11.7239,0.9374,2.3183,1.2321,1.2447,31.2693,31.9184,0.9374,2.3183,4959.2543,7642.0772,5.7835|7.7878|10.1612,8.8968|11.7239|14.9613,^GT:31.2693%0.7%19.700000000000003,^GT:5.7835%0.7%19.700000000000003%200%7.7878%0.7%19.700000000000003%300%10.1612%0.7%19.700000000000003%400,AIO
EFUSE_Q615S1BA_010_6_5,Q615S1BA1,X,Q615S1BA,010,6,5,Q615S1BA_010_6_5,,SDC2119,HDS2262,C101,8PL7CVA,Q615S1BA1,2026-08-11 22:38:03-07:00,202633,20.00,119325,NGXSDJXA0H80B002632,2,19,010T02,8B18438-D,EXABAHA008,101,1,1010001,1010000,1,101,UNDEFINED,10.25,15.0769,5.8447,8.9785,7.862,11.8218,0.9862,2.3074,1.2939,1.2824,31.4664,32.0968,0.9862,2.3074,4989.8802,7663.3822,5.8447|7.862|10.25,8.9785|11.8218|15.0769,^GT:31.4664%0.7%19.5,^GT:5.8447%0.7%19.5%200%7.862%0.7%19.5%300%10.25%0.7%19.5%400,AIO
EFUSE_Q615S1BA_010_6_6,Q615S1BA1,X,Q615S1BA,010,6,6,Q615S1BA_010_6_6,,SDC2119,HDS2262,C101,8PL7CVA,Q615S1BA1,2026-08-11 22:38:03-07:00,202633,20.00,119325,NGXSDJXA0H80B002632,6,9,010T01,8B28421-D,EXABAHA008,201,2,2010001,2020000,2,202,UNDEFINED,10.305,15.1927,5.8876,9.0555,7.9119,11.9058,0.7276,2.3745,0.9736,1.3333,31.5529,32.3011,0.7276,2.3745,5003.7284,7671.9041,5.8876|7.9119|10.305,9.0555|11.9058|15.1927,^GT:31.5529%0.7%19.15,^GT:5.8876%0.7%19.15%200%7.9119%0.7%19.15%300%10.305%0.7%19.15%400,AIO
EFUSE_Q615S1BA_010_6_7,Q615S1BA1,X,Q615S1BA,010,6,7,Q615S1BA_010_6_7,,SDC2119,HDS2262,C101,8PL7CVA,Q615S1BA1,2026-08-11 22:38:03-07:00,202633,20.00,119325,NGXSDJXA0H80B002632,7,5,010T03,8B28421-D,EXABAHA008,301,3,3010001,3030000,3,303,UNDEFINED,10.3077,15.2006,5.8762,9.0489,7.901,11.9029,1.6731,2.357,0.9399,1.2984,31.6536,32.3774,1.6731,2.357,4957.6565,7598.9348,5.8762|7.901|10.3077,9.0489|11.9029|15.2006,^GT:31.6536%0.7%19.299999999999997,^GT:5.8762%0.7%19.299999999999997%200%7.901%0.7%19.299999999999997%300%10.3077%0.7%19.299999999999997%400,AIO
EFUSE_Q615S1BA_010_6_8,Q615S1BA1,X,Q615S1BA,010,6,8,Q615S1BA_010_6_8,,SDC2119,HDS2262,C101,8PL7CVA,Q615S1BA1,2026-08-11 22:38:03-07:00,202633,20.00,119325,NGXSDJXA0H80B002632,1,9,010T02,8B18438-D,EXABAHA008,101,1,1010001,1010000,1,101,UNDEFINED,10.3466,15.2384,5.904,9.0666,7.929,11.9351,1.3003,2.3957,1.2728,1.3162,31.7336,32.4832,1.3003,2.3957,4952.3302,7611.7177,5.9039|7.929|10.3466,9.0666|11.9351|15.2384,^GT:31.7336%0.7%19.799999999999997,^GT:5.9039%0.7%19.799999999999997%200%7.929%0.7%19.799999999999997%300%10.3466%0.7%19.799999999999997%400,AIO
EFUSE_Q615S1BA_010_6_9,Q615S1BA1,X,Q615S1BA,010,6,9,Q615S1BA_010_6_9,B81010004_FAIL_SCN_GT_GXX_CHAIN_ALL_GFXSB_K_BEGIN_HITO_GT_NOM_LFM_HVM_4,SDC2119,HDS2262,C101,8PL7CVA,Q615S1BA1,2026-08-11 22:38:03-07:00,202633,20.00,119325,NGXSDJXA0H80B002632,7,4,010T01,8B18438-D,EXABAHA008,8101,81,81010004,81010004,81,8101,UNDEFINED,10.467,15.3145,6.0622,9.199,8.0805,12.0323,1.0961,2.5663,1.1971,1.5268,31.4629,32.1868,1.0961,2.5663,4904.1278,7548.3356,6.0622|8.0805|10.467,9.199|12.0323|15.3145,^GT:31.4629%0.7%19.799999999999997,^GT:6.0622%0.7%19.799999999999997%200%8.0805%0.7%19.799999999999997%300%10.467%0.7%19.799999999999997%400,AIO
EFUSE_Q615S1BA_010_7_-1,Q615S1BA1,X,Q615S1BA,010,7,-1,Q615S1BA_010_7_-1,,SDC2119,HDS2262,C101,8PL7CVA,Q615S1BA1,2026-08-11 22:38:03-07:00,202633,20.00,119325,NGXSDJXA0H80B002632,5,14,010T02,8B18438-D,EXABAHA008,101,1,1010001,1010000,1,101,UNDEFINED,10.2565,15.1592,5.8607,9.0751,7.8816,11.9135,0.7376,2.432,1.0685,1.343,31.3986,32.0216,0.7376,2.432,4946.2051,7633.5553,5.8607|7.8816|10.2565,9.0751|11.9135|15.1592,^GT:31.3986%0.7%19.5,^GT:5.8607%0.7%19.5%200%7.8816%0.7%19.5%300%10.2565%0.7%19.5%400,AIO
EFUSE_Q615S1BA_010_7_-2,Q615S1BA1,X,Q615S1BA,010,7,-2,Q615S1BA_010_7_-2,,SDC2119,HDS2262,C101,8PL7CVA,Q615S1BA1,2026-08-11 22:38:03-07:00,202633,20.00,119325,NGXSDJXA0H80B002632,3,3,010T03,8B18438-D,EXABAHA008,201,2,2010001,2020000,2,202,UNDEFINED,10.2407,15.1164,5.8411,9.0068,7.8559,11.8654,0.7252,2.3489,0.8598,1.2858,31.4257,32.1558,0.7252,2.3489,4952.3302,7639.9467,5.8411|7.8559|10.2407,9.0068|11.8654|15.1164,^GT:31.4257%0.7%19.55,^GT:5.8411%0.7%19.55%200%7.8559%0.7%19.55%300%10.2407%0.7%19.55%400,AIO
EFUSE_Q615S1BA_010_7_-3,Q615S1BA1,X,Q615S1BA,010,7,-3,Q615S1BA_010_7_-3,,SDC2119,HDS2262,C101,8PL7CVA,Q615S1BA1,2026-08-11 22:38:03-07:00,202633,20.00,119325,NGXSDJXA0H80B002632,3,4,010T01,8B28421-D,EXABAHA008,101,1,1010001,1010000,1,101,UNDEFINED,10.2323,15.1308,5.8318,9.0326,7.8675,11.8738,1.3538,2.3807,1.1393,1.2773,31.4321,32.0958,1.3538,2.3807,4958.7217,7638.3489,5.8318|7.8675|10.2323,9.0326|11.8738|15.1308,^GT:31.4321%0.7%19.15,^GT:5.8318%0.7%19.15%200%7.8675%0.7%19.15%300%10.2323%0.7%19.15%400,AIO
EFUSE_Q615S1BA_010_7_-4,Q615S1BA1,X,Q615S1BA,010,7,-4,Q615S1BA_010_7_-4,,SDC2119,HDS2262,C101,8PL7CVA,Q615S1BA1,2026-08-11 22:38:03-07:00,202633,20.00,119325,NGXSDJXA0H80B002632,5,6,010T02,8B28421-D,EXABAHA008,302,3,3020001,3030000,3,303,UNDEFINED,10.2451,15.1814,5.8373,9.0558,7.8626,11.9166,1.1057,2.4284,0.9376,1.299,31.4843,32.24,1.1057,2.4284,4952.3302,7637.8162,5.8373|7.8626|10.2451,9.0558|11.9166|15.1814,^GT:31.4843%0.7%19.15,^GT:5.8373%0.7%19.15%200%7.8626%0.7%19.15%300%10.2451%0.7%19.15%400,AIO
EFUSE_Q615S1BA_010_7_-5,Q615S1BA1,X,Q615S1BA,010,7,-5,Q615S1BA_010_7_-5,,SDC2119,HDS2262,C101,8PL7CVA,Q615S1BA1,2026-08-11 22:38:03-07:00,202633,20.00,119325,NGXSDJXA0H80B002632,3,11,010T03,8B28421-D,EXABAHA008,101,1,1010001,1010000,1,101,UNDEFINED,10.3416,15.3536,5.9334,9.2279,7.9489,12.0922,0.8497,2.531,1.2068,1.4042,31.4871,32.2411,0.8497,2.531,4982.1571,7676.6977,5.9334|7.9489|10.3416,9.2278|12.0922|15.3536,^GT:31.4871%0.7%19.25,^GT:5.9334%0.7%19.25%200%7.9489%0.7%19.25%300%10.3416%0.7%19.25%400,AIO
EFUSE_Q615S1BA_010_7_-6,Q615S1BA1,X,Q615S1BA,010,7,-6,Q615S1BA_010_7_-6,,SDC2119,HDS2262,C101,8PL7CVA,Q615S1BA1,2026-08-11 22:38:03-07:00,202633,20.00,119325,NGXSDJXA0H80B002632,2,2,010T01,8B18438-D,EXABAHA008,301,3,3010001,3030000,3,303,UNDEFINED,10.4293,15.5093,5.9994,9.3532,8.0361,12.2268,1.4496,2.6475,1.0605,1.4814,31.6421,32.4005,1.4496,2.6475,5033.2889,7716.1119,5.9994|8.0361|10.4293,9.3532|12.2268|15.5093,^GT:31.6421%0.7%19.799999999999997,^GT:5.9994%0.7%19.799999999999997%200%8.0361%0.7%19.799999999999997%300%10.4293%0.7%19.799999999999997%400,AIO
EFUSE_Q615S1BA_010_7_-7,Q615S1BA1,X,Q615S1BA,010,7,-7,Q615S1BA_010_7_-7,,SDC2119,HDS2262,C101,8PL7CVA,Q615S1BA1,2026-08-11 22:38:03-07:00,202633,20.00,119325,NGXSDJXA0H80B002632,7,12,010T02,8B18438-D,EXABAHA008,101,1,1010001,1010000,1,101,UNDEFINED,10.4129,15.512,5.9704,9.3373,7.9969,12.2136,1.7439,2.6026,1.2386,1.4127,31.7321,32.4984,1.7438,2.6026,4954.9933,7613.0493,5.9704|7.9969|10.4129,9.3373|12.2136|15.512,^GT:31.7321%0.7%19.75,^GT:5.9704%0.7%19.75%200%7.9969%0.7%19.75%300%10.4129%0.7%19.75%400,AIO
EFUSE_Q615S1BA_010_7_-8,Q615S1BA1,X,Q615S1BA,010,7,-8,Q615S1BA_010_7_-8,,SDC2119,HDS2262,C101,8PL7CVA,Q615S1BA1,2026-08-11 22:38:03-07:00,202633,20.00,119325,NGXSDJXA0H80B002632,1,4,010T03,8B28421-D,EXABAHA008,101,1,1010001,1010000,1,101,UNDEFINED,10.3274,15.3856,5.8964,9.2061,7.9106,12.0917,0.7929,2.4721,0.9632,1.3233,31.65,32.5237,0.7929,2.4721,4917.4434,7559.787,5.8964|7.9106|10.3274,9.2061|12.0917|15.3856,^GT:31.65%0.7%19.05,^GT:5.8964%0.7%19.05%200%7.9106%0.7%19.05%300%10.3274%0.7%19.05%400,AIO
EFUSE_Q615S1BA_010_7_0,Q615S1BA1,X,Q615S1BA,010,7,0,Q615S1BA_010_7_0,,SDC2119,HDS2262,C101,8PL7CVA,Q615S1BA1,2026-08-11 22:38:03-07:00,202633,20.00,119325,NGXSDJXA0H80B002632,4,5,010T01,8B18438-D,EXABAHA008,101,1,1010001,1010000,1,101,UNDEFINED,10.2735,15.1655,5.8819,9.0738,7.8975,11.9288,1.7041,2.4482,0.996,1.3586,31.3686,32.0616,1.7041,2.4481,4977.3635,7652.996,5.8819|7.8975|10.2735,9.0738|11.9288|15.1655,^GT:31.3686%0.7%19.75,^GT:5.8819%0.7%19.75%200%7.8975%0.7%19.75%300%10.2735%0.7%19.75%400,AIO
EFUSE_Q615S1BA_010_7_1,Q615S1BA1,X,Q615S1BA,010,7,1,Q615S1BA_010_7_1,,SDC2119,HDS2262,C101,8PL7CVA,Q615S1BA1,2026-08-11 22:38:03-07:00,202633,20.00,119325,NGXSDJXA0H80B002632,5,5,010T03,8B18438-D,EXABAHA008,301,3,3010001,3030000,3,303,UNDEFINED,10.2226,15.086,5.8361,8.9933,7.8564,11.8402,1.5046,2.3551,1.1178,1.3059,31.3321,32.0668,1.5046,2.3551,4945.1398,7626.0985,5.8361|7.8564|10.2226,8.9933|11.8402|15.086,^GT:31.3321%0.7%19.6,^GT:5.8361%0.7%19.6%200%7.8564%0.7%19.6%300%10.2226%0.7%19.6%400,AIO
EFUSE_Q615S1BA_010_7_2,Q615S1BA1,X,Q615S1BA,010,7,2,Q615S1BA_010_7_2,,SDC2119,HDS2262,C101,8PL7CVA,Q615S1BA1,2026-08-11 22:38:03-07:00,202633,20.00,119325,NGXSDJXA0H80B002632,3,12,010T02,8B28421-D,EXABAHA008,101,1,1010001,1010000,1,101,UNDEFINED,10.214,15.0509,5.8109,8.9502,7.8454,11.7974,1.7084,2.3195,1.2222,1.2656,31.4507,32.1089,1.7084,2.3195,4938.7483,7630.3595,5.8109|7.8453|10.214,8.9502|11.7974|15.0509,^GT:31.4507%0.7%18.95,^GT:5.8109%0.7%18.95%200%7.8453%0.7%18.95%300%10.214%0.7%18.95%400,AIO
EFUSE_Q615S1BA_010_7_3,Q615S1BA1,X,Q615S1BA,010,7,3,Q615S1BA_010_7_3,,SDC2119,HDS2262,C101,8PL7CVA,Q615S1BA1,2026-08-11 22:38:03-07:00,202633,20.00,119325,NGXSDJXA0H80B002632,6,2,010T01,8B28421-D,EXABAHA008,101,1,1010001,1010000,1,101,UNDEFINED,10.2103,15.0618,5.8169,8.9564,7.8455,11.8066,1.2625,2.3263,0.868,1.2888,31.3821,32.1337,1.2625,2.3263,4958.988,7638.0826,5.8168|7.8455|10.2103,8.9564|11.8066|15.0618,^GT:31.3821%0.7%19.65,^GT:5.8168%0.7%19.65%200%7.8455%0.7%19.65%300%10.2103%0.7%19.65%400,AIO
EFUSE_Q615S1BA_010_7_4,Q615S1BA1,X,Q615S1BA,010,7,4,Q615S1BA_010_7_4,,SDC2119,HDS2262,C101,8PL7CVA,Q615S1BA1,2026-08-11 22:38:03-07:00,202633,20.00,119325,NGXSDJXA0H80B002632,6,4,010T03,8B18438-D,EXABAHA008,101,1,1010001,1010000,1,101,UNDEFINED,10.2849,15.1687,5.8874,9.0351,7.9049,11.8959,1.7386,2.4198,1.2056,1.3298,31.4107,32.2821,1.7386,2.4198,4989.0812,7666.8442,5.8874|7.9049|10.2849,9.0351|11.8959|15.1687,^GT:31.4107%0.7%19.700000000000003,^GT:5.8874%0.7%19.700000000000003%200%7.9049%0.7%19.700000000000003%300%10.2849%0.7%19.700000000000003%400,AIO
EFUSE_Q615S1BA_010_7_5,Q615S1BA1,X,Q615S1BA,010,7,5,Q615S1BA_010_7_5,,SDC2119,HDS2262,C101,8PL7CVA,Q615S1BA1,2026-08-11 22:38:03-07:00,202633,20.00,119325,NGXSDJXA0H80B002632,3,19,010T02,8B18438-D,EXABAHA008,101,1,1010001,1010000,1,101,UNDEFINED,10.3426,15.2724,5.934,9.1393,7.9568,11.9985,0.7655,2.4426,1.2599,1.3789,31.49,32.28,0.7655,2.4426,5019.9734,7692.1438,5.934|7.9568|10.3426,9.1392|11.9985|15.2724,^GT:31.49%0.7%19.9,^GT:5.934%0.7%19.9%200%7.9568%0.7%19.9%300%10.3426%0.7%19.9%400,AIO
EFUSE_Q615S1BA_010_7_6,Q615S1BA1,X,Q615S1BA,010,7,6,Q615S1BA_010_7_6,,SDC2119,HDS2262,C101,8PL7CVA,Q615S1BA1,2026-08-11 22:38:03-07:00,202633,20.00,119325,NGXSDJXA0H80B002632,6,8,010T01,8B28421-D,EXABAHA008,301,3,3010001,3030000,3,303,UNDEFINED,10.3248,15.2328,5.8882,9.0755,7.9214,11.9352,0.7555,2.4115,0.9799,1.3284,31.69,32.4068,0.7555,2.4115,4964.0479,7617.0439,5.8882|7.9214|10.3248,9.0755|11.9352|15.2328,^GT:31.69%0.7%19.3,^GT:5.8882%0.7%19.3%200%7.9214%0.7%19.3%300%10.3248%0.7%19.3%400,AIO
EFUSE_Q615S1BA_010_7_7,Q615S1BA1,X,Q615S1BA,010,7,7,Q615S1BA_010_7_7,,SDC2119,HDS2262,C101,8PL7CVA,Q615S1BA1,2026-08-11 22:38:03-07:00,202633,20.00,119325,NGXSDJXA0H80B002632,7,4,010T03,8B28421-D,EXABAHA008,101,1,1010001,1010000,1,101,UNDEFINED,10.308,15.1963,5.8862,9.0483,7.9096,11.908,0.9018,2.351,1.2785,1.2912,31.5843,32.3579,0.9018,2.351,4955.7923,7608.2557,5.8862|7.9096|10.308,9.0483|11.908|15.1963,^GT:31.5843%0.7%18.85,^GT:5.8862%0.7%18.85%200%7.9096%0.7%18.85%300%10.308%0.7%18.85%400,AIO
EFUSE_Q615S1BA_010_7_8,Q615S1BA1,X,Q615S1BA,010,7,8,Q615S1BA_010_7_8,,SDC2119,HDS2262,C101,8PL7CVA,Q615S1BA1,2026-08-11 22:38:03-07:00,202633,20.00,119325,NGXSDJXA0H80B002632,1,10,010T02,8B18438-D,EXABAHA008,301,3,3010001,3030000,3,303,UNDEFINED,10.3361,15.1884,5.9047,9.0185,7.9278,11.8785,1.4937,2.3545,1.2841,1.3249,31.6529,32.4732,1.4936,2.3545,4938.7483,7595.2064,5.9047|7.9278|10.3361,9.0185|11.8785|15.1884,^GT:31.6529%0.7%19.5,^GT:5.9047%0.7%19.5%200%7.9278%0.7%19.5%300%10.3361%0.7%19.5%400,AIO
EFUSE_Q615S1BA_010_8_-1,Q615S1BA1,X,Q615S1BA,010,8,-1,Q615S1BA_010_8_-1,,SDC2119,HDS2262,C101,8PL7CVA,Q615S1BA1,2026-08-11 22:38:03-07:00,202633,20.00,119325,NGXSDJXA0H80B002632,5,13,010T02,8B18438-D,EXABAHA008,101,1,1010001,1010000,1,101,UNDEFINED,10.2628,15.1935,5.847,9.0745,7.8769,11.9293,1.1046,2.4486,1.2401,1.3095,31.5414,32.2053,1.1046,2.4486,4941.6778,7604.7936,5.847|7.8769|10.2628,9.0745|11.9293|15.1935,^GT:31.5414%0.7%20.1,^GT:5.847%0.7%20.1%200%7.8769%0.7%20.1%300%10.2628%0.7%20.1%400,AIO
EFUSE_Q615S1BA_010_8_-2,Q615S1BA1,X,Q615S1BA,010,8,-2,Q615S1BA_010_8_-2,,SDC2119,HDS2262,C101,8PL7CVA,Q615S1BA1,2026-08-11 22:38:03-07:00,202633,20.00,119325,NGXSDJXA0H80B002632,3,4,010T03,8B28421-D,EXABAHA008,101,1,1010001,1010000,1,101,UNDEFINED,10.2607,15.1822,5.839,9.0477,7.865,11.9158,0.6515,2.362,0.9838,1.2796,31.5843,32.2868,0.6515,2.362,4952.8628,7627.9627,5.8389|7.865|10.2607,9.0477|11.9158|15.1822,^GT:31.5843%0.7%19.05,^GT:5.8389%0.7%19.05%200%7.865%0.7%19.05%300%10.2607%0.7%19.05%400,AIO
EFUSE_Q615S1BA_010_8_-3,Q615S1BA1,X,Q615S1BA,010,8,-3,Q615S1BA_010_8_-3,,SDC2119,HDS2262,C101,8PL7CVA,Q615S1BA1,2026-08-11 22:38:03-07:00,202633,20.00,119325,NGXSDJXA0H80B002632,3,3,010T01,8B18438-D,EXABAHA008,301,3,3010001,3030000,3,303,UNDEFINED,10.2995,15.2625,5.8761,9.1148,7.8946,11.9795,1.6031,2.4529,0.8957,1.3117,31.5957,32.3563,1.6031,2.4529,4962.1838,7637.0173,5.8761|7.8946|10.2995,9.1148|11.9795|15.2625,^GT:31.5957%0.7%19.65,^GT:5.8761%0.7%19.65%200%7.8946%0.7%19.65%300%10.2995%0.7%19.65%400,AIO
EFUSE_Q615S1BA_010_8_-4,Q615S1BA1,X,Q615S1BA,010,8,-4,Q615S1BA_010_8_-4,,SDC2119,HDS2262,C101,8PL7CVA,Q615S1BA1,2026-08-11 22:38:03-07:00,202633,20.00,119325,NGXSDJXA0H80B002632,5,7,010T02,8B18438-D,EXABAHA008,101,1,1010001,1010000,1,101,UNDEFINED,10.3147,15.3069,5.8755,9.1502,7.9082,12.0257,1.4255,2.4346,1.0829,1.3254,31.7086,32.4037,1.4255,2.4346,4962.4501,7641.2783,5.8755|7.9082|10.3147,9.1502|12.0257|15.3069,^GT:31.7086%0.7%19.9,^GT:5.8755%0.7%19.9%200%7.9082%0.7%19.9%300%10.3147%0.7%19.9%400,AIO
EFUSE_Q615S1BA_010_8_-5,Q615S1BA1,X,Q615S1BA,010,8,-5,Q615S1BA_010_8_-5,,SDC2119,HDS2262,C101,8PL7CVA,Q615S1BA1,2026-08-11 22:38:03-07:00,202633,20.00,119325,NGXSDJXA0H80B002632,3,10,010T03,8B18438-D,EXABAHA008,301,3,3010001,3030000,3,303,UNDEFINED,10.3284,15.3369,5.8997,9.1929,7.9223,12.0586,1.2185,2.4908,0.9606,1.3445,31.6336,32.3368,1.2185,2.4908,4948.3356,7625.0333,5.8997|7.9223|10.3284,9.1929|12.0586|15.3369,^GT:31.6336%0.7%20.3,^GT:5.8997%0.7%20.3%200%7.9223%0.7%20.3%300%10.3284%0.7%20.3%400,AIO
EFUSE_Q615S1BA_010_8_-6,Q615S1BA1,X,Q615S1BA,010,8,-6,Q615S1BA_010_8_-6,,SDC2119,HDS2262,C101,8PL7CVA,Q615S1BA1,2026-08-11 22:38:03-07:00,202633,20.00,119325,NGXSDJXA0H80B002632,2,1,010T01,8B28421-D,EXABAHA008,301,3,3010001,3030000,3,303,UNDEFINED,10.3431,15.3846,5.8961,9.2196,7.927,12.0855,1.6387,2.4852,0.9474,1.3399,31.7643,32.4474,1.6387,2.4852,4935.2863,7597.3369,5.8961|7.927|10.3431,9.2196|12.0855|15.3846,^GT:31.7643%0.7%19.55,^GT:5.8961%0.7%19.55%200%7.927%0.7%19.55%300%10.3431%0.7%19.55%400,AIO
EFUSE_Q615S1BA_010_8_-7,Q615S1BA1,X,Q615S1BA,010,8,-7,Q615S1BA_010_8_-7,,SDC2119,HDS2262,C101,8PL7CVA,Q615S1BA1,2026-08-11 22:38:03-07:00,202633,20.00,119325,NGXSDJXA0H80B002632,7,11,010T02,8B18438-D,EXABAHA008,101,1,1010001,1010000,1,101,UNDEFINED,10.3384,15.3842,5.8832,9.2038,7.9182,12.0813,1.6446,2.5042,0.9237,1.3263,31.8229,32.5284,1.6446,2.5042,4912.6498,7554.727,5.8832|7.9181|10.3384,9.2038|12.0813|15.3842,^GT:31.8229%0.7%19.95,^GT:5.8832%0.7%19.95%200%7.9181%0.7%19.95%300%10.3384%0.7%19.95%400,AIO
EFUSE_Q615S1BA_010_8_-8,Q615S1BA1,X,Q615S1BA,010,8,-8,Q615S1BA_010_8_-8,,SDC2119,HDS2262,C101,8PL7CVA,Q615S1BA1,2026-08-11 22:38:03-07:00,202633,20.00,119325,NGXSDJXA0H80B002632,1,5,010T03,8B18438-D,EXABAHA008,101,1,1010001,1010000,1,101,UNDEFINED,10.2268,15.1746,5.7697,8.9984,7.7854,11.8609,1.4887,2.3022,1.087,1.1885,31.8371,32.5063,1.4887,2.3022,4793.3422,7403.7284,5.7696|7.7854|10.2268,8.9984|11.8609|15.1746,^GT:31.8371%0.7%20.1,^GT:5.7696%0.7%20.1%200%7.7854%0.7%20.1%300%10.2268%0.7%20.1%400,AIO
EFUSE_Q615S1BA_010_8_0,Q615S1BA1,X,Q615S1BA,010,8,0,Q615S1BA_010_8_0,,SDC000,HDS000,A000,8PL7CVA,Q615S1BA1,2026-08-11 22:38:03-07:00,202633,20.00,119325,NGXSDJXA0H80B002632,4,4,010T01,,XIU000,9301,93,,930100,93,9301,UNDEFINED,,,,,,,,,,,,,,,,,,,,,AIO
EFUSE_Q615S1BA_010_8_1,Q615S1BA1,X,Q615S1BA,010,8,1,Q615S1BA_010_8_1,,SDC2119,HDS2262,C101,8PL7CVA,Q615S1BA1,2026-08-11 22:38:03-07:00,202633,20.00,119325,NGXSDJXA0H80B002632,5,4,010T03,8B28421-D,EXABAHA008,101,1,1010001,1010000,1,101,UNDEFINED,10.2283,15.1182,5.8259,9.012,7.8637,11.8754,0.7888,2.3756,0.9026,1.2863,31.4457,32.1379,0.7888,2.3756,4946.7377,7617.5766,5.8259|7.8637|10.2283,9.012|11.8754|15.1182,^GT:31.4457%0.7%19.200000000000003,^GT:5.8259%0.7%19.200000000000003%200%7.8637%0.7%19.200000000000003%300%10.2283%0.7%19.200000000000003%400,AIO
EFUSE_Q615S1BA_010_8_2,Q615S1BA1,X,Q615S1BA,010,8,2,Q615S1BA_010_8_2,,SDC2119,HDS2262,C101,8PL7CVA,Q615S1BA1,2026-08-11 22:38:03-07:00,202633,20.00,119325,NGXSDJXA0H80B002632,3,13,010T02,8B28421-D,EXABAHA008,101,1,1010001,1010000,1,101,UNDEFINED,10.2481,15.1458,5.8419,9.0397,7.8693,11.8871,1.4485,2.3701,1.1925,1.3027,31.4729,32.1374,1.4485,2.3701,4950.466,7614.3808,5.8419|7.8693|10.2481,9.0397|11.8871|15.1458,^GT:31.4729%0.7%19.25,^GT:5.8419%0.7%19.25%200%7.8693%0.7%19.25%300%10.2481%0.7%19.25%400,AIO
EFUSE_Q615S1BA_010_8_3,Q615S1BA1,X,Q615S1BA,010,8,3,Q615S1BA_010_8_3,,SDC2119,HDS2262,C101,8PL7CVA,Q615S1BA1,2026-08-11 22:38:03-07:00,202633,20.00,119325,NGXSDJXA0H80B002632,6,3,010T01,8B18438-D,EXABAHA008,101,1,1010001,1010000,1,101,UNDEFINED,10.2811,15.198,5.8635,9.058,7.9018,11.9228,0.766,2.4046,1.082,1.3367,31.5543,32.3158,0.766,2.4046,4991.478,7646.6045,5.8635|7.9018|10.2811,9.058|11.9228|15.198,^GT:31.5543%0.7%19.35,^GT:5.8635%0.7%19.35%200%7.9018%0.7%19.35%300%10.2811%0.7%19.35%400,AIO
EFUSE_Q615S1BA_010_8_4,Q615S1BA1,X,Q615S1BA,010,8,4,Q615S1BA_010_8_4,,SDC2119,HDS2262,C101,8PL7CVA,Q615S1BA1,2026-08-11 22:38:03-07:00,202633,20.00,119325,NGXSDJXA0H80B002632,6,3,010T03,8B28421-D,EXABAHA008,101,1,1010001,1010000,1,101,UNDEFINED,10.366,15.3331,5.9445,9.1827,7.9685,12.0455,0.8311,2.5235,1.0218,1.3996,31.5821,32.3705,0.8311,2.5235,5011.7177,7667.1105,5.9445|7.9685|10.366,9.1827|12.0455|15.3331,^GT:31.5821%0.7%19.5,^GT:5.9445%0.7%19.5%200%7.9685%0.7%19.5%300%10.366%0.7%19.5%400,AIO
EFUSE_Q615S1BA_010_8_5,Q615S1BA1,X,Q615S1BA,010,8,5,Q615S1BA_010_8_5,,SDC2119,HDS2262,C101,8PL7CVA,Q615S1BA1,2026-08-11 22:38:03-07:00,202633,20.00,119325,NGXSDJXA0H80B002632,3,18,010T02,8B28421-D,EXABAHA008,101,1,1010001,1010000,1,101,UNDEFINED,10.3309,15.2547,5.8915,9.1047,7.926,11.9488,0.6939,2.4164,0.9681,1.3285,31.71,32.3684,0.6939,2.4164,4967.2437,7604.261,5.8915|7.926|10.3309,9.1047|11.9488|15.2547,^GT:31.71%0.7%19.35,^GT:5.8915%0.7%19.35%200%7.926%0.7%19.35%300%10.3309%0.7%19.35%400,AIO
EFUSE_Q615S1BA_010_8_6,Q615S1BA1,X,Q615S1BA,010,8,6,Q615S1BA_010_8_6,,SDC2119,HDS2262,C101,8PL7CVA,Q615S1BA1,2026-08-11 22:38:03-07:00,202633,20.00,119325,NGXSDJXA0H80B002632,6,7,010T01,8B18438-D,EXABAHA008,301,3,3010001,3030000,3,303,UNDEFINED,10.2873,15.1768,5.853,9.0238,7.8771,11.8885,1.4118,2.3096,1.0068,1.272,31.6736,32.3842,1.4118,2.3096,4945.1398,7586.4181,5.853|7.8771|10.2873,9.0238|11.8885|15.1768,^GT:31.6736%0.7%19.9,^GT:5.853%0.7%19.9%200%7.8771%0.7%19.9%300%10.2873%0.7%19.9%400,AIO
EFUSE_Q615S1BA_010_8_7,Q615S1BA1,X,Q615S1BA,010,8,7,Q615S1BA_010_8_7,B82020000_FAIL_SCN_GT_GXX_CTRL_X_GFXAGG_K_BEGIN_X_X_X_X_X_EVALUATE_4,SDC2119,HDS2262,C101,8PL7CVA,Q615S1BA1,2026-08-11 22:38:03-07:00,202633,20.00,119325,NGXSDJXA0H80B002632,7,3,010T03,8B28421-D,EXABAHA008,8202,82,82020000,82020000,82,8202,UNDEFINED,10.2152,15.0207,5.788,8.8882,7.8105,11.737,1.5345,2.1825,1.1986,1.2047,31.6229,32.2763,1.5345,2.1825,4896.6711,7525.4328,5.788|7.8105|10.2152,8.8882|11.737|15.0207,^GT:31.6229%0.7%19.85,^GT:5.788%0.7%19.85%200%7.8105%0.7%19.85%300%10.2152%0.7%19.85%400,AIO
EFUSE_Q615S1BA_010_9_-1,Q615S1BA1,X,Q615S1BA,010,9,-1,Q615S1BA_010_9_-1,,SDC2119,HDS2262,C101,8PL7CVA,Q615S1BA1,2026-08-11 22:38:03-07:00,202633,20.00,119325,NGXSDJXA0H80B002632,5,12,010T02,8B18438-D,EXABAHA008,301,3,3010001,3030000,3,303,UNDEFINED,10.3297,15.3093,5.8967,9.1576,7.9214,12.0355,0.7927,2.4489,1.2661,1.3435,31.6643,32.3774,0.7927,2.4489,4967.2437,7623.4354,5.8967|7.9214|10.3297,9.1576|12.0355|15.3093,^GT:31.6643%0.7%19.799999999999997,^GT:5.8967%0.7%19.799999999999997%200%7.9214%0.7%19.799999999999997%300%10.3297%0.7%19.799999999999997%400,AIO
EFUSE_Q615S1BA_010_9_-2,Q615S1BA1,X,Q615S1BA,010,9,-2,Q615S1BA_010_9_-2,,SDC2119,HDS2262,C101,8PL7CVA,Q615S1BA1,2026-08-11 22:38:03-07:00,202633,20.00,119325,NGXSDJXA0H80B002632,3,5,010T03,8B28421-D,EXABAHA008,101,1,1010001,1010000,1,101,UNDEFINED,10.3567,15.3695,5.9219,9.2104,7.9459,12.0831,0.8012,2.5073,1.3284,1.3668,31.6779,32.4163,0.8012,2.5073,4974.7004,7646.6045,5.9218|7.9459|10.3567,9.2104|12.0831|15.3695,^GT:31.6779%0.7%19.05,^GT:5.9218%0.7%19.05%200%7.9459%0.7%19.05%300%10.3567%0.7%19.05%400,AIO
EFUSE_Q615S1BA_010_9_-3,Q615S1BA1,X,Q615S1BA,010,9,-3,Q615S1BA_010_9_-3,,SDC2119,HDS2262,C101,8PL7CVA,Q615S1BA1,2026-08-11 22:38:03-07:00,202633,20.00,119325,NGXSDJXA0H80B002632,3,2,010T01,8B18438-D,EXABAHA008,101,1,1010001,1010000,1,101,UNDEFINED,10.3416,15.3518,5.8976,9.1862,7.9158,12.0444,0.7998,2.4373,0.9648,1.3346,31.7429,32.4505,0.7998,2.4373,4931.5579,7596.8043,5.8976|7.9158|10.3416,9.1862|12.0444|15.3518,^GT:31.7429%0.7%19.4,^GT:5.8976%0.7%19.4%200%7.9158%0.7%19.4%300%10.3416%0.7%19.4%400,AIO
EFUSE_Q615S1BA_010_9_-4,Q615S1BA1,X,Q615S1BA,010,9,-4,Q615S1BA_010_9_-4,,SDC2119,HDS2262,C101,8PL7CVA,Q615S1BA1,2026-08-11 22:38:03-07:00,202633,20.00,119325,NGXSDJXA0H80B002632,5,8,010T02,8B28421-D,EXABAHA008,101,1,1010001,1010000,1,101,UNDEFINED,10.273,15.2404,5.8302,9.0669,7.8697,11.9414,0.717,2.3932,1.1403,1.2438,31.7343,32.4921,0.717,2.3932,4897.47,7542.743,5.8302|7.8697|10.273,9.0669|11.9414|15.2404,^GT:31.7343%0.7%19,^GT:5.8302%0.7%19%200%7.8697%0.7%19%300%10.273%0.7%19%400,AIO
EFUSE_Q615S1BA_010_9_-5,Q615S1BA1,X,Q615S1BA,010,9,-5,Q615S1BA_010_9_-5,,SDC2119,HDS2262,C101,8PL7CVA,Q615S1BA1,2026-08-11 22:38:03-07:00,202633,20.00,119325,NGXSDJXA0H80B002632,3,9,010T03,8B28421-D,EXABAHA008,101,1,1010001,1010000,1,101,UNDEFINED,10.2446,15.2174,5.7919,9.0507,7.8141,11.9145,1.4859,2.3393,0.8123,1.2262,31.805,32.4568,1.4859,2.3393,4863.3822,7506.7909,5.7919|7.8141|10.2446,9.0506|11.9145|15.2174,^GT:31.805%0.7%19.299999999999997,^GT:5.7919%0.7%19.299999999999997%200%7.8141%0.7%19.299999999999997%300%10.2446%0.7%19.299999999999997%400,AIO
EFUSE_Q615S1BA_010_9_-6,Q615S1BA1,X,Q615S1BA,010,9,-6,Q615S1BA_010_9_-6,,SDC2119,HDS2262,C101,8PL7CVA,Q615S1BA1,2026-08-11 22:38:03-07:00,202633,20.00,119325,NGXSDJXA0H80B002632,1,1,010T01,8B28421-D,EXABAHA008,101,1,1010001,1010000,1,101,UNDEFINED,10.2522,15.2037,5.7971,9.0259,7.8228,11.9009,0.6161,2.3017,0.9414,1.2061,31.8221,32.5147,0.6161,2.3017,4839.6804,7479.3609,5.7971|7.8228|10.2522,9.0259|11.9009|15.2037,^GT:31.8221%0.7%19.25,^GT:5.7971%0.7%19.25%200%7.8228%0.7%19.25%300%10.2522%0.7%19.25%400,AIO
EFUSE_Q615S1BA_010_9_0,Q615S1BA1,X,Q615S1BA,010,9,0,Q615S1BA_010_9_0,,SDC2119,HDS2262,C101,8PL7CVA,Q615S1BA1,2026-08-11 22:38:03-07:00,202633,20.00,119325,NGXSDJXA0H80B002632,4,3,010T01,8B28421-D,EXABAHA008,101,1,1010001,1010000,1,101,UNDEFINED,10.279,15.2254,5.8438,9.0976,7.8763,11.9436,0.9336,2.4214,1.2518,1.3317,31.68,32.2516,0.9336,2.4214,4940.6125,7601.3316,5.8438|7.8763|10.279,9.0976|11.9436|15.2254,^GT:31.68%0.7%19.35,^GT:5.8438%0.7%19.35%200%7.8763%0.7%19.35%300%10.279%0.7%19.35%400,AIO
EFUSE_Q615S1BA_010_9_1,Q615S1BA1,X,Q615S1BA,010,9,1,Q615S1BA_010_9_1,,SDC2119,HDS2262,C101,8PL7CVA,Q615S1BA1,2026-08-11 22:38:03-07:00,202633,20.00,119325,NGXSDJXA0H80B002632,5,3,010T03,8B18438-D,EXABAHA008,101,1,1010001,1010000,1,101,UNDEFINED,10.3045,15.2831,5.8903,9.1452,7.915,12.0055,1.4775,2.4555,0.9996,1.3445,31.53,32.3047,1.4775,2.4555,4935.5526,7595.739,5.8903|7.915|10.3045,9.1452|12.0055|15.2831,^GT:31.53%0.7%19.700000000000003,^GT:5.8903%0.7%19.700000000000003%200%7.915%0.7%19.700000000000003%300%10.3045%0.7%19.700000000000003%400,AIO
EFUSE_Q615S1BA_010_9_2,Q615S1BA1,X,Q615S1BA,010,9,2,Q615S1BA_010_9_2,,SDC2119,HDS2262,C101,8PL7CVA,Q615S1BA1,2026-08-11 22:38:03-07:00,202633,20.00,119325,NGXSDJXA0H80B002632,3,14,010T02,8B18438-D,EXABAHA008,101,1,1010001,1010000,1,101,UNDEFINED,10.3028,15.2401,5.8775,9.094,7.9051,11.9568,1.2482,2.3915,0.8885,1.3126,31.6093,32.3479,1.2482,2.3915,4955.526,7601.8642,5.8775|7.9051|10.3028,9.094|11.9568|15.2401,^GT:31.6093%0.7%19.45,^GT:5.8775%0.7%19.45%200%7.9051%0.7%19.45%300%10.3028%0.7%19.45%400,AIO
EFUSE_Q615S1BA_010_9_3,Q615S1BA1,X,Q615S1BA,010,9,3,Q615S1BA_010_9_3,,SDC2119,HDS2262,C101,8PL7CVA,Q615S1BA1,2026-08-11 22:38:03-07:00,202633,20.00,119325,NGXSDJXA0H80B002632,6,4,010T01,8B18438-D,EXABAHA008,101,1,1010001,1010000,1,101,UNDEFINED,10.3168,15.2464,5.8735,9.088,7.9083,11.9418,1.084,2.4132,1.0016,1.3016,31.7379,32.4126,1.084,2.4132,4945.6724,7578.6951,5.8735|7.9083|10.3168,9.088|11.9418|15.2464,^GT:31.7379%0.7%19.799999999999997,^GT:5.8735%0.7%19.799999999999997%200%7.9083%0.7%19.799999999999997%300%10.3168%0.7%19.799999999999997%400,AIO
EFUSE_Q615S1BA_010_9_4,Q615S1BA1,X,Q615S1BA,010,9,4,Q615S1BA_010_9_4,,SDC2119,HDS2262,C101,8PL7CVA,Q615S1BA1,2026-08-11 22:38:03-07:00,202633,20.00,119325,NGXSDJXA0H80B002632,6,2,010T03,8B28421-D,EXABAHA008,301,3,3010001,3030000,3,303,UNDEFINED,10.3387,15.2926,5.9069,9.1233,7.9415,11.9913,0.9445,2.4101,1.2007,1.3398,31.6557,32.4705,0.9445,2.4101,4952.0639,7598.4021,5.9069|7.9415|10.3387,9.1232|11.9913|15.2926,^GT:31.6557%0.7%19.45,^GT:5.9069%0.7%19.45%200%7.9415%0.7%19.45%300%10.3387%0.7%19.45%400,AIO
EFUSE_Q615S1BA_010_9_5,Q615S1BA1,X,Q615S1BA,010,9,5,Q615S1BA_010_9_5,B81010004_FAIL_SCN_GT_GXX_CHAIN_ALL_GFXSB_K_BEGIN_HITO_GT_NOM_LFM_HVM_4,SDC2119,HDS2262,C101,8PL7CVA,Q615S1BA1,2026-08-11 22:38:03-07:00,202633,20.00,119325,NGXSDJXA0H80B002632,3,17,010T02,8B18438-D,EXABAHA008,8101,81,81010004,81010004,81,8101,UNDEFINED,10.2444,15.1091,5.8294,8.9978,7.8536,11.8347,1.0647,2.2979,0.9182,1.2615,31.5357,32.1647,1.0647,2.2979,4923.5686,7545.6724,5.8294|7.8536|10.2444,8.9978|11.8347|15.1091,^GT:31.5357%0.7%19.65,^GT:5.8294%0.7%19.65%200%7.8536%0.7%19.65%300%10.2444%0.7%19.65%400,AIO
EFUSE_Q615S1BA_010_9_6,Q615S1BA1,X,Q615S1BA,010,9,6,Q615S1BA_010_9_6,,SDC2119,HDS2262,C101,8PL7CVA,Q615S1BA1,2026-08-11 22:38:03-07:00,202633,20.00,119325,NGXSDJXA0H80B002632,6,6,010T01,8B28421-D,EXABAHA008,302,3,3020001,3030000,3,303,UNDEFINED,10.1063,14.8463,5.7096,8.7413,7.718,11.5636,0.9527,2.0581,0.7608,1.1008,31.405,32.1316,0.9527,2.0581,4839.6804,7465.5126,5.7096|7.718|10.1063,8.7413|11.5636|14.8463,^GT:31.405%0.7%19.05,^GT:5.7096%0.7%19.05%200%7.718%0.7%19.05%300%10.1063%0.7%19.05%400,AIO
EFUSE_Q615S1BA_011_-10_-1,Q615S1BA1,X,Q615S1BA,011,-10,-1,Q615S1BA_011_-10_-1,,SDC2119,HDS2262,C101,8PL7CVA,Q615S1BA1,2026-08-11 10:51:32-07:00,202633,20.00,119325,NGXSDJXA0H80B002632,4,7,011T02,8B28421-D,EXABAHA008,201,2,2010001,2020000,2,202,UNDEFINED,10.122,14.9917,5.7467,8.929,7.7744,11.7612,0.6466,2.3235,1.2003,1.2498,31.2529,31.9089,0.6466,2.3235,4738.482,7339.5473,5.7466|7.7744|10.122,8.929|11.7612|14.9917,^GT:31.2529%0.7%19.15,^GT:5.7466%0.7%19.15%200%7.7744%0.7%19.15%300%10.122%0.7%19.15%400,AIO
EFUSE_Q615S1BA_011_-10_-2,Q615S1BA1,X,Q615S1BA,011,-10,-2,Q615S1BA_011_-10_-2,,SDC000,HDS000,A000,8PL7CVA,Q615S1BA1,2026-08-11 10:51:32-07:00,202633,20.00,119325,NGXSDJXA0H80B002632,4,16,011T03,,XIU000,9301,93,,930100,93,9301,UNDEFINED,,,,,,,,,,,,,,,,,,,,,AIO
EFUSE_Q615S1BA_011_-10_-3,Q615S1BA1,X,Q615S1BA,011,-10,-3,Q615S1BA_011_-10_-3,B99820013_FAIL_SCN_GT_GXX_ATSPEED_ALL_VMIN_K_PREHVQK_HITO_GT_NOM_LFM_REC_N2,SDC2119,HDS2262,C101,8PL7CVA,Q615S1BA1,2026-08-11 10:51:32-07:00,202633,20.00,119325,NGXSDJXA0H80B002632,2,18,011T01,8B18438-D,EXABAHA008,9982,99,99820013,99820013,99,9982,UNDEFINED,9.9398,14.702,5.5762,8.6691,7.6015,11.4807,0.506,2.1217,0.8598,1.0783,31.1686,31.7521,0.506,2.1217,4550.7324,7105.7257,5.5762|7.6015|9.9398,8.6691|11.4807|14.702,^GT:31.1686%0.7%19.75,^GT:5.5762%0.7%19.75%200%7.6015%0.7%19.75%300%9.9398%0.7%19.75%400,AIO
EFUSE_Q615S1BA_011_-10_0,Q615S1BA1,X,Q615S1BA,011,-10,0,Q615S1BA_011_-10_0,B82020000_FAIL_SCN_GT_GXX_CTRL_X_GFXAGG_K_BEGIN_X_X_X_X_X_EVALUATE_4,SDC2119,HDS2262,C101,8PL7CVA,Q615S1BA1,2026-08-11 10:51:32-07:00,202633,20.00,119325,NGXSDJXA0H80B002632,5,16,011T01,8B18438-D,EXABAHA008,8202,82,82020000,82020000,82,8202,UNDEFINED,10.1997,15.1221,5.8155,9.0475,7.8367,11.8931,0.7104,2.4445,1.2018,1.3323,31.3157,31.9716,0.7104,2.4445,4793.3422,7413.5819,5.8155|7.8367|10.1997,9.0475|11.8931|15.1221,^GT:31.3157%0.7%19.85,^GT:5.8155%0.7%19.85%200%7.8367%0.7%19.85%300%10.1997%0.7%19.85%400,AIO
EFUSE_Q615S1BA_011_-10_1,Q615S1BA1,X,Q615S1BA,011,-10,1,Q615S1BA_011_-10_1,,SDC2119,HDS2262,C101,8PL7CVA,Q615S1BA1,2026-08-11 10:51:32-07:00,202633,20.00,119325,NGXSDJXA0H80B002632,4,17,011T03,8B18438-D,EXABAHA008,101,1,1010001,1010000,1,101,UNDEFINED,10.1744,15.0647,5.8081,9.0006,7.8197,11.8259,1.4392,2.4329,0.9085,1.3121,31.1886,31.9163,1.4392,2.4329,4800.7989,7439.6804,5.808|7.8197|10.1744,9.0006|11.8259|15.0647,^GT:31.1886%0.7%19.799999999999997,^GT:5.808%0.7%19.799999999999997%200%7.8197%0.7%19.799999999999997%300%10.1744%0.7%19.799999999999997%400,AIO
EFUSE_Q615S1BA_011_-10_2,Q615S1BA1,X,Q615S1BA,011,-10,2,Q615S1BA_011_-10_2,,SDC2119,HDS2262,C101,8PL7CVA,Q615S1BA1,2026-08-11 10:51:32-07:00,202633,20.00,119325,NGXSDJXA0H80B002632,4,6,011T02,8B18438-D,EXABAHA008,101,1,1010001,1010000,1,101,UNDEFINED,10.0935,14.9218,5.738,8.8735,7.7562,11.696,1.0642,2.2871,0.91,1.2269,31.1107,31.8332,1.0642,2.2871,4734.7537,7360.8522,5.738|7.7561|10.0935,8.8735|11.696|14.9218,^GT:31.1107%0.7%19.65,^GT:5.738%0.7%19.65%200%7.7561%0.7%19.65%300%10.0935%0.7%19.65%400,AIO
EFUSE_Q615S1BA_011_-1_-1,Q615S1BA1,X,Q615S1BA,011,-1,-1,Q615S1BA_011_-1_-1,,SDC2119,HDS2262,C101,8PL7CVA,Q615S1BA1,2026-08-11 10:51:32-07:00,202633,20.00,119325,NGXSDJXA0H80B002632,4,17,011T02,8B28421-D,EXABAHA008,301,3,3010001,3030000,3,303,UNDEFINED,10.1406,14.9486,5.766,8.888,7.7981,11.7262,0.8452,2.3566,0.8744,1.2596,31.2471,31.8979,0.8452,2.3566,4793.8748,7475.6325,5.766|7.7981|10.1406,8.888|11.7262|14.9486,^GT:31.2471%0.7%19.15,^GT:5.766%0.7%19.15%200%7.7981%0.7%19.15%300%10.1406%0.7%19.15%400,AIO
EFUSE_Q615S1BA_011_-1_-10,Q615S1BA1,X,Q615S1BA,011,-1,-10,Q615S1BA_011_-1_-10,B99880003_FAIL_TPI_POWER_SEQ_CTRL_X_PWRUP_K_START_X_X_X_X_N2,SDC2119,HDS2262,C101,8PL7CVA,Q615S1BA1,2026-08-11 10:51:32-07:00,202633,20.00,119325,NGXSDJXA0H80B002632,7,5,011T02,8B18438-D,EXABAHA008,9988,99,99880003,99880003,99,9988,UNDEFINED,,,,,,,,,,,,,,,,,,,,,AIO
EFUSE_Q615S1BA_011_-1_-11,Q615S1BA1,X,Q615S1BA,011,-1,-11,Q615S1BA_011_-1_-11,,SDC2119,HDS2262,C101,8PL7CVA,Q615S1BA1,2026-08-11 10:51:32-07:00,202633,20.00,119325,NGXSDJXA0H80B002632,1,13,011T01,8B18438-D,EXABAHA008,101,1,1010001,1010000,1,101,UNDEFINED,9.8724,14.6911,5.5299,8.6716,7.5327,11.4821,0.5528,2.1546,0.7423,1.0566,31.0179,31.6816,0.5528,2.1546,4629.028,7235.9521,5.5299|7.5327|9.8724,8.6716|11.4821|14.6911,^GT:31.0179%0.7%19.6,^GT:5.5299%0.7%19.6%200%7.5327%0.7%19.6%300%9.8724%0.7%19.6%400,AIO
EFUSE_Q615S1BA_011_-1_-2,Q615S1BA1,X,Q615S1BA,011,-1,-2,Q615S1BA_011_-1_-2,,SDC2119,HDS2262,C101,8PL7CVA,Q615S1BA1,2026-08-11 10:51:32-07:00,202633,20.00,119325,NGXSDJXA0H80B002632,4,6,011T03,8B28421-D,EXABAHA008,101,1,1010001,1010000,1,101,UNDEFINED,10.229,15.0786,5.869,9.0434,7.8853,11.8694,0.9094,2.4813,0.9827,1.3765,31.1429,31.7642,0.9094,2.4813,4882.8229,7562.1838,5.869|7.8853|10.229,9.0434|11.8694|15.0786,^GT:31.1429%0.7%19.05,^GT:5.869%0.7%19.05%200%7.8853%0.7%19.05%300%10.229%0.7%19.05%400,AIO
EFUSE_Q615S1BA_011_-1_-3,Q615S1BA1,X,Q615S1BA,011,-1,-3,Q615S1BA_011_-1_-3,,SDC2119,HDS2262,C101,8PL7CVA,Q615S1BA1,2026-08-11 10:51:32-07:00,202633,20.00,119325,NGXSDJXA0H80B002632,3,12,011T01,8B18438-D,EXABAHA008,101,1,1010001,1010000,1,101,UNDEFINED,10.1915,15.044,5.8574,9.024,7.8637,11.8422,0.8442,2.4688,1.1303,1.3978,30.9579,31.6842,0.8442,2.4688,4935.8189,7619.4407,5.8574|7.8637|10.1915,9.024|11.8422|15.044,^GT:30.9579%0.7%19.700000000000003,^GT:5.8574%0.7%19.700000000000003%200%7.8637%0.7%19.700000000000003%300%10.1915%0.7%19.700000000000003%400,AIO
EFUSE_Q615S1BA_011_-1_-4,Q615S1BA1,X,Q615S1BA,011,-1,-4,Q615S1BA_011_-1_-4,,SDC2119,HDS2262,C101,8PL7CVA,Q615S1BA1,2026-08-11 10:51:32-07:00,202633,20.00,119325,NGXSDJXA0H80B002632,6,3,011T02,8B18438-D,EXABAHA008,101,1,1010001,1010000,1,101,UNDEFINED,10.1229,14.9715,5.7901,8.9608,7.8025,11.7829,0.7511,2.3945,0.9967,1.3316,30.9486,31.6353,0.7511,2.3945,4943.0093,7657.7896,5.7901|7.8025|10.1229,8.9608|11.7829|14.9715,^GT:30.9486%0.7%19.55,^GT:5.7901%0.7%19.55%200%7.8025%0.7%19.55%300%10.1229%0.7%19.55%400,AIO
EFUSE_Q615S1BA_011_-1_-5,Q615S1BA1,X,Q615S1BA,011,-1,-5,Q615S1BA_011_-1_-5,,SDC2119,HDS2262,C101,8PL7CVA,Q615S1BA1,2026-08-11 10:51:32-07:00,202633,20.00,119325,NGXSDJXA0H80B002632,3,19,011T03,8B28421-D,EXABAHA008,301,3,3010001,3030000,3,303,UNDEFINED,10.148,15.0274,5.8064,8.9952,7.8091,11.8324,1.1261,2.4312,1.2672,1.3337,31.0114,31.7484,1.1261,2.4311,4965.9121,7678.0293,5.8064|7.8091|10.148,8.9952|11.8324|15.0274,^GT:31.0114%0.7%19.15,^GT:5.8064%0.7%19.15%200%7.8091%0.7%19.15%300%10.148%0.7%19.15%400,AIO
EFUSE_Q615S1BA_011_-1_-6,Q615S1BA1,X,Q615S1BA,011,-1,-6,Q615S1BA_011_-1_-6,,SDC2119,HDS2262,C101,8PL7CVA,Q615S1BA1,2026-08-11 10:51:32-07:00,202633,20.00,119325,NGXSDJXA0H80B002632,2,10,011T01,8B28421-D,EXABAHA008,101,1,1010001,1010000,1,101,UNDEFINED,10.1451,15.0426,5.8206,9.026,7.834,11.8579,0.9033,2.4801,0.9878,1.3683,30.8893,31.6663,0.9033,2.48,4986.1518,7697.7364,5.8206|7.834|10.1451,9.026|11.8579|15.0426,^GT:30.8893%0.7%19.05,^GT:5.8206%0.7%19.05%200%7.834%0.7%19.05%300%10.1451%0.7%19.05%400,AIO
EFUSE_Q615S1BA_011_-1_-7,Q615S1BA1,X,Q615S1BA,011,-1,-7,Q615S1BA_011_-1_-7,,SDC2119,HDS2262,C101,8PL7CVA,Q615S1BA1,2026-08-11 10:51:32-07:00,202633,20.00,119325,NGXSDJXA0H80B002632,6,19,011T02,8B18438-D,EXABAHA008,101,1,1010001,1010000,1,101,UNDEFINED,10.1873,15.1527,5.8476,9.1273,7.8685,11.9701,1.7588,2.5638,1.2602,1.4065,30.9979,31.7132,1.7588,2.5638,4988.016,7685.486,5.8476|7.8685|10.1873,9.1272|11.9701|15.1527,^GT:30.9979%0.7%19.799999999999997,^GT:5.8476%0.7%19.799999999999997%200%7.8685%0.7%19.799999999999997%300%10.1873%0.7%19.799999999999997%400,AIO
EFUSE_Q615S1BA_011_-1_-8,Q615S1BA1,X,Q615S1BA,011,-1,-8,Q615S1BA_011_-1_-8,,SDC2119,HDS2262,C101,8PL7CVA,Q615S1BA1,2026-08-11 10:51:32-07:00,202633,20.00,119325,NGXSDJXA0H80B002632,2,5,011T03,8B18438-D,EXABAHA008,101,1,1010001,1010000,1,101,UNDEFINED,10.3065,15.4145,5.9449,9.3442,7.9569,12.1932,1.2334,2.7237,1.1544,1.5187,31.1543,31.9489,1.2334,2.7237,5019.9734,7712.1172,5.9449|7.9569|10.3065,9.3442|12.1932|15.4145,^GT:31.1543%0.7%19.700000000000003,^GT:5.9449%0.7%19.700000000000003%200%7.9569%0.7%19.700000000000003%300%10.3065%0.7%19.700000000000003%400,AIO
EFUSE_Q615S1BA_011_-1_-9,Q615S1BA1,X,Q615S1BA,011,-1,-9,Q615S1BA_011_-1_-9,,SDC2119,HDS2262,C101,8PL7CVA,Q615S1BA1,2026-08-11 10:51:32-07:00,202633,20.00,119325,NGXSDJXA0H80B002632,7,8,011T02,8B18438-D,EXABAHA008,101,1,1010001,1010000,1,101,UNDEFINED,10.2463,15.353,5.8832,9.2729,7.9031,12.1307,0.8552,2.6561,1.3933,1.4456,31.165,32.0005,0.8552,2.6561,4948.8682,7627.6964,5.8832|7.903|10.2463,9.2729|12.1307|15.353,^GT:31.165%0.7%19.65,^GT:5.8832%0.7%19.65%200%7.903%0.7%19.65%300%10.2463%0.7%19.65%400,AIO
EFUSE_Q615S1BA_011_-1_0,Q615S1BA1,X,Q615S1BA,011,-1,0,Q615S1BA_011_-1_0,,SDC2119,HDS2262,C101,8PL7CVA,Q615S1BA1,2026-08-11 10:51:32-07:00,202633,20.00,119325,NGXSDJXA0H80B002632,4,14,011T01,8B18438-D,EXABAHA008,101,1,1010001,1010000,1,101,UNDEFINED,10.1262,14.9216,5.7556,8.8608,7.7794,11.6942,1.5612,2.2734,0.9495,1.2218,31.2186,31.8989,1.5612,2.2734,4749.9334,7435.1531,5.7556|7.7794|10.1262,8.8608|11.6942|14.9216,^GT:31.2186%0.7%19.9,^GT:5.7556%0.7%19.9%200%7.7794%0.7%19.9%300%10.1262%0.7%19.9%400,AIO
EFUSE_Q615S1BA_011_-1_1,Q615S1BA1,X,Q615S1BA,011,-1,1,Q615S1BA_011_-1_1,,SDC2119,HDS2262,C101,8PL7CVA,Q615S1BA1,2026-08-11 10:51:32-07:00,202633,20.00,119325,NGXSDJXA0H80B002632,5,13,011T03,8B18438-D,EXABAHA008,101,1,1010001,1010000,1,101,UNDEFINED,10.1752,14.9971,5.784,8.9242,7.8054,11.7606,0.7341,2.2908,0.9044,1.2514,31.3657,31.9626,0.7341,2.2908,4747.004,7439.9467,5.784|7.8054|10.1752,8.9242|11.7606|14.9971,^GT:31.3657%0.7%20,^GT:5.784%0.7%20%200%7.8054%0.7%20%300%10.1752%0.7%20%400,AIO
EFUSE_Q615S1BA_011_-1_10,Q615S1BA1,X,Q615S1BA,011,-1,10,Q615S1BA_011_-1_10,,SDC2119,HDS2262,C101,8PL7CVA,Q615S1BA1,2026-08-11 10:51:32-07:00,202633,20.00,119325,NGXSDJXA0H80B002632,7,1,011T03,8B28421-D,EXABAHA008,101,1,1010001,1010000,1,101,UNDEFINED,10.2458,15.143,5.838,9.0102,7.8556,11.8755,1.3148,2.3632,0.9848,1.2837,31.4843,32.2779,1.3148,2.3632,4895.3395,7582.1571,5.838|7.8556|10.2458,9.0102|11.8755|15.143,^GT:31.4843%0.7%19.299999999999997,^GT:5.838%0.7%19.299999999999997%200%7.8556%0.7%19.299999999999997%300%10.2458%0.7%19.299999999999997%400,AIO
EFUSE_Q615S1BA_011_-1_2,Q615S1BA1,X,Q615S1BA,011,-1,2,Q615S1BA_011_-1_2,,SDC2119,HDS2262,C101,8PL7CVA,Q615S1BA1,2026-08-11 10:51:32-07:00,202633,20.00,119325,NGXSDJXA0H80B002632,3,4,011T02,8B18438-D,EXABAHA008,301,3,3010001,3030000,3,303,UNDEFINED,10.1477,14.9646,5.7714,8.913,7.7913,11.746,1.3379,2.319,0.8985,1.2734,31.2593,31.8505,1.3379,2.319,4806.3915,7490.0133,5.7714|7.7913|10.1477,8.913|11.746|14.9646,^GT:31.2593%0.7%19.6,^GT:5.7714%0.7%19.6%200%7.7913%0.7%19.6%300%10.1477%0.7%19.6%400,AIO
EFUSE_Q615S1BA_011_-1_3,Q615S1BA1,X,Q615S1BA,011,-1,3,Q615S1BA_011_-1_3,,SDC2119,HDS2262,C101,8PL7CVA,Q615S1BA1,2026-08-11 10:51:32-07:00,202633,20.00,119325,NGXSDJXA0H80B002632,5,7,011T01,8B28421-D,EXABAHA008,101,1,1010001,1010000,1,101,UNDEFINED,10.1155,14.9195,5.7447,8.8808,7.7795,11.7114,1.127,2.3192,0.9948,1.2633,31.22,31.7826,1.127,2.3192,4880.4261,7582.9561,5.7447|7.7795|10.1155,8.8808|11.7114|14.9195,^GT:31.22%0.7%19.05,^GT:5.7447%0.7%19.05%200%7.7795%0.7%19.05%300%10.1155%0.7%19.05%400,AIO
EFUSE_Q615S1BA_011_-1_4,Q615S1BA1,X,Q615S1BA,011,-1,4,Q615S1BA_011_-1_4,,SDC2119,HDS2262,C101,8PL7CVA,Q615S1BA1,2026-08-11 10:51:32-07:00,202633,20.00,119325,NGXSDJXA0H80B002632,6,12,011T03,8B28421-D,EXABAHA008,101,1,1010001,1010000,1,101,UNDEFINED,10.127,14.9765,5.7774,8.9325,7.7949,11.775,0.6858,2.3678,0.9044,1.2893,31.0686,31.8105,0.6858,2.3678,4945.6724,7674.5672,5.7774|7.7949|10.127,8.9325|11.775|14.9765,^GT:31.0686%0.7%19.35,^GT:5.7774%0.7%19.35%200%7.7949%0.7%19.35%300%10.127%0.7%19.35%400,AIO
EFUSE_Q615S1BA_011_-1_5,Q615S1BA1,X,Q615S1BA,011,-1,5,Q615S1BA_011_-1_5,,SDC2119,HDS2262,C101,8PL7CVA,Q615S1BA1,2026-08-11 10:51:32-07:00,202633,20.00,119325,NGXSDJXA0H80B002632,2,12,011T02,8B28421-D,EXABAHA008,101,1,1010001,1010000,1,101,UNDEFINED,10.1769,15.0527,5.8331,9.0175,7.8438,11.8522,1.6833,2.4237,1.2694,1.3455,31.0271,31.7642,1.6833,2.4237,5003.9947,7732.3569,5.8331|7.8438|10.1769,9.0175|11.8522|15.0527,^GT:31.0271%0.7%20,^GT:5.8331%0.7%20%200%7.8438%0.7%20%300%10.1769%0.7%20%400,AIO
EFUSE_Q615S1BA_011_-1_6,Q615S1BA1,X,Q615S1BA,011,-1,6,Q615S1BA_011_-1_6,,SDC2119,HDS2262,C101,8PL7CVA,Q615S1BA1,2026-08-11 10:51:32-07:00,202633,20.00,119325,NGXSDJXA0H80B002632,6,16,011T01,8B18438-D,EXABAHA008,101,1,1010001,1010000,1,101,UNDEFINED,10.2014,15.0969,5.8333,9.0349,7.8657,11.8843,0.9667,2.4431,1.1336,1.3591,31.2007,31.9053,0.9667,2.4431,4990.1465,7716.9108,5.8333|7.8657|10.2014,9.0349|11.8843|15.0969,^GT:31.2007%0.7%19.9,^GT:5.8333%0.7%19.9%200%7.8657%0.7%19.9%300%10.2014%0.7%19.9%400,AIO
EFUSE_Q615S1BA_011_-1_7,Q615S1BA1,X,Q615S1BA,011,-1,7,Q615S1BA_011_-1_7,,SDC2119,HDS2262,C101,8PL7CVA,Q615S1BA1,2026-08-11 10:51:32-07:00,202633,20.00,119325,NGXSDJXA0H80B002632,7,12,011T03,8B28421-D,EXABAHA008,101,1,1010001,1010000,1,101,UNDEFINED,10.2792,15.2312,5.9013,9.1558,7.918,11.9935,0.8954,2.5014,1.0479,1.3939,31.2707,31.9758,0.8954,2.5014,5007.9893,7717.976,5.9013|7.918|10.2792,9.1558|11.9935|15.2312,^GT:31.2707%0.7%19.85,^GT:5.9013%0.7%19.85%200%7.918%0.7%19.85%300%10.2792%0.7%19.85%400,AIO
EFUSE_Q615S1BA_011_-1_8,Q615S1BA1,X,Q615S1BA,011,-1,8,Q615S1BA_011_-1_8,,SDC2119,HDS2262,C101,8PL7CVA,Q615S1BA1,2026-08-11 10:51:32-07:00,202633,20.00,119325,NGXSDJXA0H80B002632,1,2,011T02,8B18438-D,EXABAHA008,101,1,1010001,1010000,1,101,UNDEFINED,10.3153,15.287,5.9184,9.1718,7.9444,12.0327,1.087,2.5245,1.12,1.3884,31.4064,32.1853,1.087,2.5245,4994.9401,7703.8615,5.9184|7.9444|10.3153,9.1718|12.0327|15.287,^GT:31.4064%0.7%19.700000000000003,^GT:5.9184%0.7%19.700000000000003%200%7.9444%0.7%19.700000000000003%300%10.3153%0.7%19.700000000000003%400,AIO
EFUSE_Q615S1BA_011_-1_9,Q615S1BA1,X,Q615S1BA,011,-1,9,Q615S1BA_011_-1_9,,SDC2119,HDS2262,C101,8PL7CVA,Q615S1BA1,2026-08-11 10:51:32-07:00,202633,20.00,119325,NGXSDJXA0H80B002632,7,11,011T01,8B18438-D,EXABAHA008,101,1,1010001,1010000,1,101,UNDEFINED,10.3127,15.2884,5.8906,9.1438,7.9061,12.011,1.6726,2.4502,1.3087,1.3437,31.5864,32.34,1.6726,2.4502,4941.1451,7632.2237,5.8906|7.9061|10.3127,9.1438|12.011|15.2884,^GT:31.5864%0.7%19.700000000000003,^GT:5.8906%0.7%19.700000000000003%200%7.9061%0.7%19.700000000000003%300%10.3127%0.7%19.700000000000003%400,AIO
EFUSE_Q615S1BA_011_-2_-1,Q615S1BA1,X,Q615S1BA,011,-2,-1,Q615S1BA_011_-2_-1,,SDC2119,HDS2262,C101,8PL7CVA,Q615S1BA1,2026-08-11 10:51:32-07:00,202633,20.00,119325,NGXSDJXA0H80B002632,4,16,011T02,8B18438-D,EXABAHA008,101,1,1010001,1010000,1,101,UNDEFINED,10.1891,15.0122,5.8289,8.9767,7.8546,11.8074,1.5123,2.3931,1.2591,1.3414,31.1443,31.7658,1.5123,2.3931,4832.7563,7518.5087,5.8289|7.8546|10.1891,8.9767|11.8074|15.0122,^GT:31.1443%0.7%20.05,^GT:5.8289%0.7%20.05%200%7.8546%0.7%20.05%300%10.1891%0.7%20.05%400,AIO
EFUSE_Q615S1BA_011_-2_-10,Q615S1BA1,X,Q615S1BA,011,-2,-10,Q615S1BA_011_-2_-10,,SDC2119,HDS2262,C101,8PL7CVA,Q615S1BA1,2026-08-11 10:51:32-07:00,202633,20.00,119325,NGXSDJXA0H80B002632,1,8,011T01,8B28421-D,EXABAHA008,101,1,1010001,1010000,1,101,UNDEFINED,10.0918,15.0839,5.73,9.0313,7.737,11.859,1.1786,2.4382,1.1716,1.2691,31.1557,31.8558,1.1786,2.4382,4808.522,7458.5885,5.73|7.737|10.0918,9.0313|11.859|15.0839,^GT:31.1557%0.7%19.299999999999997,^GT:5.73%0.7%19.299999999999997%200%7.737%0.7%19.299999999999997%300%10.0918%0.7%19.299999999999997%400,AIO
EFUSE_Q615S1BA_011_-2_-11,Q615S1BA1,X,Q615S1BA,011,-2,-11,Q615S1BA_011_-2_-11,,SDC2119,HDS2262,C101,8PL7CVA,Q615S1BA1,2026-08-11 10:51:32-07:00,202633,20.00,119325,NGXSDJXA0H80B002632,7,1,011T02,8B28421-D,EXABAHA008,301,3,3010001,3030000,3,303,UNDEFINED,9.7989,14.5533,5.4782,8.5826,7.4928,11.37,0.8999,2.0428,0.7824,1.0191,30.8621,31.4247,0.8999,2.0428,4565.9121,7150.7324,5.4782|7.4928|9.7989,8.5826|11.37|14.5533,^GT:30.8621%0.7%19.6,^GT:5.4782%0.7%19.6%200%7.4928%0.7%19.6%300%9.7989%0.7%19.6%400,AIO
EFUSE_Q615S1BA_011_-2_-2,Q615S1BA1,X,Q615S1BA,011,-2,-2,Q615S1BA_011_-2_-2,,SDC2119,HDS2262,C101,8PL7CVA,Q615S1BA1,2026-08-11 10:51:32-07:00,202633,20.00,119325,NGXSDJXA0H80B002632,4,7,011T03,8B18438-D,EXABAHA008,101,1,1010001,1010000,1,101,UNDEFINED,10.2008,15.0551,5.8521,9.017,7.8693,11.8488,1.0802,2.4623,1.3645,1.401,31.0621,31.7795,1.0802,2.4623,4911.3182,7592.5433,5.8521|7.8692|10.2008,9.017|11.8488|15.0551,^GT:31.0621%0.7%20,^GT:5.8521%0.7%20%200%7.8692%0.7%20%300%10.2008%0.7%20%400,AIO
EFUSE_Q615S1BA_011_-2_-3,Q615S1BA1,X,Q615S1BA,011,-2,-3,Q615S1BA_011_-2_-3,,SDC2119,HDS2262,C101,8PL7CVA,Q615S1BA1,2026-08-11 10:51:32-07:00,202633,20.00,119325,NGXSDJXA0H80B002632,3,13,011T01,8B18438-D,EXABAHA008,101,1,1010001,1010000,1,101,UNDEFINED,10.1996,15.0543,5.8702,9.0437,7.8762,11.8699,0.966,2.5079,1.1251,1.4101,30.9243,31.6353,0.966,2.5079,4935.5526,7642.3435,5.8702|7.8761|10.1996,9.0436|11.8699|15.0543,^GT:30.9243%0.7%19.85,^GT:5.8702%0.7%19.85%200%7.8761%0.7%19.85%300%10.1996%0.7%19.85%400,AIO
EFUSE_Q615S1BA_011_-2_-4,Q615S1BA1,X,Q615S1BA,011,-2,-4,Q615S1BA_011_-2_-4,,SDC2119,HDS2262,C101,8PL7CVA,Q615S1BA1,2026-08-11 10:51:32-07:00,202633,20.00,119325,NGXSDJXA0H80B002632,6,4,011T02,8B28421-D,EXABAHA008,101,1,1010001,1010000,1,101,UNDEFINED,10.1335,14.9756,5.804,8.9757,7.806,11.7912,1.3312,2.4389,0.9927,1.3378,30.925,31.5784,1.3312,2.4389,4954.1944,7667.1105,5.804|7.806|10.1335,8.9757|11.7912|14.9756,^GT:30.925%0.7%19.4,^GT:5.804%0.7%19.4%200%7.806%0.7%19.4%300%10.1335%0.7%19.4%400,AIO
EFUSE_Q615S1BA_011_-2_-5,Q615S1BA1,X,Q615S1BA,011,-2,-5,Q615S1BA_011_-2_-5,,SDC2119,HDS2262,C101,8PL7CVA,Q615S1BA1,2026-08-11 10:51:32-07:00,202633,20.00,119325,NGXSDJXA0H80B002632,2,19,011T03,8B28421-D,EXABAHA008,301,3,3010001,3030000,3,303,UNDEFINED,10.1314,15.012,5.8003,8.9863,7.8046,11.8173,0.7382,2.4684,0.9654,1.3369,30.9364,31.7142,0.7382,2.4684,4981.3582,7682.5566,5.8003|7.8046|10.1314,8.9863|11.8173|15.012,^GT:30.9364%0.7%19.299999999999997,^GT:5.8003%0.7%19.299999999999997%200%7.8046%0.7%19.299999999999997%300%10.1314%0.7%19.299999999999997%400,AIO
EFUSE_Q615S1BA_011_-2_-6,Q615S1BA1,X,Q615S1BA,011,-2,-6,Q615S1BA_011_-2_-6,,SDC2119,HDS2262,C101,8PL7CVA,Q615S1BA1,2026-08-11 10:51:32-07:00,202633,20.00,119325,NGXSDJXA0H80B002632,2,11,011T01,8B18438-D,EXABAHA008,101,1,1010001,1010000,1,101,UNDEFINED,10.1298,15.057,5.7997,9.0308,7.8111,11.8641,1.6024,2.5197,1.07,1.3705,30.9293,31.7174,1.6024,2.5197,4952.3302,7643.4088,5.7997|7.8111|10.1298,9.0307|11.8641|15.057,^GT:30.9293%0.7%19.85,^GT:5.7997%0.7%19.85%200%7.8111%0.7%19.85%300%10.1298%0.7%19.85%400,AIO
EFUSE_Q615S1BA_011_-2_-7,Q615S1BA1,X,Q615S1BA,011,-2,-7,Q615S1BA_011_-2_-7,,SDC2119,HDS2262,C101,8PL7CVA,Q615S1BA1,2026-08-11 10:51:32-07:00,202633,20.00,119325,NGXSDJXA0H80B002632,6,18,011T02,8B28421-D,EXABAHA008,301,3,3010001,3030000,3,303,UNDEFINED,10.2,15.209,5.8522,9.1811,7.8695,12.0136,1.4926,2.5837,1.3175,1.4126,31.0557,31.7258,1.4926,2.5837,4977.3635,7661.7843,5.8522|7.8695|10.2,9.1811|12.0136|15.209,^GT:31.0557%0.7%19.75,^GT:5.8522%0.7%19.75%200%7.8695%0.7%19.75%300%10.2%0.7%19.75%400,AIO
EFUSE_Q615S1BA_011_-2_-8,Q615S1BA1,X,Q615S1BA,011,-2,-8,Q615S1BA_011_-2_-8,,SDC2119,HDS2262,C101,8PL7CVA,Q615S1BA1,2026-08-11 10:51:32-07:00,202633,20.00,119325,NGXSDJXA0H80B002632,2,6,011T03,8B18438-D,EXABAHA008,101,1,1010001,1010000,1,101,UNDEFINED,10.2517,15.3306,5.9111,9.2708,7.9264,12.1254,1.3668,2.7004,1.3892,1.4884,31.0043,31.8937,1.3668,2.7004,4991.478,7667.6431,5.9111|7.9264|10.2517,9.2708|12.1254|15.3306,^GT:31.0043%0.7%19.95,^GT:5.9111%0.7%19.95%200%7.9264%0.7%19.95%300%10.2517%0.7%19.95%400,AIO
EFUSE_Q615S1BA_011_-2_-9,Q615S1BA1,X,Q615S1BA,011,-2,-9,Q615S1BA_011_-2_-9,,SDC2119,HDS2262,C101,8PL7CVA,Q615S1BA1,2026-08-11 10:51:32-07:00,202633,20.00,119325,NGXSDJXA0H80B002632,1,8,011T03,8B18438-D,EXABAHA008,101,1,1010001,1010000,1,101,UNDEFINED,10.2068,15.2697,5.836,9.2044,7.8481,12.0428,0.8295,2.6015,1.3061,1.4104,31.22,31.9226,0.8295,2.6015,4911.8509,7580.2929,5.836|7.8481|10.2068,9.2044|12.0428|15.2697,^GT:31.22%0.7%19.65,^GT:5.836%0.7%19.65%200%7.8481%0.7%19.65%300%10.2068%0.7%19.65%400,AIO
EFUSE_Q615S1BA_011_-2_0,Q615S1BA1,X,Q615S1BA,011,-2,0,Q615S1BA_011_-2_0,,SDC2119,HDS2262,C101,8PL7CVA,Q615S1BA1,2026-08-11 10:51:32-07:00,202633,20.00,119325,NGXSDJXA0H80B002632,4,15,011T01,8B18438-D,EXABAHA008,101,1,1010001,1010000,1,101,UNDEFINED,10.1426,14.9501,5.7729,8.9083,7.799,11.7325,0.8335,2.3075,0.9111,1.2723,31.2121,31.7989,0.8335,2.3075,4785.3529,7476.6977,5.7729|7.799|10.1426,8.9083|11.7325|14.9501,^GT:31.2121%0.7%19.799999999999997,^GT:5.7729%0.7%19.799999999999997%200%7.799%0.7%19.799999999999997%300%10.1426%0.7%19.799999999999997%400,AIO
EFUSE_Q615S1BA_011_-2_1,Q615S1BA1,X,Q615S1BA,011,-2,1,Q615S1BA_011_-2_1,,SDC2119,HDS2262,C101,8PL7CVA,Q615S1BA1,2026-08-11 10:51:32-07:00,202633,20.00,119325,NGXSDJXA0H80B002632,5,14,011T03,8B18438-D,EXABAHA008,101,1,1010001,1010000,1,101,UNDEFINED,10.1257,14.9345,5.7774,8.8936,7.7929,11.7126,0.8422,2.2904,1.2534,1.2621,31.0593,31.7942,0.8422,2.2904,4796.8043,7481.4913,5.7774|7.7929|10.1257,8.8936|11.7126|14.9345,^GT:31.0593%0.7%19.75,^GT:5.7774%0.7%19.75%200%7.7929%0.7%19.75%300%10.1257%0.7%19.75%400,AIO
EFUSE_Q615S1BA_011_-2_10,Q615S1BA1,X,Q615S1BA,011,-2,10,Q615S1BA_011_-2_10,,SDC2119,HDS2262,C101,8PL7CVA,Q615S1BA1,2026-08-11 10:51:32-07:00,202633,20.00,119325,NGXSDJXA0H80B002632,1,13,011T02,8B28421-D,EXABAHA008,301,3,3010001,3030000,3,303,UNDEFINED,10.2144,15.1018,5.809,8.9728,7.8324,11.8266,1.5958,2.3233,1.0574,1.2702,31.4671,32.2579,1.5958,2.3233,4853.7949,7534.221,5.809|7.8324|10.2144,8.9728|11.8266|15.1018,^GT:31.4671%0.7%19.9,^GT:5.809%0.7%19.9%200%7.8324%0.7%19.9%300%10.2144%0.7%19.9%400,AIO
EFUSE_Q615S1BA_011_-2_2,Q615S1BA1,X,Q615S1BA,011,-2,2,Q615S1BA_011_-2_2,,SDC2119,HDS2262,C101,8PL7CVA,Q615S1BA1,2026-08-11 10:51:32-07:00,202633,20.00,119325,NGXSDJXA0H80B002632,3,3,011T02,8B18438-D,EXABAHA008,301,3,3010001,3030000,3,303,UNDEFINED,10.1178,14.9328,5.7709,8.897,7.7721,11.7258,1.2187,2.3678,1.0364,1.2766,31.05,31.7674,1.2187,2.3678,4835.6858,7545.9387,5.7708|7.7721|10.1178,8.897|11.7258|14.9328,^GT:31.05%0.7%20.05,^GT:5.7708%0.7%20.05%200%7.7721%0.7%20.05%300%10.1178%0.7%20.05%400,AIO
EFUSE_Q615S1BA_011_-2_3,Q615S1BA1,X,Q615S1BA,011,-2,3,Q615S1BA_011_-2_3,,SDC2119,HDS2262,C101,8PL7CVA,Q615S1BA1,2026-08-11 10:51:32-07:00,202633,20.00,119325,NGXSDJXA0H80B002632,5,8,011T01,8B18438-D,EXABAHA008,101,1,1010001,1010000,1,101,UNDEFINED,10.1278,14.9564,5.7878,8.9389,7.7907,11.7688,1.6293,2.3448,1.1387,1.2922,31.0,31.6711,1.6293,2.3448,4897.7364,7625.8322,5.7878|7.7906|10.1278,8.9389|11.7688|14.9564,^GT:31%0.7%19.75,^GT:5.7878%0.7%19.75%200%7.7906%0.7%19.75%300%10.1278%0.7%19.75%400,AIO
EFUSE_Q615S1BA_011_-2_4,Q615S1BA1,X,Q615S1BA,011,-2,4,Q615S1BA_011_-2_4,,SDC2119,HDS2262,C101,8PL7CVA,Q615S1BA1,2026-08-11 10:51:32-07:00,202633,20.00,119325,NGXSDJXA0H80B002632,6,13,011T03,8B28421-D,EXABAHA008,101,1,1010001,1010000,1,101,UNDEFINED,10.1419,14.9952,5.7851,8.9477,7.8177,11.7776,0.8793,2.3461,0.901,1.2981,31.12,31.8295,0.8793,2.3461,4942.743,7679.0945,5.7851|7.8177|10.1419,8.9476|11.7776|14.9952,^GT:31.12%0.7%19.4,^GT:5.7851%0.7%19.4%200%7.8177%0.7%19.4%300%10.1419%0.7%19.4%400,AIO
EFUSE_Q615S1BA_011_-2_5,Q615S1BA1,X,Q615S1BA,011,-2,5,Q615S1BA_011_-2_5,,SDC2119,HDS2262,C101,8PL7CVA,Q615S1BA1,2026-08-11 10:51:32-07:00,202633,20.00,119325,NGXSDJXA0H80B002632,2,11,011T02,8B28421-D,EXABAHA008,101,1,1010001,1010000,1,101,UNDEFINED,10.1716,15.0111,5.819,8.9706,7.8366,11.8161,0.712,2.4198,1.1583,1.3359,31.09,31.7921,0.712,2.4198,4973.9015,7717.7097,5.819|7.8366|10.1716,8.9706|11.8161|15.0111,^GT:31.09%0.7%19.25,^GT:5.819%0.7%19.25%200%7.8366%0.7%19.25%300%10.1716%0.7%19.25%400,AIO
EFUSE_Q615S1BA_011_-2_6,Q615S1BA1,X,Q615S1BA,011,-2,6,Q615S1BA_011_-2_6,,SDC2119,HDS2262,C101,8PL7CVA,Q615S1BA1,2026-08-11 10:51:32-07:00,202633,20.00,119325,NGXSDJXA0H80B002632,6,17,011T01,8B28421-D,EXABAHA008,101,1,1010001,1010000,1,101,UNDEFINED,10.1676,15.0399,5.808,8.9904,7.8287,11.816,0.9138,2.4105,1.2108,1.3123,31.14,31.84,0.9138,2.4105,4971.771,7689.747,5.808|7.8287|10.1676,8.9903|11.816|15.0399,^GT:31.14%0.7%19.25,^GT:5.808%0.7%19.25%200%7.8287%0.7%19.25%300%10.1676%0.7%19.25%400,AIO
EFUSE_Q615S1BA_011_-2_7,Q615S1BA1,X,Q615S1BA,011,-2,7,Q615S1BA_011_-2_7,,SDC2119,HDS2262,C101,8PL7CVA,Q615S1BA1,2026-08-11 10:51:32-07:00,202633,20.00,119325,NGXSDJXA0H80B002632,7,13,011T03,8B18438-D,EXABAHA008,301,3,3010001,3030000,3,303,UNDEFINED,10.2545,15.199,5.8813,9.1138,7.8905,11.9724,1.3339,2.5313,1.3199,1.3861,31.2371,32.0274,1.3339,2.5313,4984.5539,7697.47,5.8813|7.8905|10.2545,9.1138|11.9724|15.199,^GT:31.2371%0.7%19.75,^GT:5.8813%0.7%19.75%200%7.8905%0.7%19.75%300%10.2545%0.7%19.75%400,AIO
EFUSE_Q615S1BA_011_-2_8,Q615S1BA1,X,Q615S1BA,011,-2,8,Q615S1BA_011_-2_8,,SDC2119,HDS2262,C101,8PL7CVA,Q615S1BA1,2026-08-11 10:51:32-07:00,202633,20.00,119325,NGXSDJXA0H80B002632,1,1,011T02,8B28421-D,EXABAHA008,101,1,1010001,1010000,1,101,UNDEFINED,10.3329,15.3259,5.9118,9.201,7.9341,12.0601,0.8267,2.51,1.2878,1.3992,31.58,32.2363,0.8267,2.51,4965.3795,7681.7577,5.9117|7.9341|10.3329,9.201|12.0601|15.3259,^GT:31.58%0.7%19.55,^GT:5.9117%0.7%19.55%200%7.9341%0.7%19.55%300%10.3329%0.7%19.55%400,AIO
EFUSE_Q615S1BA_011_-2_9,Q615S1BA1,X,Q615S1BA,011,-2,9,Q615S1BA_011_-2_9,,SDC2119,HDS2262,C101,8PL7CVA,Q615S1BA1,2026-08-11 10:51:32-07:00,202633,20.00,119325,NGXSDJXA0H80B002632,7,12,011T01,8B28421-D,EXABAHA008,101,1,1010001,1010000,1,101,UNDEFINED,10.2915,15.2745,5.8836,9.1425,7.9207,12.0047,1.2025,2.4632,1.0716,1.3527,31.485,32.2737,1.2025,2.4632,4931.5579,7625.8322,5.8836|7.9207|10.2915,9.1425|12.0047|15.2745,^GT:31.485%0.7%19.6,^GT:5.8836%0.7%19.6%200%7.9207%0.7%19.6%300%10.2915%0.7%19.6%400,AIO
EFUSE_Q615S1BA_011_-3_-1,Q615S1BA1,X,Q615S1BA,011,-3,-1,Q615S1BA_011_-3_-1,,SDC2119,HDS2262,C101,8PL7CVA,Q615S1BA1,2026-08-11 10:51:32-07:00,202633,20.00,119325,NGXSDJXA0H80B002632,4,15,011T02,8B28421-D,EXABAHA008,101,1,1010001,1010000,1,101,UNDEFINED,10.1359,14.9616,5.7926,8.9558,7.8198,11.7754,1.0777,2.3731,1.2865,1.3309,31.0236,31.6095,1.0777,2.3731,4872.7031,7565.3795,5.7926|7.8198|10.1359,8.9558|11.7754|14.9616,^GT:31.0236%0.7%19.15,^GT:5.7926%0.7%19.15%200%7.8198%0.7%19.15%300%10.1359%0.7%19.15%400,AIO
EFUSE_Q615S1BA_011_-3_-10,Q615S1BA1,X,Q615S1BA,011,-3,-10,Q615S1BA_011_-3_-10,,SDC2119,HDS2262,C101,8PL7CVA,Q615S1BA1,2026-08-11 10:51:32-07:00,202633,20.00,119325,NGXSDJXA0H80B002632,7,6,011T02,8B28421-D,EXABAHA008,101,1,1010001,1010000,1,101,UNDEFINED,10.0515,14.9977,5.6714,8.9366,7.6842,11.7715,0.5742,2.3422,1.0012,1.1986,31.2864,31.9005,0.5742,2.3422,4724.6338,7362.1838,5.6714|7.6842|10.0515,8.9366|11.7715|14.9977,^GT:31.2864%0.7%19.25,^GT:5.6714%0.7%19.25%200%7.6842%0.7%19.25%300%10.0515%0.7%19.25%400,AIO
EFUSE_Q615S1BA_011_-3_-2,Q615S1BA1,X,Q615S1BA,011,-3,-2,Q615S1BA_011_-3_-2,,SDC2119,HDS2262,C101,8PL7CVA,Q615S1BA1,2026-08-11 10:51:32-07:00,202633,20.00,119325,NGXSDJXA0H80B002632,4,8,011T03,8B28421-D,EXABAHA008,101,1,1010001,1010000,1,101,UNDEFINED,10.1721,15.025,5.8333,8.9994,7.8506,11.8337,1.6973,2.4484,1.2229,1.3644,30.9914,31.7137,1.6973,2.4484,4934.221,7619.1744,5.8333|7.8506|10.1721,8.9994|11.8337|15.025,^GT:30.9914%0.7%19.45,^GT:5.8333%0.7%19.45%200%7.8506%0.7%19.45%300%10.1721%0.7%19.45%400,AIO
EFUSE_Q615S1BA_011_-3_-3,Q615S1BA1,X,Q615S1BA,011,-3,-3,Q615S1BA_011_-3_-3,,SDC2119,HDS2262,C101,8PL7CVA,Q615S1BA1,2026-08-11 10:51:32-07:00,202633,20.00,119325,NGXSDJXA0H80B002632,3,14,011T01,8B28421-D,EXABAHA008,101,1,1010001,1010000,1,101,UNDEFINED,10.124,14.9682,5.7911,8.9362,7.8142,11.783,0.8369,2.3758,1.0744,1.3254,30.9493,31.7474,0.8369,2.3758,4940.8788,7643.1425,5.7911|7.8142|10.124,8.9362|11.783|14.9682,^GT:30.9493%0.7%18.95,^GT:5.7911%0.7%18.95%200%7.8142%0.7%18.95%300%10.124%0.7%18.95%400,AIO
EFUSE_Q615S1BA_011_-3_-4,Q615S1BA1,X,Q615S1BA,011,-3,-4,Q615S1BA_011_-3_-4,,SDC2119,HDS2262,C101,8PL7CVA,Q615S1BA1,2026-08-11 10:51:32-07:00,202633,20.00,119325,NGXSDJXA0H80B002632,6,5,011T02,8B28421-D,EXABAHA008,101,1,1010001,1010000,1,101,UNDEFINED,10.1319,14.9895,5.7953,8.954,7.8061,11.7886,1.5679,2.3947,1.0641,1.3262,30.9757,31.7658,1.5679,2.3947,4963.5153,7659.6538,5.7953|7.8061|10.1319,8.954|11.7886|14.9895,^GT:30.9757%0.7%19,^GT:5.7953%0.7%19%200%7.8061%0.7%19%300%10.1319%0.7%19%400,AIO
EFUSE_Q615S1BA_011_-3_-5,Q615S1BA1,X,Q615S1BA,011,-3,-5,Q615S1BA_011_-3_-5,,SDC2119,HDS2262,C101,8PL7CVA,Q615S1BA1,2026-08-11 10:51:32-07:00,202633,20.00,119325,NGXSDJXA0H80B002632,2,18,011T03,8B18438-D,EXABAHA008,101,1,1010001,1010000,1,101,UNDEFINED,10.1201,15.0182,5.7859,8.9985,7.7914,11.8215,0.7459,2.4688,0.9761,1.3525,30.9586,31.6826,0.7459,2.4688,4970.1731,7643.6751,5.7859|7.7914|10.1201,8.9985|11.8215|15.0182,^GT:30.9586%0.7%19.799999999999997,^GT:5.7859%0.7%19.799999999999997%200%7.7914%0.7%19.799999999999997%300%10.1201%0.7%19.799999999999997%400,AIO
EFUSE_Q615S1BA_011_-3_-6,Q615S1BA1,X,Q615S1BA,011,-3,-6,Q615S1BA_011_-3_-6,,SDC2119,HDS2262,C101,8PL7CVA,Q615S1BA1,2026-08-11 10:51:32-07:00,202633,20.00,119325,NGXSDJXA0H80B002632,2,12,011T01,8B18438-D,EXABAHA008,101,1,1010001,1010000,1,101,UNDEFINED,10.1602,15.1349,5.8197,9.0999,7.8334,11.9294,1.2451,2.5298,1.3156,1.3867,31.0043,31.7632,1.2451,2.5298,4963.7816,7643.1425,5.8196|7.8334|10.1602,9.0999|11.9294|15.1349,^GT:31.0043%0.7%19.9,^GT:5.8196%0.7%19.9%200%7.8334%0.7%19.9%300%10.1602%0.7%19.9%400,AIO
EFUSE_Q615S1BA_011_-3_-7,Q615S1BA1,X,Q615S1BA,011,-3,-7,Q615S1BA_011_-3_-7,,SDC2119,HDS2262,C101,8PL7CVA,Q615S1BA1,2026-08-11 10:51:32-07:00,202633,20.00,119325,NGXSDJXA0H80B002632,6,17,011T02,8B28421-D,EXABAHA008,101,1,1010001,1010000,1,101,UNDEFINED,10.211,15.2538,5.8659,9.2278,7.889,12.0593,1.3585,2.6758,1.2354,1.4473,31.0364,31.7158,1.3585,2.6758,4990.1465,7662.3169,5.8659|7.889|10.211,9.2278|12.0593|15.2538,^GT:31.0364%0.7%18.9,^GT:5.8659%0.7%18.9%200%7.889%0.7%18.9%300%10.211%0.7%18.9%400,AIO
EFUSE_Q615S1BA_011_-3_-8,Q615S1BA1,X,Q615S1BA,011,-3,-8,Q615S1BA_011_-3_-8,,SDC2119,HDS2262,C101,8PL7CVA,Q615S1BA1,2026-08-11 10:51:32-07:00,202633,20.00,119325,NGXSDJXA0H80B002632,2,7,011T03,8B28421-D,EXABAHA008,101,1,1010001,1010000,1,101,UNDEFINED,10.2565,15.3494,5.9119,9.2909,7.9186,12.1367,1.2702,2.6663,1.4073,1.4662,31.0329,31.8868,1.2702,2.6663,4972.8362,7652.1971,5.9119|7.9186|10.2565,9.2909|12.1367|15.3494,^GT:31.0329%0.7%19.4,^GT:5.9119%0.7%19.4%200%7.9186%0.7%19.4%300%10.2565%0.7%19.4%400,AIO
EFUSE_Q615S1BA_011_-3_-9,Q615S1BA1,X,Q615S1BA,011,-3,-9,Q615S1BA_011_-3_-9,,SDC2119,HDS2262,C101,8PL7CVA,Q615S1BA1,2026-08-11 10:51:32-07:00,202633,20.00,119325,NGXSDJXA0H80B002632,1,5,011T01,8B18438-D,EXABAHA008,301,3,3010001,3030000,3,303,UNDEFINED,10.2136,15.2889,5.8449,9.2073,7.8419,12.0401,1.557,2.6002,0.9885,1.3884,31.205,32.0084,1.557,2.6002,4867.6431,7532.3569,5.8449|7.8419|10.2136,9.2073|12.0401|15.2889,^GT:31.205%0.7%19.65,^GT:5.8449%0.7%19.65%200%7.8419%0.7%19.65%300%10.2136%0.7%19.65%400,AIO
EFUSE_Q615S1BA_011_-3_0,Q615S1BA1,X,Q615S1BA,011,-3,0,Q615S1BA_011_-3_0,,SDC2119,HDS2262,C101,8PL7CVA,Q615S1BA1,2026-08-11 10:51:32-07:00,202633,20.00,119325,NGXSDJXA0H80B002632,4,16,011T01,8B18438-D,EXABAHA008,201,2,2010001,2020000,2,202,UNDEFINED,10.1284,14.9614,5.7962,8.9322,7.8162,11.7651,0.6994,2.4189,0.9547,1.3157,30.9443,31.7326,0.6994,2.4189,4850.3329,7540.6125,5.7962|7.8162|10.1284,8.9322|11.7651|14.9614,^GT:30.9443%0.7%19.75,^GT:5.7962%0.7%19.75%200%7.8162%0.7%19.75%300%10.1284%0.7%19.75%400,AIO
EFUSE_Q615S1BA_011_-3_1,Q615S1BA1,X,Q615S1BA,011,-3,1,Q615S1BA_011_-3_1,,SDC2119,HDS2262,C101,8PL7CVA,Q615S1BA1,2026-08-11 10:51:32-07:00,202633,20.00,119325,NGXSDJXA0H80B002632,5,15,011T03,8B18438-D,EXABAHA008,301,3,3010001,3030000,3,303,UNDEFINED,10.1184,14.9277,5.7578,8.9029,7.7852,11.7322,0.8603,2.3566,0.901,1.2733,31.1471,31.7095,0.8603,2.3566,4836.4847,7543.2756,5.7578|7.7852|10.1184,8.9029|11.7322|14.9277,^GT:31.1471%0.7%19.9,^GT:5.7578%0.7%19.9%200%7.7852%0.7%19.9%300%10.1184%0.7%19.9%400,AIO
EFUSE_Q615S1BA_011_-3_10,Q615S1BA1,X,Q615S1BA,011,-3,10,Q615S1BA_011_-3_10,B65210000_FAIL_ARR_GT_GXX_LSA_GT_VMIN_K_PREHVQK_X_X_NOM_X_ALL_LSA_0,SDC2119,HDS2262,C101,8PL7CVA,Q615S1BA1,2026-08-11 10:51:32-07:00,202633,20.00,119325,NGXSDJXA0H80B002632,7,1,011T01,8B28421-D,EXABAHA008,6521,65,65210000,65210000,65,6521,UNDEFINED,10.0938,14.8784,5.7093,8.7811,7.7329,11.6186,0.69,2.1887,0.7618,1.1411,31.3179,32.0911,0.69,2.1887,4766.7111,7430.8921,5.7093|7.7329|10.0938,8.7811|11.6186|14.8784,^GT:31.3179%0.7%19.15,^GT:5.7093%0.7%19.15%200%7.7329%0.7%19.15%300%10.0938%0.7%19.15%400,AIO
EFUSE_Q615S1BA_011_-3_2,Q615S1BA1,X,Q615S1BA,011,-3,2,Q615S1BA_011_-3_2,B82020000_FAIL_SCN_GT_GXX_CTRL_X_GFXAGG_K_BEGIN_X_X_X_X_X_EVALUATE_4,SDC2119,HDS2262,C101,8PL7CVA,Q615S1BA1,2026-08-11 10:51:32-07:00,202633,20.00,119325,NGXSDJXA0H80B002632,3,2,011T02,8B28421-D,EXABAHA008,8202,82,82020000,82020000,82,8202,UNDEFINED,10.1102,14.9196,5.7748,8.9022,7.7884,11.7258,1.5282,2.3211,0.8904,1.2655,30.9679,31.6711,1.5282,2.3211,4863.3822,7591.2117,5.7747|7.7884|10.1102,8.9021|11.7258|14.9196,^GT:30.9679%0.7%19.05,^GT:5.7747%0.7%19.05%200%7.7884%0.7%19.05%300%10.1102%0.7%19.05%400,AIO
EFUSE_Q615S1BA_011_-3_3,Q615S1BA1,X,Q615S1BA,011,-3,3,Q615S1BA_011_-3_3,,SDC2119,HDS2262,C101,8PL7CVA,Q615S1BA1,2026-08-11 10:51:32-07:00,202633,20.00,119325,NGXSDJXA0H80B002632,5,9,011T01,8B18438-D,EXABAHA008,201,2,2010001,2020000,2,202,UNDEFINED,10.1614,14.9859,5.8037,8.9499,7.8241,11.7838,0.9252,2.3684,0.98,1.3118,31.1264,31.7684,0.9252,2.3684,4926.498,7656.1917,5.8037|7.8241|10.1614,8.9499|11.7838|14.9859,^GT:31.1264%0.7%19.55,^GT:5.8037%0.7%19.55%200%7.8241%0.7%19.55%300%10.1614%0.7%19.55%400,AIO
EFUSE_Q615S1BA_011_-3_4,Q615S1BA1,X,Q615S1BA,011,-3,4,Q615S1BA_011_-3_4,B65000022_FAIL_ARR_GT_GXX_ARR_GT_SCBD_K_END_X_X_NOM_X_SSA_KS_0,SDC2119,HDS2262,C101,8PL7CVA,Q615S1BA1,2026-08-11 10:51:32-07:00,202633,20.00,119325,NGXSDJXA0H80B002632,6,14,011T03,8B28421-D,EXABAHA008,6500,65,65000022,65000022,65,6500,UNDEFINED,10.1594,15.0225,5.8036,8.9775,7.828,11.8107,0.8874,2.413,1.2311,1.3194,31.1129,31.8158,0.8874,2.413,4946.7377,7671.1052,5.8036|7.8279|10.1594,8.9775|11.8107|15.0225,^GT:31.1129%0.7%19.4,^GT:5.8036%0.7%19.4%200%7.8279%0.7%19.4%300%10.1594%0.7%19.4%400,AIO
EFUSE_Q615S1BA_011_-3_5,Q615S1BA1,X,Q615S1BA,011,-3,5,Q615S1BA_011_-3_5,,SDC2119,HDS2262,C101,8PL7CVA,Q615S1BA1,2026-08-11 10:51:32-07:00,202633,20.00,119325,NGXSDJXA0H80B002632,2,10,011T02,8B18438-D,EXABAHA008,301,3,3010001,3030000,3,303,UNDEFINED,10.1587,15.0192,5.8115,8.9699,7.8205,11.8035,0.693,2.4202,1.093,1.3114,31.0514,31.8384,0.693,2.4202,4936.0852,7659.1212,5.8115|7.8205|10.1587,8.9699|11.8035|15.0192,^GT:31.0514%0.7%19.6,^GT:5.8115%0.7%19.6%200%7.8205%0.7%19.6%300%10.1587%0.7%19.6%400,AIO
EFUSE_Q615S1BA_011_-3_6,Q615S1BA1,X,Q615S1BA,011,-3,6,Q615S1BA_011_-3_6,,SDC2119,HDS2262,C101,8PL7CVA,Q615S1BA1,2026-08-11 10:51:32-07:00,202633,20.00,119325,NGXSDJXA0H80B002632,6,18,011T01,8B18438-D,EXABAHA008,302,3,3020001,3030000,3,303,UNDEFINED,10.2126,15.1269,5.8343,9.0537,7.8465,11.8953,1.0629,2.4724,1.0452,1.3604,31.2736,31.9642,1.0629,2.4724,4949.6671,7673.7683,5.8343|7.8465|10.2126,9.0537|11.8953|15.1269,^GT:31.2736%0.7%19.799999999999997,^GT:5.8343%0.7%19.799999999999997%200%7.8465%0.7%19.799999999999997%300%10.2126%0.7%19.799999999999997%400,AIO
EFUSE_Q615S1BA_011_-3_7,Q615S1BA1,X,Q615S1BA,011,-3,7,Q615S1BA_011_-3_7,,SDC2119,HDS2262,C101,8PL7CVA,Q615S1BA1,2026-08-11 10:51:32-07:00,202633,20.00,119325,NGXSDJXA0H80B002632,7,14,011T03,8B18438-D,EXABAHA008,101,1,1010001,1010000,1,101,UNDEFINED,10.2961,15.2749,5.9138,9.1859,7.9509,12.0328,0.7619,2.5561,1.0054,1.4152,31.3021,32.0474,0.7619,2.5561,4977.8961,7697.2037,5.9138|7.9509|10.2961,9.1859|12.0328|15.2749,^GT:31.3021%0.7%20.35,^GT:5.9138%0.7%20.35%200%7.9509%0.7%20.35%300%10.2961%0.7%20.35%400,AIO
EFUSE_Q615S1BA_011_-3_8,Q615S1BA1,X,Q615S1BA,011,-3,8,Q615S1BA_011_-3_8,,SDC2119,HDS2262,C101,8PL7CVA,Q615S1BA1,2026-08-11 10:51:32-07:00,202633,20.00,119325,NGXSDJXA0H80B002632,2,1,011T02,8B18438-D,EXABAHA008,101,1,1010001,1010000,1,101,UNDEFINED,10.3458,15.3265,5.9274,9.2023,7.9503,12.0667,0.9075,2.5702,1.2643,1.409,31.56,32.2326,0.9075,2.5702,4964.0479,7667.9095,5.9274|7.9503|10.3458,9.2023|12.0667|15.3265,^GT:31.56%0.7%19.65,^GT:5.9274%0.7%19.65%200%7.9503%0.7%19.65%300%10.3458%0.7%19.65%400,AIO
EFUSE_Q615S1BA_011_-3_9,Q615S1BA1,X,Q615S1BA,011,-3,9,Q615S1BA_011_-3_9,B81010004_FAIL_SCN_GT_GXX_CHAIN_ALL_GFXSB_K_BEGIN_HITO_GT_NOM_LFM_HVM_4,SDC2119,HDS2262,C101,8PL7CVA,Q615S1BA1,2026-08-11 10:51:32-07:00,202633,20.00,119325,NGXSDJXA0H80B002632,7,13,011T01,8B18438-D,EXABAHA008,8101,81,81010004,81010004,81,8101,UNDEFINED,10.3109,15.2584,5.8903,9.1207,7.9194,11.9793,1.2845,2.4653,1.1524,1.3359,31.5764,32.3037,1.2845,2.4653,4902.7963,7595.2064,5.8902|7.9194|10.3109,9.1207|11.9793|15.2584,^GT:31.5764%0.7%19.6,^GT:5.8902%0.7%19.6%200%7.9194%0.7%19.6%300%10.3109%0.7%19.6%400,AIO
EFUSE_Q615S1BA_011_-4_-1,Q615S1BA1,X,Q615S1BA,011,-4,-1,Q615S1BA_011_-4_-1,,SDC2119,HDS2262,C101,8PL7CVA,Q615S1BA1,2026-08-11 10:51:32-07:00,202633,20.00,119325,NGXSDJXA0H80B002632,4,14,011T02,8B18438-D,EXABAHA008,301,3,3010001,3030000,3,303,UNDEFINED,10.1582,14.9966,5.8153,9.0015,7.8255,11.8154,0.8853,2.4783,1.2663,1.3507,31.0207,31.5532,0.8853,2.4783,4935.2863,7616.245,5.8153|7.8255|10.1582,9.0015|11.8154|14.9966,^GT:31.0207%0.7%20,^GT:5.8153%0.7%20%200%7.8255%0.7%20%300%10.1582%0.7%20%400,AIO
EFUSE_Q615S1BA_011_-4_-10,Q615S1BA1,X,Q615S1BA,011,-4,-10,Q615S1BA_011_-4_-10,,SDC2119,HDS2262,C101,8PL7CVA,Q615S1BA1,2026-08-11 10:51:32-07:00,202633,20.00,119325,NGXSDJXA0H80B002632,1,7,011T01,8B18438-D,EXABAHA008,101,1,1010001,1010000,1,101,UNDEFINED,9.9651,14.8287,5.6051,8.771,7.6094,11.5877,0.554,2.1753,0.8844,1.1115,31.1429,31.8826,0.554,2.1753,4617.5766,7196.8043,5.6051|7.6094|9.9651,8.771|11.5877|14.8287,^GT:31.1429%0.7%19.95,^GT:5.6051%0.7%19.95%200%7.6094%0.7%19.95%300%9.9651%0.7%19.95%400,AIO
EFUSE_Q615S1BA_011_-4_-2,Q615S1BA1,X,Q615S1BA,011,-4,-2,Q615S1BA_011_-4_-2,,SDC2119,HDS2262,C101,8PL7CVA,Q615S1BA1,2026-08-11 10:51:32-07:00,202633,20.00,119325,NGXSDJXA0H80B002632,4,9,011T03,8B28421-D,EXABAHA008,302,3,3020001,3030000,3,303,UNDEFINED,10.153,15.0031,5.8234,9.0047,7.8361,11.8259,1.5737,2.4222,1.1753,1.3548,30.9257,31.5705,1.5737,2.4222,4944.0746,7637.0173,5.8234|7.8361|10.153,9.0047|11.8259|15.0031,^GT:30.9257%0.7%19.700000000000003,^GT:5.8234%0.7%19.700000000000003%200%7.8361%0.7%19.700000000000003%300%10.153%0.7%19.700000000000003%400,AIO
EFUSE_Q615S1BA_011_-4_-3,Q615S1BA1,X,Q615S1BA,011,-4,-3,Q615S1BA_011_-4_-3,,SDC2119,HDS2262,C101,8PL7CVA,Q615S1BA1,2026-08-11 10:51:32-07:00,202633,20.00,119325,NGXSDJXA0H80B002632,3,15,011T01,8B28421-D,EXABAHA008,101,1,1010001,1010000,1,101,UNDEFINED,10.1105,14.9315,5.7798,8.9243,7.8027,11.7564,1.509,2.385,0.9615,1.3297,30.9343,31.6168,1.509,2.385,4943.8083,7638.6152,5.7797|7.8027|10.1105,8.9243|11.7564|14.9315,^GT:30.9343%0.7%19.3,^GT:5.7797%0.7%19.3%200%7.8027%0.7%19.3%300%10.1105%0.7%19.3%400,AIO
EFUSE_Q615S1BA_011_-4_-4,Q615S1BA1,X,Q615S1BA,011,-4,-4,Q615S1BA_011_-4_-4,,SDC2119,HDS2262,C101,8PL7CVA,Q615S1BA1,2026-08-11 10:51:32-07:00,202633,20.00,119325,NGXSDJXA0H80B002632,6,6,011T02,8B28421-D,EXABAHA008,101,1,1010001,1010000,1,101,UNDEFINED,10.1261,14.9965,5.7881,8.9807,7.8001,11.7992,0.9504,2.3969,0.9348,1.3208,30.9857,31.6621,0.9504,2.3969,4932.6232,7615.1798,5.7881|7.8001|10.1261,8.9807|11.7992|14.9965,^GT:30.9857%0.7%19.799999999999997,^GT:5.7881%0.7%19.799999999999997%200%7.8001%0.7%19.799999999999997%300%10.1261%0.7%19.799999999999997%400,AIO
EFUSE_Q615S1BA_011_-4_-5,Q615S1BA1,X,Q615S1BA,011,-4,-5,Q615S1BA_011_-4_-5,,SDC2119,HDS2262,C101,8PL7CVA,Q615S1BA1,2026-08-11 10:51:32-07:00,202633,20.00,119325,NGXSDJXA0H80B002632,2,17,011T03,8B28421-D,EXABAHA008,101,1,1010001,1010000,1,101,UNDEFINED,10.1173,15.0396,5.7803,9.0033,7.7978,11.8289,0.7156,2.4782,0.9804,1.3227,30.9786,31.77,0.7156,2.4782,4919.0413,7584.2876,5.7803|7.7978|10.1173,9.0033|11.8289|15.0396,^GT:30.9786%0.7%19.4,^GT:5.7803%0.7%19.4%200%7.7978%0.7%19.4%300%10.1173%0.7%19.4%400,AIO
EFUSE_Q615S1BA_011_-4_-6,Q615S1BA1,X,Q615S1BA,011,-4,-6,Q615S1BA_011_-4_-6,,SDC2119,HDS2262,C101,8PL7CVA,Q615S1BA1,2026-08-11 10:51:32-07:00,202633,20.00,119325,NGXSDJXA0H80B002632,2,13,011T01,8B28421-D,EXABAHA008,302,3,3020001,3030000,3,303,UNDEFINED,10.1617,15.1585,5.8286,9.1241,7.8441,11.9591,1.5766,2.5461,1.3337,1.3825,30.9507,31.76,1.5766,2.5461,4959.5206,7627.4301,5.8286|7.8441|10.1617,9.1241|11.9591|15.1585,^GT:30.9507%0.7%19.45,^GT:5.8286%0.7%19.45%200%7.8441%0.7%19.45%300%10.1617%0.7%19.45%400,AIO
EFUSE_Q615S1BA_011_-4_-7,Q615S1BA1,X,Q615S1BA,011,-4,-7,Q615S1BA_011_-4_-7,,SDC2119,HDS2262,C101,8PL7CVA,Q615S1BA1,2026-08-11 10:51:32-07:00,202633,20.00,119325,NGXSDJXA0H80B002632,6,16,011T02,8B18438-D,EXABAHA008,301,3,3010001,3030000,3,303,UNDEFINED,10.2739,15.3755,5.9262,9.3143,7.9321,12.1457,1.4378,2.7238,1.4391,1.5064,31.055,31.9011,1.4378,2.7238,4995.2064,7661.7843,5.9262|7.9321|10.2739,9.3143|12.1457|15.3755,^GT:31.055%0.7%19.9,^GT:5.9262%0.7%19.9%200%7.9321%0.7%19.9%300%10.2739%0.7%19.9%400,AIO
EFUSE_Q615S1BA_011_-4_-8,Q615S1BA1,X,Q615S1BA,011,-4,-8,Q615S1BA_011_-4_-8,,SDC2119,HDS2262,C101,8PL7CVA,Q615S1BA1,2026-08-11 10:51:32-07:00,202633,20.00,119325,NGXSDJXA0H80B002632,2,8,011T03,8B18438-D,EXABAHA008,101,1,1010001,1010000,1,101,UNDEFINED,10.2713,15.371,5.9096,9.2994,7.9215,12.1442,1.3534,2.6626,1.0211,1.4586,31.155,31.9558,1.3534,2.6625,4931.0253,7604.7936,5.9096|7.9215|10.2713,9.2994|12.1442|15.371,^GT:31.155%0.7%20.35,^GT:5.9096%0.7%20.35%200%7.9215%0.7%20.35%300%10.2713%0.7%20.35%400,AIO
EFUSE_Q615S1BA_011_-4_-9,Q615S1BA1,X,Q615S1BA,011,-4,-9,Q615S1BA_011_-4_-9,,SDC2119,HDS2262,C101,8PL7CVA,Q615S1BA1,2026-08-11 10:51:32-07:00,202633,20.00,119325,NGXSDJXA0H80B002632,7,7,011T02,8B18438-D,EXABAHA008,101,1,1010001,1010000,1,101,UNDEFINED,10.1526,15.1948,5.7804,9.1167,7.8064,11.9622,0.7375,2.5134,0.9096,1.3299,31.23,31.99,0.7375,2.5134,4804.261,7447.1372,5.7804|7.8064|10.1526,9.1167|11.9622|15.1948,^GT:31.23%0.7%19.85,^GT:5.7804%0.7%19.85%200%7.8064%0.7%19.85%300%10.1526%0.7%19.85%400,AIO
EFUSE_Q615S1BA_011_-4_0,Q615S1BA1,X,Q615S1BA,011,-4,0,Q615S1BA_011_-4_0,B81010004_FAIL_SCN_GT_GXX_CHAIN_ALL_GFXSB_K_BEGIN_HITO_GT_NOM_LFM_HVM_4,SDC2119,HDS2262,C101,8PL7CVA,Q615S1BA1,2026-08-11 10:51:32-07:00,202633,20.00,119325,NGXSDJXA0H80B002632,4,17,011T01,8B28421-D,EXABAHA008,8101,81,81010004,81010004,81,8101,UNDEFINED,10.0848,14.9089,5.762,8.9127,7.7664,11.742,0.6997,2.4033,0.9487,1.3164,30.8771,31.5589,0.6997,2.4033,4903.5952,7578.9614,5.762|7.7664|10.0848,8.9127|11.742|14.9089,^GT:30.8771%0.7%19.65,^GT:5.762%0.7%19.65%200%7.7664%0.7%19.65%300%10.0848%0.7%19.65%400,AIO
EFUSE_Q615S1BA_011_-4_1,Q615S1BA1,X,Q615S1BA,011,-4,1,Q615S1BA_011_-4_1,,SDC2119,HDS2262,C101,8PL7CVA,Q615S1BA1,2026-08-11 10:51:32-07:00,202633,20.00,119325,NGXSDJXA0H80B002632,5,16,011T03,8B28421-D,EXABAHA008,101,1,1010001,1010000,1,101,UNDEFINED,10.1011,14.9221,5.7528,8.9025,7.7736,11.7276,0.8204,2.3162,1.029,1.2696,31.0593,31.6821,0.8204,2.3162,4879.6272,7581.0919,5.7528|7.7736|10.1011,8.9025|11.7276|14.9221,^GT:31.0593%0.7%19.25,^GT:5.7528%0.7%19.25%200%7.7736%0.7%19.25%300%10.1011%0.7%19.25%400,AIO
EFUSE_Q615S1BA_011_-4_2,Q615S1BA1,X,Q615S1BA,011,-4,2,Q615S1BA_011_-4_2,B65210004_FAIL_ARR_GT_GXX_VRF_GT_VMIN_K_PREHVQK_X_X_NOM_X_ALL_X_0,SDC2119,HDS2262,C101,8PL7CVA,Q615S1BA1,2026-08-11 10:51:32-07:00,202633,20.00,119325,NGXSDJXA0H80B002632,3,1,011T02,8B28421-D,EXABAHA008,6521,65,65210004,65210004,65,6521,UNDEFINED,10.1386,14.9867,5.793,8.9658,7.8131,11.7988,0.7103,2.4055,1.262,1.3375,31.04,31.6889,0.7102,2.4055,4870.0399,7595.4727,5.793|7.8131|10.1386,8.9658|11.7988|14.9867,^GT:31.04%0.7%18.85,^GT:5.793%0.7%18.85%200%7.8131%0.7%18.85%300%10.1386%0.7%18.85%400,AIO
EFUSE_Q615S1BA_011_-4_3,Q615S1BA1,X,Q615S1BA,011,-4,3,Q615S1BA_011_-4_3,,SDC2119,HDS2262,C101,8PL7CVA,Q615S1BA1,2026-08-11 10:51:32-07:00,202633,20.00,119325,NGXSDJXA0H80B002632,5,10,011T01,8B18438-D,EXABAHA008,101,1,1010001,1010000,1,101,UNDEFINED,10.1392,14.9739,5.7859,8.9465,7.799,11.7696,0.7285,2.383,1.0971,1.3211,31.095,31.7232,0.7285,2.383,4888.6818,7618.3755,5.7859|7.799|10.1392,8.9465|11.7696|14.9739,^GT:31.095%0.7%19.700000000000003,^GT:5.7859%0.7%19.700000000000003%200%7.799%0.7%19.700000000000003%300%10.1392%0.7%19.700000000000003%400,AIO
EFUSE_Q615S1BA_011_-4_4,Q615S1BA1,X,Q615S1BA,011,-4,4,Q615S1BA_011_-4_4,,SDC2119,HDS2262,C101,8PL7CVA,Q615S1BA1,2026-08-11 10:51:32-07:00,202633,20.00,119325,NGXSDJXA0H80B002632,6,15,011T03,8B18438-D,EXABAHA008,101,1,1010001,1010000,1,101,UNDEFINED,10.1644,15.0332,5.8106,9.0037,7.8254,11.8268,1.5612,2.3955,1.243,1.3404,31.0986,31.7342,1.5612,2.3955,4919.5739,7635.6858,5.8106|7.8254|10.1644,9.0037|11.8268|15.0332,^GT:31.0986%0.7%19.85,^GT:5.8106%0.7%19.85%200%7.8254%0.7%19.85%300%10.1644%0.7%19.85%400,AIO
EFUSE_Q615S1BA_011_-4_5,Q615S1BA1,X,Q615S1BA,011,-4,5,Q615S1BA_011_-4_5,,SDC2119,HDS2262,C101,8PL7CVA,Q615S1BA1,2026-08-11 10:51:32-07:00,202633,20.00,119325,NGXSDJXA0H80B002632,2,9,011T02,8B28421-D,EXABAHA008,101,1,1010001,1010000,1,101,UNDEFINED,10.205,15.1269,5.8462,9.0632,7.8529,11.9061,1.5971,2.4597,1.0908,1.3669,31.1343,31.9142,1.5971,2.4597,4939.281,7646.6045,5.8462|7.8529|10.205,9.0632|11.9061|15.1269,^GT:31.1343%0.7%20.1,^GT:5.8462%0.7%20.1%200%7.8529%0.7%20.1%300%10.205%0.7%20.1%400,AIO
EFUSE_Q615S1BA_011_-4_6,Q615S1BA1,X,Q615S1BA,011,-4,6,Q615S1BA_011_-4_6,,SDC2119,HDS2262,C101,8PL7CVA,Q615S1BA1,2026-08-11 10:51:32-07:00,202633,20.00,119325,NGXSDJXA0H80B002632,6,19,011T01,8B28421-D,EXABAHA008,301,3,3010001,3030000,3,303,UNDEFINED,10.2634,15.2254,5.9043,9.1355,7.9236,11.9923,0.8637,2.5471,1.1573,1.4132,31.1364,32.0521,0.8637,2.5471,4977.0972,7691.8775,5.9043|7.9236|10.2634,9.1355|11.9923|15.2254,^GT:31.1364%0.7%19.45,^GT:5.9043%0.7%19.45%200%7.9236%0.7%19.45%300%10.2634%0.7%19.45%400,AIO
EFUSE_Q615S1BA_011_-4_7,Q615S1BA1,X,Q615S1BA,011,-4,7,Q615S1BA_011_-4_7,,SDC2119,HDS2262,C101,8PL7CVA,Q615S1BA1,2026-08-11 10:51:32-07:00,202633,20.00,119325,NGXSDJXA0H80B002632,7,15,011T03,8B18438-D,EXABAHA008,101,1,1010001,1010000,1,101,UNDEFINED,10.3224,15.3064,5.9426,9.2048,7.9642,12.0599,1.4788,2.5678,1.2734,1.4527,31.2843,32.1137,1.4788,2.5678,4982.1571,7689.4807,5.9426|7.9642|10.3224,9.2048|12.0599|15.3064,^GT:31.2843%0.7%19.65,^GT:5.9426%0.7%19.65%200%7.9642%0.7%19.65%300%10.3224%0.7%19.65%400,AIO
EFUSE_Q615S1BA_011_-4_8,Q615S1BA1,X,Q615S1BA,011,-4,8,Q615S1BA_011_-4_8,,SDC2119,HDS2262,C101,8PL7CVA,Q615S1BA1,2026-08-11 10:51:32-07:00,202633,20.00,119325,NGXSDJXA0H80B002632,2,2,011T02,8B18438-D,EXABAHA008,198,1,1980001,1010000,1,101,UNDEFINED,10.3525,15.3329,5.9494,9.2148,7.9822,12.0832,0.9006,2.5688,1.3465,1.4376,31.4507,32.2011,0.9006,2.5688,4929.6937,7631.6911,5.9494|7.9822|10.3525,9.2147|12.0832|15.3329,^GT:31.4507%0.7%19.799999999999997,^GT:5.9494%0.7%19.799999999999997%200%7.9822%0.7%19.799999999999997%300%10.3525%0.7%19.799999999999997%400,AIO
EFUSE_Q615S1BA_011_-4_9,Q615S1BA1,X,Q615S1BA,011,-4,9,Q615S1BA_011_-4_9,,SDC2119,HDS2262,C101,8PL7CVA,Q615S1BA1,2026-08-11 10:51:32-07:00,202633,20.00,119325,NGXSDJXA0H80B002632,7,14,011T01,8B18438-D,EXABAHA008,101,1,1010001,1010000,1,101,UNDEFINED,10.3248,15.253,5.9057,9.1281,7.9284,11.9872,1.3306,2.4922,0.9887,1.3683,31.565,32.2363,1.3306,2.4922,4882.8229,7572.0373,5.9057|7.9284|10.3248,9.1281|11.9872|15.253,^GT:31.565%0.7%19.9,^GT:5.9057%0.7%19.9%200%7.9284%0.7%19.9%300%10.3248%0.7%19.9%400,AIO
EFUSE_Q615S1BA_011_-5_-1,Q615S1BA1,X,Q615S1BA,011,-5,-1,Q615S1BA_011_-5_-1,,SDC2119,HDS2262,C101,8PL7CVA,Q615S1BA1,2026-08-11 10:51:32-07:00,202633,20.00,119325,NGXSDJXA0H80B002632,4,13,011T02,8B28421-D,EXABAHA008,101,1,1010001,1010000,1,101,UNDEFINED,10.1126,14.981,5.8,8.9678,7.8119,11.7952,0.7098,2.4554,0.9882,1.343,30.8043,31.6484,0.7098,2.4554,4929.6937,7618.1092,5.8|7.8119|10.1126,8.9678|11.7952|14.981,^GT:30.8043%0.7%19.45,^GT:5.8%0.7%19.45%200%7.8119%0.7%19.45%300%10.1126%0.7%19.45%400,AIO
EFUSE_Q615S1BA_011_-5_-2,Q615S1BA1,X,Q615S1BA,011,-5,-2,Q615S1BA_011_-5_-2,,SDC2119,HDS2262,C101,8PL7CVA,Q615S1BA1,2026-08-11 10:51:32-07:00,202633,20.00,119325,NGXSDJXA0H80B002632,4,11,011T03,8B28421-D,EXABAHA008,301,3,3010001,3030000,3,303,UNDEFINED,10.0981,14.9468,5.7672,8.9539,7.7992,11.7658,1.4119,2.442,1.0367,1.349,30.935,31.5416,1.4119,2.442,4942.743,7646.3382,5.7672|7.7992|10.0981,8.9539|11.7658|14.9468,^GT:30.935%0.7%19.05,^GT:5.7672%0.7%19.05%200%7.7992%0.7%19.05%300%10.0981%0.7%19.05%400,AIO
EFUSE_Q615S1BA_011_-5_-3,Q615S1BA1,X,Q615S1BA,011,-5,-3,Q615S1BA_011_-5_-3,,SDC2119,HDS2262,C101,8PL7CVA,Q615S1BA1,2026-08-11 10:51:32-07:00,202633,20.00,119325,NGXSDJXA0H80B002632,3,16,011T01,8B28421-D,EXABAHA008,301,3,3010001,3030000,3,303,UNDEFINED,10.0793,14.9522,5.7476,8.9359,7.7681,11.7507,0.6989,2.405,0.91,1.3144,30.9407,31.6647,0.6989,2.405,4910.7856,7596.0053,5.7476|7.7681|10.0793,8.9359|11.7507|14.9522,^GT:30.9407%0.7%19.15,^GT:5.7476%0.7%19.15%200%7.7681%0.7%19.15%300%10.0793%0.7%19.15%400,AIO
EFUSE_Q615S1BA_011_-5_-4,Q615S1BA1,X,Q615S1BA,011,-5,-4,Q615S1BA_011_-5_-4,,SDC2119,HDS2262,C101,8PL7CVA,Q615S1BA1,2026-08-11 10:51:32-07:00,202633,20.00,119325,NGXSDJXA0H80B002632,6,7,011T02,8B18438-D,EXABAHA008,101,1,1010001,1010000,1,101,UNDEFINED,10.1212,15.0397,5.7938,9.0025,7.8061,11.8464,1.685,2.435,1.2153,1.3203,30.91,31.7747,1.685,2.435,4915.3129,7589.0812,5.7938|7.8061|10.1212,9.0025|11.8464|15.0397,^GT:30.91%0.7%19.85,^GT:5.7938%0.7%19.85%200%7.8061%0.7%19.85%300%10.1212%0.7%19.85%400,AIO
EFUSE_Q615S1BA_011_-5_-5,Q615S1BA1,X,Q615S1BA,011,-5,-5,Q615S1BA_011_-5_-5,,SDC2119,HDS2262,C101,8PL7CVA,Q615S1BA1,2026-08-11 10:51:32-07:00,202633,20.00,119325,NGXSDJXA0H80B002632,2,16,011T03,8B18438-D,EXABAHA008,101,1,1010001,1010000,1,101,UNDEFINED,10.1824,15.1946,5.8311,9.135,7.8367,11.9858,0.7961,2.5458,1.2185,1.3775,31.0807,31.8926,0.7961,2.5458,4937.6831,7603.7284,5.8311|7.8367|10.1824,9.135|11.9858|15.1946,^GT:31.0807%0.7%19.6,^GT:5.8311%0.7%19.6%200%7.8367%0.7%19.6%300%10.1824%0.7%19.6%400,AIO
EFUSE_Q615S1BA_011_-5_-6,Q615S1BA1,X,Q615S1BA,011,-5,-6,Q615S1BA_011_-5_-6,,SDC2119,HDS2262,C101,8PL7CVA,Q615S1BA1,2026-08-11 10:51:32-07:00,202633,20.00,119325,NGXSDJXA0H80B002632,2,14,011T01,8B18438-D,EXABAHA008,201,2,2010001,2020000,2,202,UNDEFINED,10.2523,15.3165,5.8944,9.2458,7.9041,12.0988,1.3111,2.6229,1.2039,1.4463,31.1279,31.9511,1.3111,2.6229,4950.466,7613.5819,5.8944|7.9041|10.2523,9.2458|12.0988|15.3165,^GT:31.1279%0.7%19.6,^GT:5.8944%0.7%19.6%200%7.9041%0.7%19.6%300%10.2523%0.7%19.6%400,AIO
EFUSE_Q615S1BA_011_-5_-7,Q615S1BA1,X,Q615S1BA,011,-5,-7,Q615S1BA_011_-5_-7,,SDC2119,HDS2262,C101,8PL7CVA,Q615S1BA1,2026-08-11 10:51:32-07:00,202633,20.00,119325,NGXSDJXA0H80B002632,6,15,011T02,8B18438-D,EXABAHA008,101,1,1010001,1010000,1,101,UNDEFINED,10.2796,15.352,5.908,9.2776,7.9165,12.1353,0.8056,2.6765,1.0806,1.4543,31.2257,31.9705,0.8056,2.6765,4941.6778,7602.3968,5.908|7.9165|10.2796,9.2776|12.1353|15.352,^GT:31.2257%0.7%19.65,^GT:5.908%0.7%19.65%200%7.9165%0.7%19.65%300%10.2796%0.7%19.65%400,AIO
EFUSE_Q615S1BA_011_-5_-8,Q615S1BA1,X,Q615S1BA,011,-5,-8,Q615S1BA_011_-5_-8,,SDC2119,HDS2262,C101,8PL7CVA,Q615S1BA1,2026-08-11 10:51:32-07:00,202633,20.00,119325,NGXSDJXA0H80B002632,2,9,011T03,8B18438-D,EXABAHA008,302,3,3020001,3030000,3,303,UNDEFINED,10.227,15.2758,5.8539,9.182,7.8591,12.0407,1.2503,2.5639,0.9636,1.3724,31.2364,32.0726,1.2503,2.5639,4858.5885,7506.5246,5.8539|7.8591|10.227,9.182|12.0407|15.2758,^GT:31.2364%0.7%19.45,^GT:5.8539%0.7%19.45%200%7.8591%0.7%19.45%300%10.227%0.7%19.45%400,AIO
EFUSE_Q615S1BA_011_-5_-9,Q615S1BA1,X,Q615S1BA,011,-5,-9,Q615S1BA_011_-5_-9,,SDC2119,HDS2262,C101,8PL7CVA,Q615S1BA1,2026-08-11 10:51:32-07:00,202633,20.00,119325,NGXSDJXA0H80B002632,1,9,011T03,8B18438-D,EXABAHA008,301,3,3010001,3030000,3,303,UNDEFINED,10.094,15.0623,5.7226,8.9802,7.7257,11.8233,0.7937,2.3582,0.8649,1.2257,31.2243,32.0111,0.7937,2.3582,4741.1451,7362.4501,5.7226|7.7257|10.094,8.9802|11.8233|15.0623,^GT:31.2243%0.7%19.9,^GT:5.7226%0.7%19.9%200%7.7257%0.7%19.9%300%10.094%0.7%19.9%400,AIO
EFUSE_Q615S1BA_011_-5_0,Q615S1BA1,X,Q615S1BA,011,-5,0,Q615S1BA_011_-5_0,,SDC2119,HDS2262,C101,8PL7CVA,Q615S1BA1,2026-08-11 10:51:32-07:00,202633,20.00,119325,NGXSDJXA0H80B002632,4,18,011T01,8B28421-D,EXABAHA008,101,1,1010001,1010000,1,101,UNDEFINED,10.1185,14.9528,5.7938,8.9356,7.8031,11.7707,1.5209,2.3892,0.9515,1.3262,30.8907,31.6695,1.5209,2.3892,4906.5246,7589.6138,5.7938|7.8031|10.1185,8.9356|11.7707|14.9528,^GT:30.8907%0.7%18.85,^GT:5.7938%0.7%18.85%200%7.8031%0.7%18.85%300%10.1185%0.7%18.85%400,AIO
EFUSE_Q615S1BA_011_-5_1,Q615S1BA1,X,Q615S1BA,011,-5,1,Q615S1BA_011_-5_1,,SDC2119,HDS2262,C101,8PL7CVA,Q615S1BA1,2026-08-11 10:51:32-07:00,202633,20.00,119325,NGXSDJXA0H80B002632,5,17,011T03,8B28421-D,EXABAHA008,101,1,1010001,1010000,1,101,UNDEFINED,10.136,14.9747,5.8072,8.9546,7.8171,11.7859,0.7654,2.3924,1.072,1.3285,30.92,31.6847,0.7654,2.3924,4893.7417,7590.1465,5.8072|7.8171|10.136,8.9546|11.7859|14.9747,^GT:30.92%0.7%18.95,^GT:5.8072%0.7%18.95%200%7.8171%0.7%18.95%300%10.136%0.7%18.95%400,AIO
EFUSE_Q615S1BA_011_-5_2,Q615S1BA1,X,Q615S1BA,011,-5,2,Q615S1BA_011_-5_2,,SDC2119,HDS2262,C101,8PL7CVA,Q615S1BA1,2026-08-11 10:51:32-07:00,202633,20.00,119325,NGXSDJXA0H80B002632,4,1,011T02,8B18438-D,EXABAHA008,301,3,3010001,3030000,3,303,UNDEFINED,10.1189,14.9781,5.7758,8.9414,7.7817,11.7681,1.0682,2.338,0.9571,1.3016,31.0221,31.7721,1.0682,2.338,4882.024,7577.0972,5.7758|7.7817|10.1189,8.9414|11.7681|14.9781,^GT:31.0221%0.7%19.75,^GT:5.7758%0.7%19.75%200%7.7817%0.7%19.75%300%10.1189%0.7%19.75%400,AIO
EFUSE_Q615S1BA_011_-5_3,Q615S1BA1,X,Q615S1BA,011,-5,3,Q615S1BA_011_-5_3,,SDC2119,HDS2262,C101,8PL7CVA,Q615S1BA1,2026-08-11 10:51:32-07:00,202633,20.00,119325,NGXSDJXA0H80B002632,5,11,011T01,8B28421-D,EXABAHA008,301,3,3010001,3030000,3,303,UNDEFINED,10.2287,15.0888,5.8814,9.067,7.8975,11.8958,1.6296,2.5369,1.0685,1.4263,31.0521,31.6937,1.6296,2.5369,4898.0027,7602.9294,5.8814|7.8975|10.2287,9.067|11.8958|15.0888,^GT:31.0521%0.7%19.75,^GT:5.8814%0.7%19.75%200%7.8975%0.7%19.75%300%10.2287%0.7%19.75%400,AIO
EFUSE_Q615S1BA_011_-5_4,Q615S1BA1,X,Q615S1BA,011,-5,4,Q615S1BA_011_-5_4,,SDC2119,HDS2262,C101,8PL7CVA,Q615S1BA1,2026-08-11 10:51:32-07:00,202633,20.00,119325,NGXSDJXA0H80B002632,6,16,011T03,8B18438-D,EXABAHA008,101,1,1010001,1010000,1,101,UNDEFINED,10.2599,15.1834,5.8987,9.144,7.9159,11.9715,1.7623,2.5384,1.3004,1.4223,31.1514,31.7863,1.7623,2.5384,4964.8469,7659.6538,5.8987|7.9159|10.2599,9.144|11.9715|15.1834,^GT:31.1514%0.7%20,^GT:5.8987%0.7%20%200%7.9159%0.7%20%300%10.2599%0.7%20%400,AIO
EFUSE_Q615S1BA_011_-5_5,Q615S1BA1,X,Q615S1BA,011,-5,5,Q615S1BA_011_-5_5,,SDC2119,HDS2262,C101,8PL7CVA,Q615S1BA1,2026-08-11 10:51:32-07:00,202633,20.00,119325,NGXSDJXA0H80B002632,2,8,011T02,8B28421-D,EXABAHA008,301,3,3010001,3030000,3,303,UNDEFINED,10.2584,15.2134,5.8982,9.1417,7.9226,11.989,0.8644,2.5307,1.3278,1.4197,31.1443,31.9563,0.8644,2.5307,4965.3795,7665.779,5.8982|7.9226|10.2584,9.1417|11.989|15.2134,^GT:31.1443%0.7%19.15,^GT:5.8982%0.7%19.15%200%7.9226%0.7%19.15%300%10.2584%0.7%19.15%400,AIO
EFUSE_Q615S1BA_011_-5_6,Q615S1BA1,X,Q615S1BA,011,-5,6,Q615S1BA_011_-5_6,,SDC2119,HDS2262,C101,8PL7CVA,Q615S1BA1,2026-08-11 10:51:32-07:00,202633,20.00,119325,NGXSDJXA0H80B002632,7,19,011T01,8B18438-D,EXABAHA008,101,1,1010001,1010000,1,101,UNDEFINED,10.3476,15.35,5.9645,9.2392,7.9766,12.1034,1.2318,2.6138,1.1558,1.4742,31.3079,32.1621,1.2318,2.6138,4982.4234,7691.3449,5.9645|7.9765|10.3476,9.2392|12.1034|15.35,^GT:31.3079%0.7%20,^GT:5.9645%0.7%20%200%7.9765%0.7%20%300%10.3476%0.7%20%400,AIO
EFUSE_Q615S1BA_011_-5_7,Q615S1BA1,X,Q615S1BA,011,-5,7,Q615S1BA_011_-5_7,,SDC2119,HDS2262,C101,8PL7CVA,Q615S1BA1,2026-08-11 10:51:32-07:00,202633,20.00,119325,NGXSDJXA0H80B002632,7,16,011T03,8B18438-D,EXABAHA008,101,1,1010001,1010000,1,101,UNDEFINED,10.359,15.355,5.9543,9.221,7.9741,12.082,1.3744,2.5826,1.348,1.4294,31.4621,32.2842,1.3744,2.5826,4947.004,7634.8868,5.9543|7.9741|10.359,9.221|12.082|15.355,^GT:31.4621%0.7%19.6,^GT:5.9543%0.7%19.6%200%7.9741%0.7%19.6%300%10.359%0.7%19.6%400,AIO
EFUSE_Q615S1BA_011_-5_8,Q615S1BA1,X,Q615S1BA,011,-5,8,Q615S1BA_011_-5_8,,SDC2119,HDS2262,C101,8PL7CVA,Q615S1BA1,2026-08-11 10:51:32-07:00,202633,20.00,119325,NGXSDJXA0H80B002632,2,3,011T02,8B28421-D,EXABAHA008,101,1,1010001,1010000,1,101,UNDEFINED,10.3248,15.2612,5.921,9.1448,7.9498,12.0037,1.7263,2.5132,1.0553,1.3986,31.4557,32.1916,1.7263,2.5132,4916.1119,7611.4514,5.921|7.9498|10.3248,9.1448|12.0037|15.2612,^GT:31.4557%0.7%18.9,^GT:5.921%0.7%18.9%200%7.9498%0.7%18.9%300%10.3248%0.7%18.9%400,AIO
EFUSE_Q615S1BA_011_-5_9,Q615S1BA1,X,Q615S1BA,011,-5,9,Q615S1BA_011_-5_9,B82020000_FAIL_SCN_GT_GXX_CTRL_X_GFXAGG_K_BEGIN_X_X_X_X_X_EVALUATE_4,SDC2119,HDS2262,C101,8PL7CVA,Q615S1BA1,2026-08-11 10:51:32-07:00,202633,20.00,119325,NGXSDJXA0H80B002632,7,15,011T01,8B28421-D,EXABAHA008,8202,82,82020000,82020000,82,8202,UNDEFINED,10.181,14.9811,5.8023,8.9168,7.8243,11.7326,0.7408,2.2693,1.14,1.2589,31.2764,31.9174,0.7408,2.2692,4825.8322,7486.285,5.8023|7.8243|10.181,8.9168|11.7326|14.9811,^GT:31.2764%0.7%18.95,^GT:5.8023%0.7%18.95%200%7.8243%0.7%18.95%300%10.181%0.7%18.95%400,AIO
EFUSE_Q615S1BA_011_-6_-1,Q615S1BA1,X,Q615S1BA,011,-6,-1,Q615S1BA_011_-6_-1,,SDC2119,HDS2262,C101,8PL7CVA,Q615S1BA1,2026-08-11 10:51:32-07:00,202633,20.00,119325,NGXSDJXA0H80B002632,4,12,011T02,8B18438-D,EXABAHA008,101,1,1010001,1010000,1,101,UNDEFINED,10.1381,15.0339,5.7974,9.0233,7.8176,11.8428,0.7361,2.4844,1.0307,1.3519,31.0057,31.6347,0.7361,2.4844,4910.253,7582.1571,5.7973|7.8176|10.1381,9.0233|11.8428|15.0339,^GT:31.0057%0.7%20.1,^GT:5.7973%0.7%20.1%200%7.8176%0.7%20.1%300%10.1381%0.7%20.1%400,AIO
EFUSE_Q615S1BA_011_-6_-2,Q615S1BA1,X,Q615S1BA,011,-6,-2,Q615S1BA_011_-6_-2,B99820476_FAIL_SCN_GT_GXX_STUCKAT_ALL_GFXSB_K_END_HITO_GT_NOM_LFM_X_N2,SDC2119,HDS2262,C101,8PL7CVA,Q615S1BA1,2026-08-11 10:51:32-07:00,202633,20.00,119325,NGXSDJXA0H80B002632,4,12,011T03,8B18438-D,EXABAHA008,9982,99,99820476,99820476,99,9982,UNDEFINED,10.137,15.0589,5.8019,9.0401,7.8106,11.8594,1.2028,2.4689,0.9988,1.3513,30.965,31.6784,1.2028,2.4689,4920.1065,7602.6631,5.8019|7.8106|10.137,9.04|11.8594|15.0589,^GT:30.965%0.7%19.9,^GT:5.8019%0.7%19.9%200%7.8106%0.7%19.9%300%10.137%0.7%19.9%400,AIO
EFUSE_Q615S1BA_011_-6_-3,Q615S1BA1,X,Q615S1BA,011,-6,-3,Q615S1BA_011_-6_-3,,SDC2119,HDS2262,C101,8PL7CVA,Q615S1BA1,2026-08-11 10:51:32-07:00,202633,20.00,119325,NGXSDJXA0H80B002632,3,17,011T01,8B18438-D,EXABAHA008,101,1,1010001,1010000,1,101,UNDEFINED,10.165,15.1322,5.8281,9.0934,7.8464,11.9302,0.7598,2.5212,1.0215,1.3718,30.9779,31.7832,0.7598,2.5212,4949.4008,7620.2397,5.8281|7.8464|10.165,9.0934|11.9302|15.1322,^GT:30.9779%0.7%19.85,^GT:5.8281%0.7%19.85%200%7.8464%0.7%19.85%300%10.165%0.7%19.85%400,AIO
EFUSE_Q615S1BA_011_-6_-4,Q615S1BA1,X,Q615S1BA,011,-6,-4,Q615S1BA_011_-6_-4,,SDC2119,HDS2262,C101,8PL7CVA,Q615S1BA1,2026-08-11 10:51:32-07:00,202633,20.00,119325,NGXSDJXA0H80B002632,6,8,011T02,8B18438-D,EXABAHA008,101,1,1010001,1010000,1,101,UNDEFINED,10.177,15.166,5.8184,9.103,7.8293,11.9438,1.2957,2.5579,0.9821,1.3733,31.1329,31.9105,1.2957,2.5579,4939.5473,7601.0652,5.8184|7.8293|10.177,9.103|11.9438|15.166,^GT:31.1329%0.7%20,^GT:5.8184%0.7%20%200%7.8293%0.7%20%300%10.177%0.7%20%400,AIO
EFUSE_Q615S1BA_011_-6_-5,Q615S1BA1,X,Q615S1BA,011,-6,-5,Q615S1BA_011_-6_-5,,SDC2119,HDS2262,C101,8PL7CVA,Q615S1BA1,2026-08-11 10:51:32-07:00,202633,20.00,119325,NGXSDJXA0H80B002632,2,15,011T03,8B28421-D,EXABAHA008,101,1,1010001,1010000,1,101,UNDEFINED,10.1776,15.1942,5.8034,9.1304,7.8354,11.9714,1.4198,2.5379,1.0125,1.3562,31.2443,31.9147,1.4198,2.5379,4939.5473,7584.8202,5.8034|7.8354|10.1776,9.1304|11.9714|15.1942,^GT:31.2443%0.7%19.3,^GT:5.8034%0.7%19.3%200%7.8354%0.7%19.3%300%10.1776%0.7%19.3%400,AIO
EFUSE_Q615S1BA_011_-6_-6,Q615S1BA1,X,Q615S1BA,011,-6,-6,Q615S1BA_011_-6_-6,,SDC2119,HDS2262,C101,8PL7CVA,Q615S1BA1,2026-08-11 10:51:32-07:00,202633,20.00,119325,NGXSDJXA0H80B002632,2,15,011T01,8B28421-D,EXABAHA008,101,1,1010001,1010000,1,101,UNDEFINED,10.261,15.3453,5.8895,9.2524,7.9058,12.098,1.5674,2.6176,1.0556,1.4087,31.225,32.0679,1.5674,2.6176,4919.0413,7580.5593,5.8895|7.9058|10.261,9.2524|12.098|15.3453,^GT:31.225%0.7%19.75,^GT:5.8895%0.7%19.75%200%7.9058%0.7%19.75%300%10.261%0.7%19.75%400,AIO
EFUSE_Q615S1BA_011_-6_-7,Q615S1BA1,X,Q615S1BA,011,-6,-7,Q615S1BA_011_-6_-7,,SDC2119,HDS2262,C101,8PL7CVA,Q615S1BA1,2026-08-11 10:51:32-07:00,202633,20.00,119325,NGXSDJXA0H80B002632,6,14,011T02,8B28421-D,EXABAHA008,301,3,3010001,3030000,3,303,UNDEFINED,10.1999,15.2358,5.8291,9.1533,7.8539,12.0054,1.6445,2.5652,1.105,1.371,31.22,32.0132,1.6445,2.5651,4851.6644,7498.5353,5.8291|7.8539|10.1999,9.1533|12.0054|15.2358,^GT:31.22%0.7%19.15,^GT:5.8291%0.7%19.15%200%7.8539%0.7%19.15%300%10.1999%0.7%19.15%400,AIO
EFUSE_Q615S1BA_011_-6_-8,Q615S1BA1,X,Q615S1BA,011,-6,-8,Q615S1BA_011_-6_-8,,SDC2119,HDS2262,C101,8PL7CVA,Q615S1BA1,2026-08-11 10:51:32-07:00,202633,20.00,119325,NGXSDJXA0H80B002632,2,10,011T03,8B28421-D,EXABAHA008,101,1,1010001,1010000,1,101,UNDEFINED,10.1611,15.1684,5.7812,9.0777,7.7874,11.932,1.0525,2.4507,1.1317,1.2989,31.285,32.0563,1.0525,2.4507,4773.9015,7415.1798,5.7812|7.7874|10.1611,9.0777|11.932|15.1684,^GT:31.285%0.7%19.9,^GT:5.7812%0.7%19.9%200%7.7874%0.7%19.9%300%10.1611%0.7%19.9%400,AIO
EFUSE_Q615S1BA_011_-6_-9,Q615S1BA1,X,Q615S1BA,011,-6,-9,Q615S1BA_011_-6_-9,B19880000_FAIL_TPI_SIU_STATIC_SIUP_X_ICC_K_START_X_X_X_LFM_LOWV_P2_650MV_2,SDC2119,HDS2262,C101,8PL7CVA,Q615S1BA1,2026-08-11 10:51:32-07:00,202633,20.00,119325,NGXSDJXA0H80B002632,1,6,011T01,8B28421-D,EXABAHA008,1988,19,19880000,19880000,19,1988,UNDEFINED,,,,,,,,,,,,,,,,,,,,,AIO
EFUSE_Q615S1BA_011_-6_0,Q615S1BA1,X,Q615S1BA,011,-6,0,Q615S1BA_011_-6_0,,SDC2119,HDS2262,C101,8PL7CVA,Q615S1BA1,2026-08-11 10:51:32-07:00,202633,20.00,119325,NGXSDJXA0H80B002632,4,19,011T01,8B28421-D,EXABAHA008,101,1,1010001,1010000,1,101,UNDEFINED,10.189,15.1187,5.839,9.0709,7.8559,11.9121,0.7757,2.5103,1.2547,1.3945,31.0714,31.8305,0.7757,2.5103,4893.2091,7571.771,5.839|7.8559|10.189,9.0709|11.9121|15.1187,^GT:31.0714%0.7%19.95,^GT:5.839%0.7%19.95%200%7.8559%0.7%19.95%300%10.189%0.7%19.95%400,AIO
EFUSE_Q615S1BA_011_-6_1,Q615S1BA1,X,Q615S1BA,011,-6,1,Q615S1BA_011_-6_1,,SDC2119,HDS2262,C101,8PL7CVA,Q615S1BA1,2026-08-11 10:51:32-07:00,202633,20.00,119325,NGXSDJXA0H80B002632,5,18,011T03,8B28421-D,EXABAHA008,302,3,3020001,3030000,3,303,UNDEFINED,10.2067,15.1268,5.8687,9.09,7.8948,11.9291,1.0036,2.5237,1.0828,1.4055,30.9857,31.7732,1.0036,2.5237,4931.0253,7615.7124,5.8687|7.8948|10.2067,9.0899|11.9291|15.1268,^GT:30.9857%0.7%19.05,^GT:5.8687%0.7%19.05%200%7.8948%0.7%19.05%300%10.2067%0.7%19.05%400,AIO
EFUSE_Q615S1BA_011_-6_2,Q615S1BA1,X,Q615S1BA,011,-6,2,Q615S1BA_011_-6_2,,SDC2119,HDS2262,C101,8PL7CVA,Q615S1BA1,2026-08-11 10:51:32-07:00,202633,20.00,119325,NGXSDJXA0H80B002632,4,2,011T02,8B28421-D,EXABAHA008,101,1,1010001,1010000,1,101,UNDEFINED,10.2363,15.1474,5.8879,9.112,7.9013,11.9447,1.1796,2.5182,1.0619,1.4134,31.06,31.7653,1.1796,2.5182,4965.9121,7661.2517,5.8879|7.9013|10.2363,9.112|11.9447|15.1474,^GT:31.06%0.7%19.15,^GT:5.8879%0.7%19.15%200%7.9013%0.7%19.15%300%10.2363%0.7%19.15%400,AIO
EFUSE_Q615S1BA_011_-6_3,Q615S1BA1,X,Q615S1BA,011,-6,3,Q615S1BA_011_-6_3,,SDC2119,HDS2262,C101,8PL7CVA,Q615S1BA1,2026-08-11 10:51:32-07:00,202633,20.00,119325,NGXSDJXA0H80B002632,5,12,011T01,8B18438-D,EXABAHA008,301,3,3010001,3030000,3,303,UNDEFINED,10.3143,15.2851,5.9652,9.2324,7.9847,12.0633,0.9234,2.6512,1.1236,1.5166,31.065,31.8563,0.9234,2.6512,5009.3209,7708.9214,5.9652|7.9847|10.3143,9.2324|12.0633|15.2851,^GT:31.065%0.7%19.95,^GT:5.9652%0.7%19.95%200%7.9847%0.7%19.95%300%10.3143%0.7%19.95%400,AIO
EFUSE_Q615S1BA_011_-6_4,Q615S1BA1,X,Q615S1BA,011,-6,4,Q615S1BA_011_-6_4,,SDC2119,HDS2262,C101,8PL7CVA,Q615S1BA1,2026-08-11 10:51:32-07:00,202633,20.00,119325,NGXSDJXA0H80B002632,6,17,011T03,8B18438-D,EXABAHA008,101,1,1010001,1010000,1,101,UNDEFINED,10.389,15.4163,6.0261,9.3316,8.0557,12.1959,1.4192,2.7647,1.5264,1.5852,31.1636,32.0253,1.4192,2.7647,5037.0173,7733.6884,6.0261|8.0557|10.389,9.3315|12.1959|15.4163,^GT:31.1636%0.7%19.799999999999997,^GT:6.0261%0.7%19.799999999999997%200%8.0557%0.7%19.799999999999997%300%10.389%0.7%19.799999999999997%400,AIO
EFUSE_Q615S1BA_011_-6_5,Q615S1BA1,X,Q615S1BA,011,-6,5,Q615S1BA_011_-6_5,,SDC2119,HDS2262,C101,8PL7CVA,Q615S1BA1,2026-08-11 10:51:32-07:00,202633,20.00,119325,NGXSDJXA0H80B002632,2,7,011T02,8B28421-D,EXABAHA008,101,1,1010001,1010000,1,101,UNDEFINED,10.3804,15.3957,5.9928,9.3146,8.0282,12.165,1.8024,2.6815,1.3756,1.5246,31.34,32.0058,1.8023,2.6815,5005.3262,7692.9427,5.9928|8.0282|10.3804,9.3146|12.165|15.3957,^GT:31.34%0.7%19.55,^GT:5.9928%0.7%19.55%200%8.0282%0.7%19.55%300%10.3804%0.7%19.55%400,AIO
EFUSE_Q615S1BA_011_-6_6,Q615S1BA1,X,Q615S1BA,011,-6,6,Q615S1BA_011_-6_6,,SDC2119,HDS2262,C101,8PL7CVA,Q615S1BA1,2026-08-11 10:51:32-07:00,202633,20.00,119325,NGXSDJXA0H80B002632,7,18,011T01,8B28421-D,EXABAHA008,301,3,3010001,3030000,3,303,UNDEFINED,10.3329,15.3187,5.9363,9.2051,7.9692,12.0706,0.8498,2.5527,1.0445,1.431,31.405,32.1768,0.8498,2.5527,4964.0479,7652.4634,5.9362|7.9692|10.3329,9.2051|12.0706|15.3187,^GT:31.405%0.7%19.15,^GT:5.9362%0.7%19.15%200%7.9692%0.7%19.15%300%10.3329%0.7%19.15%400,AIO
EFUSE_Q615S1BA_011_-6_7,Q615S1BA1,X,Q615S1BA,011,-6,7,Q615S1BA_011_-6_7,,SDC2119,HDS2262,C101,8PL7CVA,Q615S1BA1,2026-08-11 10:51:32-07:00,202633,20.00,119325,NGXSDJXA0H80B002632,7,17,011T03,8B18438-D,EXABAHA008,101,1,1010001,1010000,1,101,UNDEFINED,10.3649,15.3685,5.9703,9.2438,7.9824,12.103,0.9923,2.5829,1.1434,1.4454,31.39,32.2353,0.9923,2.5829,4931.0253,7618.6418,5.9703|7.9824|10.3649,9.2438|12.103|15.3685,^GT:31.39%0.7%20.05,^GT:5.9703%0.7%20.05%200%7.9824%0.7%20.05%300%10.3649%0.7%20.05%400,AIO
EFUSE_Q615S1BA_011_-6_8,Q615S1BA1,X,Q615S1BA,011,-6,8,Q615S1BA_011_-6_8,B65000277_FAIL_ARR_GT_GXX_ARR_GT_GFXAGG_K_BEGIN_X_X_X_X_ARRSKUEVALUATE_4,SDC2119,HDS2262,C101,8PL7CVA,Q615S1BA1,2026-08-11 10:51:32-07:00,202633,20.00,119325,NGXSDJXA0H80B002632,2,4,011T02,8B28421-D,EXABAHA008,6500,65,65000277,65000277,65,6500,UNDEFINED,10.3141,15.1994,5.9377,9.1302,7.9543,11.9583,0.8895,2.5528,1.1517,1.4583,31.26,31.9432,0.8895,2.5528,4875.8988,7556.8575,5.9377|7.9543|10.3141,9.1302|11.9583|15.1994,^GT:31.26%0.7%19,^GT:5.9377%0.7%19%200%7.9543%0.7%19%300%10.3141%0.7%19%400,AIO
EFUSE_Q615S1BA_011_-7_-1,Q615S1BA1,X,Q615S1BA,011,-7,-1,Q615S1BA_011_-7_-1,,SDC2119,HDS2262,C101,8PL7CVA,Q615S1BA1,2026-08-11 10:51:32-07:00,202633,20.00,119325,NGXSDJXA0H80B002632,4,11,011T02,8B28421-D,EXABAHA008,101,1,1010001,1010000,1,101,UNDEFINED,10.2581,15.2668,5.8905,9.2099,7.9229,12.0541,0.7918,2.6445,1.4,1.4447,31.1971,31.8784,0.7918,2.6445,4950.9987,7596.8043,5.8905|7.9229|10.2581,9.2099|12.0541|15.2668,^GT:31.1971%0.7%19.45,^GT:5.8905%0.7%19.45%200%7.9229%0.7%19.45%300%10.2581%0.7%19.45%400,AIO
EFUSE_Q615S1BA_011_-7_-2,Q615S1BA1,X,Q615S1BA,011,-7,-2,Q615S1BA_011_-7_-2,,SDC2119,HDS2262,C101,8PL7CVA,Q615S1BA1,2026-08-11 10:51:32-07:00,202633,20.00,119325,NGXSDJXA0H80B002632,4,13,011T03,8B18438-D,EXABAHA008,301,3,3010001,3030000,3,303,UNDEFINED,10.2815,15.3234,5.9273,9.2482,7.9423,12.0878,1.7673,2.6313,1.0484,1.4681,31.1014,31.9747,1.7673,2.6313,4978.1625,7623.1691,5.9273|7.9423|10.2815,9.2482|12.0878|15.3234,^GT:31.1014%0.7%19.75,^GT:5.9273%0.7%19.75%200%7.9423%0.7%19.75%300%10.2815%0.7%19.75%400,AIO
EFUSE_Q615S1BA_011_-7_-3,Q615S1BA1,X,Q615S1BA,011,-7,-3,Q615S1BA_011_-7_-3,,SDC2119,HDS2262,C101,8PL7CVA,Q615S1BA1,2026-08-11 10:51:32-07:00,202633,20.00,119325,NGXSDJXA0H80B002632,3,18,011T01,8B28421-D,EXABAHA008,101,1,1010001,1010000,1,101,UNDEFINED,10.2812,15.3204,5.9163,9.255,7.9361,12.1016,1.7896,2.6466,1.3643,1.4545,31.1779,31.9232,1.7896,2.6466,4968.0426,7628.229,5.9163|7.9361|10.2812,9.255|12.1016|15.3204,^GT:31.1779%0.7%19.25,^GT:5.9163%0.7%19.25%200%7.9361%0.7%19.25%300%10.2812%0.7%19.25%400,AIO
EFUSE_Q615S1BA_011_-7_-4,Q615S1BA1,X,Q615S1BA,011,-7,-4,Q615S1BA_011_-7_-4,B82020000_FAIL_SCN_GT_GXX_CTRL_X_GFXAGG_K_BEGIN_X_X_X_X_X_EVALUATE_4,SDC2119,HDS2262,C101,8PL7CVA,Q615S1BA1,2026-08-11 10:51:32-07:00,202633,20.00,119325,NGXSDJXA0H80B002632,6,9,011T02,8B18438-D,EXABAHA008,8202,82,82020000,82020000,82,8202,UNDEFINED,10.2681,15.3165,5.8821,9.2333,7.902,12.0742,1.5649,2.5934,1.3235,1.4147,31.3286,32.0168,1.5649,2.5934,4941.4115,7594.9401,5.8821|7.902|10.2681,9.2333|12.0742|15.3165,^GT:31.3286%0.7%19.700000000000003,^GT:5.8821%0.7%19.700000000000003%200%7.902%0.7%19.700000000000003%300%10.2681%0.7%19.700000000000003%400,AIO
EFUSE_Q615S1BA_011_-7_-5,Q615S1BA1,X,Q615S1BA,011,-7,-5,Q615S1BA_011_-7_-5,,SDC2119,HDS2262,C101,8PL7CVA,Q615S1BA1,2026-08-11 10:51:32-07:00,202633,20.00,119325,NGXSDJXA0H80B002632,2,14,011T03,8B18438-D,EXABAHA008,101,1,1010001,1010000,1,101,UNDEFINED,10.2592,15.3325,5.8626,9.2107,7.8774,12.0676,1.1634,2.5715,1.1663,1.4026,31.4043,32.22,1.1634,2.5715,4903.8615,7555.2597,5.8626|7.8774|10.2592,9.2107|12.0676|15.3325,^GT:31.4043%0.7%19.799999999999997,^GT:5.8626%0.7%19.799999999999997%200%7.8774%0.7%19.799999999999997%300%10.2592%0.7%19.799999999999997%400,AIO
EFUSE_Q615S1BA_011_-7_-6,Q615S1BA1,X,Q615S1BA,011,-7,-6,Q615S1BA_011_-7_-6,,SDC2119,HDS2262,C101,8PL7CVA,Q615S1BA1,2026-08-11 10:51:32-07:00,202633,20.00,119325,NGXSDJXA0H80B002632,2,16,011T01,8B18438-D,EXABAHA008,101,1,1010001,1010000,1,101,UNDEFINED,10.2534,15.2974,5.8566,9.1664,7.8766,12.036,0.7574,2.5141,1.1443,1.3445,31.4057,32.2684,0.7574,2.5141,4842.6099,7475.8988,5.8566|7.8766|10.2534,9.1664|12.036|15.2974,^GT:31.4057%0.7%19.6,^GT:5.8566%0.7%19.6%200%7.8766%0.7%19.6%300%10.2534%0.7%19.6%400,AIO
EFUSE_Q615S1BA_011_-7_-7,Q615S1BA1,X,Q615S1BA,011,-7,-7,Q615S1BA_011_-7_-7,,SDC2119,HDS2262,C101,8PL7CVA,Q615S1BA1,2026-08-11 10:51:32-07:00,202633,20.00,119325,NGXSDJXA0H80B002632,6,13,011T02,8B18438-D,EXABAHA008,101,1,1010001,1010000,1,101,UNDEFINED,10.1293,15.1189,5.7579,9.0253,7.7629,11.8661,0.6238,2.3976,1.0467,1.2521,31.2243,32.0716,0.6238,2.3976,4752.8628,7385.8855,5.7579|7.7629|10.1293,9.0253|11.8661|15.1189,^GT:31.2243%0.7%19.55,^GT:5.7579%0.7%19.55%200%7.7629%0.7%19.55%300%10.1293%0.7%19.55%400,AIO
EFUSE_Q615S1BA_011_-7_-8,Q615S1BA1,X,Q615S1BA,011,-7,-8,Q615S1BA_011_-7_-8,B82020000_FAIL_SCN_GT_GXX_CTRL_X_GFXAGG_K_BEGIN_X_X_X_X_X_EVALUATE_4,SDC2119,HDS2262,C101,8PL7CVA,Q615S1BA1,2026-08-11 10:51:32-07:00,202633,20.00,119325,NGXSDJXA0H80B002632,2,11,011T03,8B28421-D,EXABAHA008,8202,82,82020000,82020000,82,8202,UNDEFINED,9.9775,14.8258,5.6128,8.7681,7.619,11.5886,0.9131,2.207,0.7531,1.0994,31.1764,31.8826,0.9131,2.207,4609.0546,7202.9294,5.6128|7.619|9.9775,8.7681|11.5886|14.8258,^GT:31.1764%0.7%18.95,^GT:5.6128%0.7%18.95%200%7.619%0.7%18.95%300%9.9775%0.7%18.95%400,AIO
EFUSE_Q615S1BA_011_-7_0,Q615S1BA1,X,Q615S1BA,011,-7,0,Q615S1BA_011_-7_0,,SDC2119,HDS2262,C101,8PL7CVA,Q615S1BA1,2026-08-11 10:51:32-07:00,202633,20.00,119325,NGXSDJXA0H80B002632,5,19,011T01,8B18438-D,EXABAHA008,101,1,1010001,1010000,1,101,UNDEFINED,10.3146,15.3414,5.9449,9.2643,7.9564,12.1129,0.8889,2.6662,1.0764,1.4837,31.2121,31.9847,0.8889,2.6662,4955.7923,7609.5872,5.9449|7.9564|10.3146,9.2643|12.1129|15.3414,^GT:31.2121%0.7%19.9,^GT:5.9449%0.7%19.9%200%7.9564%0.7%19.9%300%10.3146%0.7%19.9%400,AIO
EFUSE_Q615S1BA_011_-7_1,Q615S1BA1,X,Q615S1BA,011,-7,1,Q615S1BA_011_-7_1,,SDC2119,HDS2262,C101,8PL7CVA,Q615S1BA1,2026-08-11 10:51:32-07:00,202633,20.00,119325,NGXSDJXA0H80B002632,5,19,011T03,8B28421-D,EXABAHA008,301,3,3010001,3030000,3,303,UNDEFINED,10.3849,15.4421,6.0166,9.3698,8.0482,12.2189,1.0041,2.7605,1.376,1.5745,31.2021,31.9595,1.0041,2.7605,5015.4461,7683.3555,6.0166|8.0482|10.3849,9.3698|12.2189|15.4421,^GT:31.2021%0.7%19.45,^GT:6.0166%0.7%19.45%200%8.0482%0.7%19.45%300%10.3849%0.7%19.45%400,AIO
EFUSE_Q615S1BA_011_-7_2,Q615S1BA1,X,Q615S1BA,011,-7,2,Q615S1BA_011_-7_2,,SDC2119,HDS2262,C101,8PL7CVA,Q615S1BA1,2026-08-11 10:51:32-07:00,202633,20.00,119325,NGXSDJXA0H80B002632,4,3,011T02,8B28421-D,EXABAHA008,301,3,3010001,3030000,3,303,UNDEFINED,10.4956,15.5802,6.1201,9.496,8.1398,12.3512,1.8975,2.8907,1.2782,1.6922,31.2536,32.0226,1.8975,2.8907,5067.9095,7760.8522,6.1201|8.1398|10.4956,9.4959|12.3512|15.5802,^GT:31.2536%0.7%19.75,^GT:6.1201%0.7%19.75%200%8.1398%0.7%19.75%300%10.4956%0.7%19.75%400,AIO
EFUSE_Q615S1BA_011_-7_3,Q615S1BA1,X,Q615S1BA,011,-7,3,Q615S1BA_011_-7_3,,SDC2119,HDS2262,C101,8PL7CVA,Q615S1BA1,2026-08-11 10:51:32-07:00,202633,20.00,119325,NGXSDJXA0H80B002632,5,13,011T01,8B18438-D,EXABAHA008,101,1,1010001,1010000,1,101,UNDEFINED,10.4765,15.5579,6.117,9.4712,8.1509,12.3324,1.9596,2.8868,1.3729,1.6917,31.1393,32.0353,1.9596,2.8868,5082.024,7783.4887,6.117|8.1508|10.4765,9.4712|12.3324|15.5579,^GT:31.1393%0.7%19.55,^GT:6.117%0.7%19.55%200%8.1508%0.7%19.55%300%10.4765%0.7%19.55%400,AIO
EFUSE_Q615S1BA_011_-7_4,Q615S1BA1,X,Q615S1BA,011,-7,4,Q615S1BA_011_-7_4,,SDC2119,HDS2262,C101,8PL7CVA,Q615S1BA1,2026-08-11 10:51:32-07:00,202633,20.00,119325,NGXSDJXA0H80B002632,6,18,011T03,8B28421-D,EXABAHA008,101,1,1010001,1010000,1,101,UNDEFINED,10.4927,15.5857,6.1051,9.4788,8.1222,12.3471,1.2762,2.8381,1.3841,1.6343,31.34,32.1416,1.2762,2.8381,5035.1531,7721.9707,6.1051|8.1222|10.4927,9.4788|12.3471|15.5857,^GT:31.34%0.7%20,^GT:6.1051%0.7%20%200%8.1222%0.7%20%300%10.4927%0.7%20%400,AIO
EFUSE_Q615S1BA_011_-7_5,Q615S1BA1,X,Q615S1BA,011,-7,5,Q615S1BA_011_-7_5,,SDC2119,HDS2262,C101,8PL7CVA,Q615S1BA1,2026-08-11 10:51:32-07:00,202633,20.00,119325,NGXSDJXA0H80B002632,2,6,011T02,8B18438-D,EXABAHA008,101,1,1010001,1010000,1,101,UNDEFINED,10.4349,15.4745,6.0256,9.353,8.0519,12.2098,1.6701,2.7073,1.1306,1.5266,31.495,32.2184,1.6701,2.7073,4982.6897,7653.2623,6.0256|8.0519|10.4349,9.353|12.2098|15.4745,^GT:31.495%0.7%19.700000000000003,^GT:6.0256%0.7%19.700000000000003%200%8.0519%0.7%19.700000000000003%300%10.4349%0.7%19.700000000000003%400,AIO
EFUSE_Q615S1BA_011_-7_6,Q615S1BA1,X,Q615S1BA,011,-7,6,Q615S1BA_011_-7_6,,SDC2119,HDS2262,C101,8PL7CVA,Q615S1BA1,2026-08-11 10:51:32-07:00,202633,20.00,119325,NGXSDJXA0H80B002632,7,17,011T01,8B18438-D,EXABAHA008,301,3,3010001,3030000,3,303,UNDEFINED,10.3512,15.3387,5.9464,9.2122,7.9733,12.0747,0.8687,2.5483,1.0395,1.4343,31.4629,32.2447,0.8687,2.5483,4916.1119,7591.7443,5.9464|7.9733|10.3512,9.2122|12.0747|15.3387,^GT:31.4629%0.7%19.4,^GT:5.9464%0.7%19.4%200%7.9733%0.7%19.4%300%10.3512%0.7%19.4%400,AIO
EFUSE_Q615S1BA_011_-7_7,Q615S1BA1,X,Q615S1BA,011,-7,7,Q615S1BA_011_-7_7,,SDC2119,HDS2262,C101,8PL7CVA,Q615S1BA1,2026-08-11 10:51:32-07:00,202633,20.00,119325,NGXSDJXA0H80B002632,7,18,011T03,8B18438-D,EXABAHA008,101,1,1010001,1010000,1,101,UNDEFINED,10.3015,15.2059,5.9154,9.0961,7.9381,11.9492,1.1861,2.4548,1.2008,1.4016,31.3293,32.1568,1.1861,2.4548,4887.6165,7553.1292,5.9154|7.9381|10.3015,9.0961|11.9492|15.2059,^GT:31.3293%0.7%19.6,^GT:5.9154%0.7%19.6%200%7.9381%0.7%19.6%300%10.3015%0.7%19.6%400,AIO
EFUSE_Q615S1BA_011_-8_-1,Q615S1BA1,X,Q615S1BA,011,-8,-1,Q615S1BA_011_-8_-1,,SDC2119,HDS2262,C101,8PL7CVA,Q615S1BA1,2026-08-11 10:51:32-07:00,202633,20.00,119325,NGXSDJXA0H80B002632,4,9,011T02,8B18438-D,EXABAHA008,101,1,1010001,1010000,1,101,UNDEFINED,10.2979,15.3259,5.9118,9.2358,7.9346,12.0901,1.7001,2.6298,1.0359,1.464,31.3293,32.0532,1.7001,2.6298,4948.8682,7577.6298,5.9118|7.9346|10.2979,9.2358|12.0901|15.3259,^GT:31.3293%0.7%19.95,^GT:5.9118%0.7%19.95%200%7.9346%0.7%19.95%300%10.2979%0.7%19.95%400,AIO
EFUSE_Q615S1BA_011_-8_-2,Q615S1BA1,X,Q615S1BA,011,-8,-2,Q615S1BA_011_-8_-2,,SDC2119,HDS2262,C101,8PL7CVA,Q615S1BA1,2026-08-11 10:51:32-07:00,202633,20.00,119325,NGXSDJXA0H80B002632,4,14,011T03,8B28421-D,EXABAHA008,101,1,1010001,1010000,1,101,UNDEFINED,10.3021,15.3334,5.9199,9.238,7.9449,12.0843,1.724,2.5946,1.306,1.4393,31.3014,32.0811,1.724,2.5946,4923.3023,7558.1891,5.9199|7.9449|10.3021,9.238|12.0843|15.3334,^GT:31.3014%0.7%19.35,^GT:5.9199%0.7%19.35%200%7.9449%0.7%19.35%300%10.3021%0.7%19.35%400,AIO
EFUSE_Q615S1BA_011_-8_-3,Q615S1BA1,X,Q615S1BA,011,-8,-3,Q615S1BA_011_-8_-3,,SDC2119,HDS2262,C101,8PL7CVA,Q615S1BA1,2026-08-11 10:51:32-07:00,202633,20.00,119325,NGXSDJXA0H80B002632,3,19,011T01,8B18438-D,EXABAHA008,301,3,3010001,3030000,3,303,UNDEFINED,10.2957,15.3463,5.8983,9.2493,7.9315,12.0947,1.6251,2.6228,1.2522,1.4269,31.41,32.0895,1.625,2.6228,4890.5459,7527.0306,5.8983|7.9315|10.2957,9.2493|12.0947|15.3463,^GT:31.41%0.7%19.65,^GT:5.8983%0.7%19.65%200%7.9315%0.7%19.65%300%10.2957%0.7%19.65%400,AIO
EFUSE_Q615S1BA_011_-8_-4,Q615S1BA1,X,Q615S1BA,011,-8,-4,Q615S1BA_011_-8_-4,B99242480_FAIL_PTH_ACM_GXXX_ACM_X_CTVDEC_K_END_X_X_MIN_X_TAPBABYSTEPS_N2,SDC2119,HDS2262,C101,8PL7CVA,Q615S1BA1,2026-08-11 10:51:32-07:00,202633,20.00,119325,NGXSDJXA0H80B002632,6,10,011T02,8B28421-D,EXABAHA008,9924,99,99242480,99242480,99,9924,UNDEFINED,10.2567,15.2865,5.8654,9.1721,7.9001,12.0235,1.5958,2.5061,1.291,1.3584,31.3664,32.1811,1.5958,2.5061,4858.0559,7500.6658,5.8654|7.9001|10.2567,9.1721|12.0235|15.2865,^GT:31.3664%0.7%19.25,^GT:5.8654%0.7%19.25%200%7.9001%0.7%19.25%300%10.2567%0.7%19.25%400,AIO
EFUSE_Q615S1BA_011_-8_-5,Q615S1BA1,X,Q615S1BA,011,-8,-5,Q615S1BA_011_-8_-5,,SDC2119,HDS2262,C101,8PL7CVA,Q615S1BA1,2026-08-11 10:51:32-07:00,202633,20.00,119325,NGXSDJXA0H80B002632,2,13,011T03,8B18438-D,EXABAHA008,101,1,1010001,1010000,1,101,UNDEFINED,10.2164,15.2241,5.8233,9.1188,7.8387,11.9647,0.7365,2.465,0.9556,1.3146,31.3793,32.1332,0.7365,2.465,4831.6911,7467.9095,5.8233|7.8387|10.2164,9.1188|11.9647|15.2241,^GT:31.3793%0.7%19.5,^GT:5.8233%0.7%19.5%200%7.8387%0.7%19.5%300%10.2164%0.7%19.5%400,AIO
EFUSE_Q615S1BA_011_-8_-6,Q615S1BA1,X,Q615S1BA,011,-8,-6,Q615S1BA_011_-8_-6,,SDC2119,HDS2262,C101,8PL7CVA,Q615S1BA1,2026-08-11 10:51:32-07:00,202633,20.00,119325,NGXSDJXA0H80B002632,2,17,011T01,8B18438-D,EXABAHA008,101,1,1010001,1010000,1,101,UNDEFINED,10.1195,15.0685,5.7361,8.9687,7.7445,11.809,0.6812,2.3446,0.9182,1.2317,31.31,32.1047,0.6812,2.3446,4742.743,7365.9121,5.7361|7.7445|10.1195,8.9686|11.809|15.0685,^GT:31.31%0.7%20,^GT:5.7361%0.7%20%200%7.7445%0.7%20%300%10.1195%0.7%20%400,AIO
EFUSE_Q615S1BA_011_-8_-7,Q615S1BA1,X,Q615S1BA,011,-8,-7,Q615S1BA_011_-8_-7,B88040055_FAIL_TPI_SIU_STATIC_SIUP_X_ICC_K_START_X_X_X_LFM_LOWV_INFRA_650MV_0,SDC2119,HDS2262,C101,8PL7CVA,Q615S1BA1,2026-08-11 10:51:32-07:00,202633,20.00,119325,NGXSDJXA0H80B002632,6,12,011T02,8B18438-D,EXABAHA008,8804,88,88040055,88040055,88,8804,UNDEFINED,,,,,,,,,,,,,,,,,,,,,AIO
EFUSE_Q615S1BA_011_-8_0,Q615S1BA1,X,Q615S1BA,011,-8,0,Q615S1BA_011_-8_0,,SDC2119,HDS2262,C101,8PL7CVA,Q615S1BA1,2026-08-11 10:51:32-07:00,202633,20.00,119325,NGXSDJXA0H80B002632,5,18,011T01,8B28421-D,EXABAHA008,101,1,1010001,1010000,1,101,UNDEFINED,10.3291,15.3799,5.9409,9.2709,7.9634,12.1299,0.9704,2.653,1.3616,1.465,31.3443,32.1526,0.9704,2.653,4934.221,7584.0213,5.9409|7.9634|10.3291,9.2709|12.1299|15.3799,^GT:31.3443%0.7%19.45,^GT:5.9409%0.7%19.45%200%7.9634%0.7%19.45%300%10.3291%0.7%19.45%400,AIO
EFUSE_Q615S1BA_011_-8_1,Q615S1BA1,X,Q615S1BA,011,-8,1,Q615S1BA_011_-8_1,B99880012_FAIL_TPI_SIU_STATIC_CTRL_X_PWRDWN_K_STRESS_X_X_X_X_LOWV_BFL_N2,SDC2119,HDS2262,C101,8PL7CVA,Q615S1BA1,2026-08-11 10:51:32-07:00,202633,20.00,119325,NGXSDJXA0H80B002632,4,19,011T03,8B28421-D,EXABAHA008,9988,99,99880012,99880012,99,9988,UNDEFINED,10.3889,15.4616,6.013,9.3598,8.0298,12.2214,1.654,2.75,1.4055,1.5344,31.2564,32.1147,1.654,2.7499,4988.8149,7656.9907,6.013|8.0298|10.3889,9.3598|12.2214|15.4616,^GT:31.2564%0.7%19.6,^GT:6.013%0.7%19.6%200%8.0298%0.7%19.6%300%10.3889%0.7%19.6%400,AIO
EFUSE_Q615S1BA_011_-8_2,Q615S1BA1,X,Q615S1BA,011,-8,2,Q615S1BA_011_-8_2,,SDC2119,HDS2262,C101,8PL7CVA,Q615S1BA1,2026-08-11 10:51:32-07:00,202633,20.00,119325,NGXSDJXA0H80B002632,4,4,011T02,8B28421-D,EXABAHA008,101,1,1010001,1010000,1,101,UNDEFINED,10.4577,15.5515,6.0709,9.4388,8.112,12.3085,0.9445,2.8316,1.5364,1.6213,31.3343,32.1721,0.9445,2.8316,5032.49,7721.1718,6.0709|8.112|10.4577,9.4388|12.3085|15.5515,^GT:31.3343%0.7%19.05,^GT:6.0709%0.7%19.05%200%8.112%0.7%19.05%300%10.4577%0.7%19.05%400,AIO
EFUSE_Q615S1BA_011_-8_3,Q615S1BA1,X,Q615S1BA,011,-8,3,Q615S1BA_011_-8_3,,SDC2119,HDS2262,C101,8PL7CVA,Q615S1BA1,2026-08-11 10:51:32-07:00,202633,20.00,119325,NGXSDJXA0H80B002632,5,14,011T01,8B28421-D,EXABAHA008,101,1,1010001,1010000,1,101,UNDEFINED,10.4654,15.5373,6.0822,9.4244,8.101,12.289,1.6266,2.8027,1.3185,1.6119,31.3086,32.1732,1.6266,2.8027,5019.1744,7714.2477,6.0822|8.101|10.4654,9.4244|12.289|15.5373,^GT:31.3086%0.7%19.15,^GT:6.0822%0.7%19.15%200%8.101%0.7%19.15%300%10.4654%0.7%19.15%400,AIO
EFUSE_Q615S1BA_011_-8_4,Q615S1BA1,X,Q615S1BA,011,-8,4,Q615S1BA_011_-8_4,,SDC2119,HDS2262,C101,8PL7CVA,Q615S1BA1,2026-08-11 10:51:32-07:00,202633,20.00,119325,NGXSDJXA0H80B002632,6,19,011T03,8B28421-D,EXABAHA008,101,1,1010001,1010000,1,101,UNDEFINED,10.3883,15.4177,5.9795,9.2946,8.0144,12.1524,1.579,2.6185,1.1107,1.487,31.4914,32.2268,1.579,2.6184,4958.1891,7626.6312,5.9795|8.0144|10.3883,9.2946|12.1524|15.4177,^GT:31.4914%0.7%19.05,^GT:5.9795%0.7%19.05%200%8.0144%0.7%19.05%300%10.3883%0.7%19.05%400,AIO
EFUSE_Q615S1BA_011_-8_5,Q615S1BA1,X,Q615S1BA,011,-8,5,Q615S1BA_011_-8_5,,SDC2119,HDS2262,C101,8PL7CVA,Q615S1BA1,2026-08-11 10:51:32-07:00,202633,20.00,119325,NGXSDJXA0H80B002632,2,5,011T02,8B18438-D,EXABAHA008,101,1,1010001,1010000,1,101,UNDEFINED,10.3663,15.3585,5.973,9.2475,7.9907,12.0976,1.5778,2.5905,1.1938,1.4614,31.3807,32.1632,1.5778,2.5905,4920.9055,7574.7004,5.973|7.9907|10.3663,9.2475|12.0976|15.3585,^GT:31.3807%0.7%19.85,^GT:5.973%0.7%19.85%200%7.9907%0.7%19.85%300%10.3663%0.7%19.85%400,AIO
EFUSE_Q615S1BA_011_-8_6,Q615S1BA1,X,Q615S1BA,011,-8,6,Q615S1BA_011_-8_6,,SDC2119,HDS2262,C101,8PL7CVA,Q615S1BA1,2026-08-11 10:51:32-07:00,202633,20.00,119325,NGXSDJXA0H80B002632,7,16,011T01,8B18438-D,EXABAHA008,101,1,1010001,1010000,1,101,UNDEFINED,10.2525,15.1234,5.8427,9.0178,7.867,11.8638,0.7401,2.4352,1.1388,1.3496,31.4986,32.1347,0.7401,2.4352,4827.6964,7484.1545,5.8427|7.867|10.2525,9.0178|11.8638|15.1234,^GT:31.4986%0.7%19.35,^GT:5.8427%0.7%19.35%200%7.867%0.7%19.35%300%10.2525%0.7%19.35%400,AIO
EFUSE_Q615S1BA_011_-9_-1,Q615S1BA1,X,Q615S1BA,011,-9,-1,Q615S1BA_011_-9_-1,,SDC2119,HDS2262,C101,8PL7CVA,Q615S1BA1,2026-08-11 10:51:32-07:00,202633,20.00,119325,NGXSDJXA0H80B002632,4,8,011T02,8B28421-D,EXABAHA008,101,1,1010001,1010000,1,101,UNDEFINED,10.2873,15.2757,5.8845,9.1908,7.915,12.0392,0.7534,2.5763,1.2727,1.4028,31.4486,32.0258,0.7534,2.5763,4878.2956,7502.53,5.8845|7.915|10.2873,9.1908|12.0392|15.2757,^GT:31.4486%0.7%18.95,^GT:5.8845%0.7%18.95%200%7.915%0.7%18.95%300%10.2873%0.7%18.95%400,AIO
EFUSE_Q615S1BA_011_-9_-2,Q615S1BA1,X,Q615S1BA,011,-9,-2,Q615S1BA_011_-9_-2,,SDC2119,HDS2262,C101,8PL7CVA,Q615S1BA1,2026-08-11 10:51:32-07:00,202633,20.00,119325,NGXSDJXA0H80B002632,4,15,011T03,8B18438-D,EXABAHA008,101,1,1010001,1010000,1,101,UNDEFINED,10.2835,15.2918,5.876,9.1818,7.907,12.038,0.7615,2.5463,1.018,1.379,31.4821,32.1579,0.7615,2.5463,4842.0772,7453.7949,5.876|7.907|10.2835,9.1818|12.038|15.2918,^GT:31.4821%0.7%19.799999999999997,^GT:5.876%0.7%19.799999999999997%200%7.907%0.7%19.799999999999997%300%10.2835%0.7%19.799999999999997%400,AIO
EFUSE_Q615S1BA_011_-9_-3,Q615S1BA1,X,Q615S1BA,011,-9,-3,Q615S1BA_011_-9_-3,,SDC2119,HDS2262,C101,8PL7CVA,Q615S1BA1,2026-08-11 10:51:32-07:00,202633,20.00,119325,NGXSDJXA0H80B002632,2,19,011T01,8B28421-D,EXABAHA008,301,3,3010001,3030000,3,303,UNDEFINED,10.2066,15.1847,5.7966,9.084,7.8364,11.9287,0.903,2.4253,0.9029,1.2991,31.5,32.1089,0.903,2.4253,4781.3582,7396.5379,5.7966|7.8364|10.2066,9.084|11.9287|15.1847,^GT:31.5%0.7%19.200000000000003,^GT:5.7966%0.7%19.200000000000003%200%7.8364%0.7%19.200000000000003%300%10.2066%0.7%19.200000000000003%400,AIO
EFUSE_Q615S1BA_011_-9_-4,Q615S1BA1,X,Q615S1BA,011,-9,-4,Q615S1BA_011_-9_-4,,SDC2119,HDS2262,C101,8PL7CVA,Q615S1BA1,2026-08-11 10:51:32-07:00,202633,20.00,119325,NGXSDJXA0H80B002632,6,11,011T02,8B18438-D,EXABAHA008,101,1,1010001,1010000,1,101,UNDEFINED,10.1449,15.0723,5.7521,8.9838,7.7693,11.8271,0.9515,2.352,1.0547,1.2362,31.3771,32.0453,0.9515,2.352,4741.6778,7355.526,5.7521|7.7693|10.1449,8.9837|11.8271|15.0723,^GT:31.3771%0.7%19.299999999999997,^GT:5.7521%0.7%19.299999999999997%200%7.7693%0.7%19.299999999999997%300%10.1449%0.7%19.299999999999997%400,AIO
EFUSE_Q615S1BA_011_-9_-5,Q615S1BA1,X,Q615S1BA,011,-9,-5,Q615S1BA_011_-9_-5,,SDC2119,HDS2262,C101,8PL7CVA,Q615S1BA1,2026-08-11 10:51:32-07:00,202633,20.00,119325,NGXSDJXA0H80B002632,2,12,011T03,8B18438-D,EXABAHA008,101,1,1010001,1010000,1,101,UNDEFINED,10.0921,14.9582,5.6938,8.8669,7.7112,11.701,1.2522,2.2701,1.0756,1.1787,31.4164,32.0595,1.2522,2.2701,4682.5566,7284.9534,5.6938|7.7112|10.0921,8.8669|11.701|14.9582,^GT:31.4164%0.7%19.55,^GT:5.6938%0.7%19.55%200%7.7112%0.7%19.55%300%10.0921%0.7%19.55%400,AIO
EFUSE_Q615S1BA_011_-9_0,Q615S1BA1,X,Q615S1BA,011,-9,0,Q615S1BA_011_-9_0,,SDC2119,HDS2262,C101,8PL7CVA,Q615S1BA1,2026-08-11 10:51:32-07:00,202633,20.00,119325,NGXSDJXA0H80B002632,5,17,011T01,8B18438-D,EXABAHA008,301,3,3010001,3030000,3,303,UNDEFINED,10.3272,15.3426,5.9168,9.2329,7.9423,12.0888,0.9386,2.5601,1.1629,1.4266,31.5029,32.1563,0.9386,2.5601,4884.1545,7518.775,5.9168|7.9423|10.3272,9.2329|12.0888|15.3426,^GT:31.5029%0.7%19.65,^GT:5.9168%0.7%19.65%200%7.9423%0.7%19.65%300%10.3272%0.7%19.65%400,AIO
EFUSE_Q615S1BA_011_-9_1,Q615S1BA1,X,Q615S1BA,011,-9,1,Q615S1BA_011_-9_1,,SDC2119,HDS2262,C101,8PL7CVA,Q615S1BA1,2026-08-11 10:51:32-07:00,202633,20.00,119325,NGXSDJXA0H80B002632,4,18,011T03,8B18438-D,EXABAHA008,101,1,1010001,1010000,1,101,UNDEFINED,10.3413,15.3777,5.9565,9.2711,7.9668,12.1293,0.828,2.6372,1.1121,1.4588,31.32,32.14,0.828,2.6372,4901.9973,7565.3795,5.9565|7.9668|10.3413,9.2711|12.1293|15.3777,^GT:31.32%0.7%19.45,^GT:5.9565%0.7%19.45%200%7.9668%0.7%19.45%300%10.3413%0.7%19.45%400,AIO
EFUSE_Q615S1BA_011_-9_2,Q615S1BA1,X,Q615S1BA,011,-9,2,Q615S1BA_011_-9_2,,SDC2119,HDS2262,C101,8PL7CVA,Q615S1BA1,2026-08-11 10:51:32-07:00,202633,20.00,119325,NGXSDJXA0H80B002632,4,5,011T02,8B18438-D,EXABAHA008,101,1,1010001,1010000,1,101,UNDEFINED,10.3808,15.4228,5.9808,9.3076,8.0064,12.1816,1.4897,2.6833,1.3385,1.4977,31.4293,32.1853,1.4897,2.6833,4932.3569,7603.1957,5.9807|8.0064|10.3808,9.3076|12.1816|15.4228,^GT:31.4293%0.7%19.5,^GT:5.9807%0.7%19.5%200%8.0064%0.7%19.5%300%10.3808%0.7%19.5%400,AIO
EFUSE_Q615S1BA_011_-9_3,Q615S1BA1,X,Q615S1BA,011,-9,3,Q615S1BA_011_-9_3,,SDC2119,HDS2262,C101,8PL7CVA,Q615S1BA1,2026-08-11 10:51:32-07:00,202633,20.00,119325,NGXSDJXA0H80B002632,5,15,011T01,8B28421-D,EXABAHA008,101,1,1010001,1010000,1,101,UNDEFINED,10.3576,15.3449,5.9547,9.2357,7.9784,12.0915,1.3198,2.5925,1.0718,1.45,31.4493,32.1537,1.3197,2.5925,4905.1931,7576.8309,5.9547|7.9784|10.3576,9.2357|12.0915|15.3449,^GT:31.4493%0.7%19.35,^GT:5.9547%0.7%19.35%200%7.9784%0.7%19.35%300%10.3576%0.7%19.35%400,AIO
EFUSE_Q615S1BA_011_-9_4,Q615S1BA1,X,Q615S1BA,011,-9,4,Q615S1BA_011_-9_4,B65210004_FAIL_ARR_GT_GXX_VRF_GT_VMIN_K_PREHVQK_X_X_NOM_X_ALL_X_0,SDC2119,HDS2262,C101,8PL7CVA,Q615S1BA1,2026-08-11 10:51:32-07:00,202633,20.00,119325,NGXSDJXA0H80B002632,7,19,011T03,8B28421-D,EXABAHA008,6521,65,65210004,65210004,65,6521,UNDEFINED,10.279,15.2136,5.8779,9.1021,7.9018,11.944,1.6568,2.4493,1.1251,1.3667,31.4364,32.1658,1.6568,2.4493,4825.5659,7482.5566,5.8779|7.9018|10.279,9.1021|11.944|15.2136,^GT:31.4364%0.7%19.75,^GT:5.8779%0.7%19.75%200%7.9018%0.7%19.75%300%10.279%0.7%19.75%400,AIO
EFUSE_Q615S1BA_011_0_-1,Q615S1BA1,X,Q615S1BA,011,0,-1,Q615S1BA_011_0_-1,,SDC2119,HDS2262,C101,8PL7CVA,Q615S1BA1,2026-08-11 10:51:32-07:00,202633,20.00,119325,NGXSDJXA0H80B002632,4,18,011T02,8B28421-D,EXABAHA008,101,1,1010001,1010000,1,101,UNDEFINED,10.0724,14.8549,5.7127,8.81,7.7368,11.6507,1.0521,2.2883,0.8158,1.1935,31.1407,31.8153,1.0521,2.2883,4762.7164,7466.5779,5.7127|7.7368|10.0724,8.81|11.6507|14.8549,^GT:31.1407%0.7%19.2,^GT:5.7127%0.7%19.2%200%7.7368%0.7%19.2%300%10.0724%0.7%19.2%400,AIO
EFUSE_Q615S1BA_011_0_-10,Q615S1BA1,X,Q615S1BA,011,0,-10,Q615S1BA_011_0_-10,,SDC2119,HDS2262,C101,8PL7CVA,Q615S1BA1,2026-08-11 10:51:32-07:00,202633,20.00,119325,NGXSDJXA0H80B002632,1,9,011T01,8B18438-D,EXABAHA008,101,1,1010001,1010000,1,101,UNDEFINED,10.2453,15.3712,5.8679,9.2601,7.875,12.1314,1.6757,2.6239,1.0166,1.4111,31.2671,32.1637,1.6756,2.6239,4912.3835,7544.6072,5.8679|7.875|10.2453,9.2601|12.1314|15.3712,^GT:31.2671%0.7%19.799999999999997,^GT:5.8679%0.7%19.799999999999997%200%7.875%0.7%19.799999999999997%300%10.2453%0.7%19.799999999999997%400,AIO
EFUSE_Q615S1BA_011_0_-11,Q615S1BA1,X,Q615S1BA,011,0,-11,Q615S1BA_011_0_-11,,SDC2119,HDS2262,C101,8PL7CVA,Q615S1BA1,2026-08-11 10:51:32-07:00,202633,20.00,119325,NGXSDJXA0H80B002632,1,12,011T03,8B18438-D,EXABAHA008,302,3,3020001,3030000,3,303,UNDEFINED,9.9696,14.851,5.6153,8.8088,7.6123,11.6143,0.5665,2.2014,0.8021,1.1176,31.1021,31.8011,0.5665,2.2014,4691.0786,7301.4647,5.6153|7.6123|9.9696,8.8088|11.6143|14.851,^GT:31.1021%0.7%19.9,^GT:5.6153%0.7%19.9%200%7.6123%0.7%19.9%300%9.9696%0.7%19.9%400,AIO
EFUSE_Q615S1BA_011_0_-2,Q615S1BA1,X,Q615S1BA,011,0,-2,Q615S1BA_011_0_-2,,SDC2119,HDS2262,C101,8PL7CVA,Q615S1BA1,2026-08-11 10:51:32-07:00,202633,20.00,119325,NGXSDJXA0H80B002632,4,5,011T03,8B18438-D,EXABAHA008,301,3,3010001,3030000,3,303,UNDEFINED,10.187,15.0422,5.8169,9.0022,7.8504,11.8236,0.7334,2.3952,1.1697,1.328,31.215,31.7895,0.7334,2.3952,4859.9201,7548.0692,5.8169|7.8504|10.187,9.0022|11.8236|15.0422,^GT:31.215%0.7%19.85,^GT:5.8169%0.7%19.85%200%7.8504%0.7%19.85%300%10.187%0.7%19.85%400,AIO
EFUSE_Q615S1BA_011_0_-3,Q615S1BA1,X,Q615S1BA,011,0,-3,Q615S1BA_011_0_-3,,SDC2119,HDS2262,C101,8PL7CVA,Q615S1BA1,2026-08-11 10:51:32-07:00,202633,20.00,119325,NGXSDJXA0H80B002632,3,11,011T01,8B18438-D,EXABAHA008,899,8,8990011,8990011,8,899,UNDEFINED,,,,,,,,,,,,,,,,,,,,,AIO
EFUSE_Q615S1BA_011_0_-4,Q615S1BA1,X,Q615S1BA,011,0,-4,Q615S1BA_011_0_-4,,SDC2119,HDS2262,C101,8PL7CVA,Q615S1BA1,2026-08-11 10:51:32-07:00,202633,20.00,119325,NGXSDJXA0H80B002632,6,2,011T02,8B18438-D,EXABAHA008,101,1,1010001,1010000,1,101,UNDEFINED,10.1426,14.998,5.7928,8.9858,7.8151,11.8068,0.8314,2.4048,1.2935,1.346,31.07,31.6432,0.8314,2.4048,4924.9001,7644.7403,5.7928|7.8151|10.1426,8.9858|11.8068|14.998,^GT:31.07%0.7%20.1,^GT:5.7928%0.7%20.1%200%7.8151%0.7%20.1%300%10.1426%0.7%20.1%400,AIO
EFUSE_Q615S1BA_011_0_-5,Q615S1BA1,X,Q615S1BA,011,0,-5,Q615S1BA_011_0_-5,,SDC2119,HDS2262,C101,8PL7CVA,Q615S1BA1,2026-08-11 10:51:32-07:00,202633,20.00,119325,NGXSDJXA0H80B002632,3,18,011T03,8B28421-D,EXABAHA008,101,1,1010001,1010000,1,101,UNDEFINED,10.1269,14.9756,5.7885,8.9582,7.8081,11.7928,0.7491,2.3825,1.0117,1.3124,30.9886,31.6705,0.7491,2.3825,4971.5047,7686.8176,5.7885|7.8081|10.1269,8.9582|11.7928|14.9756,^GT:30.9886%0.7%19.15,^GT:5.7885%0.7%19.15%200%7.8081%0.7%19.15%300%10.1269%0.7%19.15%400,AIO
EFUSE_Q615S1BA_011_0_-6,Q615S1BA1,X,Q615S1BA,011,0,-6,Q615S1BA_011_0_-6,,SDC2119,HDS2262,C101,8PL7CVA,Q615S1BA1,2026-08-11 10:51:32-07:00,202633,20.00,119325,NGXSDJXA0H80B002632,2,9,011T01,8B28421-D,EXABAHA008,101,1,1010001,1010000,1,101,UNDEFINED,10.164,15.0589,5.8278,9.0269,7.8478,11.8679,0.7665,2.4816,1.038,1.3783,30.9729,31.7474,0.7665,2.4816,5012.5166,7733.4221,5.8278|7.8478|10.164,9.0269|11.8679|15.0589,^GT:30.9729%0.7%19.299999999999997,^GT:5.8278%0.7%19.299999999999997%200%7.8478%0.7%19.299999999999997%300%10.164%0.7%19.299999999999997%400,AIO
EFUSE_Q615S1BA_011_0_-7,Q615S1BA1,X,Q615S1BA,011,0,-7,Q615S1BA_011_0_-7,,SDC2119,HDS2262,C101,8PL7CVA,Q615S1BA1,2026-08-11 10:51:32-07:00,202633,20.00,119325,NGXSDJXA0H80B002632,7,19,011T02,8B18438-D,EXABAHA008,101,1,1010001,1010000,1,101,UNDEFINED,10.206,15.1908,5.8707,9.1596,7.8812,12.001,1.4847,2.6167,1.0357,1.4268,30.9664,31.7432,1.4847,2.6167,5013.3156,7721.1718,5.8707|7.8812|10.206,9.1596|12.001|15.1908,^GT:30.9664%0.7%19.65,^GT:5.8707%0.7%19.65%200%7.8812%0.7%19.65%300%10.206%0.7%19.65%400,AIO
EFUSE_Q615S1BA_011_0_-8,Q615S1BA1,X,Q615S1BA,011,0,-8,Q615S1BA_011_0_-8,,SDC2119,HDS2262,C101,8PL7CVA,Q615S1BA1,2026-08-11 10:51:32-07:00,202633,20.00,119325,NGXSDJXA0H80B002632,2,4,011T03,8B18438-D,EXABAHA008,101,1,1010001,1010000,1,101,UNDEFINED,10.2978,15.3999,5.9406,9.3406,7.9755,12.1926,1.6813,2.7383,1.1962,1.5275,31.1229,31.8911,1.6813,2.7383,5046.8708,7748.0692,5.9406|7.9755|10.2978,9.3406|12.1926|15.3999,^GT:31.1229%0.7%19.95,^GT:5.9406%0.7%19.95%200%7.9755%0.7%19.95%300%10.2978%0.7%19.95%400,AIO
EFUSE_Q615S1BA_011_0_-9,Q615S1BA1,X,Q615S1BA,011,0,-9,Q615S1BA_011_0_-9,,SDC2119,HDS2262,C101,8PL7CVA,Q615S1BA1,2026-08-11 10:51:32-07:00,202633,20.00,119325,NGXSDJXA0H80B002632,1,4,011T01,8B18438-D,EXABAHA008,101,1,1010001,1010000,1,101,UNDEFINED,10.3069,15.4487,5.9388,9.367,7.9579,12.2214,0.8686,2.7483,1.3214,1.5019,31.2007,32.0089,0.8686,2.7483,5015.4461,7690.2796,5.9388|7.9579|10.3069,9.367|12.2214|15.4487,^GT:31.2007%0.7%19.55,^GT:5.9388%0.7%19.55%200%7.9579%0.7%19.55%300%10.3069%0.7%19.55%400,AIO
EFUSE_Q615S1BA_011_0_0,Q615S1BA1,X,Q615S1BA,011,0,0,Q615S1BA_011_0_0,,SDC2119,HDS2262,C101,8PL7CVA,Q615S1BA1,2026-08-11 10:51:32-07:00,202633,20.00,119325,NGXSDJXA0H80B002632,4,13,011T01,8B18438-D,EXABAHA008,301,3,3010001,3030000,3,303,UNDEFINED,10.0181,14.7844,5.6604,8.7481,7.6639,11.5671,0.5802,2.1642,0.8702,1.1495,31.1264,31.77,0.5802,2.1641,4686.5513,7394.9401,5.6604|7.6639|10.0181,8.7481|11.5671|14.7844,^GT:31.1264%0.7%20.1,^GT:5.6604%0.7%20.1%200%7.6639%0.7%20.1%300%10.0181%0.7%20.1%400,AIO
EFUSE_Q615S1BA_011_0_1,Q615S1BA1,X,Q615S1BA,011,0,1,Q615S1BA_011_0_1,,SDC2119,HDS2262,C101,8PL7CVA,Q615S1BA1,2026-08-11 10:51:32-07:00,202633,20.00,119325,NGXSDJXA0H80B002632,5,12,011T03,8B18438-D,EXABAHA008,301,3,3010001,3030000,3,303,UNDEFINED,10.1507,14.9612,5.753,8.8833,7.7777,11.7314,0.9215,2.2949,0.96,1.2218,31.4121,31.9889,0.9215,2.2949,4728.0959,7424.767,5.753|7.7777|10.1507,8.8833|11.7314|14.9612,^GT:31.4121%0.7%19.9,^GT:5.753%0.7%19.9%200%7.7777%0.7%19.9%300%10.1507%0.7%19.9%400,AIO
EFUSE_Q615S1BA_011_0_10,Q615S1BA1,X,Q615S1BA,011,0,10,Q615S1BA_011_0_10,,SDC2119,HDS2262,C101,8PL7CVA,Q615S1BA1,2026-08-11 10:51:32-07:00,202633,20.00,119325,NGXSDJXA0H80B002632,7,2,011T01,8B28421-D,EXABAHA008,101,1,1010001,1010000,1,101,UNDEFINED,10.2801,15.1863,5.8701,9.076,7.8835,11.9223,0.7573,2.387,1.1342,1.317,31.5,32.1595,0.7573,2.387,4903.8615,7594.4075,5.8701|7.8835|10.2801,9.076|11.9223|15.1863,^GT:31.5%0.7%19.65,^GT:5.8701%0.7%19.65%200%7.8835%0.7%19.65%300%10.2801%0.7%19.65%400,AIO
EFUSE_Q615S1BA_011_0_2,Q615S1BA1,X,Q615S1BA,011,0,2,Q615S1BA_011_0_2,,SDC2119,HDS2262,C101,8PL7CVA,Q615S1BA1,2026-08-11 10:51:32-07:00,202633,20.00,119325,NGXSDJXA0H80B002632,3,5,011T02,8B28421-D,EXABAHA008,201,2,2010001,2020000,2,202,UNDEFINED,10.2068,15.0512,5.8356,8.9809,7.8517,11.8063,0.7871,2.4026,0.9813,1.2902,31.2229,31.9489,0.7871,2.4026,4794.6738,7485.486,5.8356|7.8517|10.2068,8.9809|11.8063|15.0512,^GT:31.2229%0.7%19.65,^GT:5.8356%0.7%19.65%200%7.8517%0.7%19.65%300%10.2068%0.7%19.65%400,AIO
EFUSE_Q615S1BA_011_0_3,Q615S1BA1,X,Q615S1BA,011,0,3,Q615S1BA_011_0_3,,SDC2119,HDS2262,C101,8PL7CVA,Q615S1BA1,2026-08-11 10:51:32-07:00,202633,20.00,119325,NGXSDJXA0H80B002632,5,6,011T01,8B18438-D,EXABAHA008,101,1,1010001,1010000,1,101,UNDEFINED,10.1692,15.0096,5.8056,8.9698,7.8318,11.7975,0.7162,2.3947,0.9358,1.3142,31.1686,31.7884,0.7162,2.3947,4880.6924,7592.8096,5.8056|7.8318|10.1692,8.9698|11.7975|15.0096,^GT:31.1686%0.7%19.65,^GT:5.8056%0.7%19.65%200%7.8318%0.7%19.65%300%10.1692%0.7%19.65%400,AIO
EFUSE_Q615S1BA_011_0_4,Q615S1BA1,X,Q615S1BA,011,0,4,Q615S1BA_011_0_4,,SDC2119,HDS2262,C101,8PL7CVA,Q615S1BA1,2026-08-11 10:51:32-07:00,202633,20.00,119325,NGXSDJXA0H80B002632,6,11,011T03,8B28421-D,EXABAHA008,201,2,2010001,2020000,2,202,UNDEFINED,10.1518,15.0125,5.7944,8.9766,7.8187,11.8225,1.7006,2.3772,1.1873,1.3122,31.1243,31.7679,1.7006,2.3772,4966.9774,7694.2743,5.7944|7.8187|10.1518,8.9766|11.8225|15.0125,^GT:31.1243%0.7%19.55,^GT:5.7944%0.7%19.55%200%7.8187%0.7%19.55%300%10.1518%0.7%19.55%400,AIO
EFUSE_Q615S1BA_011_0_5,Q615S1BA1,X,Q615S1BA,011,0,5,Q615S1BA_011_0_5,,SDC2119,HDS2262,C101,8PL7CVA,Q615S1BA1,2026-08-11 10:51:32-07:00,202633,20.00,119325,NGXSDJXA0H80B002632,2,13,011T02,8B28421-D,EXABAHA008,301,3,3010001,3030000,3,303,UNDEFINED,10.1343,14.9722,5.7899,8.9553,7.8097,11.786,1.311,2.3819,1.2626,1.31,31.0314,31.6679,1.311,2.3819,5006.6578,7733.1558,5.7899|7.8097|10.1343,8.9553|11.786|14.9722,^GT:31.0314%0.7%18.95,^GT:5.7899%0.7%18.95%200%7.8097%0.7%18.95%300%10.1343%0.7%18.95%400,AIO
EFUSE_Q615S1BA_011_0_6,Q615S1BA1,X,Q615S1BA,011,0,6,Q615S1BA_011_0_6,B99820039_FAIL_SCN_GT_GXX_STUCKAT_ALL_GFXSB_K_END_HITO_GT_NOM_LFM_UNGT_N2,SDC2119,HDS2262,C101,8PL7CVA,Q615S1BA1,2026-08-11 10:51:32-07:00,202633,20.00,119325,NGXSDJXA0H80B002632,6,15,011T01,8B18438-D,EXABAHA008,9982,99,99820039,99820039,99,9982,UNDEFINED,10.174,15.0588,5.8292,9.0158,7.8381,11.8595,1.3881,2.448,0.9458,1.3616,31.0343,31.8053,1.3881,2.448,5004.7936,7732.6232,5.8292|7.8381|10.174,9.0158|11.8595|15.0588,^GT:31.0343%0.7%20.15,^GT:5.8292%0.7%20.15%200%7.8381%0.7%20.15%300%10.174%0.7%20.15%400,AIO
EFUSE_Q615S1BA_011_0_7,Q615S1BA1,X,Q615S1BA,011,0,7,Q615S1BA_011_0_7,,SDC2119,HDS2262,C101,8PL7CVA,Q615S1BA1,2026-08-11 10:51:32-07:00,202633,20.00,119325,NGXSDJXA0H80B002632,7,11,011T03,8B28421-D,EXABAHA008,101,1,1010001,1010000,1,101,UNDEFINED,10.2783,15.2464,5.8923,9.159,7.9125,12.0167,0.793,2.5224,1.1667,1.4053,31.3286,32.0395,0.793,2.5224,5022.1039,7739.5473,5.8923|7.9125|10.2783,9.1589|12.0167|15.2464,^GT:31.3286%0.7%19.95,^GT:5.8923%0.7%19.95%200%7.9125%0.7%19.95%300%10.2783%0.7%19.95%400,AIO
EFUSE_Q615S1BA_011_0_8,Q615S1BA1,X,Q615S1BA,011,0,8,Q615S1BA_011_0_8,,SDC2119,HDS2262,C101,8PL7CVA,Q615S1BA1,2026-08-11 10:51:32-07:00,202633,20.00,119325,NGXSDJXA0H80B002632,1,3,011T02,8B18438-D,EXABAHA008,101,1,1010001,1010000,1,101,UNDEFINED,10.3202,15.2995,5.9102,9.181,7.9268,12.0317,1.0996,2.5241,1.044,1.4056,31.5,32.2026,1.0996,2.5241,4992.277,7704.6605,5.9102|7.9268|10.3202,9.181|12.0317|15.2995,^GT:31.5%0.7%19.9,^GT:5.9102%0.7%19.9%200%7.9268%0.7%19.9%300%10.3202%0.7%19.9%400,AIO
EFUSE_Q615S1BA_011_0_9,Q615S1BA1,X,Q615S1BA,011,0,9,Q615S1BA_011_0_9,,SDC2119,HDS2262,C101,8PL7CVA,Q615S1BA1,2026-08-11 10:51:32-07:00,202633,20.00,119325,NGXSDJXA0H80B002632,7,10,011T01,8B28421-D,EXABAHA008,101,1,1010001,1010000,1,101,UNDEFINED,10.3143,15.2848,5.8959,9.1471,7.928,12.0058,1.4486,2.4547,0.958,1.3573,31.56,32.3037,1.4486,2.4547,4941.4115,7639.6804,5.8959|7.928|10.3143,9.1471|12.0058|15.2848,^GT:31.56%0.7%19.4,^GT:5.8959%0.7%19.4%200%7.928%0.7%19.4%300%10.3143%0.7%19.4%400,AIO
EFUSE_Q615S1BA_011_10_-1,Q615S1BA1,X,Q615S1BA,011,10,-1,Q615S1BA_011_10_-1,,SDC2119,HDS2262,C101,8PL7CVA,Q615S1BA1,2026-08-11 10:51:32-07:00,202633,20.00,119325,NGXSDJXA0H80B002632,5,11,011T02,8B18438-D,EXABAHA008,101,1,1010001,1010000,1,101,UNDEFINED,10.3677,15.4967,5.9429,9.3532,7.979,12.2229,1.5592,2.6481,1.1217,1.438,31.6057,32.3342,1.5592,2.6481,4915.5792,7577.8961,5.9429|7.979|10.3677,9.3532|12.2229|15.4967,^GT:31.6057%0.7%19.6,^GT:5.9429%0.7%19.6%200%7.979%0.7%19.6%300%10.3677%0.7%19.6%400,AIO
EFUSE_Q615S1BA_011_10_-2,Q615S1BA1,X,Q615S1BA,011,10,-2,Q615S1BA_011_10_-2,,SDC2119,HDS2262,C101,8PL7CVA,Q615S1BA1,2026-08-11 10:51:32-07:00,202633,20.00,119325,NGXSDJXA0H80B002632,3,6,011T03,8B28421-D,EXABAHA008,301,3,3010001,3030000,3,303,UNDEFINED,10.3519,15.4661,5.9229,9.3083,7.9645,12.1914,1.3432,2.6215,1.2936,1.4166,31.6357,32.4095,1.3432,2.6215,4908.9214,7567.7763,5.9229|7.9645|10.3519,9.3083|12.1914|15.4661,^GT:31.6357%0.7%19.65,^GT:5.9229%0.7%19.65%200%7.9645%0.7%19.65%300%10.3519%0.7%19.65%400,AIO
EFUSE_Q615S1BA_011_10_-3,Q615S1BA1,X,Q615S1BA,011,10,-3,Q615S1BA_011_10_-3,,SDC2119,HDS2262,C101,8PL7CVA,Q615S1BA1,2026-08-11 10:51:32-07:00,202633,20.00,119325,NGXSDJXA0H80B002632,3,1,011T01,8B28421-D,EXABAHA008,101,1,1010001,1010000,1,101,UNDEFINED,10.2618,15.3301,5.8399,9.1836,7.8813,12.06,1.553,2.5278,1.1519,1.3056,31.585,32.35,1.553,2.5278,4834.3542,7494.008,5.8399|7.8813|10.2618,9.1836|12.06|15.3301,^GT:31.585%0.7%19.15,^GT:5.8399%0.7%19.15%200%7.8813%0.7%19.15%300%10.2618%0.7%19.15%400,AIO
EFUSE_Q615S1BA_011_10_-4,Q615S1BA1,X,Q615S1BA,011,10,-4,Q615S1BA_011_10_-4,,SDC2119,HDS2262,C101,8PL7CVA,Q615S1BA1,2026-08-11 10:51:32-07:00,202633,20.00,119325,NGXSDJXA0H80B002632,5,9,011T02,8B28421-D,EXABAHA008,101,1,1010001,1010000,1,101,UNDEFINED,10.2139,15.235,5.7683,9.0896,7.7967,11.9362,0.8713,2.3986,0.8684,1.2489,31.7543,32.3442,0.8713,2.3986,4760.0533,7400.5326,5.7683|7.7967|10.2139,9.0896|11.9362|15.235,^GT:31.7543%0.7%20.200000000000003,^GT:5.7683%0.7%20.200000000000003%200%7.7967%0.7%20.200000000000003%300%10.2139%0.7%20.200000000000003%400,AIO
EFUSE_Q615S1BA_011_10_-5,Q615S1BA1,X,Q615S1BA,011,10,-5,Q615S1BA_011_10_-5,,SDC2119,HDS2262,C101,8PL7CVA,Q615S1BA1,2026-08-11 10:51:32-07:00,202633,20.00,119325,NGXSDJXA0H80B002632,3,8,011T03,8B28421-D,EXABAHA008,201,2,2010001,2020000,2,202,UNDEFINED,10.0467,14.9103,5.6163,8.8027,7.6552,11.6522,1.0936,2.1638,1.0151,1.098,31.6457,32.1453,1.0936,2.1638,4676.1651,7302.7963,5.6163|7.6552|10.0467,8.8027|11.6522|14.9103,^GT:31.6457%0.7%19.15,^GT:5.6163%0.7%19.15%200%7.6552%0.7%19.15%300%10.0467%0.7%19.15%400,AIO
EFUSE_Q615S1BA_011_10_0,Q615S1BA1,X,Q615S1BA,011,10,0,Q615S1BA_011_10_0,,SDC2119,HDS2262,C101,8PL7CVA,Q615S1BA1,2026-08-11 10:51:32-07:00,202633,20.00,119325,NGXSDJXA0H80B002632,4,2,011T01,8B28421-D,EXABAHA008,101,1,1010001,1010000,1,101,UNDEFINED,10.2941,15.3925,5.8823,9.2596,7.9167,12.131,0.7578,2.5719,0.9997,1.3754,31.5129,32.2784,0.7578,2.5719,4887.6165,7546.4714,5.8823|7.9167|10.2941,9.2596|12.131|15.3925,^GT:31.5129%0.7%19.45,^GT:5.8823%0.7%19.45%200%7.9167%0.7%19.45%300%10.2941%0.7%19.45%400,AIO
EFUSE_Q615S1BA_011_10_1,Q615S1BA1,X,Q615S1BA,011,10,1,Q615S1BA_011_10_1,,SDC2119,HDS2262,C101,8PL7CVA,Q615S1BA1,2026-08-11 10:51:32-07:00,202633,20.00,119325,NGXSDJXA0H80B002632,5,2,011T03,8B28421-D,EXABAHA008,101,1,1010001,1010000,1,101,UNDEFINED,10.2968,15.372,5.877,9.2219,7.904,12.0951,1.5066,2.5469,0.9532,1.3653,31.57,32.3689,1.5066,2.5469,4868.4421,7536.3515,5.877|7.9039|10.2968,9.2219|12.0951|15.372,^GT:31.57%0.7%19.4,^GT:5.877%0.7%19.4%200%7.9039%0.7%19.4%300%10.2968%0.7%19.4%400,AIO
EFUSE_Q615S1BA_011_10_2,Q615S1BA1,X,Q615S1BA,011,10,2,Q615S1BA_011_10_2,,SDC2119,HDS2262,C101,8PL7CVA,Q615S1BA1,2026-08-11 10:51:32-07:00,202633,20.00,119325,NGXSDJXA0H80B002632,3,15,011T02,8B28421-D,EXABAHA008,301,3,3010001,3030000,3,303,UNDEFINED,10.2859,15.349,5.8673,9.2019,7.908,12.0758,1.6013,2.5291,1.1458,1.3499,31.5614,32.3532,1.6013,2.5291,4902.7963,7577.8961,5.8673|7.908|10.2859,9.2019|12.0758|15.349,^GT:31.5614%0.7%19.25,^GT:5.8673%0.7%19.25%200%7.908%0.7%19.25%300%10.2859%0.7%19.25%400,AIO
EFUSE_Q615S1BA_011_10_3,Q615S1BA1,X,Q615S1BA,011,10,3,Q615S1BA_011_10_3,,SDC2119,HDS2262,C101,8PL7CVA,Q615S1BA1,2026-08-11 10:51:32-07:00,202633,20.00,119325,NGXSDJXA0H80B002632,6,5,011T01,8B28421-D,EXABAHA008,101,1,1010001,1010000,1,101,UNDEFINED,10.2567,15.2708,5.8335,9.1387,7.8695,11.9978,0.6685,2.4344,0.9164,1.2975,31.595,32.2742,0.6685,2.4344,4876.964,7536.0852,5.8334|7.8695|10.2567,9.1387|11.9978|15.2708,^GT:31.595%0.7%19.6,^GT:5.8334%0.7%19.6%200%7.8695%0.7%19.6%300%10.2567%0.7%19.6%400,AIO
EFUSE_Q615S1BA_011_10_4,Q615S1BA1,X,Q615S1BA,011,10,4,Q615S1BA_011_10_4,B88040055_FAIL_TPI_SIU_STATIC_SIUP_X_ICC_K_START_X_X_X_LFM_LOWV_INFRA_650MV_0,SDC2119,HDS2262,C101,8PL7CVA,Q615S1BA1,2026-08-11 10:51:32-07:00,202633,20.00,119325,NGXSDJXA0H80B002632,6,1,011T03,8B28421-D,EXABAHA008,8804,88,88040055,88040055,88,8804,UNDEFINED,,,,,,,,,,,,,,,,,,,,,AIO
EFUSE_Q615S1BA_011_11_-1,Q615S1BA1,X,Q615S1BA,011,11,-1,Q615S1BA_011_11_-1,,SDC2119,HDS2262,C101,8PL7CVA,Q615S1BA1,2026-08-11 10:51:32-07:00,202633,20.00,119325,NGXSDJXA0H80B002632,5,10,011T02,8B18438-D,EXABAHA008,101,1,1010001,1010000,1,101,UNDEFINED,10.1179,15.0722,5.7128,8.9529,7.7292,11.8085,1.0857,2.3601,1.0484,1.1863,31.465,32.2068,1.0857,2.3601,4717.4434,7326.7643,5.7128|7.7292|10.1179,8.9529|11.8085|15.0722,^GT:31.465%0.7%20.05,^GT:5.7128%0.7%20.05%200%7.7292%0.7%20.05%300%10.1179%0.7%20.05%400,AIO
EFUSE_Q615S1BA_011_11_-2,Q615S1BA1,X,Q615S1BA,011,11,-2,Q615S1BA_011_11_-2,,SDC2119,HDS2262,C101,8PL7CVA,Q615S1BA1,2026-08-11 10:51:32-07:00,202633,20.00,119325,NGXSDJXA0H80B002632,3,7,011T03,8B28421-D,EXABAHA008,101,1,1010001,1010000,1,101,UNDEFINED,10.0693,14.9867,5.6861,8.8729,7.6894,11.7172,1.3309,2.2635,0.7685,1.1485,31.3086,32.1784,1.3309,2.2635,4721.1718,7338.7483,5.6861|7.6894|10.0693,8.8728|11.7172|14.9867,^GT:31.3086%0.7%19.299999999999997,^GT:5.6861%0.7%19.299999999999997%200%7.6894%0.7%19.299999999999997%300%10.0693%0.7%19.299999999999997%400,AIO
EFUSE_Q615S1BA_011_11_0,Q615S1BA1,X,Q615S1BA,011,11,0,Q615S1BA_011_11_0,,SDC2119,HDS2262,C101,8PL7CVA,Q615S1BA1,2026-08-11 10:51:32-07:00,202633,20.00,119325,NGXSDJXA0H80B002632,4,1,011T01,8B18438-D,EXABAHA008,101,1,1010001,1010000,1,101,UNDEFINED,10.0906,15.0144,5.6818,8.8867,7.7019,11.7504,1.5168,2.2431,0.9155,1.145,31.4914,32.2511,1.5168,2.2431,4694.008,7306.7909,5.6818|7.7019|10.0906,8.8867|11.7504|15.0144,^GT:31.4914%0.7%19.95,^GT:5.6818%0.7%19.95%200%7.7019%0.7%19.95%300%10.0906%0.7%19.95%400,AIO
EFUSE_Q615S1BA_011_11_1,Q615S1BA1,X,Q615S1BA,011,11,1,Q615S1BA_011_11_1,,SDC2119,HDS2262,C101,8PL7CVA,Q615S1BA1,2026-08-11 10:51:32-07:00,202633,20.00,119325,NGXSDJXA0H80B002632,5,1,011T03,8B28421-D,EXABAHA008,301,3,3010001,3030000,3,303,UNDEFINED,10.0492,14.9189,5.6333,8.8034,7.6638,11.6655,0.5205,2.2046,0.7047,1.1007,31.5421,32.1868,0.5205,2.2046,4681.7577,7285.7523,5.6333|7.6638|10.0492,8.8034|11.6655|14.9189,^GT:31.5421%0.7%19.35,^GT:5.6333%0.7%19.35%200%7.6638%0.7%19.35%300%10.0492%0.7%19.35%400,AIO
EFUSE_Q615S1BA_011_11_2,Q615S1BA1,X,Q615S1BA,011,11,2,Q615S1BA_011_11_2,,SDC2119,HDS2262,C101,8PL7CVA,Q615S1BA1,2026-08-11 10:51:32-07:00,202633,20.00,119325,NGXSDJXA0H80B002632,3,16,011T02,8B28421-D,EXABAHA008,101,1,1010001,1010000,1,101,UNDEFINED,10.0048,14.8169,5.6078,8.728,7.6247,11.5677,0.5111,2.1191,0.9818,1.0803,31.4071,32.0468,0.5111,2.1191,4703.8615,7320.9055,5.6078|7.6247|10.0048,8.728|11.5677|14.8169,^GT:31.4071%0.7%19.35,^GT:5.6078%0.7%19.35%200%7.6247%0.7%19.35%300%10.0048%0.7%19.35%400,AIO
EFUSE_Q615S1BA_011_1_-1,Q615S1BA1,X,Q615S1BA,011,1,-1,Q615S1BA_011_1_-1,,SDC2119,HDS2262,C101,8PL7CVA,Q615S1BA1,2026-08-11 10:51:32-07:00,202633,20.00,119325,NGXSDJXA0H80B002632,4,19,011T02,8B18438-D,EXABAHA008,101,1,1010001,1010000,1,101,UNDEFINED,10.0965,14.8935,5.7127,8.8362,7.7363,11.6796,1.3054,2.2575,1.1543,1.2091,31.3129,31.8805,1.3054,2.2575,4760.3196,7466.0453,5.7127|7.7363|10.0965,8.8362|11.6796|14.8935,^GT:31.3129%0.7%19.799999999999997,^GT:5.7127%0.7%19.799999999999997%200%7.7363%0.7%19.799999999999997%300%10.0965%0.7%19.799999999999997%400,AIO
EFUSE_Q615S1BA_011_1_-10,Q615S1BA1,X,Q615S1BA,011,1,-10,Q615S1BA_011_1_-10,,SDC2119,HDS2262,C101,8PL7CVA,Q615S1BA1,2026-08-11 10:51:32-07:00,202633,20.00,119325,NGXSDJXA0H80B002632,7,4,011T02,8B28421-D,EXABAHA008,201,2,2010001,2020000,2,202,UNDEFINED,10.2592,15.3823,5.8797,9.2891,7.9051,12.1498,0.7705,2.642,1.0387,1.4197,31.2821,32.07,0.7705,2.642,4920.3728,7562.7164,5.8797|7.9051|10.2592,9.289|12.1498|15.3823,^GT:31.2821%0.7%19.35,^GT:5.8797%0.7%19.35%200%7.9051%0.7%19.35%300%10.2592%0.7%19.35%400,AIO
EFUSE_Q615S1BA_011_1_-11,Q615S1BA1,X,Q615S1BA,011,1,-11,Q615S1BA_011_1_-11,,SDC2119,HDS2262,C101,8PL7CVA,Q615S1BA1,2026-08-11 10:51:32-07:00,202633,20.00,119325,NGXSDJXA0H80B002632,7,2,011T02,8B18438-D,EXABAHA008,101,1,1010001,1010000,1,101,UNDEFINED,9.972,14.8525,5.6141,8.8144,7.6077,11.6316,0.9926,2.2154,0.7404,1.1244,31.1279,31.78,0.9926,2.2154,4690.2796,7294.8069,5.6141|7.6077|9.972,8.8143|11.6316|14.8525,^GT:31.1279%0.7%19.55,^GT:5.6141%0.7%19.55%200%7.6077%0.7%19.55%300%9.972%0.7%19.55%400,AIO
EFUSE_Q615S1BA_011_1_-2,Q615S1BA1,X,Q615S1BA,011,1,-2,Q615S1BA_011_1_-2,,SDC2119,HDS2262,C101,8PL7CVA,Q615S1BA1,2026-08-11 10:51:32-07:00,202633,20.00,119325,NGXSDJXA0H80B002632,4,4,011T03,8B18438-D,EXABAHA008,101,1,1010001,1010000,1,101,UNDEFINED,10.1772,14.9972,5.8037,8.952,7.8164,11.7803,1.048,2.3889,1.1871,1.2896,31.2393,31.8168,1.048,2.3889,4838.3489,7532.6232,5.8037|7.8164|10.1772,8.952|11.7803|14.9972,^GT:31.2393%0.7%19.9,^GT:5.8037%0.7%19.9%200%7.8164%0.7%19.9%300%10.1772%0.7%19.9%400,AIO
EFUSE_Q615S1BA_011_1_-3,Q615S1BA1,X,Q615S1BA,011,1,-3,Q615S1BA_011_1_-3,B99880003_FAIL_TPI_POWER_SEQ_CTRL_X_PWRUP_K_START_X_X_X_X_N2,SDC2119,HDS2262,C101,8PL7CVA,Q615S1BA1,2026-08-11 10:51:32-07:00,202633,20.00,119325,NGXSDJXA0H80B002632,3,10,011T01,8B18438-D,EXABAHA008,9988,99,99880003,99880003,99,9988,UNDEFINED,,,,,,,,,,,,,,,,,,,,,AIO
EFUSE_Q615S1BA_011_1_-4,Q615S1BA1,X,Q615S1BA,011,1,-4,Q615S1BA_011_1_-4,,SDC2119,HDS2262,C101,8PL7CVA,Q615S1BA1,2026-08-11 10:51:32-07:00,202633,20.00,119325,NGXSDJXA0H80B002632,6,1,011T02,8B28421-D,EXABAHA008,301,3,3010001,3030000,3,303,UNDEFINED,10.1152,14.9519,5.773,8.9198,7.7912,11.751,1.6375,2.3827,1.2117,1.2958,31.0157,31.7479,1.6375,2.3827,4917.4434,7636.2184,5.773|7.7912|10.1152,8.9198|11.751|14.9519,^GT:31.0157%0.7%18.75,^GT:5.773%0.7%18.75%200%7.7912%0.7%18.75%300%10.1152%0.7%18.75%400,AIO
EFUSE_Q615S1BA_011_1_-5,Q615S1BA1,X,Q615S1BA,011,1,-5,Q615S1BA_011_1_-5,,SDC2119,HDS2262,C101,8PL7CVA,Q615S1BA1,2026-08-11 10:51:32-07:00,202633,20.00,119325,NGXSDJXA0H80B002632,3,17,011T03,8B28421-D,EXABAHA008,101,1,1010001,1010000,1,101,UNDEFINED,10.0918,14.9392,5.7639,8.9161,7.7655,11.7546,0.7074,2.3895,0.9498,1.2832,30.9136,31.7005,0.7074,2.3895,4948.0692,7672.7031,5.7639|7.7655|10.0918,8.9161|11.7546|14.9392,^GT:30.9136%0.7%19.05,^GT:5.7639%0.7%19.05%200%7.7655%0.7%19.05%300%10.0918%0.7%19.05%400,AIO
EFUSE_Q615S1BA_011_1_-6,Q615S1BA1,X,Q615S1BA,011,1,-6,Q615S1BA_011_1_-6,B99820039_FAIL_SCN_GT_GXX_STUCKAT_ALL_GFXSB_K_END_HITO_GT_NOM_LFM_UNGT_N2,SDC2119,HDS2262,C101,8PL7CVA,Q615S1BA1,2026-08-11 10:51:32-07:00,202633,20.00,119325,NGXSDJXA0H80B002632,2,8,011T01,8B18438-D,EXABAHA008,9982,99,99820039,99820039,99,9982,UNDEFINED,10.1702,15.079,5.8366,9.063,7.8536,11.9001,1.3518,2.5108,0.9933,1.3987,30.9543,31.6637,1.3518,2.5108,4999.2011,7714.2477,5.8366|7.8536|10.1702,9.0629|11.9001|15.079,^GT:30.9543%0.7%20.25,^GT:5.8366%0.7%20.25%200%7.8536%0.7%20.25%300%10.1702%0.7%20.25%400,AIO
EFUSE_Q615S1BA_011_1_-7,Q615S1BA1,X,Q615S1BA,011,1,-7,Q615S1BA_011_1_-7,,SDC2119,HDS2262,C101,8PL7CVA,Q615S1BA1,2026-08-11 10:51:32-07:00,202633,20.00,119325,NGXSDJXA0H80B002632,7,18,011T02,8B18438-D,EXABAHA008,101,1,1010001,1010000,1,101,UNDEFINED,10.1764,15.1333,5.8351,9.1102,7.8394,11.9485,0.7444,2.5546,1.3237,1.4082,31.0093,31.7005,0.7444,2.5546,4998.4021,7705.7257,5.8351|7.8394|10.1764,9.1102|11.9485|15.1333,^GT:31.0093%0.7%19.75,^GT:5.8351%0.7%19.75%200%7.8394%0.7%19.75%300%10.1764%0.7%19.75%400,AIO
EFUSE_Q615S1BA_011_1_-8,Q615S1BA1,X,Q615S1BA,011,1,-8,Q615S1BA_011_1_-8,,SDC2119,HDS2262,C101,8PL7CVA,Q615S1BA1,2026-08-11 10:51:32-07:00,202633,20.00,119325,NGXSDJXA0H80B002632,2,3,011T03,8B18438-D,EXABAHA008,301,3,3010001,3030000,3,303,UNDEFINED,10.2695,15.3469,5.9378,9.3156,7.945,12.1525,1.0532,2.7474,1.0864,1.522,30.9407,31.7437,1.0532,2.7474,5050.5992,7740.3462,5.9378|7.945|10.2695,9.3156|12.1525|15.3469,^GT:30.9407%0.7%19.65,^GT:5.9378%0.7%19.65%200%7.945%0.7%19.65%300%10.2695%0.7%19.65%400,AIO
EFUSE_Q615S1BA_011_1_-9,Q615S1BA1,X,Q615S1BA,011,1,-9,Q615S1BA_011_1_-9,,SDC2119,HDS2262,C101,8PL7CVA,Q615S1BA1,2026-08-11 10:51:32-07:00,202633,20.00,119325,NGXSDJXA0H80B002632,1,7,011T03,8B18438-D,EXABAHA008,301,3,3010001,3030000,3,303,UNDEFINED,10.2902,15.4068,5.9357,9.3334,7.943,12.1863,1.1406,2.7256,1.2996,1.5021,31.1036,31.9653,1.1406,2.7256,5015.1798,7677.763,5.9357|7.943|10.2902,9.3334|12.1863|15.4068,^GT:31.1036%0.7%19.35,^GT:5.9357%0.7%19.35%200%7.943%0.7%19.35%300%10.2902%0.7%19.35%400,AIO
EFUSE_Q615S1BA_011_1_0,Q615S1BA1,X,Q615S1BA,011,1,0,Q615S1BA_011_1_0,B99820476_FAIL_SCN_GT_GXX_STUCKAT_ALL_GFXSB_K_END_HITO_GT_NOM_LFM_X_N2,SDC2119,HDS2262,C101,8PL7CVA,Q615S1BA1,2026-08-11 10:51:32-07:00,202633,20.00,119325,NGXSDJXA0H80B002632,4,12,011T01,8B28421-D,EXABAHA008,9982,99,99820476,99820476,99,9982,UNDEFINED,10.0328,14.8169,5.6653,8.7524,7.6683,11.5776,1.313,2.1589,0.8224,1.1327,31.1964,31.9184,1.313,2.1589,4700.6658,7413.8482,5.6653|7.6682|10.0328,8.7524|11.5776|14.8169,^GT:31.1964%0.7%19.299999999999997,^GT:5.6653%0.7%19.299999999999997%200%7.6682%0.7%19.299999999999997%300%10.0328%0.7%19.299999999999997%400,AIO
EFUSE_Q615S1BA_011_1_1,Q615S1BA1,X,Q615S1BA,011,1,1,Q615S1BA_011_1_1,,SDC2119,HDS2262,C101,8PL7CVA,Q615S1BA1,2026-08-11 10:51:32-07:00,202633,20.00,119325,NGXSDJXA0H80B002632,5,11,011T03,8B18438-D,EXABAHA008,101,1,1010001,1010000,1,101,UNDEFINED,10.1504,14.9351,5.7581,8.8717,7.7926,11.7171,1.3415,2.2529,1.0852,1.1982,31.3736,31.9126,1.3415,2.2529,4753.3955,7452.1971,5.7581|7.7926|10.1504,8.8717|11.7171|14.9351,^GT:31.3736%0.7%19.700000000000003,^GT:5.7581%0.7%19.700000000000003%200%7.7926%0.7%19.700000000000003%300%10.1504%0.7%19.700000000000003%400,AIO
EFUSE_Q615S1BA_011_1_10,Q615S1BA1,X,Q615S1BA,011,1,10,Q615S1BA_011_1_10,,SDC2119,HDS2262,C101,8PL7CVA,Q615S1BA1,2026-08-11 10:51:32-07:00,202633,20.00,119325,NGXSDJXA0H80B002632,1,12,011T02,8B18438-D,EXABAHA008,101,1,1010001,1010000,1,101,UNDEFINED,10.2903,15.2099,5.8812,9.0935,7.917,11.9536,0.7172,2.4314,1.2917,1.3381,31.4936,32.1916,0.7172,2.4314,4928.3622,7606.1252,5.8812|7.917|10.2903,9.0935|11.9536|15.2099,^GT:31.4936%0.7%19.65,^GT:5.8812%0.7%19.65%200%7.917%0.7%19.65%300%10.2903%0.7%19.65%400,AIO
EFUSE_Q615S1BA_011_1_2,Q615S1BA1,X,Q615S1BA,011,1,2,Q615S1BA_011_1_2,,SDC2119,HDS2262,C101,8PL7CVA,Q615S1BA1,2026-08-11 10:51:32-07:00,202633,20.00,119325,NGXSDJXA0H80B002632,3,6,011T02,8B18438-D,EXABAHA008,101,1,1010001,1010000,1,101,UNDEFINED,10.19,15.0162,5.8141,8.9523,7.8417,11.7883,1.4704,2.3275,0.9512,1.2879,31.2564,31.9153,1.4704,2.3275,4827.9627,7515.8455,5.8141|7.8417|10.19,8.9523|11.7883|15.0162,^GT:31.2564%0.7%19.5,^GT:5.8141%0.7%19.5%200%7.8417%0.7%19.5%300%10.19%0.7%19.5%400,AIO
EFUSE_Q615S1BA_011_1_3,Q615S1BA1,X,Q615S1BA,011,1,3,Q615S1BA_011_1_3,,SDC2119,HDS2262,C101,8PL7CVA,Q615S1BA1,2026-08-11 10:51:32-07:00,202633,20.00,119325,NGXSDJXA0H80B002632,5,5,011T01,8B28421-D,EXABAHA008,101,1,1010001,1010000,1,101,UNDEFINED,10.156,14.9889,5.8019,8.9328,7.8101,11.7769,1.5191,2.3529,1.0835,1.2986,31.1007,31.8742,1.5191,2.3529,4893.2091,7597.8695,5.8019|7.8101|10.156,8.9328|11.7769|14.9889,^GT:31.1007%0.7%19.45,^GT:5.8019%0.7%19.45%200%7.8101%0.7%19.45%300%10.156%0.7%19.45%400,AIO
EFUSE_Q615S1BA_011_1_4,Q615S1BA1,X,Q615S1BA,011,1,4,Q615S1BA_011_1_4,,SDC2119,HDS2262,C101,8PL7CVA,Q615S1BA1,2026-08-11 10:51:32-07:00,202633,20.00,119325,NGXSDJXA0H80B002632,6,10,011T03,8B18438-D,EXABAHA008,301,3,3010001,3030000,3,303,UNDEFINED,10.1592,15.0101,5.7926,8.9509,7.8114,11.7984,0.7133,2.4117,1.0159,1.2988,31.19,31.8905,0.7133,2.4117,4947.004,7688.1491,5.7926|7.8114|10.1592,8.9509|11.7984|15.0101,^GT:31.19%0.7%19.700000000000003,^GT:5.7926%0.7%19.700000000000003%200%7.8114%0.7%19.700000000000003%300%10.1592%0.7%19.700000000000003%400,AIO
EFUSE_Q615S1BA_011_1_5,Q615S1BA1,X,Q615S1BA,011,1,5,Q615S1BA_011_1_5,,SDC2119,HDS2262,C101,8PL7CVA,Q615S1BA1,2026-08-11 10:51:32-07:00,202633,20.00,119325,NGXSDJXA0H80B002632,2,14,011T02,8B18438-D,EXABAHA008,101,1,1010001,1010000,1,101,UNDEFINED,10.1426,15.0423,5.7974,9.0064,7.8154,11.8276,0.873,2.4288,1.0097,1.3188,31.0371,31.7679,0.873,2.4288,5003.9947,7729.4274,5.7974|7.8154|10.1426,9.0064|11.8276|15.0423,^GT:31.0371%0.7%19.799999999999997,^GT:5.7974%0.7%19.799999999999997%200%7.8154%0.7%19.799999999999997%300%10.1426%0.7%19.799999999999997%400,AIO
EFUSE_Q615S1BA_011_1_6,Q615S1BA1,X,Q615S1BA,011,1,6,Q615S1BA_011_1_6,,SDC2119,HDS2262,C101,8PL7CVA,Q615S1BA1,2026-08-11 10:51:32-07:00,202633,20.00,119325,NGXSDJXA0H80B002632,6,14,011T01,8B18438-D,EXABAHA008,101,1,1010001,1010000,1,101,UNDEFINED,10.147,15.0116,5.7806,8.9758,7.8073,11.8081,1.5001,2.383,0.9699,1.3097,31.1886,31.7674,1.5001,2.383,4977.8961,7694.8069,5.7806|7.8073|10.147,8.9758|11.8081|15.0116,^GT:31.1886%0.7%19.75,^GT:5.7806%0.7%19.75%200%7.8073%0.7%19.75%300%10.147%0.7%19.75%400,AIO
EFUSE_Q615S1BA_011_1_7,Q615S1BA1,X,Q615S1BA,011,1,7,Q615S1BA_011_1_7,,SDC2119,HDS2262,C101,8PL7CVA,Q615S1BA1,2026-08-11 10:51:32-07:00,202633,20.00,119325,NGXSDJXA0H80B002632,7,10,011T03,8B28421-D,EXABAHA008,101,1,1010001,1010000,1,101,UNDEFINED,10.212,15.1384,5.8284,9.0597,7.863,11.9111,1.4653,2.4629,0.9685,1.3426,31.3114,31.9932,1.4653,2.4629,4989.6138,7700.3995,5.8284|7.863|10.212,9.0597|11.9111|15.1384,^GT:31.3114%0.7%19.4,^GT:5.8284%0.7%19.4%200%7.863%0.7%19.4%300%10.212%0.7%19.4%400,AIO
EFUSE_Q615S1BA_011_1_8,Q615S1BA1,X,Q615S1BA,011,1,8,Q615S1BA_011_1_8,,SDC000,HDS000,A000,8PL7CVA,Q615S1BA1,2026-08-11 10:51:32-07:00,202633,20.00,119325,NGXSDJXA0H80B002632,1,4,011T02,,XIU000,9301,93,,930100,93,9301,UNDEFINED,,,,,,,,,,,,,,,,,,,,,AIO
EFUSE_Q615S1BA_011_1_9,Q615S1BA1,X,Q615S1BA,011,1,9,Q615S1BA_011_1_9,,SDC2119,HDS2262,C101,8PL7CVA,Q615S1BA1,2026-08-11 10:51:32-07:00,202633,20.00,119325,NGXSDJXA0H80B002632,7,9,011T01,8B18438-D,EXABAHA008,101,1,1010001,1010000,1,101,UNDEFINED,10.3464,15.3348,5.9225,9.1854,7.9465,12.0558,0.7581,2.4883,1.0021,1.3814,31.5993,32.3653,0.7581,2.4883,4960.3196,7649.2676,5.9225|7.9465|10.3464,9.1854|12.0558|15.3348,^GT:31.5993%0.7%20,^GT:5.9225%0.7%20%200%7.9465%0.7%20%300%10.3464%0.7%20%400,AIO
EFUSE_Q615S1BA_011_2_-1,Q615S1BA1,X,Q615S1BA,011,2,-1,Q615S1BA_011_2_-1,,SDC2119,HDS2262,C101,8PL7CVA,Q615S1BA1,2026-08-11 10:51:32-07:00,202633,20.00,119325,NGXSDJXA0H80B002632,5,19,011T02,8B28421-D,EXABAHA008,101,1,1010001,1010000,1,101,UNDEFINED,10.1953,15.0621,5.822,8.9886,7.8474,11.8132,1.655,2.3797,1.1649,1.3096,31.2379,31.9658,1.6549,2.3797,4827.6964,7536.6178,5.822|7.8474|10.1953,8.9886|11.8132|15.0621,^GT:31.2379%0.7%19.35,^GT:5.822%0.7%19.35%200%7.8474%0.7%19.35%300%10.1953%0.7%19.35%400,AIO
EFUSE_Q615S1BA_011_2_-10,Q615S1BA1,X,Q615S1BA,011,2,-10,Q615S1BA_011_2_-10,,SDC2119,HDS2262,C101,8PL7CVA,Q615S1BA1,2026-08-11 10:51:32-07:00,202633,20.00,119325,NGXSDJXA0H80B002632,1,10,011T01,8B18438-D,EXABAHA008,101,1,1010001,1010000,1,101,UNDEFINED,10.2376,15.3372,5.851,9.2328,7.8659,12.0842,1.6378,2.5782,1.0053,1.3892,31.3329,32.1284,1.6378,2.5782,4872.4368,7524.6338,5.851|7.8659|10.2376,9.2328|12.0842|15.3372,^GT:31.3329%0.7%19.9,^GT:5.851%0.7%19.9%200%7.8659%0.7%19.9%300%10.2376%0.7%19.9%400,AIO
EFUSE_Q615S1BA_011_2_-11,Q615S1BA1,X,Q615S1BA,011,2,-11,Q615S1BA_011_2_-11,,SDC2119,HDS2262,C101,8PL7CVA,Q615S1BA1,2026-08-11 10:51:32-07:00,202633,20.00,119325,NGXSDJXA0H80B002632,1,12,011T01,8B28421-D,EXABAHA008,101,1,1010001,1010000,1,101,UNDEFINED,9.9085,14.763,5.5763,8.7373,7.582,11.5589,0.5229,2.179,1.0147,1.096,30.9443,31.7142,0.5229,2.179,4653.5286,7243.1425,5.5763|7.582|9.9085,8.7373|11.5589|14.763,^GT:30.9443%0.7%19.15,^GT:5.5763%0.7%19.15%200%7.582%0.7%19.15%300%9.9085%0.7%19.15%400,AIO
EFUSE_Q615S1BA_011_2_-2,Q615S1BA1,X,Q615S1BA,011,2,-2,Q615S1BA_011_2_-2,,SDC2119,HDS2262,C101,8PL7CVA,Q615S1BA1,2026-08-11 10:51:32-07:00,202633,20.00,119325,NGXSDJXA0H80B002632,4,3,011T03,8B28421-D,EXABAHA008,101,1,1010001,1010000,1,101,UNDEFINED,10.2246,15.0641,5.8408,9.0142,7.8818,11.8528,0.7443,2.4367,1.1125,1.3394,31.3129,31.8416,0.7443,2.4367,4867.1105,7558.4554,5.8408|7.8818|10.2246,9.0142|11.8528|15.0641,^GT:31.3129%0.7%19.25,^GT:5.8408%0.7%19.25%200%7.8818%0.7%19.25%300%10.2246%0.7%19.25%400,AIO
EFUSE_Q615S1BA_011_2_-3,Q615S1BA1,X,Q615S1BA,011,2,-3,Q615S1BA_011_2_-3,,SDC2119,HDS2262,C101,8PL7CVA,Q615S1BA1,2026-08-11 10:51:32-07:00,202633,20.00,119325,NGXSDJXA0H80B002632,3,9,011T01,8B18438-D,EXABAHA008,301,3,3010001,3030000,3,303,UNDEFINED,10.1964,15.0725,5.8345,9.0147,7.8593,11.8578,0.8431,2.423,1.2613,1.3582,31.1564,31.8832,0.8431,2.423,4905.1931,7598.6684,5.8345|7.8592|10.1964,9.0147|11.8578|15.0725,^GT:31.1564%0.7%19.9,^GT:5.8345%0.7%19.9%200%7.8592%0.7%19.9%300%10.1964%0.7%19.9%400,AIO
EFUSE_Q615S1BA_011_2_-4,Q615S1BA1,X,Q615S1BA,011,2,-4,Q615S1BA_011_2_-4,,SDC2119,HDS2262,C101,8PL7CVA,Q615S1BA1,2026-08-11 10:51:32-07:00,202633,20.00,119325,NGXSDJXA0H80B002632,5,1,011T02,8B18438-D,EXABAHA008,101,1,1010001,1010000,1,101,UNDEFINED,10.1451,15.0065,5.8058,8.9854,7.8055,11.8243,0.8263,2.4376,0.9395,1.3206,30.995,31.69,0.8263,2.4376,4923.036,7636.751,5.8058|7.8055|10.1451,8.9854|11.8243|15.0065,^GT:30.995%0.7%19.950000000000003,^GT:5.8058%0.7%19.950000000000003%200%7.8055%0.7%19.950000000000003%300%10.1451%0.7%19.950000000000003%400,AIO
EFUSE_Q615S1BA_011_2_-5,Q615S1BA1,X,Q615S1BA,011,2,-5,Q615S1BA_011_2_-5,,SDC2119,HDS2262,C101,8PL7CVA,Q615S1BA1,2026-08-11 10:51:32-07:00,202633,20.00,119325,NGXSDJXA0H80B002632,3,16,011T03,8B18438-D,EXABAHA008,101,1,1010001,1010000,1,101,UNDEFINED,10.1601,15.0358,5.8144,9.016,7.8278,11.8548,1.2861,2.434,1.1688,1.3401,31.0407,31.6832,1.286,2.434,4961.1185,7684.4208,5.8144|7.8278|10.1601,9.016|11.8548|15.0358,^GT:31.0407%0.7%19.75,^GT:5.8144%0.7%19.75%200%7.8278%0.7%19.75%300%10.1601%0.7%19.75%400,AIO
EFUSE_Q615S1BA_011_2_-6,Q615S1BA1,X,Q615S1BA,011,2,-6,Q615S1BA_011_2_-6,,SDC2119,HDS2262,C101,8PL7CVA,Q615S1BA1,2026-08-11 10:51:32-07:00,202633,20.00,119325,NGXSDJXA0H80B002632,2,7,011T01,8B28421-D,EXABAHA008,101,1,1010001,1010000,1,101,UNDEFINED,10.1929,15.1355,5.8544,9.1111,7.8725,11.9475,0.899,2.5521,1.0987,1.434,30.9893,31.7074,0.899,2.552,5004.7936,7720.9055,5.8544|7.8725|10.1929,9.1111|11.9475|15.1355,^GT:30.9893%0.7%19.25,^GT:5.8544%0.7%19.25%200%7.8725%0.7%19.25%300%10.1929%0.7%19.25%400,AIO
EFUSE_Q615S1BA_011_2_-7,Q615S1BA1,X,Q615S1BA,011,2,-7,Q615S1BA_011_2_-7,,SDC000,HDS000,A000,8PL7CVA,Q615S1BA1,2026-08-11 10:51:32-07:00,202633,20.00,119325,NGXSDJXA0H80B002632,7,17,011T02,,XIU000,9301,93,,930100,93,9301,UNDEFINED,,,,,,,,,,,,,,,,,,,,,AIO
EFUSE_Q615S1BA_011_2_-8,Q615S1BA1,X,Q615S1BA,011,2,-8,Q615S1BA_011_2_-8,,SDC2119,HDS2262,C101,8PL7CVA,Q615S1BA1,2026-08-11 10:51:32-07:00,202633,20.00,119325,NGXSDJXA0H80B002632,2,2,011T03,8B18438-D,EXABAHA008,101,1,1010001,1010000,1,101,UNDEFINED,10.3567,15.4694,5.9832,9.3923,7.9993,12.2419,0.9158,2.7641,1.3136,1.5489,31.2393,31.9847,0.9158,2.7641,5057.257,7748.8682,5.9832|7.9993|10.3567,9.3923|12.2419|15.4694,^GT:31.2393%0.7%20.1,^GT:5.9832%0.7%20.1%200%7.9993%0.7%20.1%300%10.3567%0.7%20.1%400,AIO
EFUSE_Q615S1BA_011_2_-9,Q615S1BA1,X,Q615S1BA,011,2,-9,Q615S1BA_011_2_-9,,SDC2119,HDS2262,C101,8PL7CVA,Q615S1BA1,2026-08-11 10:51:32-07:00,202633,20.00,119325,NGXSDJXA0H80B002632,7,9,011T02,8B18438-D,EXABAHA008,301,3,3010001,3030000,3,303,UNDEFINED,10.3737,15.5193,5.9836,9.429,8.0013,12.2791,1.1467,2.8014,1.1523,1.5356,31.3579,32.0547,1.1467,2.8013,5001.3316,7684.6871,5.9836|8.0013|10.3737,9.4289|12.2791|15.5193,^GT:31.3579%0.7%19.799999999999997,^GT:5.9836%0.7%19.799999999999997%200%8.0013%0.7%19.799999999999997%300%10.3737%0.7%19.799999999999997%400,AIO
EFUSE_Q615S1BA_011_2_0,Q615S1BA1,X,Q615S1BA,011,2,0,Q615S1BA_011_2_0,B82020000_FAIL_SCN_GT_GXX_CTRL_X_GFXAGG_K_BEGIN_X_X_X_X_X_EVALUATE_4,SDC2119,HDS2262,C101,8PL7CVA,Q615S1BA1,2026-08-11 10:51:32-07:00,202633,20.00,119325,NGXSDJXA0H80B002632,4,11,011T01,8B18438-D,EXABAHA008,8202,82,82020000,82020000,82,8202,UNDEFINED,10.1944,15.0467,5.7981,8.9686,7.8322,11.8247,0.7472,2.3571,0.9392,1.2976,31.4021,31.99,0.7472,2.3571,4791.2117,7508.3888,5.7981|7.8322|10.1944,8.9686|11.8247|15.0467,^GT:31.4021%0.7%19.700000000000003,^GT:5.7981%0.7%19.700000000000003%200%7.8322%0.7%19.700000000000003%300%10.1944%0.7%19.700000000000003%400,AIO
EFUSE_Q615S1BA_011_2_1,Q615S1BA1,X,Q615S1BA,011,2,1,Q615S1BA_011_2_1,,SDC2119,HDS2262,C101,8PL7CVA,Q615S1BA1,2026-08-11 10:51:32-07:00,202633,20.00,119325,NGXSDJXA0H80B002632,5,10,011T03,8B28421-D,EXABAHA008,101,1,1010001,1010000,1,101,UNDEFINED,10.1934,15.0249,5.7911,8.9472,7.8316,11.7944,1.6581,2.3217,1.1034,1.2625,31.445,31.9879,1.6581,2.3216,4798.9348,7502.7963,5.7911|7.8316|10.1934,8.9472|11.7944|15.0249,^GT:31.445%0.7%19.25,^GT:5.7911%0.7%19.25%200%7.8316%0.7%19.25%300%10.1934%0.7%19.25%400,AIO
EFUSE_Q615S1BA_011_2_10,Q615S1BA1,X,Q615S1BA,011,2,10,Q615S1BA_011_2_10,,SDC2119,HDS2262,C101,8PL7CVA,Q615S1BA1,2026-08-11 10:51:32-07:00,202633,20.00,119325,NGXSDJXA0H80B002632,7,2,011T03,8B18438-D,EXABAHA008,101,1,1010001,1010000,1,101,UNDEFINED,10.3104,15.2423,5.9016,9.1,7.92,11.9607,0.9315,2.4535,0.9623,1.3437,31.4914,32.3279,0.9315,2.4535,4911.3182,7573.3688,5.9016|7.92|10.3104,9.1|11.9607|15.2423,^GT:31.4914%0.7%20.1,^GT:5.9016%0.7%20.1%200%7.92%0.7%20.1%300%10.3104%0.7%20.1%400,AIO
EFUSE_Q615S1BA_011_2_2,Q615S1BA1,X,Q615S1BA,011,2,2,Q615S1BA_011_2_2,,SDC2119,HDS2262,C101,8PL7CVA,Q615S1BA1,2026-08-11 10:51:32-07:00,202633,20.00,119325,NGXSDJXA0H80B002632,3,7,011T02,8B28421-D,EXABAHA008,101,1,1010001,1010000,1,101,UNDEFINED,10.1803,15.0302,5.8093,8.9543,7.8201,11.7941,1.4245,2.3238,0.925,1.2732,31.2214,31.9784,1.4245,2.3238,4841.012,7534.7537,5.8093|7.8201|10.1803,8.9543|11.7941|15.0302,^GT:31.2214%0.7%19.5,^GT:5.8093%0.7%19.5%200%7.8201%0.7%19.5%300%10.1803%0.7%19.5%400,AIO
EFUSE_Q615S1BA_011_2_3,Q615S1BA1,X,Q615S1BA,011,2,3,Q615S1BA_011_2_3,,SDC2119,HDS2262,C101,8PL7CVA,Q615S1BA1,2026-08-11 10:51:32-07:00,202633,20.00,119325,NGXSDJXA0H80B002632,5,4,011T01,8B18438-D,EXABAHA008,301,3,3010001,3030000,3,303,UNDEFINED,10.0999,14.9168,5.7441,8.8635,7.7643,11.6993,0.6517,2.3069,0.9131,1.2493,31.1129,31.8595,0.6517,2.3069,4882.024,7600.5326,5.7441|7.7643|10.0999,8.8635|11.6993|14.9168,^GT:31.1129%0.7%19.85,^GT:5.7441%0.7%19.85%200%7.7643%0.7%19.85%300%10.0999%0.7%19.85%400,AIO
EFUSE_Q615S1BA_011_2_4,Q615S1BA1,X,Q615S1BA,011,2,4,Q615S1BA_011_2_4,,SDC2119,HDS2262,C101,8PL7CVA,Q615S1BA1,2026-08-11 10:51:32-07:00,202633,20.00,119325,NGXSDJXA0H80B002632,6,9,011T03,8B18438-D,EXABAHA008,301,3,3010001,3030000,3,303,UNDEFINED,10.1063,14.9569,5.7659,8.9202,7.7682,11.7494,0.8249,2.3218,0.9509,1.2667,31.0029,31.7721,0.8249,2.3218,4902.2636,7634.6205,5.7659|7.7682|10.1063,8.9202|11.7494|14.9569,^GT:31.0029%0.7%20.049999999999997,^GT:5.7659%0.7%20.049999999999997%200%7.7682%0.7%20.049999999999997%300%10.1063%0.7%20.049999999999997%400,AIO
EFUSE_Q615S1BA_011_2_5,Q615S1BA1,X,Q615S1BA,011,2,5,Q615S1BA_011_2_5,,SDC2119,HDS2262,C101,8PL7CVA,Q615S1BA1,2026-08-11 10:51:32-07:00,202633,20.00,119325,NGXSDJXA0H80B002632,2,15,011T02,8B18438-D,EXABAHA008,301,3,3010001,3030000,3,303,UNDEFINED,10.1399,15.0026,5.7879,8.9601,7.8113,11.8004,0.9472,2.4139,0.9032,1.3201,31.0857,31.8026,0.9472,2.4139,4985.8855,7725.6991,5.7879|7.8113|10.1399,8.9601|11.8004|15.0026,^GT:31.0857%0.7%19.85,^GT:5.7879%0.7%19.85%200%7.8113%0.7%19.85%300%10.1399%0.7%19.85%400,AIO
EFUSE_Q615S1BA_011_2_6,Q615S1BA1,X,Q615S1BA,011,2,6,Q615S1BA_011_2_6,,SDC2119,HDS2262,C101,8PL7CVA,Q615S1BA1,2026-08-11 10:51:32-07:00,202633,20.00,119325,NGXSDJXA0H80B002632,6,13,011T01,8B18438-D,EXABAHA008,101,1,1010001,1010000,1,101,UNDEFINED,10.1253,14.9804,5.7658,8.9428,7.7874,11.7751,0.7562,2.3733,0.9786,1.2886,31.1393,31.7768,0.7562,2.3733,4972.5699,7692.6764,5.7658|7.7874|10.1253,8.9428|11.7751|14.9804,^GT:31.1393%0.7%19.85,^GT:5.7658%0.7%19.85%200%7.7874%0.7%19.85%300%10.1253%0.7%19.85%400,AIO
EFUSE_Q615S1BA_011_2_7,Q615S1BA1,X,Q615S1BA,011,2,7,Q615S1BA_011_2_7,,SDC2119,HDS2262,C101,8PL7CVA,Q615S1BA1,2026-08-11 10:51:32-07:00,202633,20.00,119325,NGXSDJXA0H80B002632,7,9,011T03,8B28421-D,EXABAHA008,101,1,1010001,1010000,1,101,UNDEFINED,10.2293,15.1797,5.8548,9.0921,7.8762,11.9542,0.9661,2.5065,1.0077,1.3714,31.2464,32.04,0.9661,2.5065,5003.7284,7719.8402,5.8548|7.8762|10.2293,9.0921|11.9542|15.1797,^GT:31.2464%0.7%19.35,^GT:5.8548%0.7%19.35%200%7.8762%0.7%19.35%300%10.2293%0.7%19.35%400,AIO
EFUSE_Q615S1BA_011_2_8,Q615S1BA1,X,Q615S1BA,011,2,8,Q615S1BA_011_2_8,,SDC2119,HDS2262,C101,8PL7CVA,Q615S1BA1,2026-08-11 10:51:32-07:00,202633,20.00,119325,NGXSDJXA0H80B002632,1,5,011T02,8B18438-D,EXABAHA008,301,3,3010001,3030000,3,303,UNDEFINED,10.3658,15.3967,5.9754,9.2778,8.0081,12.1354,0.9667,2.655,1.1971,1.4795,31.3607,32.2047,0.9667,2.655,5041.8109,7756.3249,5.9753|8.0081|10.3658,9.2778|12.1354|15.3967,^GT:31.3607%0.7%19.75,^GT:5.9753%0.7%19.75%200%8.0081%0.7%19.75%300%10.3658%0.7%19.75%400,AIO
EFUSE_Q615S1BA_011_2_9,Q615S1BA1,X,Q615S1BA,011,2,9,Q615S1BA_011_2_9,,SDC2119,HDS2262,C101,8PL7CVA,Q615S1BA1,2026-08-11 10:51:32-07:00,202633,20.00,119325,NGXSDJXA0H80B002632,7,8,011T01,8B28421-D,EXABAHA008,101,1,1010001,1010000,1,101,UNDEFINED,10.3482,15.3407,5.9271,9.1948,7.9725,12.0696,0.8758,2.589,1.1191,1.4165,31.5793,32.3468,0.8758,2.589,4975.233,7670.8389,5.9271|7.9725|10.3482,9.1948|12.0696|15.3407,^GT:31.5793%0.7%19.55,^GT:5.9271%0.7%19.55%200%7.9725%0.7%19.55%300%10.3482%0.7%19.55%400,AIO
EFUSE_Q615S1BA_011_3_-1,Q615S1BA1,X,Q615S1BA,011,3,-1,Q615S1BA_011_3_-1,,SDC2119,HDS2262,C101,8PL7CVA,Q615S1BA1,2026-08-11 10:51:32-07:00,202633,20.00,119325,NGXSDJXA0H80B002632,5,18,011T02,8B28421-D,EXABAHA008,101,1,1010001,1010000,1,101,UNDEFINED,10.2815,15.1784,5.9,9.095,7.9294,11.9477,0.8351,2.4999,1.2557,1.3993,31.2964,32.0179,0.8351,2.4999,4893.2091,7596.2716,5.9|7.9294|10.2815,9.095|11.9477|15.1784,^GT:31.2964%0.7%19.299999999999997,^GT:5.9%0.7%19.299999999999997%200%7.9294%0.7%19.299999999999997%300%10.2815%0.7%19.299999999999997%400,AIO
EFUSE_Q615S1BA_011_3_-10,Q615S1BA1,X,Q615S1BA,011,3,-10,Q615S1BA_011_3_-10,,SDC2119,HDS2262,C101,8PL7CVA,Q615S1BA1,2026-08-11 10:51:32-07:00,202633,20.00,119325,NGXSDJXA0H80B002632,7,3,011T02,8B18438-D,EXABAHA008,101,1,1010001,1010000,1,101,UNDEFINED,10.2049,15.2461,5.838,9.1647,7.8565,12.0268,1.6614,2.5442,1.2159,1.3629,31.1929,32.0074,1.6614,2.5442,4892.6764,7574.7004,5.8379|7.8565|10.2049,9.1647|12.0268|15.2461,^GT:31.1929%0.7%19.5,^GT:5.8379%0.7%19.5%200%7.8565%0.7%19.5%300%10.2049%0.7%19.5%400,AIO
EFUSE_Q615S1BA_011_3_-11,Q615S1BA1,X,Q615S1BA,011,3,-11,Q615S1BA_011_3_-11,B82020000_FAIL_SCN_GT_GXX_CTRL_X_GFXAGG_K_BEGIN_X_X_X_X_X_EVALUATE_4,SDC2119,HDS2262,C101,8PL7CVA,Q615S1BA1,2026-08-11 10:51:32-07:00,202633,20.00,119325,NGXSDJXA0H80B002632,1,11,011T03,8B28421-D,EXABAHA008,8202,82,82020000,82020000,82,8202,UNDEFINED,9.8763,14.6637,5.5141,8.6447,7.5364,11.4554,0.5685,2.1483,0.6411,1.036,31.1593,31.6789,0.5685,2.1483,4619.4407,7230.0932,5.514|7.5364|9.8763,8.6447|11.4554|14.6637,^GT:31.1593%0.7%19.25,^GT:5.514%0.7%19.25%200%7.5364%0.7%19.25%300%9.8763%0.7%19.25%400,AIO
EFUSE_Q615S1BA_011_3_-2,Q615S1BA1,X,Q615S1BA,011,3,-2,Q615S1BA_011_3_-2,,SDC2119,HDS2262,C101,8PL7CVA,Q615S1BA1,2026-08-11 10:51:32-07:00,202633,20.00,119325,NGXSDJXA0H80B002632,4,2,011T03,8B18438-D,EXABAHA008,301,3,3010001,3030000,3,303,UNDEFINED,10.2701,15.1743,5.9072,9.117,7.9329,11.9593,1.3377,2.5051,1.0631,1.4269,31.1636,31.8805,1.3377,2.5051,4921.9707,7624.767,5.9072|7.9329|10.2701,9.117|11.9593|15.1743,^GT:31.1636%0.7%19.55,^GT:5.9072%0.7%19.55%200%7.9329%0.7%19.55%300%10.2701%0.7%19.55%400,AIO
EFUSE_Q615S1BA_011_3_-3,Q615S1BA1,X,Q615S1BA,011,3,-3,Q615S1BA_011_3_-3,,SDC2119,HDS2262,C101,8PL7CVA,Q615S1BA1,2026-08-11 10:51:32-07:00,202633,20.00,119325,NGXSDJXA0H80B002632,3,8,011T01,8B18438-D,EXABAHA008,101,1,1010001,1010000,1,101,UNDEFINED,10.1832,15.0602,5.8299,9.0155,7.8461,11.8565,0.8885,2.4326,0.9485,1.332,31.095,31.8142,0.8885,2.4325,4914.7803,7613.5819,5.8299|7.8461|10.1832,9.0155|11.8565|15.0602,^GT:31.095%0.7%19.9,^GT:5.8299%0.7%19.9%200%7.8461%0.7%19.9%300%10.1832%0.7%19.9%400,AIO
EFUSE_Q615S1BA_011_3_-4,Q615S1BA1,X,Q615S1BA,011,3,-4,Q615S1BA_011_3_-4,,SDC2119,HDS2262,C101,8PL7CVA,Q615S1BA1,2026-08-11 10:51:32-07:00,202633,20.00,119325,NGXSDJXA0H80B002632,5,2,011T02,8B18438-D,EXABAHA008,101,1,1010001,1010000,1,101,UNDEFINED,10.1254,14.9869,5.7653,8.95,7.7961,11.7788,0.7325,2.3698,0.9076,1.286,31.1436,31.7732,0.7325,2.3698,4908.6551,7624.767,5.7653|7.7961|10.1254,8.95|11.7788|14.9869,^GT:31.1436%0.7%19.75,^GT:5.7653%0.7%19.75%200%7.7961%0.7%19.75%300%10.1254%0.7%19.75%400,AIO
EFUSE_Q615S1BA_011_3_-5,Q615S1BA1,X,Q615S1BA,011,3,-5,Q615S1BA_011_3_-5,,SDC2119,HDS2262,C101,8PL7CVA,Q615S1BA1,2026-08-11 10:51:32-07:00,202633,20.00,119325,NGXSDJXA0H80B002632,3,15,011T03,8B18438-D,EXABAHA008,101,1,1010001,1010000,1,101,UNDEFINED,10.1538,15.0632,5.8014,9.0345,7.8204,11.8701,0.7067,2.4885,1.0247,1.3352,31.0886,31.73,0.7067,2.4885,4944.3409,7663.3822,5.8014|7.8204|10.1538,9.0345|11.8701|15.0632,^GT:31.0886%0.7%19.65,^GT:5.8014%0.7%19.65%200%7.8204%0.7%19.65%300%10.1538%0.7%19.65%400,AIO
EFUSE_Q615S1BA_011_3_-6,Q615S1BA1,X,Q615S1BA,011,3,-6,Q615S1BA_011_3_-6,,SDC2119,HDS2262,C101,8PL7CVA,Q615S1BA1,2026-08-11 10:51:32-07:00,202633,20.00,119325,NGXSDJXA0H80B002632,2,6,011T01,8B28421-D,EXABAHA008,101,1,1010001,1010000,1,101,UNDEFINED,10.2039,15.1782,5.8507,9.1344,7.8723,11.9791,0.8026,2.5359,1.0361,1.3978,31.0943,31.8095,0.8026,2.5359,4985.6192,7692.1438,5.8507|7.8723|10.2039,9.1344|11.9791|15.1782,^GT:31.0943%0.7%19.25,^GT:5.8507%0.7%19.25%200%7.8723%0.7%19.25%300%10.2039%0.7%19.25%400,AIO
EFUSE_Q615S1BA_011_3_-7,Q615S1BA1,X,Q615S1BA,011,3,-7,Q615S1BA_011_3_-7,,SDC2119,HDS2262,C101,8PL7CVA,Q615S1BA1,2026-08-11 10:51:32-07:00,202633,20.00,119325,NGXSDJXA0H80B002632,7,16,011T02,8B18438-D,EXABAHA008,101,1,1010001,1010000,1,101,UNDEFINED,10.2858,15.3471,5.9249,9.2902,7.9325,12.1467,1.4024,2.6719,1.0577,1.4675,31.1493,31.8784,1.4024,2.6719,5006.6578,7711.0519,5.9249|7.9325|10.2858,9.2902|12.1467|15.3471,^GT:31.1493%0.7%19.95,^GT:5.9249%0.7%19.95%200%7.9325%0.7%19.95%300%10.2858%0.7%19.95%400,AIO
EFUSE_Q615S1BA_011_3_-8,Q615S1BA1,X,Q615S1BA,011,3,-8,Q615S1BA_011_3_-8,,SDC2119,HDS2262,C101,8PL7CVA,Q615S1BA1,2026-08-11 10:51:32-07:00,202633,20.00,119325,NGXSDJXA0H80B002632,2,1,011T03,8B18438-D,EXABAHA008,101,1,1010001,1010000,1,101,UNDEFINED,10.4187,15.5726,6.0426,9.4794,8.0553,12.3497,1.8097,2.8474,1.2096,1.6068,31.2579,32.0695,1.8097,2.8474,5054.5939,7756.3249,6.0426|8.0553|10.4187,9.4794|12.3497|15.5726,^GT:31.2579%0.7%19.6,^GT:6.0426%0.7%19.6%200%8.0553%0.7%19.6%300%10.4187%0.7%19.6%400,AIO
EFUSE_Q615S1BA_011_3_-9,Q615S1BA1,X,Q615S1BA,011,3,-9,Q615S1BA_011_3_-9,,SDC2119,HDS2262,C101,8PL7CVA,Q615S1BA1,2026-08-11 10:51:32-07:00,202633,20.00,119325,NGXSDJXA0H80B002632,1,3,011T01,8B28421-D,EXABAHA008,101,1,1010001,1010000,1,101,UNDEFINED,10.3629,15.4967,5.9789,9.399,7.9969,12.2703,1.418,2.7893,1.2236,1.5162,31.315,32.0932,1.418,2.7893,4974.4341,7667.3768,5.9788|7.9969|10.3629,9.399|12.2703|15.4967,^GT:31.315%0.7%19.15,^GT:5.9788%0.7%19.15%200%7.9969%0.7%19.15%300%10.3629%0.7%19.15%400,AIO
EFUSE_Q615S1BA_011_3_0,Q615S1BA1,X,Q615S1BA,011,3,0,Q615S1BA_011_3_0,,SDC2119,HDS2262,C101,8PL7CVA,Q615S1BA1,2026-08-11 10:51:32-07:00,202633,20.00,119325,NGXSDJXA0H80B002632,4,9,011T01,8B28421-D,EXABAHA008,101,1,1010001,1010000,1,101,UNDEFINED,10.2222,15.1064,5.8483,9.0312,7.8732,11.8698,1.1241,2.4416,1.0082,1.3243,31.2421,31.9747,1.1241,2.4416,4855.6591,7556.8575,5.8483|7.8732|10.2222,9.0312|11.8698|15.1064,^GT:31.2421%0.7%19.4,^GT:5.8483%0.7%19.4%200%7.8732%0.7%19.4%300%10.2222%0.7%19.4%400,AIO
EFUSE_Q615S1BA_011_3_1,Q615S1BA1,X,Q615S1BA,011,3,1,Q615S1BA_011_3_1,,SDC2119,HDS2262,C101,8PL7CVA,Q615S1BA1,2026-08-11 10:51:32-07:00,202633,20.00,119325,NGXSDJXA0H80B002632,5,9,011T03,8B28421-D,EXABAHA008,101,1,1010001,1010000,1,101,UNDEFINED,10.1966,15.0618,5.8158,8.9808,7.8356,11.8215,0.7036,2.3749,1.0804,1.2959,31.2914,32.0053,0.7036,2.3749,4855.1265,7564.3142,5.8158|7.8356|10.1966,8.9808|11.8215|15.0618,^GT:31.2914%0.7%19.4,^GT:5.8158%0.7%19.4%200%7.8356%0.7%19.4%300%10.1966%0.7%19.4%400,AIO
EFUSE_Q615S1BA_011_3_10,Q615S1BA1,X,Q615S1BA,011,3,10,Q615S1BA_011_3_10,,SDC2119,HDS2262,C101,8PL7CVA,Q615S1BA1,2026-08-11 10:51:32-07:00,202633,20.00,119325,NGXSDJXA0H80B002632,7,3,011T01,8B28421-D,EXABAHA008,302,3,3020001,3030000,3,303,UNDEFINED,10.1957,15.0391,5.7844,8.9184,7.8215,11.7596,1.6219,2.2723,0.991,1.242,31.5093,32.2142,1.6219,2.2723,4879.0945,7535.8189,5.7844|7.8215|10.1957,8.9184|11.7596|15.0391,^GT:31.5093%0.7%18.95,^GT:5.7844%0.7%18.95%200%7.8215%0.7%18.95%300%10.1957%0.7%18.95%400,AIO
EFUSE_Q615S1BA_011_3_2,Q615S1BA1,X,Q615S1BA,011,3,2,Q615S1BA_011_3_2,B81010004_FAIL_SCN_GT_GXX_CHAIN_ALL_GFXSB_K_BEGIN_HITO_GT_NOM_LFM_HVM_4,SDC2119,HDS2262,C101,8PL7CVA,Q615S1BA1,2026-08-11 10:51:32-07:00,202633,20.00,119325,NGXSDJXA0H80B002632,3,8,011T02,8B28421-D,EXABAHA008,8101,81,81010004,81010004,81,8101,UNDEFINED,10.113,14.9581,5.7565,8.9125,7.7832,11.7525,0.6491,2.336,0.8614,1.2519,31.1179,31.8189,0.6491,2.336,4869.7736,7583.2224,5.7565|7.7832|10.113,8.9125|11.7525|14.9581,^GT:31.1179%0.7%18.95,^GT:5.7565%0.7%18.95%200%7.7832%0.7%18.95%300%10.113%0.7%18.95%400,AIO
EFUSE_Q615S1BA_011_3_3,Q615S1BA1,X,Q615S1BA,011,3,3,Q615S1BA_011_3_3,,SDC2119,HDS2262,C101,8PL7CVA,Q615S1BA1,2026-08-11 10:51:32-07:00,202633,20.00,119325,NGXSDJXA0H80B002632,5,3,011T01,8B18438-D,EXABAHA008,301,3,3010001,3030000,3,303,UNDEFINED,10.0404,14.8565,5.6796,8.8062,7.6956,11.6454,1.4021,2.2343,0.9013,1.1633,31.1486,31.8437,1.4021,2.2343,4838.3489,7557.3901,5.6796|7.6956|10.0404,8.8062|11.6454|14.8565,^GT:31.1486%0.7%19.85,^GT:5.6796%0.7%19.85%200%7.6956%0.7%19.85%300%10.0404%0.7%19.85%400,AIO
EFUSE_Q615S1BA_011_3_4,Q615S1BA1,X,Q615S1BA,011,3,4,Q615S1BA_011_3_4,,SDC2119,HDS2262,C101,8PL7CVA,Q615S1BA1,2026-08-11 10:51:32-07:00,202633,20.00,119325,NGXSDJXA0H80B002632,6,8,011T03,8B28421-D,EXABAHA008,101,1,1010001,1010000,1,101,UNDEFINED,10.0591,14.8671,5.7065,8.8335,7.7145,11.6708,1.145,2.2495,1.1228,1.1885,31.09,31.7558,1.145,2.2495,4875.6325,7609.8535,5.7065|7.7145|10.0591,8.8335|11.6708|14.8671,^GT:31.09%0.7%19.4,^GT:5.7065%0.7%19.4%200%7.7145%0.7%19.4%300%10.0591%0.7%19.4%400,AIO
EFUSE_Q615S1BA_011_3_5,Q615S1BA1,X,Q615S1BA,011,3,5,Q615S1BA_011_3_5,,SDC2119,HDS2262,C101,8PL7CVA,Q615S1BA1,2026-08-11 10:51:32-07:00,202633,20.00,119325,NGXSDJXA0H80B002632,2,16,011T02,8B28421-D,EXABAHA008,101,1,1010001,1010000,1,101,UNDEFINED,10.1115,14.9692,5.7572,8.9289,7.7746,11.7574,1.4038,2.3409,0.9911,1.2646,31.1021,31.7911,1.4038,2.3409,4914.2477,7665.2463,5.7572|7.7746|10.1115,8.9289|11.7574|14.9692,^GT:31.1021%0.7%19.45,^GT:5.7572%0.7%19.45%200%7.7746%0.7%19.45%300%10.1115%0.7%19.45%400,AIO
EFUSE_Q615S1BA_011_3_6,Q615S1BA1,X,Q615S1BA,011,3,6,Q615S1BA_011_3_6,,SDC2119,HDS2262,C101,8PL7CVA,Q615S1BA1,2026-08-11 10:51:32-07:00,202633,20.00,119325,NGXSDJXA0H80B002632,6,12,011T01,8B28421-D,EXABAHA008,101,1,1010001,1010000,1,101,UNDEFINED,10.1657,15.0599,5.8047,8.9942,7.8239,11.8344,0.6978,2.3896,1.1308,1.3073,31.15,31.9247,0.6978,2.3896,4958.988,7698.5353,5.8047|7.8239|10.1657,8.9942|11.8344|15.0599,^GT:31.15%0.7%19.1,^GT:5.8047%0.7%19.1%200%7.8239%0.7%19.1%300%10.1657%0.7%19.1%400,AIO
EFUSE_Q615S1BA_011_3_7,Q615S1BA1,X,Q615S1BA,011,3,7,Q615S1BA_011_3_7,B19880000_FAIL_TPI_SIU_STATIC_SIUP_X_ICC_K_START_X_X_X_LFM_LOWV_P2_650MV_2,SDC2119,HDS2262,C101,8PL7CVA,Q615S1BA1,2026-08-11 10:51:32-07:00,202633,20.00,119325,NGXSDJXA0H80B002632,7,8,011T03,8B28421-D,EXABAHA008,1988,19,19880000,19880000,19,1988,UNDEFINED,,,,,,,,,,,,,,,,,,,,,AIO
EFUSE_Q615S1BA_011_3_8,Q615S1BA1,X,Q615S1BA,011,3,8,Q615S1BA_011_3_8,,SDC2119,HDS2262,C101,8PL7CVA,Q615S1BA1,2026-08-11 10:51:32-07:00,202633,20.00,119325,NGXSDJXA0H80B002632,1,6,011T02,8B28421-D,EXABAHA008,101,1,1010001,1010000,1,101,UNDEFINED,10.3618,15.3787,5.9685,9.2578,7.9952,12.1294,0.8282,2.6096,1.3064,1.4542,31.3807,32.2153,0.8282,2.6096,5026.6312,7746.7377,5.9685|7.9951|10.3618,9.2578|12.1294|15.3787,^GT:31.3807%0.7%19.25,^GT:5.9685%0.7%19.25%200%7.9951%0.7%19.25%300%10.3618%0.7%19.25%400,AIO
EFUSE_Q615S1BA_011_3_9,Q615S1BA1,X,Q615S1BA,011,3,9,Q615S1BA_011_3_9,B82020000_FAIL_SCN_GT_GXX_CTRL_X_GFXAGG_K_BEGIN_X_X_X_X_X_EVALUATE_4,SDC2119,HDS2262,C101,8PL7CVA,Q615S1BA1,2026-08-11 10:51:32-07:00,202633,20.00,119325,NGXSDJXA0H80B002632,7,7,011T01,8B28421-D,EXABAHA008,8202,82,82020000,82020000,82,8202,UNDEFINED,10.3098,15.3367,5.9129,9.2001,7.9365,12.0748,0.889,2.5056,1.023,1.4,31.4064,32.2979,0.889,2.5056,4962.1838,7646.0719,5.9129|7.9365|10.3098,9.2001|12.0748|15.3367,^GT:31.4064%0.7%19.85,^GT:5.9129%0.7%19.85%200%7.9365%0.7%19.85%300%10.3098%0.7%19.85%400,AIO
EFUSE_Q615S1BA_011_4_-1,Q615S1BA1,X,Q615S1BA,011,4,-1,Q615S1BA_011_4_-1,,SDC2119,HDS2262,C101,8PL7CVA,Q615S1BA1,2026-08-11 10:51:32-07:00,202633,20.00,119325,NGXSDJXA0H80B002632,5,17,011T02,8B28421-D,EXABAHA008,101,1,1010001,1010000,1,101,UNDEFINED,10.2738,15.1774,5.8996,9.1164,7.9301,11.9718,0.9662,2.5272,1.0065,1.4192,31.2443,31.9,0.9662,2.5271,4940.0799,7651.3981,5.8996|7.9301|10.2738,9.1164|11.9718|15.1774,^GT:31.2443%0.7%19.05,^GT:5.8996%0.7%19.05%200%7.9301%0.7%19.05%300%10.2738%0.7%19.05%400,AIO
EFUSE_Q615S1BA_011_4_-10,Q615S1BA1,X,Q615S1BA,011,4,-10,Q615S1BA_011_4_-10,,SDC2119,HDS2262,C101,8PL7CVA,Q615S1BA1,2026-08-11 10:51:32-07:00,202633,20.00,119325,NGXSDJXA0H80B002632,1,11,011T01,8B18438-D,EXABAHA008,101,1,1010001,1010000,1,101,UNDEFINED,10.136,15.1407,5.7677,9.053,7.7826,11.91,1.1747,2.4426,1.0171,1.2993,31.2021,32.0411,1.1747,2.4426,4834.0879,7486.5513,5.7677|7.7826|10.136,9.0529|11.91|15.1407,^GT:31.2021%0.7%19.75,^GT:5.7677%0.7%19.75%200%7.7826%0.7%19.75%300%10.136%0.7%19.75%400,AIO
EFUSE_Q615S1BA_011_4_-2,Q615S1BA1,X,Q615S1BA,011,4,-2,Q615S1BA_011_4_-2,B65210000_FAIL_ARR_GT_GXX_LSA_GT_VMIN_K_PREHVQK_X_X_NOM_X_ALL_LSA_0,SDC2119,HDS2262,C101,8PL7CVA,Q615S1BA1,2026-08-11 10:51:32-07:00,202633,20.00,119325,NGXSDJXA0H80B002632,4,1,011T03,8B18438-D,EXABAHA008,6521,65,65210000,65210000,65,6521,UNDEFINED,10.2885,15.218,5.9314,9.1618,7.9535,12.0069,1.6085,2.6043,1.0374,1.4486,31.1221,31.8747,1.6085,2.6043,4966.9774,7682.024,5.9314|7.9535|10.2885,9.1618|12.0069|15.218,^GT:31.1221%0.7%19.95,^GT:5.9314%0.7%19.95%200%7.9535%0.7%19.95%300%10.2885%0.7%19.95%400,AIO
EFUSE_Q615S1BA_011_4_-3,Q615S1BA1,X,Q615S1BA,011,4,-3,Q615S1BA_011_4_-3,,SDC2119,HDS2262,C101,8PL7CVA,Q615S1BA1,2026-08-11 10:51:32-07:00,202633,20.00,119325,NGXSDJXA0H80B002632,3,7,011T01,8B18438-D,EXABAHA008,301,3,3010001,3030000,3,303,UNDEFINED,10.1781,15.0668,5.8138,9.0318,7.836,11.8557,0.7532,2.4301,1.0212,1.3364,31.1736,31.7632,0.7532,2.4301,4945.9387,7652.7297,5.8138|7.836|10.1781,9.0318|11.8557|15.0668,^GT:31.1736%0.7%19.799999999999997,^GT:5.8138%0.7%19.799999999999997%200%7.836%0.7%19.799999999999997%300%10.1781%0.7%19.799999999999997%400,AIO
EFUSE_Q615S1BA_011_4_-4,Q615S1BA1,X,Q615S1BA,011,4,-4,Q615S1BA_011_4_-4,,SDC2119,HDS2262,C101,8PL7CVA,Q615S1BA1,2026-08-11 10:51:32-07:00,202633,20.00,119325,NGXSDJXA0H80B002632,5,3,011T02,8B18438-D,EXABAHA008,101,1,1010001,1010000,1,101,UNDEFINED,10.1369,15.0313,5.7703,8.9714,7.8016,11.8182,1.6295,2.4115,0.9193,1.2909,31.19,31.8942,1.6295,2.4115,4913.1824,7627.4301,5.7703|7.8016|10.1369,8.9714|11.8182|15.0313,^GT:31.19%0.7%19.700000000000003,^GT:5.7703%0.7%19.700000000000003%200%7.8016%0.7%19.700000000000003%300%10.1369%0.7%19.700000000000003%400,AIO
EFUSE_Q615S1BA_011_4_-5,Q615S1BA1,X,Q615S1BA,011,4,-5,Q615S1BA_011_4_-5,,SDC2119,HDS2262,C101,8PL7CVA,Q615S1BA1,2026-08-11 10:51:32-07:00,202633,20.00,119325,NGXSDJXA0H80B002632,3,14,011T03,8B28421-D,EXABAHA008,101,1,1010001,1010000,1,101,UNDEFINED,10.1776,15.1227,5.836,9.0748,7.8355,11.9206,0.7324,2.4981,1.3062,1.3645,31.0114,31.8316,0.7324,2.4981,4937.9494,7659.3875,5.836|7.8355|10.1776,9.0747|11.9206|15.1227,^GT:31.0114%0.7%19.6,^GT:5.836%0.7%19.6%200%7.8355%0.7%19.6%300%10.1776%0.7%19.6%400,AIO
EFUSE_Q615S1BA_011_4_-6,Q615S1BA1,X,Q615S1BA,011,4,-6,Q615S1BA_011_4_-6,,SDC2119,HDS2262,C101,8PL7CVA,Q615S1BA1,2026-08-11 10:51:32-07:00,202633,20.00,119325,NGXSDJXA0H80B002632,2,5,011T01,8B18438-D,EXABAHA008,101,1,1010001,1010000,1,101,UNDEFINED,10.228,15.2554,5.8697,9.1933,7.8846,12.0483,0.7867,2.6157,1.2914,1.3982,31.1307,31.9058,0.7867,2.6157,4976.8309,7681.7577,5.8697|7.8846|10.228,9.1933|12.0483|15.2554,^GT:31.1307%0.7%19.799999999999997,^GT:5.8697%0.7%19.799999999999997%200%7.8846%0.7%19.799999999999997%300%10.228%0.7%19.799999999999997%400,AIO
EFUSE_Q615S1BA_011_4_-7,Q615S1BA1,X,Q615S1BA,011,4,-7,Q615S1BA_011_4_-7,,SDC2119,HDS2262,C101,8PL7CVA,Q615S1BA1,2026-08-11 10:51:32-07:00,202633,20.00,119325,NGXSDJXA0H80B002632,7,15,011T02,8B18438-D,EXABAHA008,101,1,1010001,1010000,1,101,UNDEFINED,10.3499,15.5062,5.988,9.4228,8.0007,12.2875,1.0923,2.8319,1.2999,1.5645,31.1564,32.0179,1.0923,2.8319,5041.012,7732.3569,5.988|8.0007|10.3499,9.4228|12.2875|15.5062,^GT:31.1564%0.7%19.65,^GT:5.988%0.7%19.65%200%8.0007%0.7%19.65%300%10.3499%0.7%19.65%400,AIO
EFUSE_Q615S1BA_011_4_-8,Q615S1BA1,X,Q615S1BA,011,4,-8,Q615S1BA_011_4_-8,,SDC2119,HDS2262,C101,8PL7CVA,Q615S1BA1,2026-08-11 10:51:32-07:00,202633,20.00,119325,NGXSDJXA0H80B002632,1,1,011T03,8B18438-D,EXABAHA008,301,3,3010001,3030000,3,303,UNDEFINED,10.3926,15.5881,6.0226,9.4991,8.0496,12.3607,1.0678,2.8455,1.4994,1.5862,31.2143,32.0474,1.0677,2.8454,5015.7124,7709.7204,6.0226|8.0496|10.3926,9.4991|12.3607|15.5881,^GT:31.2143%0.7%20.1,^GT:6.0226%0.7%20.1%200%8.0496%0.7%20.1%300%10.3926%0.7%20.1%400,AIO
EFUSE_Q615S1BA_011_4_-9,Q615S1BA1,X,Q615S1BA,011,4,-9,Q615S1BA_011_4_-9,,SDC2119,HDS2262,C101,8PL7CVA,Q615S1BA1,2026-08-11 10:51:32-07:00,202633,20.00,119325,NGXSDJXA0H80B002632,1,6,011T03,8B28421-D,EXABAHA008,101,1,1010001,1010000,1,101,UNDEFINED,10.2873,15.4049,5.8895,9.3155,7.9218,12.1713,1.5994,2.6855,1.3708,1.4357,31.4129,32.05,1.5994,2.6855,4913.715,7589.3475,5.8895|7.9218|10.2873,9.3154|12.1713|15.4049,^GT:31.4129%0.7%19.25,^GT:5.8895%0.7%19.25%200%7.9218%0.7%19.25%300%10.2873%0.7%19.25%400,AIO
EFUSE_Q615S1BA_011_4_0,Q615S1BA1,X,Q615S1BA,011,4,0,Q615S1BA_011_4_0,B82020000_FAIL_SCN_GT_GXX_CTRL_X_GFXAGG_K_BEGIN_X_X_X_X_X_EVALUATE_4,SDC2119,HDS2262,C101,8PL7CVA,Q615S1BA1,2026-08-11 10:51:32-07:00,202633,20.00,119325,NGXSDJXA0H80B002632,4,8,011T01,8B28421-D,EXABAHA008,8202,82,82020000,82020000,82,8202,UNDEFINED,,,,,,,0.8439,2.4514,1.2042,1.3531,,,,,4890.5459,7600.2663,,,,,AIO
EFUSE_Q615S1BA_011_4_1,Q615S1BA1,X,Q615S1BA,011,4,1,Q615S1BA_011_4_1,,SDC2119,HDS2262,C101,8PL7CVA,Q615S1BA1,2026-08-11 10:51:32-07:00,202633,20.00,119325,NGXSDJXA0H80B002632,5,8,011T03,8B28421-D,EXABAHA008,101,1,1010001,1010000,1,101,UNDEFINED,10.2006,15.0849,5.8233,9.0361,7.855,11.878,1.6904,2.4487,1.0616,1.3287,31.2664,31.8358,1.6904,2.4487,4887.3502,7609.8535,5.8233|7.855|10.2006,9.0361|11.878|15.0849,^GT:31.2664%0.7%19.35,^GT:5.8233%0.7%19.35%200%7.855%0.7%19.35%300%10.2006%0.7%19.35%400,AIO
EFUSE_Q615S1BA_011_4_10,Q615S1BA1,X,Q615S1BA,011,4,10,Q615S1BA_011_4_10,,SDC2119,HDS2262,C101,8PL7CVA,Q615S1BA1,2026-08-11 10:51:32-07:00,202633,20.00,119325,NGXSDJXA0H80B002632,1,11,011T02,8B28421-D,EXABAHA008,301,3,3010001,3030000,3,303,UNDEFINED,10.0671,14.8224,5.6906,8.7475,7.6995,11.5793,0.7583,2.1441,1.0606,1.1699,31.2607,31.9732,0.7583,2.1441,4843.9414,7498.8016,5.6906|7.6995|10.0671,8.7475|11.5793|14.8224,^GT:31.2607%0.7%19.05,^GT:5.6906%0.7%19.05%200%7.6995%0.7%19.05%300%10.0671%0.7%19.05%400,AIO
EFUSE_Q615S1BA_011_4_2,Q615S1BA1,X,Q615S1BA,011,4,2,Q615S1BA_011_4_2,,SDC2119,HDS2262,C101,8PL7CVA,Q615S1BA1,2026-08-11 10:51:32-07:00,202633,20.00,119325,NGXSDJXA0H80B002632,3,9,011T02,8B28421-D,EXABAHA008,101,1,1010001,1010000,1,101,UNDEFINED,10.1403,15.0042,5.7784,8.9626,7.7973,11.7999,1.4095,2.3484,1.1429,1.2747,31.1564,31.7979,1.4095,2.3484,4904.3941,7638.3489,5.7784|7.7973|10.1403,8.9626|11.7999|15.0042,^GT:31.1564%0.7%19.6,^GT:5.7784%0.7%19.6%200%7.7973%0.7%19.6%300%10.1403%0.7%19.6%400,AIO
EFUSE_Q615S1BA_011_4_3,Q615S1BA1,X,Q615S1BA,011,4,3,Q615S1BA_011_4_3,,SDC2119,HDS2262,C101,8PL7CVA,Q615S1BA1,2026-08-11 10:51:32-07:00,202633,20.00,119325,NGXSDJXA0H80B002632,5,2,011T01,8B28421-D,EXABAHA008,101,1,1010001,1010000,1,101,UNDEFINED,10.0513,14.8844,5.7006,8.8412,7.7168,11.6679,1.554,2.2849,0.8161,1.1973,31.0764,31.8063,1.554,2.2849,4885.486,7622.6365,5.7006|7.7168|10.0513,8.8412|11.6679|14.8844,^GT:31.0764%0.7%19.15,^GT:5.7006%0.7%19.15%200%7.7168%0.7%19.15%300%10.0513%0.7%19.15%400,AIO
EFUSE_Q615S1BA_011_4_4,Q615S1BA1,X,Q615S1BA,011,4,4,Q615S1BA_011_4_4,B99820476_FAIL_SCN_GT_GXX_STUCKAT_ALL_GFXSB_K_END_HITO_GT_NOM_LFM_X_N2,SDC2119,HDS2262,C101,8PL7CVA,Q615S1BA1,2026-08-11 10:51:32-07:00,202633,20.00,119325,NGXSDJXA0H80B002632,6,7,011T03,8B18438-D,EXABAHA008,9982,99,99820476,99820476,99,9982,UNDEFINED,10.1005,14.9414,5.7359,8.908,7.7621,11.7457,1.514,2.3261,1.0547,1.2485,31.1757,31.7547,1.514,2.3261,4920.9055,7668.9747,5.7359|7.7621|10.1005,8.908|11.7457|14.9414,^GT:31.1757%0.7%19.55,^GT:5.7359%0.7%19.55%200%7.7621%0.7%19.55%300%10.1005%0.7%19.55%400,AIO
EFUSE_Q615S1BA_011_4_5,Q615S1BA1,X,Q615S1BA,011,4,5,Q615S1BA_011_4_5,,SDC2119,HDS2262,C101,8PL7CVA,Q615S1BA1,2026-08-11 10:51:32-07:00,202633,20.00,119325,NGXSDJXA0H80B002632,2,17,011T02,8B28421-D,EXABAHA008,101,1,1010001,1010000,1,101,UNDEFINED,10.1704,15.0419,5.8099,8.9791,7.8231,11.8126,1.6092,2.3977,0.9661,1.3036,31.1464,31.9095,1.6092,2.3977,4939.0146,7662.0506,5.8099|7.8231|10.1704,8.9791|11.8126|15.0419,^GT:31.1464%0.7%19.45,^GT:5.8099%0.7%19.45%200%7.8231%0.7%19.45%300%10.1704%0.7%19.45%400,AIO
EFUSE_Q615S1BA_011_4_6,Q615S1BA1,X,Q615S1BA,011,4,6,Q615S1BA_011_4_6,,SDC2119,HDS2262,C101,8PL7CVA,Q615S1BA1,2026-08-11 10:51:32-07:00,202633,20.00,119325,NGXSDJXA0H80B002632,6,11,011T01,8B28421-D,EXABAHA008,101,1,1010001,1010000,1,101,UNDEFINED,10.2419,15.1944,5.8701,9.1174,7.8924,11.9726,1.1331,2.508,1.251,1.3878,31.2271,31.9842,1.1331,2.508,4989.3475,7719.8402,5.8701|7.8924|10.2419,9.1174|11.9726|15.1944,^GT:31.2271%0.7%19.35,^GT:5.8701%0.7%19.35%200%7.8924%0.7%19.35%300%10.2419%0.7%19.35%400,AIO
EFUSE_Q615S1BA_011_4_7,Q615S1BA1,X,Q615S1BA,011,4,7,Q615S1BA_011_4_7,,SDC2119,HDS2262,C101,8PL7CVA,Q615S1BA1,2026-08-11 10:51:32-07:00,202633,20.00,119325,NGXSDJXA0H80B002632,7,7,011T03,8B28421-D,EXABAHA008,101,1,1010001,1010000,1,101,UNDEFINED,10.3497,15.3643,5.9684,9.2604,7.9808,12.1223,1.4874,2.6024,1.324,1.4725,31.295,32.1258,1.4874,2.6024,5028.4953,7745.1398,5.9684|7.9807|10.3497,9.2604|12.1223|15.3643,^GT:31.295%0.7%19.4,^GT:5.9684%0.7%19.4%200%7.9807%0.7%19.4%300%10.3497%0.7%19.4%400,AIO
EFUSE_Q615S1BA_011_4_8,Q615S1BA1,X,Q615S1BA,011,4,8,Q615S1BA_011_4_8,,SDC2119,HDS2262,C101,8PL7CVA,Q615S1BA1,2026-08-11 10:51:32-07:00,202633,20.00,119325,NGXSDJXA0H80B002632,1,7,011T02,8B28421-D,EXABAHA008,101,1,1010001,1010000,1,101,UNDEFINED,10.3283,15.3271,5.9225,9.2036,7.9601,12.0704,0.7746,2.5554,0.978,1.3977,31.47,32.2289,0.7746,2.5553,4995.739,7689.747,5.9225|7.9601|10.3283,9.2036|12.0704|15.3271,^GT:31.47%0.7%19.25,^GT:5.9225%0.7%19.25%200%7.9601%0.7%19.25%300%10.3283%0.7%19.25%400,AIO
EFUSE_Q615S1BA_011_4_9,Q615S1BA1,X,Q615S1BA,011,4,9,Q615S1BA_011_4_9,,SDC2119,HDS2262,C101,8PL7CVA,Q615S1BA1,2026-08-11 10:51:32-07:00,202633,20.00,119325,NGXSDJXA0H80B002632,7,6,011T01,8B18438-D,EXABAHA008,101,1,1010001,1010000,1,101,UNDEFINED,10.2933,15.2751,5.888,9.1355,7.9104,12.0017,1.6849,2.4491,1.2782,1.3506,31.4664,32.3137,1.6848,2.4491,4943.0093,7619.7071,5.888|7.9104|10.2933,9.1355|12.0017|15.2751,^GT:31.4664%0.7%19.9,^GT:5.888%0.7%19.9%200%7.9104%0.7%19.9%300%10.2933%0.7%19.9%400,AIO
EFUSE_Q615S1BA_011_5_-1,Q615S1BA1,X,Q615S1BA,011,5,-1,Q615S1BA_011_5_-1,,SDC2119,HDS2262,C101,8PL7CVA,Q615S1BA1,2026-08-11 10:51:32-07:00,202633,20.00,119325,NGXSDJXA0H80B002632,5,16,011T02,8B18438-D,EXABAHA008,301,3,3010001,3030000,3,303,UNDEFINED,10.2619,15.2006,5.8942,9.1328,7.9134,11.9743,1.0291,2.5612,1.2465,1.3995,31.1979,31.9358,1.0291,2.5612,4944.6072,7655.6591,5.8942|7.9134|10.2619,9.1328|11.9743|15.2006,^GT:31.1979%0.7%19.700000000000003,^GT:5.8942%0.7%19.700000000000003%200%7.9134%0.7%19.700000000000003%300%10.2619%0.7%19.700000000000003%400,AIO
EFUSE_Q615S1BA_011_5_-10,Q615S1BA1,X,Q615S1BA,011,5,-10,Q615S1BA_011_5_-10,,SDC2119,HDS2262,C101,8PL7CVA,Q615S1BA1,2026-08-11 10:51:32-07:00,202633,20.00,119325,NGXSDJXA0H80B002632,1,10,011T03,8B18438-D,EXABAHA008,301,3,3010001,3030000,3,303,UNDEFINED,10.031,14.9839,5.6545,8.9105,7.6896,11.7403,1.0449,2.3008,1.0713,1.1725,31.2607,31.9653,1.0449,2.3008,4726.498,7363.5153,5.6545|7.6896|10.031,8.9105|11.7403|14.9839,^GT:31.2607%0.7%19.700000000000003,^GT:5.6545%0.7%19.700000000000003%200%7.6896%0.7%19.700000000000003%300%10.031%0.7%19.700000000000003%400,AIO
EFUSE_Q615S1BA_011_5_-2,Q615S1BA1,X,Q615S1BA,011,5,-2,Q615S1BA_011_5_-2,,SDC2119,HDS2262,C101,8PL7CVA,Q615S1BA1,2026-08-11 10:51:32-07:00,202633,20.00,119325,NGXSDJXA0H80B002632,3,1,011T03,8B28421-D,EXABAHA008,301,3,3010001,3030000,3,303,UNDEFINED,10.26,15.203,5.883,9.1404,7.9183,11.9936,1.3529,2.5433,0.9895,1.4051,31.2643,31.9084,1.3529,2.5432,4963.249,7690.2796,5.883|7.9183|10.26,9.1404|11.9936|15.203,^GT:31.2643%0.7%19.5,^GT:5.883%0.7%19.5%200%7.9183%0.7%19.5%300%10.26%0.7%19.5%400,AIO
EFUSE_Q615S1BA_011_5_-3,Q615S1BA1,X,Q615S1BA,011,5,-3,Q615S1BA_011_5_-3,,SDC2119,HDS2262,C101,8PL7CVA,Q615S1BA1,2026-08-11 10:51:32-07:00,202633,20.00,119325,NGXSDJXA0H80B002632,3,6,011T01,8B28421-D,EXABAHA008,301,3,3010001,3030000,3,303,UNDEFINED,10.1535,15.0602,5.8115,9.0273,7.8286,11.8642,1.4438,2.4435,0.9705,1.3464,31.0143,31.7521,1.4438,2.4435,4936.3515,7652.1971,5.8115|7.8286|10.1535,9.0273|11.8642|15.0602,^GT:31.0143%0.7%19.3,^GT:5.8115%0.7%19.3%200%7.8286%0.7%19.3%300%10.1535%0.7%19.3%400,AIO
EFUSE_Q615S1BA_011_5_-4,Q615S1BA1,X,Q615S1BA,011,5,-4,Q615S1BA_011_5_-4,,SDC2119,HDS2262,C101,8PL7CVA,Q615S1BA1,2026-08-11 10:51:32-07:00,202633,20.00,119325,NGXSDJXA0H80B002632,5,4,011T02,8B18438-D,EXABAHA008,301,3,3010001,3030000,3,303,UNDEFINED,10.1558,15.0587,5.7924,9.022,7.8121,11.8522,0.7238,2.4805,0.9323,1.32,31.1671,31.7721,0.7238,2.4805,4918.2423,7630.3595,5.7924|7.8121|10.1558,9.022|11.8522|15.0587,^GT:31.1671%0.7%19.75,^GT:5.7924%0.7%19.75%200%7.8121%0.7%19.75%300%10.1558%0.7%19.75%400,AIO
EFUSE_Q615S1BA_011_5_-5,Q615S1BA1,X,Q615S1BA,011,5,-5,Q615S1BA_011_5_-5,,SDC2119,HDS2262,C101,8PL7CVA,Q615S1BA1,2026-08-11 10:51:32-07:00,202633,20.00,119325,NGXSDJXA0H80B002632,3,13,011T03,8B28421-D,EXABAHA008,101,1,1010001,1010000,1,101,UNDEFINED,10.1638,15.1236,5.8052,9.0692,7.8357,11.9328,1.5639,2.4989,1.0678,1.3372,31.1329,31.8653,1.5639,2.4989,4928.0959,7619.7071,5.8052|7.8357|10.1638,9.0692|11.9328|15.1236,^GT:31.1329%0.7%19,^GT:5.8052%0.7%19%200%7.8357%0.7%19%300%10.1638%0.7%19%400,AIO
EFUSE_Q615S1BA_011_5_-6,Q615S1BA1,X,Q615S1BA,011,5,-6,Q615S1BA_011_5_-6,,SDC2119,HDS2262,C101,8PL7CVA,Q615S1BA1,2026-08-11 10:51:32-07:00,202633,20.00,119325,NGXSDJXA0H80B002632,2,4,011T01,8B18438-D,EXABAHA008,302,3,3020001,3030000,3,303,UNDEFINED,10.2903,15.3886,5.9126,9.3175,7.9517,12.1746,1.4489,2.6931,1.3256,1.4709,31.2693,31.9532,1.4489,2.6931,4996.8043,7685.7523,5.9126|7.9517|10.2903,9.3175|12.1746|15.3886,^GT:31.2693%0.7%19.75,^GT:5.9126%0.7%19.75%200%7.9517%0.7%19.75%300%10.2903%0.7%19.75%400,AIO
EFUSE_Q615S1BA_011_5_-7,Q615S1BA1,X,Q615S1BA,011,5,-7,Q615S1BA_011_5_-7,,SDC2119,HDS2262,C101,8PL7CVA,Q615S1BA1,2026-08-11 10:51:32-07:00,202633,20.00,119325,NGXSDJXA0H80B002632,7,14,011T02,8B28421-D,EXABAHA008,301,3,3010001,3030000,3,303,UNDEFINED,10.373,15.5458,5.9902,9.4436,8.0209,12.3096,1.5344,2.8339,1.1331,1.5532,31.3057,32.1168,1.5344,2.8338,5020.506,7700.6658,5.9902|8.0209|10.373,9.4436|12.3096|15.5458,^GT:31.3057%0.7%18.85,^GT:5.9902%0.7%18.85%200%8.0209%0.7%18.85%300%10.373%0.7%18.85%400,AIO
EFUSE_Q615S1BA_011_5_-8,Q615S1BA1,X,Q615S1BA,011,5,-8,Q615S1BA_011_5_-8,,SDC2119,HDS2262,C101,8PL7CVA,Q615S1BA1,2026-08-11 10:51:32-07:00,202633,20.00,119325,NGXSDJXA0H80B002632,1,2,011T03,8B28421-D,EXABAHA008,301,3,3010001,3030000,3,303,UNDEFINED,10.3315,15.4879,5.9296,9.3834,7.9682,12.2616,1.0714,2.7708,1.0865,1.4858,31.4421,32.1289,1.0714,2.7708,4940.3462,7618.9081,5.9296|7.9681|10.3315,9.3834|12.2616|15.4879,^GT:31.4421%0.7%19.3,^GT:5.9296%0.7%19.3%200%7.9681%0.7%19.3%300%10.3315%0.7%19.3%400,AIO
EFUSE_Q615S1BA_011_5_-9,Q615S1BA1,X,Q615S1BA,011,5,-9,Q615S1BA_011_5_-9,,SDC2119,HDS2262,C101,8PL7CVA,Q615S1BA1,2026-08-11 10:51:32-07:00,202633,20.00,119325,NGXSDJXA0H80B002632,7,10,011T02,8B18438-D,EXABAHA008,101,1,1010001,1010000,1,101,UNDEFINED,10.2131,15.3297,5.8164,9.2272,7.8384,12.0904,1.5976,2.6019,1.0738,1.3403,31.405,32.1184,1.5976,2.6019,4861.7843,7520.6391,5.8164|7.8384|10.2131,9.2272|12.0904|15.3297,^GT:31.405%0.7%19.799999999999997,^GT:5.8164%0.7%19.799999999999997%200%7.8384%0.7%19.799999999999997%300%10.2131%0.7%19.799999999999997%400,AIO
EFUSE_Q615S1BA_011_5_0,Q615S1BA1,X,Q615S1BA,011,5,0,Q615S1BA_011_5_0,B99880003_FAIL_TPI_POWER_SEQ_CTRL_X_PWRUP_K_START_X_X_X_X_N2,SDC2119,HDS2262,C101,8PL7CVA,Q615S1BA1,2026-08-11 10:51:32-07:00,202633,20.00,119325,NGXSDJXA0H80B002632,4,7,011T01,8B18438-D,EXABAHA008,9988,99,99880003,99880003,99,9988,UNDEFINED,,,,,,,,,,,,,,,,,,,,,AIO
EFUSE_Q615S1BA_011_5_1,Q615S1BA1,X,Q615S1BA,011,5,1,Q615S1BA_011_5_1,B82020000_FAIL_SCN_GT_GXX_CTRL_X_GFXAGG_K_BEGIN_X_X_X_X_X_EVALUATE_4,SDC2119,HDS2262,C101,8PL7CVA,Q615S1BA1,2026-08-11 10:51:32-07:00,202633,20.00,119325,NGXSDJXA0H80B002632,5,7,011T03,8B18438-D,EXABAHA008,8202,82,82020000,82020000,82,8202,UNDEFINED,10.2021,15.111,5.8174,9.0413,7.8487,11.8901,0.735,2.4148,1.2907,1.3163,31.3193,31.9458,0.735,2.4148,4885.7523,7609.0546,5.8174|7.8487|10.2021,9.0413|11.8901|15.111,^GT:31.3193%0.7%19.85,^GT:5.8174%0.7%19.85%200%7.8487%0.7%19.85%300%10.2021%0.7%19.85%400,AIO
EFUSE_Q615S1BA_011_5_2,Q615S1BA1,X,Q615S1BA,011,5,2,Q615S1BA_011_5_2,,SDC2119,HDS2262,C101,8PL7CVA,Q615S1BA1,2026-08-11 10:51:32-07:00,202633,20.00,119325,NGXSDJXA0H80B002632,3,10,011T02,8B18438-D,EXABAHA008,101,1,1010001,1010000,1,101,UNDEFINED,10.1564,15.0528,5.7968,9.0093,7.8158,11.8379,0.9038,2.4033,1.2579,1.2923,31.14,31.8079,0.9038,2.4033,4916.1119,7650.3329,5.7968|7.8158|10.1564,9.0093|11.8379|15.0528,^GT:31.14%0.7%19.65,^GT:5.7968%0.7%19.65%200%7.8158%0.7%19.65%300%10.1564%0.7%19.65%400,AIO
EFUSE_Q615S1BA_011_5_3,Q615S1BA1,X,Q615S1BA,011,5,3,Q615S1BA_011_5_3,,SDC2119,HDS2262,C101,8PL7CVA,Q615S1BA1,2026-08-11 10:51:32-07:00,202633,20.00,119325,NGXSDJXA0H80B002632,5,1,011T01,8B28421-D,EXABAHA008,301,3,3010001,3030000,3,303,UNDEFINED,10.1404,15.0221,5.7772,8.9508,7.7782,11.7995,1.2818,2.3854,1.2202,1.2813,31.1657,31.9542,1.2818,2.3854,4915.0466,7665.2463,5.7772|7.7782|10.1404,8.9508|11.7995|15.0221,^GT:31.1657%0.7%19.45,^GT:5.7772%0.7%19.45%200%7.7782%0.7%19.45%300%10.1404%0.7%19.45%400,AIO
EFUSE_Q615S1BA_011_5_4,Q615S1BA1,X,Q615S1BA,011,5,4,Q615S1BA_011_5_4,,SDC2119,HDS2262,C101,8PL7CVA,Q615S1BA1,2026-08-11 10:51:32-07:00,202633,20.00,119325,NGXSDJXA0H80B002632,6,6,011T03,8B18438-D,EXABAHA008,101,1,1010001,1010000,1,101,UNDEFINED,10.1564,15.0693,5.8072,9.0245,7.8106,11.8573,0.8533,2.4084,0.9073,1.3117,31.0657,31.8147,0.8533,2.4084,4927.2969,7663.3822,5.8072|7.8106|10.1564,9.0245|11.8573|15.0693,^GT:31.0657%0.7%19.6,^GT:5.8072%0.7%19.6%200%7.8106%0.7%19.6%300%10.1564%0.7%19.6%400,AIO
EFUSE_Q615S1BA_011_5_5,Q615S1BA1,X,Q615S1BA,011,5,5,Q615S1BA_011_5_5,,SDC2119,HDS2262,C101,8PL7CVA,Q615S1BA1,2026-08-11 10:51:32-07:00,202633,20.00,119325,NGXSDJXA0H80B002632,2,18,011T02,8B18438-D,EXABAHA008,101,1,1010001,1010000,1,101,UNDEFINED,10.2637,15.2532,5.8713,9.1402,7.8818,12.01,0.9482,2.5484,1.3303,1.3759,31.3743,32.1737,0.9482,2.5484,4994.9401,7726.2317,5.8713|7.8818|10.2637,9.1402|12.01|15.2532,^GT:31.3743%0.7%19.75,^GT:5.8713%0.7%19.75%200%7.8818%0.7%19.75%300%10.2637%0.7%19.75%400,AIO
EFUSE_Q615S1BA_011_5_6,Q615S1BA1,X,Q615S1BA,011,5,6,Q615S1BA_011_5_6,,SDC2119,HDS2262,C101,8PL7CVA,Q615S1BA1,2026-08-11 10:51:32-07:00,202633,20.00,119325,NGXSDJXA0H80B002632,6,10,011T01,8B28421-D,EXABAHA008,301,3,3010001,3030000,3,303,UNDEFINED,10.3976,15.4264,5.9817,9.3078,8.0037,12.1697,1.1419,2.6511,1.312,1.504,31.5421,32.2032,1.1419,2.6511,5030.8921,7742.743,5.9817|8.0037|10.3976,9.3078|12.1697|15.4264,^GT:31.5421%0.7%19.700000000000003,^GT:5.9817%0.7%19.700000000000003%200%8.0037%0.7%19.700000000000003%300%10.3976%0.7%19.700000000000003%400,AIO
EFUSE_Q615S1BA_011_5_7,Q615S1BA1,X,Q615S1BA,011,5,7,Q615S1BA_011_5_7,,SDC2119,HDS2262,C101,8PL7CVA,Q615S1BA1,2026-08-11 10:51:32-07:00,202633,20.00,119325,NGXSDJXA0H80B002632,7,6,011T03,8B28421-D,EXABAHA008,101,1,1010001,1010000,1,101,UNDEFINED,10.3485,15.3714,5.9529,9.251,7.9772,12.1151,0.9092,2.6262,1.3966,1.4497,31.3971,32.2126,0.9092,2.6262,5017.3103,7715.3129,5.9529|7.9772|10.3485,9.251|12.1151|15.3714,^GT:31.3971%0.7%18.95,^GT:5.9529%0.7%18.95%200%7.9772%0.7%18.95%300%10.3485%0.7%18.95%400,AIO
EFUSE_Q615S1BA_011_5_8,Q615S1BA1,X,Q615S1BA,011,5,8,Q615S1BA_011_5_8,,SDC2119,HDS2262,C101,8PL7CVA,Q615S1BA1,2026-08-11 10:51:32-07:00,202633,20.00,119325,NGXSDJXA0H80B002632,1,8,011T02,8B28421-D,EXABAHA008,101,1,1010001,1010000,1,101,UNDEFINED,10.3463,15.3536,5.9165,9.2115,7.9694,12.0839,1.4848,2.5171,1.1602,1.3937,31.6414,32.3274,1.4848,2.5171,4964.8469,7647.1372,5.9165|7.9694|10.3463,9.2114|12.0839|15.3536,^GT:31.6414%0.7%19.200000000000003,^GT:5.9165%0.7%19.200000000000003%200%7.9694%0.7%19.200000000000003%300%10.3463%0.7%19.200000000000003%400,AIO
EFUSE_Q615S1BA_011_5_9,Q615S1BA1,X,Q615S1BA,011,5,9,Q615S1BA_011_5_9,,SDC2119,HDS2262,C101,8PL7CVA,Q615S1BA1,2026-08-11 10:51:32-07:00,202633,20.00,119325,NGXSDJXA0H80B002632,7,5,011T01,8B28421-D,EXABAHA008,101,1,1010001,1010000,1,101,UNDEFINED,10.2653,15.1989,5.8503,9.0679,7.8956,11.9262,0.69,2.4147,0.931,1.3034,31.5357,32.2684,0.69,2.4147,4916.3782,7593.3422,5.8503|7.8956|10.2653,9.0679|11.9262|15.1989,^GT:31.5357%0.7%19.15,^GT:5.8503%0.7%19.15%200%7.8956%0.7%19.15%300%10.2653%0.7%19.15%400,AIO
EFUSE_Q615S1BA_011_6_-1,Q615S1BA1,X,Q615S1BA,011,6,-1,Q615S1BA_011_6_-1,,SDC2119,HDS2262,C101,8PL7CVA,Q615S1BA1,2026-08-11 10:51:32-07:00,202633,20.00,119325,NGXSDJXA0H80B002632,5,15,011T02,8B28421-D,EXABAHA008,101,1,1010001,1010000,1,101,UNDEFINED,10.2877,15.2545,5.923,9.1893,7.9311,12.0368,0.8053,2.5921,1.0078,1.4372,31.1764,31.9221,0.8053,2.5921,4967.2437,7684.1545,5.923|7.9311|10.2877,9.1893|12.0368|15.2545,^GT:31.1764%0.7%19.6,^GT:5.923%0.7%19.6%200%7.9311%0.7%19.6%300%10.2877%0.7%19.6%400,AIO
EFUSE_Q615S1BA_011_6_-2,Q615S1BA1,X,Q615S1BA,011,6,-2,Q615S1BA_011_6_-2,,SDC2119,HDS2262,C101,8PL7CVA,Q615S1BA1,2026-08-11 10:51:32-07:00,202633,20.00,119325,NGXSDJXA0H80B002632,3,2,011T03,8B28421-D,EXABAHA008,101,1,1010001,1010000,1,101,UNDEFINED,10.2529,15.2238,5.8826,9.1507,7.903,12.0117,0.7656,2.5248,1.1832,1.3936,31.2164,31.9637,0.7656,2.5248,4947.8029,7675.0999,5.8826|7.903|10.2529,9.1507|12.0117|15.2238,^GT:31.2164%0.7%19.35,^GT:5.8826%0.7%19.35%200%7.903%0.7%19.35%300%10.2529%0.7%19.35%400,AIO
EFUSE_Q615S1BA_011_6_-3,Q615S1BA1,X,Q615S1BA,011,6,-3,Q615S1BA_011_6_-3,,SDC2119,HDS2262,C101,8PL7CVA,Q615S1BA1,2026-08-11 10:51:32-07:00,202633,20.00,119325,NGXSDJXA0H80B002632,3,5,011T01,8B28421-D,EXABAHA008,101,1,1010001,1010000,1,101,UNDEFINED,10.2266,15.1937,5.8546,9.1203,7.8708,11.9795,0.8473,2.5319,1.1069,1.3875,31.2286,31.9658,0.8473,2.5319,4932.6232,7649.8003,5.8546|7.8707|10.2266,9.1202|11.9795|15.1937,^GT:31.2286%0.7%19.700000000000003,^GT:5.8546%0.7%19.700000000000003%200%7.8707%0.7%19.700000000000003%300%10.2266%0.7%19.700000000000003%400,AIO
EFUSE_Q615S1BA_011_6_-4,Q615S1BA1,X,Q615S1BA,011,6,-4,Q615S1BA_011_6_-4,,SDC2119,HDS2262,C101,8PL7CVA,Q615S1BA1,2026-08-11 10:51:32-07:00,202633,20.00,119325,NGXSDJXA0H80B002632,5,5,011T02,8B28421-D,EXABAHA008,301,3,3010001,3030000,3,303,UNDEFINED,10.2081,15.2074,5.8298,9.1347,7.8529,11.976,1.3612,2.496,1.0517,1.3518,31.2736,31.9616,1.3612,2.496,4934.221,7635.1531,5.8298|7.8529|10.2081,9.1347|11.976|15.2074,^GT:31.2736%0.7%19.25,^GT:5.8298%0.7%19.25%200%7.8529%0.7%19.25%300%10.2081%0.7%19.25%400,AIO
EFUSE_Q615S1BA_011_6_-5,Q615S1BA1,X,Q615S1BA,011,6,-5,Q615S1BA_011_6_-5,,SDC2119,HDS2262,C101,8PL7CVA,Q615S1BA1,2026-08-11 10:51:32-07:00,202633,20.00,119325,NGXSDJXA0H80B002632,3,12,011T03,8B18438-D,EXABAHA008,101,1,1010001,1010000,1,101,UNDEFINED,10.3189,15.412,5.9405,9.3121,7.951,12.18,1.0657,2.6918,1.1601,1.4752,31.2743,32.1047,1.0657,2.6918,4987.4834,7684.9534,5.9405|7.951|10.3189,9.3121|12.18|15.412,^GT:31.2743%0.7%20,^GT:5.9405%0.7%20%200%7.951%0.7%20%300%10.3189%0.7%20%400,AIO
EFUSE_Q615S1BA_011_6_-6,Q615S1BA1,X,Q615S1BA,011,6,-6,Q615S1BA_011_6_-6,,SDC2119,HDS2262,C101,8PL7CVA,Q615S1BA1,2026-08-11 10:51:32-07:00,202633,20.00,119325,NGXSDJXA0H80B002632,2,3,011T01,8B18438-D,EXABAHA008,101,1,1010001,1010000,1,101,UNDEFINED,10.4251,15.5901,6.0262,9.4935,8.0519,12.3454,1.5031,2.8224,1.3674,1.5622,31.4207,32.0874,1.5031,2.8224,5009.8535,7708.6551,6.0262|8.0519|10.4251,9.4935|12.3454|15.5901,^GT:31.4207%0.7%20.450000000000003,^GT:6.0262%0.7%20.450000000000003%200%8.0519%0.7%20.450000000000003%300%10.4251%0.7%20.450000000000003%400,AIO
EFUSE_Q615S1BA_011_6_-7,Q615S1BA1,X,Q615S1BA,011,6,-7,Q615S1BA_011_6_-7,,SDC2119,HDS2262,C101,8PL7CVA,Q615S1BA1,2026-08-11 10:51:32-07:00,202633,20.00,119325,NGXSDJXA0H80B002632,7,13,011T02,8B18438-D,EXABAHA008,101,1,1010001,1010000,1,101,UNDEFINED,10.3956,15.5655,6.003,9.4479,8.0152,12.3129,1.6447,2.8042,1.2905,1.5511,31.3757,32.1984,1.6447,2.8042,4994.9401,7687.0839,6.003|8.0152|10.3956,9.4478|12.3129|15.5655,^GT:31.3757%0.7%20.05,^GT:6.003%0.7%20.05%200%8.0152%0.7%20.05%300%10.3956%0.7%20.05%400,AIO
EFUSE_Q615S1BA_011_6_-8,Q615S1BA1,X,Q615S1BA,011,6,-8,Q615S1BA_011_6_-8,,SDC2119,HDS2262,C101,8PL7CVA,Q615S1BA1,2026-08-11 10:51:32-07:00,202633,20.00,119325,NGXSDJXA0H80B002632,1,3,011T03,8B18438-D,EXABAHA008,101,1,1010001,1010000,1,101,UNDEFINED,10.3328,15.5103,5.9179,9.3691,7.9345,12.2452,0.8823,2.678,1.2318,1.4366,31.535,32.3221,0.8823,2.678,4893.2091,7553.3955,5.9179|7.9345|10.3328,9.3691|12.2452|15.5103,^GT:31.535%0.7%19.700000000000003,^GT:5.9179%0.7%19.700000000000003%200%7.9345%0.7%19.700000000000003%300%10.3328%0.7%19.700000000000003%400,AIO
EFUSE_Q615S1BA_011_6_-9,Q615S1BA1,X,Q615S1BA,011,6,-9,Q615S1BA_011_6_-9,,SDC2119,HDS2262,C101,8PL7CVA,Q615S1BA1,2026-08-11 10:51:32-07:00,202633,20.00,119325,NGXSDJXA0H80B002632,1,2,011T01,8B18438-D,EXABAHA008,301,3,3010001,3030000,3,303,UNDEFINED,10.1676,15.2433,5.7738,9.1298,7.8015,11.9874,0.8384,2.4939,1.0885,1.3043,31.385,32.1763,0.8384,2.4939,4811.4514,7468.4421,5.7737|7.8014|10.1676,9.1298|11.9874|15.2433,^GT:31.385%0.7%20.05,^GT:5.7737%0.7%20.05%200%7.8014%0.7%20.05%300%10.1676%0.7%20.05%400,AIO
EFUSE_Q615S1BA_011_6_0,Q615S1BA1,X,Q615S1BA,011,6,0,Q615S1BA_011_6_0,,SDC2119,HDS2262,C101,8PL7CVA,Q615S1BA1,2026-08-11 10:51:32-07:00,202633,20.00,119325,NGXSDJXA0H80B002632,4,6,011T01,8B18438-D,EXABAHA008,302,3,3020001,3030000,3,303,UNDEFINED,10.2695,15.2221,5.884,9.1409,7.9163,11.9922,0.7862,2.5546,1.2606,1.3981,31.325,32.0063,0.7862,2.5546,4940.8788,7646.6045,5.884|7.9163|10.2695,9.1409|11.9922|15.2221,^GT:31.325%0.7%19.9,^GT:5.884%0.7%19.9%200%7.9163%0.7%19.9%300%10.2695%0.7%19.9%400,AIO
EFUSE_Q615S1BA_011_6_1,Q615S1BA1,X,Q615S1BA,011,6,1,Q615S1BA_011_6_1,,SDC2119,HDS2262,C101,8PL7CVA,Q615S1BA1,2026-08-11 10:51:32-07:00,202633,20.00,119325,NGXSDJXA0H80B002632,5,6,011T03,8B18438-D,EXABAHA008,101,1,1010001,1010000,1,101,UNDEFINED,10.2527,15.1961,5.8721,9.1247,7.8973,11.9779,1.509,2.4936,1.0008,1.3843,31.29,31.9547,1.509,2.4936,4915.5792,7630.3595,5.8721|7.8973|10.2527,9.1247|11.9779|15.1961,^GT:31.29%0.7%20,^GT:5.8721%0.7%20%200%7.8973%0.7%20%300%10.2527%0.7%20%400,AIO
EFUSE_Q615S1BA_011_6_2,Q615S1BA1,X,Q615S1BA,011,6,2,Q615S1BA_011_6_2,,SDC2119,HDS2262,C101,8PL7CVA,Q615S1BA1,2026-08-11 10:51:32-07:00,202633,20.00,119325,NGXSDJXA0H80B002632,3,11,011T02,8B18438-D,EXABAHA008,101,1,1010001,1010000,1,101,UNDEFINED,10.2271,15.1731,5.854,9.099,7.8697,11.9405,0.7478,2.4616,1.1983,1.3475,31.2364,31.9689,0.7478,2.4616,4930.4927,7665.2463,5.854|7.8697|10.2271,9.099|11.9405|15.1731,^GT:31.2364%0.7%19.799999999999997,^GT:5.854%0.7%19.799999999999997%200%7.8697%0.7%19.799999999999997%300%10.2271%0.7%19.799999999999997%400,AIO
EFUSE_Q615S1BA_011_6_3,Q615S1BA1,X,Q615S1BA,011,6,3,Q615S1BA_011_6_3,,SDC2119,HDS2262,C101,8PL7CVA,Q615S1BA1,2026-08-11 10:51:32-07:00,202633,20.00,119325,NGXSDJXA0H80B002632,6,1,011T01,8B28421-D,EXABAHA008,101,1,1010001,1010000,1,101,UNDEFINED,10.1827,15.109,5.8215,9.0496,7.8382,11.8962,1.6394,2.4513,1.2701,1.3205,31.1514,31.8916,1.6394,2.4513,4935.8189,7674.3009,5.8215|7.8382|10.1827,9.0496|11.8962|15.109,^GT:31.1514%0.7%19.25,^GT:5.8215%0.7%19.25%200%7.8382%0.7%19.25%300%10.1827%0.7%19.25%400,AIO
EFUSE_Q615S1BA_011_6_4,Q615S1BA1,X,Q615S1BA,011,6,4,Q615S1BA_011_6_4,,SDC2119,HDS2262,C101,8PL7CVA,Q615S1BA1,2026-08-11 10:51:32-07:00,202633,20.00,119325,NGXSDJXA0H80B002632,6,5,011T03,8B28421-D,EXABAHA008,101,1,1010001,1010000,1,101,UNDEFINED,10.2808,15.2756,5.8917,9.1791,7.9086,12.049,1.072,2.5377,1.3044,1.3964,31.3507,32.0868,1.072,2.5377,4985.6192,7723.5686,5.8917|7.9086|10.2808,9.1791|12.049|15.2756,^GT:31.3507%0.7%19.85,^GT:5.8917%0.7%19.85%200%7.9086%0.7%19.85%300%10.2808%0.7%19.85%400,AIO
EFUSE_Q615S1BA_011_6_5,Q615S1BA1,X,Q615S1BA,011,6,5,Q615S1BA_011_6_5,,SDC2119,HDS2262,C101,8PL7CVA,Q615S1BA1,2026-08-11 10:51:32-07:00,202633,20.00,119325,NGXSDJXA0H80B002632,2,19,011T02,8B18438-D,EXABAHA008,101,1,1010001,1010000,1,101,UNDEFINED,10.3721,15.4331,5.9859,9.332,8.0084,12.1975,1.5649,2.6785,1.0888,1.5026,31.33,32.1116,1.5649,2.6784,5052.7297,7773.1025,5.9859|8.0084|10.3721,9.3319|12.1975|15.4331,^GT:31.33%0.7%19.700000000000003,^GT:5.9859%0.7%19.700000000000003%200%8.0084%0.7%19.700000000000003%300%10.3721%0.7%19.700000000000003%400,AIO
EFUSE_Q615S1BA_011_6_6,Q615S1BA1,X,Q615S1BA,011,6,6,Q615S1BA_011_6_6,,SDC2119,HDS2262,C101,8PL7CVA,Q615S1BA1,2026-08-11 10:51:32-07:00,202633,20.00,119325,NGXSDJXA0H80B002632,6,9,011T01,8B28421-D,EXABAHA008,101,1,1010001,1010000,1,101,UNDEFINED,10.4153,15.466,5.9907,9.3404,8.0263,12.199,0.9623,2.6699,1.1524,1.4899,31.6043,32.24,0.9623,2.6699,5059.1212,7770.7057,5.9907|8.0263|10.4153,9.3404|12.199|15.466,^GT:31.6043%0.7%19.05,^GT:5.9907%0.7%19.05%200%8.0263%0.7%19.05%300%10.4153%0.7%19.05%400,AIO
EFUSE_Q615S1BA_011_6_7,Q615S1BA1,X,Q615S1BA,011,6,7,Q615S1BA_011_6_7,,SDC2119,HDS2262,C101,8PL7CVA,Q615S1BA1,2026-08-11 10:51:32-07:00,202633,20.00,119325,NGXSDJXA0H80B002632,7,5,011T03,8B18438-D,EXABAHA008,301,3,3010001,3030000,3,303,UNDEFINED,10.4183,15.4709,5.9929,9.319,8.0272,12.2004,1.8205,2.626,1.0517,1.4722,31.6107,32.3784,1.8205,2.626,5000.7989,7695.6059,5.9928|8.0272|10.4183,9.319|12.2004|15.4709,^GT:31.6107%0.7%19.8,^GT:5.9928%0.7%19.8%200%8.0272%0.7%19.8%300%10.4183%0.7%19.8%400,AIO
EFUSE_Q615S1BA_011_6_8,Q615S1BA1,X,Q615S1BA,011,6,8,Q615S1BA_011_6_8,,SDC2119,HDS2262,C101,8PL7CVA,Q615S1BA1,2026-08-11 10:51:32-07:00,202633,20.00,119325,NGXSDJXA0H80B002632,1,9,011T02,8B28421-D,EXABAHA008,101,1,1010001,1010000,1,101,UNDEFINED,10.3961,15.4106,5.9654,9.2499,8.001,12.1379,1.4893,2.5758,1.2497,1.4345,31.6486,32.4247,1.4893,2.5758,4986.4181,7672.9694,5.9653|8.001|10.3961,9.2499|12.1379|15.4106,^GT:31.6486%0.7%19.05,^GT:5.9653%0.7%19.05%200%8.001%0.7%19.05%300%10.3961%0.7%19.05%400,AIO
EFUSE_Q615S1BA_011_6_9,Q615S1BA1,X,Q615S1BA,011,6,9,Q615S1BA_011_6_9,,SDC2119,HDS2262,C101,8PL7CVA,Q615S1BA1,2026-08-11 10:51:32-07:00,202633,20.00,119325,NGXSDJXA0H80B002632,7,4,011T01,8B28421-D,EXABAHA008,301,3,3010001,3030000,3,303,UNDEFINED,10.2498,15.1272,5.8447,9.0135,7.8762,11.8564,0.8883,2.3465,1.2566,1.3073,31.465,32.1774,0.8883,2.3465,4906.2583,7584.2876,5.8447|7.8762|10.2498,9.0135|11.8564|15.1272,^GT:31.465%0.7%19.45,^GT:5.8447%0.7%19.45%200%7.8762%0.7%19.45%300%10.2498%0.7%19.45%400,AIO
EFUSE_Q615S1BA_011_7_-1,Q615S1BA1,X,Q615S1BA,011,7,-1,Q615S1BA_011_7_-1,,SDC2119,HDS2262,C101,8PL7CVA,Q615S1BA1,2026-08-11 10:51:32-07:00,202633,20.00,119325,NGXSDJXA0H80B002632,5,14,011T02,8B18438-D,EXABAHA008,101,1,1010001,1010000,1,101,UNDEFINED,10.3144,15.373,5.9304,9.2584,7.9437,12.1382,1.476,2.611,1.0576,1.439,31.3143,32.1821,1.476,2.611,4942.4767,7645.5393,5.9304|7.9437|10.3144,9.2584|12.1382|15.373,^GT:31.3143%0.7%19.700000000000003,^GT:5.9304%0.7%19.700000000000003%200%7.9437%0.7%19.700000000000003%300%10.3144%0.7%19.700000000000003%400,AIO
EFUSE_Q615S1BA_011_7_-2,Q615S1BA1,X,Q615S1BA,011,7,-2,Q615S1BA_011_7_-2,,SDC2119,HDS2262,C101,8PL7CVA,Q615S1BA1,2026-08-11 10:51:32-07:00,202633,20.00,119325,NGXSDJXA0H80B002632,3,3,011T03,8B28421-D,EXABAHA008,101,1,1010001,1010000,1,101,UNDEFINED,10.2546,15.2689,5.875,9.1824,7.9052,12.0432,1.7369,2.574,1.0193,1.3828,31.2829,32.0342,1.7369,2.574,4935.5526,7647.6698,5.875|7.9052|10.2546,9.1824|12.0432|15.2689,^GT:31.2829%0.7%19.05,^GT:5.875%0.7%19.05%200%7.9052%0.7%19.05%300%10.2546%0.7%19.05%400,AIO
EFUSE_Q615S1BA_011_7_-3,Q615S1BA1,X,Q615S1BA,011,7,-3,Q615S1BA_011_7_-3,,SDC2119,HDS2262,C101,8PL7CVA,Q615S1BA1,2026-08-11 10:51:32-07:00,202633,20.00,119325,NGXSDJXA0H80B002632,3,4,011T01,8B28421-D,EXABAHA008,101,1,1010001,1010000,1,101,UNDEFINED,10.252,15.2848,5.8707,9.1835,7.8974,12.0605,0.7724,2.5577,1.1453,1.3893,31.295,32.1121,0.7724,2.5577,4958.988,7659.1212,5.8707|7.8974|10.252,9.1835|12.0605|15.2848,^GT:31.295%0.7%18.85,^GT:5.8707%0.7%18.85%200%7.8974%0.7%18.85%300%10.252%0.7%18.85%400,AIO
EFUSE_Q615S1BA_011_7_-4,Q615S1BA1,X,Q615S1BA,011,7,-4,Q615S1BA_011_7_-4,,SDC2119,HDS2262,C101,8PL7CVA,Q615S1BA1,2026-08-11 10:51:32-07:00,202633,20.00,119325,NGXSDJXA0H80B002632,5,6,011T02,8B18438-D,EXABAHA008,101,1,1010001,1010000,1,101,UNDEFINED,10.3316,15.4185,5.9261,9.3159,7.9558,12.1778,1.7128,2.6668,1.0659,1.4638,31.4679,32.1189,1.7128,2.6668,4978.4288,7686.285,5.9261|7.9557|10.3316,9.3159|12.1778|15.4185,^GT:31.4679%0.7%19.450000000000003,^GT:5.9261%0.7%19.450000000000003%200%7.9557%0.7%19.450000000000003%300%10.3316%0.7%19.450000000000003%400,AIO
EFUSE_Q615S1BA_011_7_-5,Q615S1BA1,X,Q615S1BA,011,7,-5,Q615S1BA_011_7_-5,,SDC2119,HDS2262,C101,8PL7CVA,Q615S1BA1,2026-08-11 10:51:32-07:00,202633,20.00,119325,NGXSDJXA0H80B002632,3,11,011T03,8B18438-D,EXABAHA008,101,1,1010001,1010000,1,101,UNDEFINED,10.3871,15.5105,5.975,9.3924,8.0051,12.2697,1.7549,2.7894,1.0929,1.5218,31.515,32.2005,1.7549,2.7894,4998.6684,7691.3449,5.975|8.0051|10.3871,9.3924|12.2697|15.5105,^GT:31.515%0.7%19.6,^GT:5.975%0.7%19.6%200%8.0051%0.7%19.6%300%10.3871%0.7%19.6%400,AIO
EFUSE_Q615S1BA_011_7_-6,Q615S1BA1,X,Q615S1BA,011,7,-6,Q615S1BA_011_7_-6,,SDC2119,HDS2262,C101,8PL7CVA,Q615S1BA1,2026-08-11 10:51:32-07:00,202633,20.00,119325,NGXSDJXA0H80B002632,2,2,011T01,8B28421-D,EXABAHA008,101,1,1010001,1010000,1,101,UNDEFINED,10.3984,15.5603,5.9972,9.4309,8.0295,12.3009,0.8442,2.8086,1.3895,1.5267,31.4371,32.26,0.8442,2.8086,5002.1305,7700.1332,5.9972|8.0295|10.3984,9.4309|12.3009|15.5603,^GT:31.4371%0.7%19.05,^GT:5.9972%0.7%19.05%200%8.0295%0.7%19.05%300%10.3984%0.7%19.05%400,AIO
EFUSE_Q615S1BA_011_7_-7,Q615S1BA1,X,Q615S1BA,011,7,-7,Q615S1BA_011_7_-7,,SDC2119,HDS2262,C101,8PL7CVA,Q615S1BA1,2026-08-11 10:51:32-07:00,202633,20.00,119325,NGXSDJXA0H80B002632,7,12,011T02,8B18438-D,EXABAHA008,101,1,1010001,1010000,1,101,UNDEFINED,10.3948,15.5908,5.9784,9.4269,7.9999,12.3064,1.7239,2.7408,1.3365,1.4867,31.5457,32.4416,1.7239,2.7408,4940.8788,7609.5872,5.9784|7.9999|10.3948,9.4269|12.3064|15.5908,^GT:31.5457%0.7%19.9,^GT:5.9784%0.7%19.9%200%7.9999%0.7%19.9%300%10.3948%0.7%19.9%400,AIO
EFUSE_Q615S1BA_011_7_-8,Q615S1BA1,X,Q615S1BA,011,7,-8,Q615S1BA_011_7_-8,,SDC2119,HDS2262,C101,8PL7CVA,Q615S1BA1,2026-08-11 10:51:32-07:00,202633,20.00,119325,NGXSDJXA0H80B002632,1,4,011T03,8B28421-D,EXABAHA008,301,3,3010001,3030000,3,303,UNDEFINED,10.2291,15.3112,5.828,9.1943,7.8655,12.0553,1.3844,2.5542,1.1587,1.34,31.4364,32.1942,1.3844,2.5542,4863.6485,7521.9707,5.828|7.8655|10.2291,9.1943|12.0553|15.3112,^GT:31.4364%0.7%19.15,^GT:5.828%0.7%19.15%200%7.8655%0.7%19.15%300%10.2291%0.7%19.15%400,AIO
EFUSE_Q615S1BA_011_7_0,Q615S1BA1,X,Q615S1BA,011,7,0,Q615S1BA_011_7_0,,SDC2119,HDS2262,C101,8PL7CVA,Q615S1BA1,2026-08-11 10:51:32-07:00,202633,20.00,119325,NGXSDJXA0H80B002632,4,5,011T01,8B18438-D,EXABAHA008,101,1,1010001,1010000,1,101,UNDEFINED,10.3255,15.3714,5.9382,9.2668,7.9613,12.118,0.8528,2.6622,1.2155,1.4811,31.3386,32.1295,0.8528,2.6622,4964.8469,7670.0399,5.9381|7.9613|10.3255,9.2668|12.118|15.3714,^GT:31.3386%0.7%19.700000000000003,^GT:5.9381%0.7%19.700000000000003%200%7.9613%0.7%19.700000000000003%300%10.3255%0.7%19.700000000000003%400,AIO
EFUSE_Q615S1BA_011_7_1,Q615S1BA1,X,Q615S1BA,011,7,1,Q615S1BA_011_7_1,,SDC2119,HDS2262,C101,8PL7CVA,Q615S1BA1,2026-08-11 10:51:32-07:00,202633,20.00,119325,NGXSDJXA0H80B002632,5,5,011T03,8B28421-D,EXABAHA008,101,1,1010001,1010000,1,101,UNDEFINED,10.2982,15.3098,5.9072,9.2182,7.9433,12.0667,0.8257,2.6062,1.023,1.4197,31.3643,32.0611,0.8257,2.6062,4953.1292,7664.7137,5.9072|7.9432|10.2982,9.2182|12.0667|15.3098,^GT:31.3643%0.7%19,^GT:5.9072%0.7%19%200%7.9432%0.7%19%300%10.2982%0.7%19%400,AIO
EFUSE_Q615S1BA_011_7_2,Q615S1BA1,X,Q615S1BA,011,7,2,Q615S1BA_011_7_2,,SDC2119,HDS2262,C101,8PL7CVA,Q615S1BA1,2026-08-11 10:51:32-07:00,202633,20.00,119325,NGXSDJXA0H80B002632,3,12,011T02,8B28421-D,EXABAHA008,101,1,1010001,1010000,1,101,UNDEFINED,10.3013,15.3156,5.9125,9.2135,7.9281,12.0821,0.9857,2.5749,1.3274,1.4083,31.3486,32.1168,0.9857,2.5749,4960.3196,7687.0839,5.9125|7.9281|10.3013,9.2134|12.0821|15.3156,^GT:31.3486%0.7%18.9,^GT:5.9125%0.7%18.9%200%7.9281%0.7%18.9%300%10.3013%0.7%18.9%400,AIO
EFUSE_Q615S1BA_011_7_3,Q615S1BA1,X,Q615S1BA,011,7,3,Q615S1BA_011_7_3,,SDC2119,HDS2262,C101,8PL7CVA,Q615S1BA1,2026-08-11 10:51:32-07:00,202633,20.00,119325,NGXSDJXA0H80B002632,6,2,011T01,8B28421-D,EXABAHA008,101,1,1010001,1010000,1,101,UNDEFINED,10.3365,15.3917,5.9436,9.2769,7.9777,12.1469,1.4201,2.6078,1.0629,1.4362,31.3779,32.1832,1.4201,2.6078,4985.8855,7708.3888,5.9436|7.9777|10.3365,9.2769|12.1469|15.3917,^GT:31.3779%0.7%19.25,^GT:5.9436%0.7%19.25%200%7.9777%0.7%19.25%300%10.3365%0.7%19.25%400,AIO
EFUSE_Q615S1BA_011_7_4,Q615S1BA1,X,Q615S1BA,011,7,4,Q615S1BA_011_7_4,B82020000_FAIL_SCN_GT_GXX_CTRL_X_GFXAGG_K_BEGIN_X_X_X_X_X_EVALUATE_4,SDC2119,HDS2262,C101,8PL7CVA,Q615S1BA1,2026-08-11 10:51:32-07:00,202633,20.00,119325,NGXSDJXA0H80B002632,6,4,011T03,8B28421-D,EXABAHA008,8202,82,82020000,82020000,82,8202,UNDEFINED,10.3995,15.4732,5.9899,9.351,8.0228,12.2151,1.6229,2.6715,1.3214,1.4945,31.4971,32.2221,1.6229,2.6715,5045.8056,7762.4501,5.9899|8.0228|10.3995,9.351|12.2151|15.4732,^GT:31.4971%0.7%19.05,^GT:5.9899%0.7%19.05%200%8.0228%0.7%19.05%300%10.3995%0.7%19.05%400,AIO
EFUSE_Q615S1BA_011_7_5,Q615S1BA1,X,Q615S1BA,011,7,5,Q615S1BA_011_7_5,,SDC2119,HDS2262,C101,8PL7CVA,Q615S1BA1,2026-08-11 10:51:32-07:00,202633,20.00,119325,NGXSDJXA0H80B002632,3,19,011T02,8B28421-D,EXABAHA008,101,1,1010001,1010000,1,101,UNDEFINED,10.436,15.5561,6.0351,9.4226,8.0679,12.2929,0.8906,2.7745,1.4081,1.5414,31.435,32.2816,0.8906,2.7745,5063.6485,7782.4234,6.0351|8.0679|10.436,9.4226|12.2929|15.5561,^GT:31.435%0.7%19.35,^GT:6.0351%0.7%19.35%200%8.0679%0.7%19.35%300%10.436%0.7%19.35%400,AIO
EFUSE_Q615S1BA_011_7_6,Q615S1BA1,X,Q615S1BA,011,7,6,Q615S1BA_011_7_6,,SDC2119,HDS2262,C101,8PL7CVA,Q615S1BA1,2026-08-11 10:51:32-07:00,202633,20.00,119325,NGXSDJXA0H80B002632,6,8,011T01,8B28421-D,EXABAHA008,101,1,1010001,1010000,1,101,UNDEFINED,10.4354,15.5351,6.0123,9.367,8.0439,12.2546,1.6616,2.6928,1.171,1.4954,31.5936,32.4637,1.6615,2.6928,5020.2397,7716.9108,6.0123|8.0439|10.4354,9.367|12.2546|15.5351,^GT:31.5936%0.7%19.15,^GT:6.0123%0.7%19.15%200%8.0439%0.7%19.15%300%10.4354%0.7%19.15%400,AIO
EFUSE_Q615S1BA_011_7_7,Q615S1BA1,X,Q615S1BA,011,7,7,Q615S1BA_011_7_7,B82020000_FAIL_SCN_GT_GXX_CTRL_X_GFXAGG_K_BEGIN_X_X_X_X_X_EVALUATE_4,SDC2119,HDS2262,C101,8PL7CVA,Q615S1BA1,2026-08-11 10:51:32-07:00,202633,20.00,119325,NGXSDJXA0H80B002632,7,4,011T03,8B18438-D,EXABAHA008,8202,82,82020000,82020000,82,8202,UNDEFINED,10.3883,15.4295,5.9752,9.2826,8.0026,12.1707,1.5231,2.6399,1.1273,1.4482,31.5221,32.3521,1.5231,2.6398,4987.4834,7681.7577,5.9752|8.0026|10.3883,9.2826|12.1707|15.4295,^GT:31.5221%0.7%19.700000000000003,^GT:5.9752%0.7%19.700000000000003%200%8.0026%0.7%19.700000000000003%300%10.3883%0.7%19.700000000000003%400,AIO
EFUSE_Q615S1BA_011_7_8,Q615S1BA1,X,Q615S1BA,011,7,8,Q615S1BA_011_7_8,,SDC2119,HDS2262,C101,8PL7CVA,Q615S1BA1,2026-08-11 10:51:32-07:00,202633,20.00,119325,NGXSDJXA0H80B002632,1,10,011T02,8B18438-D,EXABAHA008,101,1,1010001,1010000,1,101,UNDEFINED,10.3595,15.3219,5.9541,9.1877,7.9832,12.0404,0.9941,2.5187,1.1273,1.4152,31.4671,32.2853,0.9941,2.5187,4941.1451,7618.9081,5.9541|7.9832|10.3595,9.1877|12.0404|15.3219,^GT:31.4671%0.7%19.65,^GT:5.9541%0.7%19.65%200%7.9832%0.7%19.65%300%10.3595%0.7%19.65%400,AIO
EFUSE_Q615S1BA_011_8_-1,Q615S1BA1,X,Q615S1BA,011,8,-1,Q615S1BA_011_8_-1,,SDC2119,HDS2262,C101,8PL7CVA,Q615S1BA1,2026-08-11 10:51:32-07:00,202633,20.00,119325,NGXSDJXA0H80B002632,5,13,011T02,8B28421-D,EXABAHA008,101,1,1010001,1010000,1,101,UNDEFINED,10.3601,15.4683,5.9527,9.353,7.9909,12.2182,0.9779,2.6784,1.204,1.4767,31.4814,32.1858,0.9779,2.6784,4977.3635,7671.9041,5.9527|7.9909|10.3601,9.353|12.2182|15.4683,^GT:31.4814%0.7%19.299999999999997,^GT:5.9527%0.7%19.299999999999997%200%7.9909%0.7%19.299999999999997%300%10.3601%0.7%19.299999999999997%400,AIO
EFUSE_Q615S1BA_011_8_-2,Q615S1BA1,X,Q615S1BA,011,8,-2,Q615S1BA_011_8_-2,,SDC2119,HDS2262,C101,8PL7CVA,Q615S1BA1,2026-08-11 10:51:32-07:00,202633,20.00,119325,NGXSDJXA0H80B002632,3,4,011T03,8B18438-D,EXABAHA008,302,3,3020001,3030000,3,303,UNDEFINED,10.3706,15.4879,5.9721,9.3602,7.9994,12.2312,1.7343,2.6793,1.3701,1.4814,31.4179,32.2511,1.7343,2.6793,4976.5646,7662.3169,5.9721|7.9994|10.3706,9.3602|12.2312|15.4879,^GT:31.4179%0.7%19.799999999999997,^GT:5.9721%0.7%19.799999999999997%200%7.9994%0.7%19.799999999999997%300%10.3706%0.7%19.799999999999997%400,AIO
EFUSE_Q615S1BA_011_8_-3,Q615S1BA1,X,Q615S1BA,011,8,-3,Q615S1BA_011_8_-3,,SDC2119,HDS2262,C101,8PL7CVA,Q615S1BA1,2026-08-11 10:51:32-07:00,202633,20.00,119325,NGXSDJXA0H80B002632,3,3,011T01,8B28421-D,EXABAHA008,301,3,3010001,3030000,3,303,UNDEFINED,10.379,15.5094,5.9721,9.3629,7.991,12.2455,1.6784,2.6823,1.2904,1.4776,31.4786,32.35,1.6784,2.6823,4956.0586,7650.0666,5.972|7.991|10.379,9.3629|12.2455|15.5094,^GT:31.4786%0.7%19.9,^GT:5.972%0.7%19.9%200%7.991%0.7%19.9%300%10.379%0.7%19.9%400,AIO
EFUSE_Q615S1BA_011_8_-4,Q615S1BA1,X,Q615S1BA,011,8,-4,Q615S1BA_011_8_-4,,SDC2119,HDS2262,C101,8PL7CVA,Q615S1BA1,2026-08-11 10:51:32-07:00,202633,20.00,119325,NGXSDJXA0H80B002632,5,7,011T02,8B28421-D,EXABAHA008,101,1,1010001,1010000,1,101,UNDEFINED,10.3145,15.3934,5.8953,9.2762,7.9273,12.1402,0.9691,2.6138,1.0581,1.389,31.5657,32.1958,0.9691,2.6138,4950.1997,7638.3489,5.8953|7.9273|10.3145,9.2762|12.1402|15.3934,^GT:31.5657%0.7%18.95,^GT:5.8953%0.7%18.95%200%7.9273%0.7%18.95%300%10.3145%0.7%18.95%400,AIO
EFUSE_Q615S1BA_011_8_-5,Q615S1BA1,X,Q615S1BA,011,8,-5,Q615S1BA_011_8_-5,,SDC2119,HDS2262,C101,8PL7CVA,Q615S1BA1,2026-08-11 10:51:32-07:00,202633,20.00,119325,NGXSDJXA0H80B002632,3,10,011T03,8B18438-D,EXABAHA008,101,1,1010001,1010000,1,101,UNDEFINED,10.3301,15.4422,5.9192,9.3026,7.9459,12.1834,0.7618,2.6381,1.0121,1.4241,31.5064,32.3137,0.7618,2.6381,4927.2969,7601.3316,5.9192|7.9459|10.3301,9.3026|12.1834|15.4422,^GT:31.5064%0.7%19.799999999999997,^GT:5.9192%0.7%19.799999999999997%200%7.9459%0.7%19.799999999999997%300%10.3301%0.7%19.799999999999997%400,AIO
EFUSE_Q615S1BA_011_8_-6,Q615S1BA1,X,Q615S1BA,011,8,-6,Q615S1BA_011_8_-6,,SDC2119,HDS2262,C101,8PL7CVA,Q615S1BA1,2026-08-11 10:51:32-07:00,202633,20.00,119325,NGXSDJXA0H80B002632,2,1,011T01,8B28421-D,EXABAHA008,201,2,2010001,2020000,2,202,UNDEFINED,10.3233,15.4238,5.9014,9.2958,7.9321,12.159,0.8593,2.6228,1.1556,1.4179,31.585,32.2526,0.8593,2.6228,4920.6391,7591.478,5.9014|7.9321|10.3233,9.2958|12.159|15.4238,^GT:31.585%0.7%19.65,^GT:5.9014%0.7%19.65%200%7.9321%0.7%19.65%300%10.3233%0.7%19.65%400,AIO
EFUSE_Q615S1BA_011_8_-7,Q615S1BA1,X,Q615S1BA,011,8,-7,Q615S1BA_011_8_-7,,SDC2119,HDS2262,C101,8PL7CVA,Q615S1BA1,2026-08-11 10:51:32-07:00,202633,20.00,119325,NGXSDJXA0H80B002632,7,11,011T02,8B28421-D,EXABAHA008,201,2,2010001,2020000,2,202,UNDEFINED,10.2289,15.3186,5.8273,9.2046,7.8575,12.0611,0.8187,2.5365,1.2732,1.336,31.44,32.1789,0.8187,2.5365,4861.7843,7532.3569,5.8273|7.8575|10.2289,9.2046|12.0611|15.3186,^GT:31.44%0.7%19.45,^GT:5.8273%0.7%19.45%200%7.8575%0.7%19.45%300%10.2289%0.7%19.45%400,AIO
EFUSE_Q615S1BA_011_8_-8,Q615S1BA1,X,Q615S1BA,011,8,-8,Q615S1BA_011_8_-8,B82020000_FAIL_SCN_GT_GXX_CTRL_X_GFXAGG_K_BEGIN_X_X_X_X_X_EVALUATE_4,SDC2119,HDS2262,C101,8PL7CVA,Q615S1BA1,2026-08-11 10:51:32-07:00,202633,20.00,119325,NGXSDJXA0H80B002632,1,5,011T03,8B28421-D,EXABAHA008,8202,82,82020000,82020000,82,8202,UNDEFINED,10.0399,14.9689,5.6445,8.8786,7.6731,11.722,0.5367,2.2471,0.8089,1.1335,31.3957,32.0542,0.5367,2.2471,4714.514,7330.759,5.6445|7.6731|10.0399,8.8786|11.722|14.9689,^GT:31.3957%0.7%19.35,^GT:5.6445%0.7%19.35%200%7.6731%0.7%19.35%300%10.0399%0.7%19.35%400,AIO
EFUSE_Q615S1BA_011_8_0,Q615S1BA1,X,Q615S1BA,011,8,0,Q615S1BA_011_8_0,,SDC2119,HDS2262,C101,8PL7CVA,Q615S1BA1,2026-08-11 10:51:32-07:00,202633,20.00,119325,NGXSDJXA0H80B002632,4,4,011T01,8B18438-D,EXABAHA008,101,1,1010001,1010000,1,101,UNDEFINED,10.3653,15.48,5.9739,9.3693,8.0026,12.2308,0.8934,2.6989,1.1,1.4918,31.3671,32.1616,0.8934,2.6989,4972.3036,7665.5126,5.9739|8.0025|10.3653,9.3693|12.2308|15.48,^GT:31.3671%0.7%19.799999999999997,^GT:5.9739%0.7%19.799999999999997%200%8.0025%0.7%19.799999999999997%300%10.3653%0.7%19.799999999999997%400,AIO
EFUSE_Q615S1BA_011_8_1,Q615S1BA1,X,Q615S1BA,011,8,1,Q615S1BA_011_8_1,,SDC2119,HDS2262,C101,8PL7CVA,Q615S1BA1,2026-08-11 10:51:32-07:00,202633,20.00,119325,NGXSDJXA0H80B002632,5,4,011T03,8B18438-D,EXABAHA008,101,1,1010001,1010000,1,101,UNDEFINED,10.3632,15.4357,5.9628,9.3315,7.9929,12.1978,1.5965,2.6918,1.069,1.4947,31.4314,32.1274,1.5965,2.6918,4973.1025,7675.8988,5.9628|7.9929|10.3632,9.3315|12.1978|15.4357,^GT:31.4314%0.7%19.75,^GT:5.9628%0.7%19.75%200%7.9929%0.7%19.75%300%10.3632%0.7%19.75%400,AIO
EFUSE_Q615S1BA_011_8_2,Q615S1BA1,X,Q615S1BA,011,8,2,Q615S1BA_011_8_2,,SDC2119,HDS2262,C101,8PL7CVA,Q615S1BA1,2026-08-11 10:51:32-07:00,202633,20.00,119325,NGXSDJXA0H80B002632,3,13,011T02,8B28421-D,EXABAHA008,101,1,1010001,1010000,1,101,UNDEFINED,10.3665,15.4413,5.9565,9.3156,7.9933,12.1948,1.4849,2.6278,1.228,1.4567,31.5,32.2405,1.4849,2.6278,4973.6352,7665.5126,5.9565|7.9933|10.3665,9.3156|12.1948|15.4413,^GT:31.5%0.7%19.35,^GT:5.9565%0.7%19.35%200%7.9933%0.7%19.35%300%10.3665%0.7%19.35%400,AIO
EFUSE_Q615S1BA_011_8_3,Q615S1BA1,X,Q615S1BA,011,8,3,Q615S1BA_011_8_3,,SDC2119,HDS2262,C101,8PL7CVA,Q615S1BA1,2026-08-11 10:51:32-07:00,202633,20.00,119325,NGXSDJXA0H80B002632,6,3,011T01,8B28421-D,EXABAHA008,101,1,1010001,1010000,1,101,UNDEFINED,10.4177,15.5147,5.989,9.3732,8.0165,12.2387,0.9457,2.6676,1.0847,1.4832,31.6336,32.3237,0.9457,2.6675,4986.9507,7698.8016,5.989|8.0165|10.4177,9.3732|12.2387|15.5147,^GT:31.6336%0.7%19.5,^GT:5.989%0.7%19.5%200%8.0165%0.7%19.5%300%10.4177%0.7%19.5%400,AIO
EFUSE_Q615S1BA_011_8_4,Q615S1BA1,X,Q615S1BA,011,8,4,Q615S1BA_011_8_4,,SDC2119,HDS2262,C101,8PL7CVA,Q615S1BA1,2026-08-11 10:51:32-07:00,202633,20.00,119325,NGXSDJXA0H80B002632,6,3,011T03,8B28421-D,EXABAHA008,301,3,3010001,3030000,3,303,UNDEFINED,10.4564,15.6079,6.0235,9.4312,8.0574,12.3172,1.7726,2.7242,1.1762,1.5181,31.6636,32.5089,1.7726,2.7241,5020.2397,7718.2423,6.0235|8.0574|10.4564,9.4312|12.3172|15.6079,^GT:31.6636%0.7%19.6,^GT:6.0235%0.7%19.6%200%8.0574%0.7%19.6%300%10.4564%0.7%19.6%400,AIO
EFUSE_Q615S1BA_011_8_5,Q615S1BA1,X,Q615S1BA,011,8,5,Q615S1BA_011_8_5,,SDC2119,HDS2262,C101,8PL7CVA,Q615S1BA1,2026-08-11 10:51:32-07:00,202633,20.00,119325,NGXSDJXA0H80B002632,3,18,011T02,8B28421-D,EXABAHA008,301,3,3010001,3030000,3,303,UNDEFINED,10.43,15.5379,6.0095,9.3652,8.0204,12.2569,0.9805,2.658,1.1745,1.476,31.575,32.4879,0.9805,2.658,4996.0053,7671.9041,6.0095|8.0204|10.43,9.3652|12.2569|15.5379,^GT:31.575%0.7%19.55,^GT:6.0095%0.7%19.55%200%8.0204%0.7%19.55%300%10.43%0.7%19.55%400,AIO
EFUSE_Q615S1BA_011_8_6,Q615S1BA1,X,Q615S1BA,011,8,6,Q615S1BA_011_8_6,,SDC2119,HDS2262,C101,8PL7CVA,Q615S1BA1,2026-08-11 10:51:32-07:00,202633,20.00,119325,NGXSDJXA0H80B002632,6,7,011T01,8B28421-D,EXABAHA008,201,2,2010001,2020000,2,202,UNDEFINED,10.3355,15.3858,5.9311,9.2284,7.9311,12.1065,1.6464,2.5383,1.1919,1.3848,31.46,32.4074,1.6464,2.5383,4950.466,7640.213,5.9311|7.9311|10.3355,9.2284|12.1065|15.3858,^GT:31.46%0.7%19.6,^GT:5.9311%0.7%19.6%200%7.9311%0.7%19.6%300%10.3355%0.7%19.6%400,AIO
EFUSE_Q615S1BA_011_8_7,Q615S1BA1,X,Q615S1BA,011,8,7,Q615S1BA_011_8_7,,SDC2119,HDS2262,C101,8PL7CVA,Q615S1BA1,2026-08-11 10:51:32-07:00,202633,20.00,119325,NGXSDJXA0H80B002632,7,3,011T03,8B18438-D,EXABAHA008,301,3,3010001,3030000,3,303,UNDEFINED,10.2416,15.1716,5.8306,9.0461,7.8578,11.8945,1.1518,2.3781,0.9831,1.2822,31.5071,32.2395,1.1518,2.3781,4870.5726,7533.4221,5.8306|7.8578|10.2416,9.0461|11.8945|15.1716,^GT:31.5071%0.7%19.700000000000003,^GT:5.8306%0.7%19.700000000000003%200%7.8578%0.7%19.700000000000003%300%10.2416%0.7%19.700000000000003%400,AIO
EFUSE_Q615S1BA_011_9_-1,Q615S1BA1,X,Q615S1BA,011,9,-1,Q615S1BA_011_9_-1,,SDC2119,HDS2262,C101,8PL7CVA,Q615S1BA1,2026-08-11 10:51:32-07:00,202633,20.00,119325,NGXSDJXA0H80B002632,5,12,011T02,8B28421-D,EXABAHA008,301,3,3010001,3030000,3,303,UNDEFINED,10.3971,15.5524,5.9797,9.3915,8.0135,12.2804,1.2618,2.7258,1.2809,1.4864,31.5529,32.4258,1.2618,2.7258,4955.526,7635.4194,5.9797|8.0135|10.3971,9.3915|12.2804|15.5524,^GT:31.5529%0.7%19.15,^GT:5.9797%0.7%19.15%200%8.0135%0.7%19.15%300%10.3971%0.7%19.15%400,AIO
EFUSE_Q615S1BA_011_9_-2,Q615S1BA1,X,Q615S1BA,011,9,-2,Q615S1BA_011_9_-2,,SDC2119,HDS2262,C101,8PL7CVA,Q615S1BA1,2026-08-11 10:51:32-07:00,202633,20.00,119325,NGXSDJXA0H80B002632,3,5,011T03,8B18438-D,EXABAHA008,301,3,3010001,3030000,3,303,UNDEFINED,10.4258,15.5779,5.9912,9.423,8.0295,12.3023,1.6651,2.7408,1.0682,1.4818,31.6757,32.3942,1.6651,2.7408,4958.1891,7636.4847,5.9912|8.0295|10.4258,9.423|12.3023|15.5779,^GT:31.6757%0.7%19.45,^GT:5.9912%0.7%19.45%200%8.0295%0.7%19.45%300%10.4258%0.7%19.45%400,AIO
EFUSE_Q615S1BA_011_9_-3,Q615S1BA1,X,Q615S1BA,011,9,-3,Q615S1BA_011_9_-3,,SDC2119,HDS2262,C101,8PL7CVA,Q615S1BA1,2026-08-11 10:51:32-07:00,202633,20.00,119325,NGXSDJXA0H80B002632,3,2,011T01,8B18438-D,EXABAHA008,302,3,3020001,3030000,3,303,UNDEFINED,10.3573,15.4923,5.9188,9.3304,7.9565,12.2118,1.2735,2.6323,1.2184,1.4077,31.7036,32.4311,1.2735,2.6323,4895.8722,7564.0479,5.9188|7.9565|10.3573,9.3304|12.2118|15.4923,^GT:31.7036%0.7%19.700000000000003,^GT:5.9188%0.7%19.700000000000003%200%7.9565%0.7%19.700000000000003%300%10.3573%0.7%19.700000000000003%400,AIO
EFUSE_Q615S1BA_011_9_-4,Q615S1BA1,X,Q615S1BA,011,9,-4,Q615S1BA_011_9_-4,,SDC2119,HDS2262,C101,8PL7CVA,Q615S1BA1,2026-08-11 10:51:32-07:00,202633,20.00,119325,NGXSDJXA0H80B002632,5,8,011T02,8B28421-D,EXABAHA008,101,1,1010001,1010000,1,101,UNDEFINED,10.2689,15.3561,5.8429,9.1936,7.8776,12.0678,0.6748,2.4876,1.1453,1.3092,31.6143,32.4342,0.6748,2.4876,4859.3875,7508.1225,5.8429|7.8776|10.2689,9.1936|12.0678|15.3561,^GT:31.6143%0.7%18.65,^GT:5.8429%0.7%18.65%200%7.8776%0.7%18.65%300%10.2689%0.7%18.65%400,AIO
EFUSE_Q615S1BA_011_9_-5,Q615S1BA1,X,Q615S1BA,011,9,-5,Q615S1BA_011_9_-5,,SDC2119,HDS2262,C101,8PL7CVA,Q615S1BA1,2026-08-11 10:51:32-07:00,202633,20.00,119325,NGXSDJXA0H80B002632,3,9,011T03,8B28421-D,EXABAHA008,302,3,3020001,3030000,3,303,UNDEFINED,10.2239,15.294,5.8068,9.1512,7.8294,12.015,0.7356,2.4517,1.042,1.2751,31.5507,32.3305,0.7356,2.4517,4817.0439,7463.1158,5.8068|7.8294|10.2239,9.1512|12.015|15.294,^GT:31.5507%0.7%19.9,^GT:5.8068%0.7%19.9%200%7.8294%0.7%19.9%300%10.2239%0.7%19.9%400,AIO
EFUSE_Q615S1BA_011_9_-6,Q615S1BA1,X,Q615S1BA,011,9,-6,Q615S1BA_011_9_-6,,SDC2119,HDS2262,C101,8PL7CVA,Q615S1BA1,2026-08-11 10:51:32-07:00,202633,20.00,119325,NGXSDJXA0H80B002632,1,1,011T01,8B18438-D,EXABAHA008,101,1,1010001,1010000,1,101,UNDEFINED,10.1339,15.1306,5.7402,9.0039,7.7676,11.8624,1.3043,2.3694,0.9414,1.2178,31.3836,32.2463,1.3042,2.3694,4777.3635,7430.3595,5.7402|7.7676|10.1339,9.0038|11.8624|15.1306,^GT:31.3836%0.7%19.75,^GT:5.7402%0.7%19.75%200%7.7676%0.7%19.75%300%10.1339%0.7%19.75%400,AIO
EFUSE_Q615S1BA_011_9_0,Q615S1BA1,X,Q615S1BA,011,9,0,Q615S1BA_011_9_0,,SDC2119,HDS2262,C101,8PL7CVA,Q615S1BA1,2026-08-11 10:51:32-07:00,202633,20.00,119325,NGXSDJXA0H80B002632,4,3,011T01,8B28421-D,EXABAHA008,301,3,3010001,3030000,3,303,UNDEFINED,10.3692,15.5142,5.9668,9.3903,7.9828,12.2492,0.8618,2.6807,1.3617,1.47,31.4457,32.2311,0.8618,2.6807,4953.1292,7626.8975,5.9668|7.9828|10.3692,9.3903|12.2492|15.5142,^GT:31.4457%0.7%19.299999999999997,^GT:5.9668%0.7%19.299999999999997%200%7.9828%0.7%19.299999999999997%300%10.3692%0.7%19.299999999999997%400,AIO
EFUSE_Q615S1BA_011_9_1,Q615S1BA1,X,Q615S1BA,011,9,1,Q615S1BA_011_9_1,,SDC2119,HDS2262,C101,8PL7CVA,Q615S1BA1,2026-08-11 10:51:32-07:00,202633,20.00,119325,NGXSDJXA0H80B002632,5,3,011T03,8B18438-D,EXABAHA008,101,1,1010001,1010000,1,101,UNDEFINED,10.3887,15.5133,5.9668,9.363,7.9987,12.2453,0.8777,2.6998,1.0553,1.4634,31.585,32.37,0.8777,2.6998,4949.4008,7614.9134,5.9668|7.9987|10.3887,9.363|12.2453|15.5133,^GT:31.585%0.7%20.05,^GT:5.9668%0.7%20.05%200%7.9987%0.7%20.05%300%10.3887%0.7%20.05%400,AIO
EFUSE_Q615S1BA_011_9_2,Q615S1BA1,X,Q615S1BA,011,9,2,Q615S1BA_011_9_2,,SDC2119,HDS2262,C101,8PL7CVA,Q615S1BA1,2026-08-11 10:51:32-07:00,202633,20.00,119325,NGXSDJXA0H80B002632,3,14,011T02,8B18438-D,EXABAHA008,101,1,1010001,1010000,1,101,UNDEFINED,10.3869,15.4963,5.9513,9.3288,7.9816,12.2149,1.3141,2.6184,1.0793,1.4161,31.6829,32.4605,1.3141,2.6184,4941.4115,7618.1092,5.9513|7.9816|10.3869,9.3288|12.2149|15.4963,^GT:31.6829%0.7%19.5,^GT:5.9513%0.7%19.5%200%7.9816%0.7%19.5%300%10.3869%0.7%19.5%400,AIO
EFUSE_Q615S1BA_011_9_3,Q615S1BA1,X,Q615S1BA,011,9,3,Q615S1BA_011_9_3,,SDC2119,HDS2262,C101,8PL7CVA,Q615S1BA1,2026-08-11 10:51:32-07:00,202633,20.00,119325,NGXSDJXA0H80B002632,6,4,011T01,8B28421-D,EXABAHA008,101,1,1010001,1010000,1,101,UNDEFINED,10.3691,15.4385,5.9143,9.2783,7.9711,12.1565,1.6926,2.5673,1.0199,1.3863,31.82,32.4221,1.6926,2.5673,4927.0306,7601.3316,5.9143|7.9711|10.3691,9.2783|12.1565|15.4385,^GT:31.82%0.7%19.25,^GT:5.9143%0.7%19.25%200%7.9711%0.7%19.25%300%10.3691%0.7%19.25%400,AIO
EFUSE_Q615S1BA_011_9_4,Q615S1BA1,X,Q615S1BA,011,9,4,Q615S1BA_011_9_4,,SDC2119,HDS2262,C101,8PL7CVA,Q615S1BA1,2026-08-11 10:51:32-07:00,202633,20.00,119325,NGXSDJXA0H80B002632,6,2,011T03,8B28421-D,EXABAHA008,101,1,1010001,1010000,1,101,UNDEFINED,10.3761,15.4637,5.9458,9.2931,7.9672,12.1804,0.7749,2.5826,1.32,1.3998,31.645,32.4768,0.7749,2.5826,4939.8136,7608.2557,5.9458|7.9672|10.3761,9.2931|12.1804|15.4637,^GT:31.645%0.7%19.25,^GT:5.9458%0.7%19.25%200%7.9672%0.7%19.25%300%10.3761%0.7%19.25%400,AIO
EFUSE_Q615S1BA_011_9_5,Q615S1BA1,X,Q615S1BA,011,9,5,Q615S1BA_011_9_5,,SDC2119,HDS2262,C101,8PL7CVA,Q615S1BA1,2026-08-11 10:51:32-07:00,202633,20.00,119325,NGXSDJXA0H80B002632,3,17,011T02,8B18438-D,EXABAHA008,101,1,1010001,1010000,1,101,UNDEFINED,10.3251,15.3372,5.8751,9.1892,7.914,12.055,1.4207,2.4769,0.9495,1.3452,31.7857,32.3579,1.4207,2.4769,4919.5739,7587.217,5.8751|7.914|10.3251,9.1892|12.055|15.3372,^GT:31.7857%0.7%19.700000000000003,^GT:5.8751%0.7%19.700000000000003%200%7.914%0.7%19.700000000000003%300%10.3251%0.7%19.700000000000003%400,AIO
EFUSE_Q615S1BA_011_9_6,Q615S1BA1,X,Q615S1BA,011,9,6,Q615S1BA_011_9_6,,SDC2119,HDS2262,C101,8PL7CVA,Q615S1BA1,2026-08-11 10:51:32-07:00,202633,20.00,119325,NGXSDJXA0H80B002632,6,6,011T01,8B28421-D,EXABAHA008,101,1,1010001,1010000,1,101,UNDEFINED,10.1621,15.0163,5.7528,8.8895,7.7748,11.753,1.3119,2.286,1.0933,1.2034,31.495,32.2463,1.3119,2.286,4792.5433,7450.3329,5.7528|7.7748|10.1621,8.8895|11.753|15.0163,^GT:31.495%0.7%19.299999999999997,^GT:5.7528%0.7%19.299999999999997%200%7.7748%0.7%19.299999999999997%300%10.1621%0.7%19.299999999999997%400,AIO
EFUSE_Q615S1BA_012_-10_-1,Q615S1BA1,X,Q615S1BA,012,-10,-1,Q615S1BA_012_-10_-1,,SDC2119,HDS2262,C101,8PL7CVA,Q615S1BA1,2026-08-11 16:42:25-07:00,202633,20.00,119325,NGXSDJXA0H80B002632,4,7,012T02,8B28421-D,EXABAHA008,101,1,1010001,1010000,1,101,UNDEFINED,10.267,15.1702,5.8804,9.0764,7.9131,11.9288,1.489,2.4427,1.1342,1.3902,31.3329,32.0726,1.489,2.4427,4937.1505,7553.1292,5.8804|7.913|10.267,9.0764|11.9288|15.1702,^GT:31.3329%0.7%19.15,^GT:5.8804%0.7%19.15%200%7.913%0.7%19.15%300%10.267%0.7%19.15%400,AIO
EFUSE_Q615S1BA_012_-10_-2,Q615S1BA1,X,Q615S1BA,012,-10,-2,Q615S1BA_012_-10_-2,,SDC2119,HDS2262,C101,8PL7CVA,Q615S1BA1,2026-08-11 16:42:25-07:00,202633,20.00,119325,NGXSDJXA0H80B002632,4,16,012T03,8B18438-D,EXABAHA008,101,1,1010001,1010000,1,101,UNDEFINED,10.1745,15.0226,5.7957,8.9481,7.8031,11.7769,1.1033,2.3141,0.9339,1.2796,31.2771,31.9711,1.1033,2.3141,4867.9095,7473.2357,5.7957|7.8031|10.1745,8.9481|11.7769|15.0226,^GT:31.2771%0.7%19.9,^GT:5.7957%0.7%19.9%200%7.8031%0.7%19.9%300%10.1745%0.7%19.9%400,AIO
EFUSE_Q615S1BA_012_-10_-3,Q615S1BA1,X,Q615S1BA,012,-10,-3,Q615S1BA_012_-10_-3,B88040059_FAIL_TPI_SIU_STATIC_SIUP_X_ICC_K_START_X_X_X_LFM_NOM_INFRA_950MV_0,SDC2119,HDS2262,C101,8PL7CVA,Q615S1BA1,2026-08-11 16:42:25-07:00,202633,20.00,119325,NGXSDJXA0H80B002632,2,18,012T01,8B18438-D,EXABAHA008,8804,88,88040059,88040059,88,8804,UNDEFINED,,,,,,,,,,,,,,,,,,,,,AIO
EFUSE_Q615S1BA_012_-10_0,Q615S1BA1,X,Q615S1BA,012,-10,0,Q615S1BA_012_-10_0,,SDC2119,HDS2262,C101,8PL7CVA,Q615S1BA1,2026-08-11 16:42:25-07:00,202633,20.00,119325,NGXSDJXA0H80B002632,5,16,012T01,8B18438-D,EXABAHA008,301,3,3010001,3030000,3,303,UNDEFINED,10.2982,15.2173,5.9314,9.1197,7.9312,11.9646,0.8724,2.5181,1.1771,1.4391,31.1914,32.0926,0.8724,2.5181,4964.8469,7584.8202,5.9314|7.9312|10.2982,9.1197|11.9646|15.2173,^GT:31.1914%0.7%19.5,^GT:5.9314%0.7%19.5%200%7.9312%0.7%19.5%300%10.2982%0.7%19.5%400,AIO
EFUSE_Q615S1BA_012_-10_1,Q615S1BA1,X,Q615S1BA,012,-10,1,Q615S1BA_012_-10_1,,SDC2119,HDS2262,C101,8PL7CVA,Q615S1BA1,2026-08-11 16:42:25-07:00,202633,20.00,119325,NGXSDJXA0H80B002632,4,17,012T03,8B28421-D,EXABAHA008,301,3,3010001,3030000,3,303,UNDEFINED,10.2893,15.1708,5.9245,9.0801,7.9373,11.9302,0.9271,2.4661,1.022,1.4152,31.1771,32.0563,0.9271,2.4661,5004.261,7627.4301,5.9245|7.9373|10.2893,9.0801|11.9302|15.1708,^GT:31.1771%0.7%19.05,^GT:5.9245%0.7%19.05%200%7.9373%0.7%19.05%300%10.2893%0.7%19.05%400,AIO
EFUSE_Q615S1BA_012_-10_2,Q615S1BA1,X,Q615S1BA,012,-10,2,Q615S1BA_012_-10_2,,SDC2119,HDS2262,C101,8PL7CVA,Q615S1BA1,2026-08-11 16:42:25-07:00,202633,20.00,119325,NGXSDJXA0H80B002632,4,6,012T02,8B18438-D,EXABAHA008,201,2,2010001,2020000,2,202,UNDEFINED,10.2219,15.0631,5.8577,8.9856,7.8698,11.8134,1.4279,2.378,0.9508,1.3526,31.1729,31.9868,1.4279,2.378,4971.2383,7600.0,5.8577|7.8698|10.2219,8.9856|11.8134|15.0631,^GT:31.1729%0.7%19.6,^GT:5.8577%0.7%19.6%200%7.8698%0.7%19.6%300%10.2219%0.7%19.6%400,AIO
EFUSE_Q615S1BA_012_-1_-1,Q615S1BA1,X,Q615S1BA,012,-1,-1,Q615S1BA_012_-1_-1,,SDC2119,HDS2262,C101,8PL7CVA,Q615S1BA1,2026-08-11 16:42:25-07:00,202633,20.00,119325,NGXSDJXA0H80B002632,4,17,012T02,8B18438-D,EXABAHA008,301,3,3010001,3030000,3,303,UNDEFINED,10.0552,14.7888,5.7261,8.7734,7.7314,11.5843,0.6947,2.2072,1.0659,1.2168,30.9221,31.66,0.6947,2.2072,4851.3981,7519.8402,5.7261|7.7314|10.0552,8.7734|11.5843|14.7888,^GT:30.9221%0.7%19.549999999999997,^GT:5.7261%0.7%19.549999999999997%200%7.7314%0.7%19.549999999999997%300%10.0552%0.7%19.549999999999997%400,AIO
EFUSE_Q615S1BA_012_-1_-10,Q615S1BA1,X,Q615S1BA,012,-1,-10,Q615S1BA_012_-1_-10,,SDC2119,HDS2262,C101,8PL7CVA,Q615S1BA1,2026-08-11 16:42:25-07:00,202633,20.00,119325,NGXSDJXA0H80B002632,7,5,012T02,8B28421-D,EXABAHA008,101,1,1010001,1010000,1,101,UNDEFINED,10.2487,15.2699,5.8496,9.1588,7.8715,12.0139,0.7377,2.5143,1.0073,1.3561,31.4221,32.1637,0.7377,2.5143,5002.6631,7649.2676,5.8496|7.8715|10.2487,9.1588|12.0139|15.2699,^GT:31.4221%0.7%19.25,^GT:5.8496%0.7%19.25%200%7.8715%0.7%19.25%300%10.2487%0.7%19.25%400,AIO
EFUSE_Q615S1BA_012_-1_-11,Q615S1BA1,X,Q615S1BA,012,-1,-11,Q615S1BA_012_-1_-11,,SDC2119,HDS2262,C101,8PL7CVA,Q615S1BA1,2026-08-11 16:42:25-07:00,202633,20.00,119325,NGXSDJXA0H80B002632,1,13,012T01,8B18438-D,EXABAHA008,101,1,1010001,1010000,1,101,UNDEFINED,9.9926,14.8322,5.6513,8.7841,7.6442,11.6025,1.221,2.1954,0.7582,1.1425,31.0086,31.8321,1.2209,2.1954,4830.6258,7433.2889,5.6513|7.6442|9.9925,8.7841|11.6025|14.8322,^GT:31.0086%0.7%19.45,^GT:5.6513%0.7%19.45%200%7.6442%0.7%19.45%300%9.9925%0.7%19.45%400,AIO
EFUSE_Q615S1BA_012_-1_-2,Q615S1BA1,X,Q615S1BA,012,-1,-2,Q615S1BA_012_-1_-2,,SDC2119,HDS2262,C101,8PL7CVA,Q615S1BA1,2026-08-11 16:42:25-07:00,202633,20.00,119325,NGXSDJXA0H80B002632,4,6,012T03,8B28421-D,EXABAHA008,101,1,1010001,1010000,1,101,UNDEFINED,10.1603,14.909,5.8306,8.9067,7.8398,11.7212,0.7708,2.3994,0.9699,1.3517,30.9264,31.5911,0.7708,2.3994,4946.2051,7602.3968,5.8306|7.8398|10.1603,8.9067|11.7212|14.909,^GT:30.9264%0.7%19.15,^GT:5.8306%0.7%19.15%200%7.8398%0.7%19.15%300%10.1603%0.7%19.15%400,AIO
EFUSE_Q615S1BA_012_-1_-3,Q615S1BA1,X,Q615S1BA,012,-1,-3,Q615S1BA_012_-1_-3,,SDC2119,HDS2262,C101,8PL7CVA,Q615S1BA1,2026-08-11 16:42:25-07:00,202633,20.00,119325,NGXSDJXA0H80B002632,3,12,012T01,8B18438-D,EXABAHA008,101,1,1010001,1010000,1,101,UNDEFINED,10.2065,14.9843,5.903,9.0013,7.9104,11.8039,0.8564,2.5174,1.2339,1.4411,30.7393,31.4895,0.8564,2.5174,5052.996,7706.2583,5.903|7.9104|10.2065,9.0013|11.8039|14.9843,^GT:30.7393%0.7%19.95,^GT:5.903%0.7%19.95%200%7.9104%0.7%19.95%300%10.2065%0.7%19.95%400,AIO
EFUSE_Q615S1BA_012_-1_-4,Q615S1BA1,X,Q615S1BA,012,-1,-4,Q615S1BA_012_-1_-4,,SDC2119,HDS2262,C101,8PL7CVA,Q615S1BA1,2026-08-11 16:42:25-07:00,202633,20.00,119325,NGXSDJXA0H80B002632,6,3,012T02,8B18438-D,EXABAHA008,301,3,3010001,3030000,3,303,UNDEFINED,10.2001,14.9997,5.893,9.0077,7.9026,11.8246,1.8185,2.5269,1.3406,1.4471,30.765,31.5368,1.8185,2.5269,5098.269,7777.6298,5.893|7.9026|10.2001,9.0077|11.8246|14.9997,^GT:30.765%0.7%19.9,^GT:5.893%0.7%19.9%200%7.9026%0.7%19.9%300%10.2001%0.7%19.9%400,AIO
EFUSE_Q615S1BA_012_-1_-5,Q615S1BA1,X,Q615S1BA,012,-1,-5,Q615S1BA_012_-1_-5,,SDC2119,HDS2262,C101,8PL7CVA,Q615S1BA1,2026-08-11 16:42:25-07:00,202633,20.00,119325,NGXSDJXA0H80B002632,3,19,012T03,8B28421-D,EXABAHA008,101,1,1010001,1010000,1,101,UNDEFINED,10.2218,15.0528,5.8992,9.0468,7.9048,11.8661,1.2789,2.5243,1.2327,1.4404,30.8757,31.6105,1.2789,2.5243,5130.759,7810.3862,5.8992|7.9048|10.2218,9.0468|11.8661|15.0528,^GT:30.8757%0.7%19.200000000000003,^GT:5.8992%0.7%19.200000000000003%200%7.9048%0.7%19.200000000000003%300%10.2218%0.7%19.200000000000003%400,AIO
EFUSE_Q615S1BA_012_-1_-6,Q615S1BA1,X,Q615S1BA,012,-1,-6,Q615S1BA_012_-1_-6,,SDC2119,HDS2262,C101,8PL7CVA,Q615S1BA1,2026-08-11 16:42:25-07:00,202633,20.00,119325,NGXSDJXA0H80B002632,2,10,012T01,8B28421-D,EXABAHA008,302,3,3020001,3030000,3,303,UNDEFINED,10.2979,15.1985,5.9763,9.1746,7.9947,12.0121,0.8978,2.6104,1.3631,1.5509,30.8686,31.7047,0.8978,2.6103,5149.6671,7828.4953,5.9763|7.9947|10.2979,9.1746|12.0121|15.1985,^GT:30.8686%0.7%19.6,^GT:5.9763%0.7%19.6%200%7.9947%0.7%19.6%300%10.2979%0.7%19.6%400,AIO
EFUSE_Q615S1BA_012_-1_-7,Q615S1BA1,X,Q615S1BA,012,-1,-7,Q615S1BA_012_-1_-7,,SDC2119,HDS2262,C101,8PL7CVA,Q615S1BA1,2026-08-11 16:42:25-07:00,202633,20.00,119325,NGXSDJXA0H80B002632,6,19,012T02,8B18438-D,EXABAHA008,101,1,1010001,1010000,1,101,UNDEFINED,10.3398,15.3212,5.9972,9.2667,8.024,12.1089,1.2969,2.6785,1.5068,1.562,31.0186,31.8658,1.2969,2.6785,5143.8083,7821.8375,5.9972|8.024|10.3398,9.2667|12.1089|15.3212,^GT:31.0186%0.7%19.6,^GT:5.9972%0.7%19.6%200%8.024%0.7%19.6%300%10.3398%0.7%19.6%400,AIO
EFUSE_Q615S1BA_012_-1_-8,Q615S1BA1,X,Q615S1BA,012,-1,-8,Q615S1BA_012_-1_-8,,SDC2119,HDS2262,C101,8PL7CVA,Q615S1BA1,2026-08-11 16:42:25-07:00,202633,20.00,119325,NGXSDJXA0H80B002632,2,5,012T03,8B18438-D,EXABAHA008,101,1,1010001,1010000,1,101,UNDEFINED,10.4644,15.526,6.1067,9.449,8.1147,12.2949,1.0963,2.8295,1.3598,1.6629,31.1264,31.9842,1.0963,2.8295,5190.6791,7864.98,6.1067|8.1147|10.4644,9.449|12.2949|15.526,^GT:31.1264%0.7%19.4,^GT:6.1067%0.7%19.4%200%8.1147%0.7%19.4%300%10.4644%0.7%19.4%400,AIO
EFUSE_Q615S1BA_012_-1_-9,Q615S1BA1,X,Q615S1BA,012,-1,-9,Q615S1BA_012_-1_-9,,SDC2119,HDS2262,C101,8PL7CVA,Q615S1BA1,2026-08-11 16:42:25-07:00,202633,20.00,119325,NGXSDJXA0H80B002632,7,8,012T02,8B28421-D,EXABAHA008,201,2,2010001,2020000,2,202,UNDEFINED,10.3589,15.4013,5.9708,9.3161,8.0016,12.1644,1.0115,2.722,1.4705,1.5355,31.3436,32.0279,1.0115,2.722,5126.498,7790.1465,5.9708|8.0016|10.3589,9.316|12.1644|15.4013,^GT:31.3436%0.7%18.75,^GT:5.9708%0.7%18.75%200%8.0016%0.7%18.75%300%10.3589%0.7%18.75%400,AIO
EFUSE_Q615S1BA_012_-1_0,Q615S1BA1,X,Q615S1BA,012,-1,0,Q615S1BA_012_-1_0,,SDC2119,HDS2262,C101,8PL7CVA,Q615S1BA1,2026-08-11 16:42:25-07:00,202633,20.00,119325,NGXSDJXA0H80B002632,4,14,012T01,8B18438-D,EXABAHA008,101,1,1010001,1010000,1,101,UNDEFINED,10.0317,14.7268,5.6918,8.7057,7.7083,11.5295,0.7849,2.1311,1.121,1.1751,30.9993,31.69,0.7849,2.1311,4821.8375,7493.2091,5.6918|7.7083|10.0317,8.7057|11.5295|14.7268,^GT:30.9993%0.7%19.9,^GT:5.6918%0.7%19.9%200%7.7083%0.7%19.9%300%10.0317%0.7%19.9%400,AIO
EFUSE_Q615S1BA_012_-1_1,Q615S1BA1,X,Q615S1BA,012,-1,1,Q615S1BA_012_-1_1,,SDC2119,HDS2262,C101,8PL7CVA,Q615S1BA1,2026-08-11 16:42:25-07:00,202633,20.00,119325,NGXSDJXA0H80B002632,5,13,012T03,8B18438-D,EXABAHA008,101,1,1010001,1010000,1,101,UNDEFINED,10.0786,14.7957,5.7389,8.7831,7.747,11.5967,1.419,2.2,1.0011,1.2247,30.9979,31.6458,1.419,2.2,4871.1052,7538.2157,5.7389|7.747|10.0786,8.783|11.5967|14.7957,^GT:30.9979%0.7%20,^GT:5.7389%0.7%20%200%7.747%0.7%20%300%10.0786%0.7%20%400,AIO
EFUSE_Q615S1BA_012_-1_10,Q615S1BA1,X,Q615S1BA,012,-1,10,Q615S1BA_012_-1_10,,SDC2119,HDS2262,C101,8PL7CVA,Q615S1BA1,2026-08-11 16:42:25-07:00,202633,20.00,119325,NGXSDJXA0H80B002632,7,1,012T03,8B18438-D,EXABAHA008,101,1,1010001,1010000,1,101,UNDEFINED,10.2406,15.0704,5.8644,8.9885,7.8757,11.8198,1.0648,2.3703,1.322,1.3502,31.2586,32.01,1.0648,2.3703,5014.3808,7662.5832,5.8644|7.8757|10.2406,8.9885|11.8198|15.0704,^GT:31.2586%0.7%20,^GT:5.8644%0.7%20%200%7.8757%0.7%20%300%10.2406%0.7%20%400,AIO
EFUSE_Q615S1BA_012_-1_2,Q615S1BA1,X,Q615S1BA,012,-1,2,Q615S1BA_012_-1_2,,SDC2119,HDS2262,C101,8PL7CVA,Q615S1BA1,2026-08-11 16:42:25-07:00,202633,20.00,119325,NGXSDJXA0H80B002632,3,4,012T02,8B18438-D,EXABAHA008,101,1,1010001,1010000,1,101,UNDEFINED,10.1305,14.8649,5.7864,8.8639,7.8199,11.664,1.5447,2.2895,0.9253,1.3078,31.0293,31.5842,1.5447,2.2895,4967.7763,7633.2889,5.7864|7.8199|10.1305,8.8639|11.664|14.8649,^GT:31.0293%0.7%19.45,^GT:5.7864%0.7%19.45%200%7.8199%0.7%19.45%300%10.1305%0.7%19.45%400,AIO
EFUSE_Q615S1BA_012_-1_3,Q615S1BA1,X,Q615S1BA,012,-1,3,Q615S1BA_012_-1_3,,SDC2119,HDS2262,C101,8PL7CVA,Q615S1BA1,2026-08-11 16:42:25-07:00,202633,20.00,119325,NGXSDJXA0H80B002632,5,7,012T01,8B28421-D,EXABAHA008,101,1,1010001,1010000,1,101,UNDEFINED,10.2133,15.0316,5.8972,9.0245,7.9083,11.8504,0.8567,2.5099,1.0537,1.4447,30.8293,31.6163,0.8567,2.5099,5075.3662,7747.5366,5.8972|7.9082|10.2133,9.0245|11.8504|15.0316,^GT:30.8293%0.7%19.799999999999997,^GT:5.8972%0.7%19.799999999999997%200%7.9082%0.7%19.799999999999997%300%10.2133%0.7%19.799999999999997%400,AIO
EFUSE_Q615S1BA_012_-1_4,Q615S1BA1,X,Q615S1BA,012,-1,4,Q615S1BA_012_-1_4,,SDC2119,HDS2262,C101,8PL7CVA,Q615S1BA1,2026-08-11 16:42:25-07:00,202633,20.00,119325,NGXSDJXA0H80B002632,6,12,012T03,8B18438-D,EXABAHA008,101,1,1010001,1010000,1,101,UNDEFINED,10.241,15.0565,5.9108,9.0468,7.9314,11.8728,0.8556,2.4993,1.2915,1.46,30.93,31.63,0.8556,2.4993,5128.8948,7826.8975,5.9108|7.9314|10.241,9.0468|11.8728|15.0565,^GT:30.93%0.7%19.75,^GT:5.9108%0.7%19.75%200%7.9314%0.7%19.75%300%10.241%0.7%19.75%400,AIO
EFUSE_Q615S1BA_012_-1_5,Q615S1BA1,X,Q615S1BA,012,-1,5,Q615S1BA_012_-1_5,,SDC2119,HDS2262,C101,8PL7CVA,Q615S1BA1,2026-08-11 16:42:25-07:00,202633,20.00,119325,NGXSDJXA0H80B002632,2,12,012T02,8B28421-D,EXABAHA008,301,3,3010001,3030000,3,303,UNDEFINED,10.3472,15.222,6.0122,9.1908,8.0326,12.0094,1.8966,2.6348,1.1697,1.5633,30.9643,31.7432,1.8966,2.6348,5168.3089,7860.719,6.0122|8.0326|10.3472,9.1908|12.0094|15.222,^GT:30.9643%0.7%19.700000000000003,^GT:6.0122%0.7%19.700000000000003%200%8.0326%0.7%19.700000000000003%300%10.3472%0.7%19.700000000000003%400,AIO
EFUSE_Q615S1BA_012_-1_6,Q615S1BA1,X,Q615S1BA,012,-1,6,Q615S1BA_012_-1_6,,SDC2119,HDS2262,C101,8PL7CVA,Q615S1BA1,2026-08-11 16:42:25-07:00,202633,20.00,119325,NGXSDJXA0H80B002632,6,16,012T01,8B18438-D,EXABAHA008,301,3,3010001,3030000,3,303,UNDEFINED,10.3824,15.2818,6.0257,9.2345,8.0555,12.066,0.9801,2.691,1.5413,1.5833,31.1193,31.8279,0.9801,2.6909,5178.1625,7847.1372,6.0257|8.0555|10.3824,9.2345|12.066|15.2818,^GT:31.1193%0.7%19.799999999999997,^GT:6.0257%0.7%19.799999999999997%200%8.0555%0.7%19.799999999999997%300%10.3824%0.7%19.799999999999997%400,AIO
EFUSE_Q615S1BA_012_-1_7,Q615S1BA1,X,Q615S1BA,012,-1,7,Q615S1BA_012_-1_7,,SDC2119,HDS2262,C101,8PL7CVA,Q615S1BA1,2026-08-11 16:42:25-07:00,202633,20.00,119325,NGXSDJXA0H80B002632,7,12,012T03,8B18438-D,EXABAHA008,101,1,1010001,1010000,1,101,UNDEFINED,10.4113,15.346,6.0356,9.2787,8.0543,12.1151,0.9856,2.6515,1.4451,1.5825,31.255,31.9332,0.9856,2.6515,5173.6352,7843.9414,6.0356|8.0543|10.4113,9.2787|12.1151|15.346,^GT:31.255%0.7%19.5,^GT:6.0356%0.7%19.5%200%8.0543%0.7%19.5%300%10.4113%0.7%19.5%400,AIO
EFUSE_Q615S1BA_012_-1_8,Q615S1BA1,X,Q615S1BA,012,-1,8,Q615S1BA_012_-1_8,,SDC2119,HDS2262,C101,8PL7CVA,Q615S1BA1,2026-08-11 16:42:25-07:00,202633,20.00,119325,NGXSDJXA0H80B002632,1,2,012T02,8B28421-D,EXABAHA008,101,1,1010001,1010000,1,101,UNDEFINED,10.4091,15.3607,6.032,9.2675,8.0506,12.122,1.7886,2.6416,1.0923,1.5381,31.265,32.0695,1.7886,2.6416,5138.482,7814.1145,6.032|8.0506|10.4091,9.2675|12.122|15.3607,^GT:31.265%0.7%19.299999999999997,^GT:6.032%0.7%19.299999999999997%200%8.0506%0.7%19.299999999999997%300%10.4091%0.7%19.299999999999997%400,AIO
EFUSE_Q615S1BA_012_-1_9,Q615S1BA1,X,Q615S1BA,012,-1,9,Q615S1BA_012_-1_9,,SDC2119,HDS2262,C101,8PL7CVA,Q615S1BA1,2026-08-11 16:42:25-07:00,202633,20.00,119325,NGXSDJXA0H80B002632,7,11,012T01,8B18438-D,EXABAHA008,302,3,3020001,3030000,3,303,UNDEFINED,10.3284,15.2292,5.9171,9.1097,7.9404,11.9595,0.7788,2.4703,1.3044,1.3773,31.5093,32.2079,0.7788,2.4703,5027.4301,7687.0839,5.9171|7.9404|10.3284,9.1097|11.9595|15.2292,^GT:31.5093%0.7%19.85,^GT:5.9171%0.7%19.85%200%7.9404%0.7%19.85%300%10.3284%0.7%19.85%400,AIO
EFUSE_Q615S1BA_012_-2_-1,Q615S1BA1,X,Q615S1BA,012,-2,-1,Q615S1BA_012_-2_-1,,SDC2119,HDS2262,C101,8PL7CVA,Q615S1BA1,2026-08-11 16:42:25-07:00,202633,20.00,119325,NGXSDJXA0H80B002632,4,16,012T02,8B18438-D,EXABAHA008,101,1,1010001,1010000,1,101,UNDEFINED,10.1881,14.9463,5.8603,8.9327,7.881,11.7571,0.9157,2.408,1.029,1.385,30.9129,31.6505,0.9157,2.4079,4957.9228,7609.5872,5.8603|7.881|10.1881,8.9327|11.7571|14.9463,^GT:30.9129%0.7%19.95,^GT:5.8603%0.7%19.95%200%7.881%0.7%19.95%300%10.1881%0.7%19.95%400,AIO
EFUSE_Q615S1BA_012_-2_-10,Q615S1BA1,X,Q615S1BA,012,-2,-10,Q615S1BA_012_-2_-10,,SDC2119,HDS2262,C101,8PL7CVA,Q615S1BA1,2026-08-11 16:42:25-07:00,202633,20.00,119325,NGXSDJXA0H80B002632,1,8,012T01,8B28421-D,EXABAHA008,301,3,3010001,3030000,3,303,UNDEFINED,10.1838,15.1767,5.8124,9.0979,7.8299,11.9389,1.2713,2.4838,0.9143,1.3181,31.2243,31.9937,1.2713,2.4838,4971.2383,7619.9734,5.8124|7.8299|10.1838,9.0979|11.9389|15.1767,^GT:31.2243%0.7%19.45,^GT:5.8124%0.7%19.45%200%7.8299%0.7%19.45%300%10.1838%0.7%19.45%400,AIO
EFUSE_Q615S1BA_012_-2_-11,Q615S1BA1,X,Q615S1BA,012,-2,-11,Q615S1BA_012_-2_-11,,SDC000,HDS000,A000,8PL7CVA,Q615S1BA1,2026-08-11 16:42:25-07:00,202633,20.00,119325,NGXSDJXA0H80B002632,7,1,012T02,,XIU000,9301,93,,930100,93,9301,UNDEFINED,,,,,,,,,,,,,,,,,,,,,AIO
EFUSE_Q615S1BA_012_-2_-2,Q615S1BA1,X,Q615S1BA,012,-2,-2,Q615S1BA_012_-2_-2,,SDC2119,HDS2262,C101,8PL7CVA,Q615S1BA1,2026-08-11 16:42:25-07:00,202633,20.00,119325,NGXSDJXA0H80B002632,4,7,012T03,8B28421-D,EXABAHA008,101,1,1010001,1010000,1,101,UNDEFINED,10.2807,15.0875,5.9465,9.0703,7.9531,11.8903,1.7468,2.5522,1.4339,1.4874,30.9586,31.6695,1.7468,2.5522,5032.2237,7689.2144,5.9465|7.953|10.2807,9.0703|11.8903|15.0875,^GT:30.9586%0.7%19.6,^GT:5.9465%0.7%19.6%200%7.953%0.7%19.6%300%10.2807%0.7%19.6%400,AIO
EFUSE_Q615S1BA_012_-2_-3,Q615S1BA1,X,Q615S1BA,012,-2,-3,Q615S1BA_012_-2_-3,,SDC2119,HDS2262,C101,8PL7CVA,Q615S1BA1,2026-08-11 16:42:25-07:00,202633,20.00,119325,NGXSDJXA0H80B002632,3,13,012T01,8B18438-D,EXABAHA008,302,3,3020001,3030000,3,303,UNDEFINED,10.2776,15.1146,5.9807,9.1278,7.9791,11.939,1.8356,2.612,1.4967,1.5478,30.6921,31.5095,1.8356,2.612,5100.3995,7780.0266,5.9807|7.9791|10.2776,9.1278|11.939|15.1146,^GT:30.6921%0.7%19.6,^GT:5.9807%0.7%19.6%200%7.9791%0.7%19.6%300%10.2776%0.7%19.6%400,AIO
EFUSE_Q615S1BA_012_-2_-4,Q615S1BA1,X,Q615S1BA,012,-2,-4,Q615S1BA_012_-2_-4,,SDC2119,HDS2262,C101,8PL7CVA,Q615S1BA1,2026-08-11 16:42:25-07:00,202633,20.00,119325,NGXSDJXA0H80B002632,6,4,012T02,8B28421-D,EXABAHA008,101,1,1010001,1010000,1,101,UNDEFINED,10.1963,15.0154,5.8834,9.0195,7.9029,11.8349,1.3985,2.52,1.269,1.4411,30.8064,31.5574,1.3985,2.52,5118.2423,7797.6032,5.8834|7.9029|10.1963,9.0195|11.8349|15.0154,^GT:30.8064%0.7%19.45,^GT:5.8834%0.7%19.45%200%7.9029%0.7%19.45%300%10.1963%0.7%19.45%400,AIO
EFUSE_Q615S1BA_012_-2_-5,Q615S1BA1,X,Q615S1BA,012,-2,-5,Q615S1BA_012_-2_-5,,SDC2119,HDS2262,C101,8PL7CVA,Q615S1BA1,2026-08-11 16:42:25-07:00,202633,20.00,119325,NGXSDJXA0H80B002632,2,19,012T03,8B28421-D,EXABAHA008,301,3,3010001,3030000,3,303,UNDEFINED,10.214,15.0314,5.8842,9.0305,7.8917,11.845,1.6669,2.4961,1.1735,1.4444,30.9271,31.5837,1.6669,2.4961,5120.9055,7788.016,5.8842|7.8917|10.214,9.0305|11.845|15.0314,^GT:30.9271%0.7%19.35,^GT:5.8842%0.7%19.35%200%7.8917%0.7%19.35%300%10.214%0.7%19.35%400,AIO
EFUSE_Q615S1BA_012_-2_-6,Q615S1BA1,X,Q615S1BA,012,-2,-6,Q615S1BA_012_-2_-6,B82020000_FAIL_SCN_GT_GXX_CTRL_X_GFXAGG_K_BEGIN_X_X_X_X_X_EVALUATE_4,SDC2119,HDS2262,C101,8PL7CVA,Q615S1BA1,2026-08-11 16:42:25-07:00,202633,20.00,119325,NGXSDJXA0H80B002632,2,11,012T01,8B18438-D,EXABAHA008,8202,82,82020000,82020000,82,8202,UNDEFINED,10.2637,15.1638,5.9408,9.1539,7.9478,11.983,1.3817,2.5818,1.0796,1.5105,30.8779,31.6311,1.3817,2.5818,5109.7204,7788.2823,5.9408|7.9478|10.2637,9.1539|11.983|15.1638,^GT:30.8779%0.7%19.75,^GT:5.9408%0.7%19.75%200%7.9478%0.7%19.75%300%10.2637%0.7%19.75%400,AIO
EFUSE_Q615S1BA_012_-2_-7,Q615S1BA1,X,Q615S1BA,012,-2,-7,Q615S1BA_012_-2_-7,,SDC000,HDS000,A000,8PL7CVA,Q615S1BA1,2026-08-11 16:42:25-07:00,202633,20.00,119325,NGXSDJXA0H80B002632,6,18,012T02,,XIU000,9301,93,,930100,93,9301,UNDEFINED,,,,,,,,,,,,,,,,,,,,,AIO
EFUSE_Q615S1BA_012_-2_-8,Q615S1BA1,X,Q615S1BA,012,-2,-8,Q615S1BA_012_-2_-8,B99820039_FAIL_SCN_GT_GXX_STUCKAT_ALL_GFXSB_K_END_HITO_GT_NOM_LFM_UNGT_N2,SDC2119,HDS2262,C101,8PL7CVA,Q615S1BA1,2026-08-11 16:42:25-07:00,202633,20.00,119325,NGXSDJXA0H80B002632,2,6,012T03,8B28421-D,EXABAHA008,9982,99,99820039,99820039,99,9982,UNDEFINED,10.3937,15.4572,6.0457,9.372,8.0659,12.2285,1.6079,2.761,1.1958,1.6047,31.0571,32.0274,1.6079,2.761,5146.7377,7814.9134,6.0457|8.0659|10.3937,9.372|12.2285|15.4572,^GT:31.0571%0.7%19.5,^GT:6.0457%0.7%19.5%200%8.0659%0.7%19.5%300%10.3937%0.7%19.5%400,AIO
EFUSE_Q615S1BA_012_-2_-9,Q615S1BA1,X,Q615S1BA,012,-2,-9,Q615S1BA_012_-2_-9,,SDC2119,HDS2262,C101,8PL7CVA,Q615S1BA1,2026-08-11 16:42:25-07:00,202633,20.00,119325,NGXSDJXA0H80B002632,1,8,012T03,8B28421-D,EXABAHA008,101,1,1010001,1010000,1,101,UNDEFINED,10.3122,15.3599,5.9395,9.2592,7.9567,12.1056,0.9056,2.628,1.0541,1.4596,31.2336,32.1089,0.9056,2.628,5077.2304,7733.1558,5.9395|7.9566|10.3122,9.2592|12.1056|15.3599,^GT:31.2336%0.7%19.15,^GT:5.9395%0.7%19.15%200%7.9566%0.7%19.15%300%10.3122%0.7%19.15%400,AIO
EFUSE_Q615S1BA_012_-2_0,Q615S1BA1,X,Q615S1BA,012,-2,0,Q615S1BA_012_-2_0,,SDC2119,HDS2262,C101,8PL7CVA,Q615S1BA1,2026-08-11 16:42:25-07:00,202633,20.00,119325,NGXSDJXA0H80B002632,4,15,012T01,8B18438-D,EXABAHA008,301,3,3010001,3030000,3,303,UNDEFINED,10.1294,14.8692,5.7926,8.8688,7.8059,11.6715,1.6911,2.2805,1.0728,1.3011,30.9771,31.5811,1.6911,2.2805,4914.514,7579.7603,5.7926|7.8059|10.1294,8.8688|11.6715|14.8692,^GT:30.9771%0.7%19.9,^GT:5.7926%0.7%19.9%200%7.8059%0.7%19.9%300%10.1294%0.7%19.9%400,AIO
EFUSE_Q615S1BA_012_-2_1,Q615S1BA1,X,Q615S1BA,012,-2,1,Q615S1BA_012_-2_1,,SDC2119,HDS2262,C101,8PL7CVA,Q615S1BA1,2026-08-11 16:42:25-07:00,202633,20.00,119325,NGXSDJXA0H80B002632,5,14,012T03,8B18438-D,EXABAHA008,301,3,3010001,3030000,3,303,UNDEFINED,10.1281,14.8682,5.8004,8.8633,7.8188,11.6855,1.4976,2.347,1.2452,1.3084,30.9121,31.6047,1.4976,2.347,4959.2543,7638.6152,5.8004|7.8188|10.1281,8.8633|11.6855|14.8682,^GT:30.9121%0.7%19.85,^GT:5.8004%0.7%19.85%200%7.8188%0.7%19.85%300%10.1281%0.7%19.85%400,AIO
EFUSE_Q615S1BA_012_-2_10,Q615S1BA1,X,Q615S1BA,012,-2,10,Q615S1BA_012_-2_10,,SDC2119,HDS2262,C101,8PL7CVA,Q615S1BA1,2026-08-11 16:42:25-07:00,202633,20.00,119325,NGXSDJXA0H80B002632,1,13,012T02,8B18438-D,EXABAHA008,301,3,3010001,3030000,3,303,UNDEFINED,10.2504,15.0866,5.8713,8.9872,7.8827,11.8287,1.6894,2.3513,1.1552,1.3421,31.2793,32.1021,1.6894,2.3513,5001.8642,7652.7297,5.8713|7.8827|10.2504,8.9872|11.8287|15.0866,^GT:31.2793%0.7%19.9,^GT:5.8713%0.7%19.9%200%7.8827%0.7%19.9%300%10.2504%0.7%19.9%400,AIO
EFUSE_Q615S1BA_012_-2_2,Q615S1BA1,X,Q615S1BA,012,-2,2,Q615S1BA_012_-2_2,,SDC2119,HDS2262,C101,8PL7CVA,Q615S1BA1,2026-08-11 16:42:25-07:00,202633,20.00,119325,NGXSDJXA0H80B002632,3,3,012T02,8B28421-D,EXABAHA008,101,1,1010001,1010000,1,101,UNDEFINED,10.1522,14.9148,5.8303,8.914,7.8457,11.7328,1.3215,2.3974,1.2916,1.3812,30.8707,31.5832,1.3215,2.3974,5037.2836,7719.0413,5.8303|7.8457|10.1522,8.914|11.7328|14.9148,^GT:30.8707%0.7%19.25,^GT:5.8303%0.7%19.25%200%7.8457%0.7%19.25%300%10.1522%0.7%19.25%400,AIO
EFUSE_Q615S1BA_012_-2_3,Q615S1BA1,X,Q615S1BA,012,-2,3,Q615S1BA_012_-2_3,B82020000_FAIL_SCN_GT_GXX_CTRL_X_GFXAGG_K_BEGIN_X_X_X_X_X_EVALUATE_4,SDC2119,HDS2262,C101,8PL7CVA,Q615S1BA1,2026-08-11 16:42:25-07:00,202633,20.00,119325,NGXSDJXA0H80B002632,5,8,012T01,8B18438-D,EXABAHA008,8202,82,82020000,82020000,82,8202,UNDEFINED,10.1815,14.956,5.853,8.9774,7.8759,11.7802,0.834,2.4386,1.0056,1.4165,30.9186,31.4663,0.834,2.4386,5079.6272,7774.7004,5.8529|7.8759|10.1815,8.9774|11.7802|14.956,^GT:30.9186%0.7%19.799999999999997,^GT:5.8529%0.7%19.799999999999997%200%7.8759%0.7%19.799999999999997%300%10.1815%0.7%19.799999999999997%400,AIO
EFUSE_Q615S1BA_012_-2_4,Q615S1BA1,X,Q615S1BA,012,-2,4,Q615S1BA_012_-2_4,,SDC2119,HDS2262,C101,8PL7CVA,Q615S1BA1,2026-08-11 16:42:25-07:00,202633,20.00,119325,NGXSDJXA0H80B002632,6,13,012T03,8B28421-D,EXABAHA008,101,1,1010001,1010000,1,101,UNDEFINED,10.2415,15.0575,5.9108,9.0389,7.9197,11.8596,0.8671,2.5087,1.0803,1.4465,30.9336,31.6768,0.8671,2.5087,5127.5632,7825.0333,5.9108|7.9197|10.2415,9.0389|11.8596|15.0575,^GT:30.9336%0.7%19.25,^GT:5.9108%0.7%19.25%200%7.9197%0.7%19.25%300%10.2415%0.7%19.25%400,AIO
EFUSE_Q615S1BA_012_-2_5,Q615S1BA1,X,Q615S1BA,012,-2,5,Q615S1BA_012_-2_5,,SDC2119,HDS2262,C101,8PL7CVA,Q615S1BA1,2026-08-11 16:42:25-07:00,202633,20.00,119325,NGXSDJXA0H80B002632,2,11,012T02,8B28421-D,EXABAHA008,101,1,1010001,1010000,1,101,UNDEFINED,10.3497,15.2124,6.0053,9.1887,8.0248,12.014,0.9091,2.6088,1.4853,1.5716,31.0314,31.7037,0.9091,2.6088,5171.771,7872.4368,6.0053|8.0248|10.3497,9.1887|12.014|15.2124,^GT:31.0314%0.7%19.45,^GT:6.0053%0.7%19.45%200%8.0248%0.7%19.45%300%10.3497%0.7%19.45%400,AIO
EFUSE_Q615S1BA_012_-2_6,Q615S1BA1,X,Q615S1BA,012,-2,6,Q615S1BA_012_-2_6,,SDC2119,HDS2262,C101,8PL7CVA,Q615S1BA1,2026-08-11 16:42:25-07:00,202633,20.00,119325,NGXSDJXA0H80B002632,6,17,012T01,8B28421-D,EXABAHA008,101,1,1010001,1010000,1,101,UNDEFINED,10.3399,15.2279,5.9957,9.1924,7.9963,12.0075,1.167,2.5853,1.4158,1.5287,31.03,31.7658,1.167,2.5853,5147.8029,7823.4354,5.9957|7.9963|10.3399,9.1924|12.0075|15.2279,^GT:31.03%0.7%19.45,^GT:5.9957%0.7%19.45%200%7.9963%0.7%19.45%300%10.3399%0.7%19.45%400,AIO
EFUSE_Q615S1BA_012_-2_7,Q615S1BA1,X,Q615S1BA,012,-2,7,Q615S1BA_012_-2_7,,SDC2119,HDS2262,C101,8PL7CVA,Q615S1BA1,2026-08-11 16:42:25-07:00,202633,20.00,119325,NGXSDJXA0H80B002632,7,13,012T03,8B18438-D,EXABAHA008,101,1,1010001,1010000,1,101,UNDEFINED,10.3908,15.3229,6.0134,9.2548,8.0304,12.0813,1.0755,2.6563,1.4758,1.553,31.2671,31.9374,1.0755,2.6563,5143.5419,7814.1145,6.0134|8.0304|10.3908,9.2548|12.0813|15.3229,^GT:31.2671%0.7%20,^GT:6.0134%0.7%20%200%8.0304%0.7%20%300%10.3908%0.7%20%400,AIO
EFUSE_Q615S1BA_012_-2_8,Q615S1BA1,X,Q615S1BA,012,-2,8,Q615S1BA_012_-2_8,,SDC2119,HDS2262,C101,8PL7CVA,Q615S1BA1,2026-08-11 16:42:25-07:00,202633,20.00,119325,NGXSDJXA0H80B002632,1,1,012T02,8B28421-D,EXABAHA008,101,1,1010001,1010000,1,101,UNDEFINED,10.3788,15.3278,5.9873,9.2151,8.0126,12.0654,1.4756,2.5772,1.4485,1.4789,31.3679,32.1721,1.4756,2.5772,5105.4594,7774.9667,5.9873|8.0126|10.3788,9.2151|12.0654|15.3278,^GT:31.3679%0.7%19.5,^GT:5.9873%0.7%19.5%200%8.0126%0.7%19.5%300%10.3788%0.7%19.5%400,AIO
EFUSE_Q615S1BA_012_-2_9,Q615S1BA1,X,Q615S1BA,012,-2,9,Q615S1BA_012_-2_9,,SDC2119,HDS2262,C101,8PL7CVA,Q615S1BA1,2026-08-11 16:42:25-07:00,202633,20.00,119325,NGXSDJXA0H80B002632,7,12,012T01,8B28421-D,EXABAHA008,301,3,3010001,3030000,3,303,UNDEFINED,10.2651,15.1605,5.8781,9.051,7.896,11.9053,0.8229,2.436,0.9624,1.3391,31.3357,32.1553,0.8229,2.436,5020.2397,7682.8229,5.8781|7.896|10.2651,9.051|11.9053|15.1605,^GT:31.3357%0.7%19.200000000000003,^GT:5.8781%0.7%19.200000000000003%200%7.896%0.7%19.200000000000003%300%10.2651%0.7%19.200000000000003%400,AIO
EFUSE_Q615S1BA_012_-3_-1,Q615S1BA1,X,Q615S1BA,012,-3,-1,Q615S1BA_012_-3_-1,,SDC2119,HDS2262,C101,8PL7CVA,Q615S1BA1,2026-08-11 16:42:25-07:00,202633,20.00,119325,NGXSDJXA0H80B002632,4,15,012T02,8B18438-D,EXABAHA008,101,1,1010001,1010000,1,101,UNDEFINED,10.2718,15.0994,5.9575,9.1045,7.9672,11.9189,1.6881,2.58,1.518,1.5441,30.8164,31.5521,1.6881,2.58,5072.7031,7740.8788,5.9575|7.9672|10.2718,9.1045|11.9189|15.0994,^GT:30.8164%0.7%19.75,^GT:5.9575%0.7%19.75%200%7.9672%0.7%19.75%300%10.2718%0.7%19.75%400,AIO
EFUSE_Q615S1BA_012_-3_-10,Q615S1BA1,X,Q615S1BA,012,-3,-10,Q615S1BA_012_-3_-10,,SDC2119,HDS2262,C101,8PL7CVA,Q615S1BA1,2026-08-11 16:42:25-07:00,202633,20.00,119325,NGXSDJXA0H80B002632,7,6,012T02,8B28421-D,EXABAHA008,301,3,3010001,3030000,3,303,UNDEFINED,10.1553,15.0935,5.7749,9.0052,7.7829,11.8455,0.6294,2.3768,0.9107,1.2606,31.2886,32.0437,0.6294,2.3768,4914.2477,7562.4501,5.7749|7.7829|10.1553,9.0052|11.8455|15.0935,^GT:31.2886%0.7%19.5,^GT:5.7749%0.7%19.5%200%7.7829%0.7%19.5%300%10.1553%0.7%19.5%400,AIO
EFUSE_Q615S1BA_012_-3_-2,Q615S1BA1,X,Q615S1BA,012,-3,-2,Q615S1BA_012_-3_-2,,SDC2119,HDS2262,C101,8PL7CVA,Q615S1BA1,2026-08-11 16:42:25-07:00,202633,20.00,119325,NGXSDJXA0H80B002632,4,8,012T03,8B18438-D,EXABAHA008,101,1,1010001,1010000,1,101,UNDEFINED,10.3253,15.1907,6.0049,9.178,8.0069,12.0019,1.7175,2.6237,1.4798,1.5806,30.86,31.6458,1.7175,2.6237,5106.7909,7773.6352,6.0049|8.0069|10.3253,9.178|12.0019|15.1907,^GT:30.86%0.7%19.6,^GT:6.0049%0.7%19.6%200%8.0069%0.7%19.6%300%10.3253%0.7%19.6%400,AIO
EFUSE_Q615S1BA_012_-3_-3,Q615S1BA1,X,Q615S1BA,012,-3,-3,Q615S1BA_012_-3_-3,,SDC2119,HDS2262,C101,8PL7CVA,Q615S1BA1,2026-08-11 16:42:25-07:00,202633,20.00,119325,NGXSDJXA0H80B002632,3,14,012T01,8B28421-D,EXABAHA008,301,3,3010001,3030000,3,303,UNDEFINED,10.2467,15.0581,5.9264,9.0765,7.9416,11.8949,1.8351,2.5588,1.1493,1.4912,30.8593,31.4821,1.8351,2.5588,5090.5459,7770.7057,5.9264|7.9416|10.2467,9.0765|11.8949|15.0581,^GT:30.8593%0.7%19.05,^GT:5.9264%0.7%19.05%200%7.9416%0.7%19.05%300%10.2467%0.7%19.05%400,AIO
EFUSE_Q615S1BA_012_-3_-4,Q615S1BA1,X,Q615S1BA,012,-3,-4,Q615S1BA_012_-3_-4,,SDC2119,HDS2262,C101,8PL7CVA,Q615S1BA1,2026-08-11 16:42:25-07:00,202633,20.00,119325,NGXSDJXA0H80B002632,6,5,012T02,8B28421-D,EXABAHA008,101,1,1010001,1010000,1,101,UNDEFINED,10.2652,15.0996,5.9295,9.0934,7.9452,11.9127,1.0154,2.5459,1.0819,1.4848,30.9693,31.6116,1.0154,2.5459,5143.5419,7805.0599,5.9295|7.9452|10.2652,9.0934|11.9127|15.0996,^GT:30.9693%0.7%19.200000000000003,^GT:5.9295%0.7%19.200000000000003%200%7.9452%0.7%19.200000000000003%300%10.2652%0.7%19.200000000000003%400,AIO
EFUSE_Q615S1BA_012_-3_-5,Q615S1BA1,X,Q615S1BA,012,-3,-5,Q615S1BA_012_-3_-5,,SDC2119,HDS2262,C101,8PL7CVA,Q615S1BA1,2026-08-11 16:42:25-07:00,202633,20.00,119325,NGXSDJXA0H80B002632,2,18,012T03,8B18438-D,EXABAHA008,101,1,1010001,1010000,1,101,UNDEFINED,10.2647,15.137,5.9383,9.1329,7.947,11.9445,1.164,2.5779,1.0979,1.5084,30.9029,31.6005,1.164,2.5779,5115.5792,7772.0373,5.9383|7.947|10.2647,9.1329|11.9445|15.137,^GT:30.9029%0.7%19.6,^GT:5.9383%0.7%19.6%200%7.947%0.7%19.6%300%10.2647%0.7%19.6%400,AIO
EFUSE_Q615S1BA_012_-3_-6,Q615S1BA1,X,Q615S1BA,012,-3,-6,Q615S1BA_012_-3_-6,,SDC2119,HDS2262,C101,8PL7CVA,Q615S1BA1,2026-08-11 16:42:25-07:00,202633,20.00,119325,NGXSDJXA0H80B002632,2,12,012T01,8B18438-D,EXABAHA008,101,1,1010001,1010000,1,101,UNDEFINED,10.2568,15.1851,5.9333,9.1623,7.9373,11.9869,0.9153,2.5994,1.3388,1.5055,30.8821,31.6989,0.9153,2.5994,5114.514,7765.6458,5.9333|7.9373|10.2568,9.1623|11.9869|15.1851,^GT:30.8821%0.7%19.85,^GT:5.9333%0.7%19.85%200%7.9373%0.7%19.85%300%10.2568%0.7%19.85%400,AIO
EFUSE_Q615S1BA_012_-3_-7,Q615S1BA1,X,Q615S1BA,012,-3,-7,Q615S1BA_012_-3_-7,,SDC2119,HDS2262,C101,8PL7CVA,Q615S1BA1,2026-08-11 16:42:25-07:00,202633,20.00,119325,NGXSDJXA0H80B002632,6,17,012T02,8B28421-D,EXABAHA008,301,3,3010001,3030000,3,303,UNDEFINED,10.3732,15.4065,6.0156,9.3472,8.0288,12.2002,1.1331,2.7718,1.3254,1.6049,31.1257,31.8911,1.1331,2.7718,5144.0746,7802.3968,6.0156|8.0288|10.3732,9.3472|12.2002|15.4065,^GT:31.1257%0.7%19.299999999999997,^GT:6.0156%0.7%19.299999999999997%200%8.0288%0.7%19.299999999999997%300%10.3732%0.7%19.299999999999997%400,AIO
EFUSE_Q615S1BA_012_-3_-8,Q615S1BA1,X,Q615S1BA,012,-3,-8,Q615S1BA_012_-3_-8,,SDC2119,HDS2262,C101,8PL7CVA,Q615S1BA1,2026-08-11 16:42:25-07:00,202633,20.00,119325,NGXSDJXA0H80B002632,2,7,012T03,8B28421-D,EXABAHA008,101,1,1010001,1010000,1,101,UNDEFINED,10.3899,15.4692,6.0231,9.3926,8.0391,12.2364,1.8271,2.7532,1.4764,1.5803,31.1914,31.9821,1.8271,2.7532,5122.5033,7792.277,6.0231|8.0391|10.3899,9.3926|12.2364|15.4692,^GT:31.1914%0.7%19.25,^GT:6.0231%0.7%19.25%200%8.0391%0.7%19.25%300%10.3899%0.7%19.25%400,AIO
EFUSE_Q615S1BA_012_-3_-9,Q615S1BA1,X,Q615S1BA,012,-3,-9,Q615S1BA_012_-3_-9,,SDC2119,HDS2262,C101,8PL7CVA,Q615S1BA1,2026-08-11 16:42:25-07:00,202633,20.00,119325,NGXSDJXA0H80B002632,1,5,012T01,8B18438-D,EXABAHA008,101,1,1010001,1010000,1,101,UNDEFINED,10.2779,15.3236,5.8932,9.2178,7.9226,12.0733,1.5807,2.6048,1.2136,1.4156,31.32,32.1358,1.5807,2.6048,5016.7776,7682.2903,5.8931|7.9226|10.2779,9.2178|12.0733|15.3236,^GT:31.32%0.7%19.6,^GT:5.8931%0.7%19.6%200%7.9226%0.7%19.6%300%10.2779%0.7%19.6%400,AIO
EFUSE_Q615S1BA_012_-3_0,Q615S1BA1,X,Q615S1BA,012,-3,0,Q615S1BA_012_-3_0,,SDC2119,HDS2262,C101,8PL7CVA,Q615S1BA1,2026-08-11 16:42:25-07:00,202633,20.00,119325,NGXSDJXA0H80B002632,4,16,012T01,8B18438-D,EXABAHA008,101,1,1010001,1010000,1,101,UNDEFINED,10.2185,15.0195,5.893,9.0178,7.9071,11.8428,0.9,2.4596,1.1218,1.4503,30.8964,31.5879,0.9,2.4596,5043.4088,7712.9161,5.893|7.9071|10.2185,9.0178|11.8428|15.0195,^GT:30.8964%0.7%19.6,^GT:5.893%0.7%19.6%200%7.9071%0.7%19.6%300%10.2185%0.7%19.6%400,AIO
EFUSE_Q615S1BA_012_-3_1,Q615S1BA1,X,Q615S1BA,012,-3,1,Q615S1BA_012_-3_1,,SDC2119,HDS2262,C101,8PL7CVA,Q615S1BA1,2026-08-11 16:42:25-07:00,202633,20.00,119325,NGXSDJXA0H80B002632,5,15,012T03,8B28421-D,EXABAHA008,101,1,1010001,1010000,1,101,UNDEFINED,10.1435,14.9051,5.8378,8.9104,7.8468,11.7318,0.8875,2.3925,1.0438,1.3817,30.755,31.5511,0.8875,2.3925,5054.0613,7745.6724,5.8378|7.8468|10.1435,8.9104|11.7318|14.9051,^GT:30.755%0.7%19.35,^GT:5.8378%0.7%19.35%200%7.8468%0.7%19.35%300%10.1435%0.7%19.35%400,AIO
EFUSE_Q615S1BA_012_-3_10,Q615S1BA1,X,Q615S1BA,012,-3,10,Q615S1BA_012_-3_10,,SDC2119,HDS2262,C101,8PL7CVA,Q615S1BA1,2026-08-11 16:42:25-07:00,202633,20.00,119325,NGXSDJXA0H80B002632,7,1,012T01,8B28421-D,EXABAHA008,101,1,1010001,1010000,1,101,UNDEFINED,10.1299,14.8676,5.7654,8.7989,7.7798,11.6108,0.6675,2.2205,0.8951,1.2176,31.175,31.9405,0.6675,2.2205,4945.9387,7598.9348,5.7654|7.7798|10.1299,8.7989|11.6108|14.8676,^GT:31.175%0.7%19.25,^GT:5.7654%0.7%19.25%200%7.7798%0.7%19.25%300%10.1299%0.7%19.25%400,AIO
EFUSE_Q615S1BA_012_-3_2,Q615S1BA1,X,Q615S1BA,012,-3,2,Q615S1BA_012_-3_2,,SDC2119,HDS2262,C101,8PL7CVA,Q615S1BA1,2026-08-11 16:42:25-07:00,202633,20.00,119325,NGXSDJXA0H80B002632,3,2,012T02,8B18438-D,EXABAHA008,101,1,1010001,1010000,1,101,UNDEFINED,10.162,14.9468,5.8589,8.9725,7.8665,11.7806,0.7814,2.4383,0.9951,1.4149,30.7364,31.4437,0.7814,2.4383,5075.6325,7783.4887,5.8589|7.8665|10.162,8.9725|11.7806|14.9468,^GT:30.7364%0.7%19.65,^GT:5.8589%0.7%19.65%200%7.8665%0.7%19.65%300%10.162%0.7%19.65%400,AIO
EFUSE_Q615S1BA_012_-3_3,Q615S1BA1,X,Q615S1BA,012,-3,3,Q615S1BA_012_-3_3,,SDC2119,HDS2262,C101,8PL7CVA,Q615S1BA1,2026-08-11 16:42:25-07:00,202633,20.00,119325,NGXSDJXA0H80B002632,5,9,012T01,8B18438-D,EXABAHA008,301,3,3010001,3030000,3,303,UNDEFINED,10.2045,14.9927,5.8787,8.9813,7.8927,11.8044,0.8682,2.4526,1.0365,1.4142,30.8986,31.6389,0.8682,2.4526,5091.6112,7792.277,5.8787|7.8927|10.2045,8.9813|11.8044|14.9927,^GT:30.8986%0.7%19.5,^GT:5.8787%0.7%19.5%200%7.8927%0.7%19.5%300%10.2045%0.7%19.5%400,AIO
EFUSE_Q615S1BA_012_-3_4,Q615S1BA1,X,Q615S1BA,012,-3,4,Q615S1BA_012_-3_4,,SDC2119,HDS2262,C101,8PL7CVA,Q615S1BA1,2026-08-11 16:42:25-07:00,202633,20.00,119325,NGXSDJXA0H80B002632,6,14,012T03,8B18438-D,EXABAHA008,101,1,1010001,1010000,1,101,UNDEFINED,10.3047,15.1642,5.9675,9.1404,7.9844,11.958,1.6275,2.5609,1.3241,1.5179,30.98,31.7042,1.6275,2.5609,5144.0746,7837.8162,5.9675|7.9844|10.3047,9.1404|11.958|15.1642,^GT:30.98%0.7%19.700000000000003,^GT:5.9675%0.7%19.700000000000003%200%7.9844%0.7%19.700000000000003%300%10.3047%0.7%19.700000000000003%400,AIO
EFUSE_Q615S1BA_012_-3_5,Q615S1BA1,X,Q615S1BA,012,-3,5,Q615S1BA_012_-3_5,,SDC2119,HDS2262,C101,8PL7CVA,Q615S1BA1,2026-08-11 16:42:25-07:00,202633,20.00,119325,NGXSDJXA0H80B002632,2,10,012T02,8B18438-D,EXABAHA008,302,3,3020001,3030000,3,303,UNDEFINED,10.333,15.1982,5.9952,9.1684,7.9963,11.9933,1.0796,2.5996,1.3247,1.5372,30.9843,31.7358,1.0796,2.5996,5137.4168,7819.1744,5.9952|7.9963|10.333,9.1684|11.9933|15.1982,^GT:30.9843%0.7%19.95,^GT:5.9952%0.7%19.95%200%7.9963%0.7%19.95%300%10.333%0.7%19.95%400,AIO
EFUSE_Q615S1BA_012_-3_6,Q615S1BA1,X,Q615S1BA,012,-3,6,Q615S1BA_012_-3_6,,SDC2119,HDS2262,C101,8PL7CVA,Q615S1BA1,2026-08-11 16:42:25-07:00,202633,20.00,119325,NGXSDJXA0H80B002632,6,18,012T01,8B18438-D,EXABAHA008,101,1,1010001,1010000,1,101,UNDEFINED,10.3796,15.3017,6.0297,9.2576,8.0357,12.0888,1.7997,2.6347,1.472,1.5504,31.0707,31.8111,1.7997,2.6347,5132.0905,7816.5113,6.0297|8.0357|10.3796,9.2576|12.0888|15.3017,^GT:31.0707%0.7%20.25,^GT:6.0297%0.7%20.25%200%8.0357%0.7%20.25%300%10.3796%0.7%20.25%400,AIO
EFUSE_Q615S1BA_012_-3_7,Q615S1BA1,X,Q615S1BA,012,-3,7,Q615S1BA_012_-3_7,,SDC2119,HDS2262,C101,8PL7CVA,Q615S1BA1,2026-08-11 16:42:25-07:00,202633,20.00,119325,NGXSDJXA0H80B002632,7,14,012T03,8B28421-D,EXABAHA008,101,1,1010001,1010000,1,101,UNDEFINED,10.3562,15.2721,5.9933,9.2164,8.0168,12.0429,1.1853,2.6387,1.3226,1.5231,31.1636,31.8721,1.1853,2.6387,5138.482,7811.7177,5.9933|8.0168|10.3562,9.2164|12.0429|15.2721,^GT:31.1636%0.7%19.1,^GT:5.9933%0.7%19.1%200%8.0168%0.7%19.1%300%10.3562%0.7%19.1%400,AIO
EFUSE_Q615S1BA_012_-3_8,Q615S1BA1,X,Q615S1BA,012,-3,8,Q615S1BA_012_-3_8,,SDC2119,HDS2262,C101,8PL7CVA,Q615S1BA1,2026-08-11 16:42:25-07:00,202633,20.00,119325,NGXSDJXA0H80B002632,2,1,012T02,8B28421-D,EXABAHA008,301,3,3010001,3030000,3,303,UNDEFINED,10.3378,15.2552,5.9481,9.1529,7.9653,11.9988,1.7242,2.5132,1.0145,1.4423,31.355,32.1174,1.7242,2.5132,5079.6272,7753.3955,5.9481|7.9653|10.3378,9.1529|11.9988|15.2552,^GT:31.355%0.7%19.25,^GT:5.9481%0.7%19.25%200%7.9653%0.7%19.25%300%10.3378%0.7%19.25%400,AIO
EFUSE_Q615S1BA_012_-3_9,Q615S1BA1,X,Q615S1BA,012,-3,9,Q615S1BA_012_-3_9,,SDC2119,HDS2262,C101,8PL7CVA,Q615S1BA1,2026-08-11 16:42:25-07:00,202633,20.00,119325,NGXSDJXA0H80B002632,7,13,012T01,8B18438-D,EXABAHA008,101,1,1010001,1010000,1,101,UNDEFINED,10.3002,15.1966,5.8966,9.0854,7.9131,11.9339,0.8551,2.3994,1.1924,1.3534,31.4543,32.1642,0.8551,2.3994,5009.5872,7682.024,5.8966|7.9131|10.3002,9.0854|11.9339|15.1966,^GT:31.4543%0.7%19.799999999999997,^GT:5.8966%0.7%19.799999999999997%200%7.9131%0.7%19.799999999999997%300%10.3002%0.7%19.799999999999997%400,AIO
EFUSE_Q615S1BA_012_-4_-1,Q615S1BA1,X,Q615S1BA,012,-4,-1,Q615S1BA_012_-4_-1,B82020000_FAIL_SCN_GT_GXX_CTRL_X_GFXAGG_K_BEGIN_X_X_X_X_X_EVALUATE_4,SDC2119,HDS2262,C101,8PL7CVA,Q615S1BA1,2026-08-11 16:42:25-07:00,202633,20.00,119325,NGXSDJXA0H80B002632,4,14,012T02,8B28421-D,EXABAHA008,8202,82,82020000,82020000,82,8202,UNDEFINED,10.2534,15.1283,5.9536,9.1171,7.9462,11.9308,0.9233,2.5628,1.4246,1.5115,30.7129,31.6379,0.9233,2.5628,5112.9161,7792.277,5.9536|7.9462|10.2534,9.1171|11.9308|15.1283,^GT:30.7129%0.7%19.700000000000003,^GT:5.9536%0.7%19.700000000000003%200%7.9462%0.7%19.700000000000003%300%10.2534%0.7%19.700000000000003%400,AIO
EFUSE_Q615S1BA_012_-4_-10,Q615S1BA1,X,Q615S1BA,012,-4,-10,Q615S1BA_012_-4_-10,,SDC2119,HDS2262,C101,8PL7CVA,Q615S1BA1,2026-08-11 16:42:25-07:00,202633,20.00,119325,NGXSDJXA0H80B002632,1,7,012T01,8B18438-D,EXABAHA008,301,3,3010001,3030000,3,303,UNDEFINED,10.0219,14.8799,5.6603,8.8129,7.6722,11.6421,1.5692,2.2517,0.8723,1.1673,31.1543,31.9316,1.5692,2.2517,4832.2237,7458.5885,5.6603|7.6721|10.0219,8.8129|11.6421|14.8799,^GT:31.1543%0.7%19.85,^GT:5.6603%0.7%19.85%200%7.6721%0.7%19.85%300%10.0219%0.7%19.85%400,AIO
EFUSE_Q615S1BA_012_-4_-2,Q615S1BA1,X,Q615S1BA,012,-4,-2,Q615S1BA_012_-4_-2,B99880012_FAIL_TPI_SIU_STATIC_CTRL_X_PWRDWN_K_STRESS_X_X_X_X_LOWV_BFL_N2,SDC2119,HDS2262,C101,8PL7CVA,Q615S1BA1,2026-08-11 16:42:25-07:00,202633,20.00,119325,NGXSDJXA0H80B002632,4,9,012T03,8B28421-D,EXABAHA008,9988,99,99880012,99880012,99,9988,UNDEFINED,10.2847,15.141,5.9739,9.129,7.9729,11.9544,1.0057,2.5924,1.1171,1.5408,30.7914,31.6421,1.0057,2.5924,5142.4767,7815.7124,5.9739|7.9729|10.2847,9.129|11.9544|15.141,^GT:30.7914%0.7%19.55,^GT:5.9739%0.7%19.55%200%7.9729%0.7%19.55%300%10.2847%0.7%19.55%400,AIO
EFUSE_Q615S1BA_012_-4_-3,Q615S1BA1,X,Q615S1BA,012,-4,-3,Q615S1BA_012_-4_-3,,SDC2119,HDS2262,C101,8PL7CVA,Q615S1BA1,2026-08-11 16:42:25-07:00,202633,20.00,119325,NGXSDJXA0H80B002632,3,15,012T01,8B28421-D,EXABAHA008,301,3,3010001,3030000,3,303,UNDEFINED,10.2762,15.1283,5.9626,9.1317,7.9748,11.9506,0.9556,2.5919,1.244,1.5435,30.8114,31.5611,0.9556,2.5919,5121.7044,7797.0706,5.9626|7.9748|10.2762,9.1317|11.9506|15.1283,^GT:30.8114%0.7%18.950000000000003,^GT:5.9626%0.7%18.950000000000003%200%7.9748%0.7%18.950000000000003%300%10.2762%0.7%18.950000000000003%400,AIO
EFUSE_Q615S1BA_012_-4_-4,Q615S1BA1,X,Q615S1BA,012,-4,-4,Q615S1BA_012_-4_-4,,SDC000,HDS000,A000,8PL7CVA,Q615S1BA1,2026-08-11 16:42:25-07:00,202633,20.00,119325,NGXSDJXA0H80B002632,6,6,012T02,,XIU000,9301,93,,930100,93,9301,UNDEFINED,,,,,,,,,,,,,,,,,,,,,AIO
EFUSE_Q615S1BA_012_-4_-5,Q615S1BA1,X,Q615S1BA,012,-4,-5,Q615S1BA_012_-4_-5,,SDC2119,HDS2262,C101,8PL7CVA,Q615S1BA1,2026-08-11 16:42:25-07:00,202633,20.00,119325,NGXSDJXA0H80B002632,2,17,012T03,8B28421-D,EXABAHA008,101,1,1010001,1010000,1,101,UNDEFINED,10.2332,15.1363,5.9039,9.1119,7.9204,11.9333,1.29,2.544,1.0842,1.455,30.9236,31.7074,1.29,2.544,5089.747,7743.0093,5.9039|7.9204|10.2332,9.1119|11.9333|15.1363,^GT:30.9236%0.7%19.25,^GT:5.9039%0.7%19.25%200%7.9204%0.7%19.25%300%10.2332%0.7%19.25%400,AIO
EFUSE_Q615S1BA_012_-4_-6,Q615S1BA1,X,Q615S1BA,012,-4,-6,Q615S1BA_012_-4_-6,B99880003_FAIL_TPI_POWER_SEQ_CTRL_X_PWRUP_K_START_X_X_X_X_N2,SDC2119,HDS2262,C101,8PL7CVA,Q615S1BA1,2026-08-11 16:42:25-07:00,202633,20.00,119325,NGXSDJXA0H80B002632,2,13,012T01,8B28421-D,EXABAHA008,9988,99,99880003,99880003,99,9988,UNDEFINED,,,,,,,,,,,,,,,,,,,,,AIO
EFUSE_Q615S1BA_012_-4_-7,Q615S1BA1,X,Q615S1BA,012,-4,-7,Q615S1BA_012_-4_-7,,SDC2119,HDS2262,C101,8PL7CVA,Q615S1BA1,2026-08-11 16:42:25-07:00,202633,20.00,119325,NGXSDJXA0H80B002632,6,16,012T02,8B28421-D,EXABAHA008,101,1,1010001,1010000,1,101,UNDEFINED,10.4339,15.5278,6.0662,9.4421,8.079,12.2933,1.9267,2.8346,1.5152,1.6334,31.1979,32.03,1.9267,2.8346,5163.5153,7813.5819,6.0662|8.079|10.4339,9.4421|12.2933|15.5278,^GT:31.1979%0.7%19.799999999999997,^GT:6.0662%0.7%19.799999999999997%200%8.079%0.7%19.799999999999997%300%10.4339%0.7%19.799999999999997%400,AIO
EFUSE_Q615S1BA_012_-4_-8,Q615S1BA1,X,Q615S1BA,012,-4,-8,Q615S1BA_012_-4_-8,,SDC2119,HDS2262,C101,8PL7CVA,Q615S1BA1,2026-08-11 16:42:25-07:00,202633,20.00,119325,NGXSDJXA0H80B002632,2,8,012T03,8B18438-D,EXABAHA008,101,1,1010001,1010000,1,101,UNDEFINED,10.3378,15.3922,5.9628,9.2972,7.9782,12.1579,1.5586,2.6917,1.4268,1.5199,31.25,32.0789,1.5586,2.6917,5087.3502,7756.5912,5.9628|7.9782|10.3378,9.2972|12.1579|15.3922,^GT:31.25%0.7%19.95,^GT:5.9628%0.7%19.95%200%7.9782%0.7%19.95%300%10.3378%0.7%19.95%400,AIO
EFUSE_Q615S1BA_012_-4_-9,Q615S1BA1,X,Q615S1BA,012,-4,-9,Q615S1BA_012_-4_-9,,SDC2119,HDS2262,C101,8PL7CVA,Q615S1BA1,2026-08-11 16:42:25-07:00,202633,20.00,119325,NGXSDJXA0H80B002632,7,7,012T02,8B28421-D,EXABAHA008,101,1,1010001,1010000,1,101,UNDEFINED,10.202,15.1965,5.8087,9.108,7.8289,11.9489,0.6998,2.4712,0.9378,1.3168,31.3807,32.0447,0.6998,2.4712,4976.2983,7631.1585,5.8087|7.8288|10.202,9.108|11.9489|15.1965,^GT:31.3807%0.7%18.85,^GT:5.8087%0.7%18.85%200%7.8288%0.7%18.85%300%10.202%0.7%18.85%400,AIO
EFUSE_Q615S1BA_012_-4_0,Q615S1BA1,X,Q615S1BA,012,-4,0,Q615S1BA_012_-4_0,,SDC000,HDS000,A000,8PL7CVA,Q615S1BA1,2026-08-11 16:42:25-07:00,202633,20.00,119325,NGXSDJXA0H80B002632,4,17,012T01,,XIU000,9301,93,,930100,93,9301,UNDEFINED,,,,,,,,,,,,,,,,,,,,,AIO
EFUSE_Q615S1BA_012_-4_1,Q615S1BA1,X,Q615S1BA,012,-4,1,Q615S1BA_012_-4_1,,SDC2119,HDS2262,C101,8PL7CVA,Q615S1BA1,2026-08-11 16:42:25-07:00,202633,20.00,119325,NGXSDJXA0H80B002632,5,16,012T03,8B18438-D,EXABAHA008,302,3,3020001,3030000,3,303,UNDEFINED,10.1638,14.9365,5.8517,8.9433,7.8541,11.7553,1.4803,2.455,0.9949,1.4037,30.8007,31.5432,1.4803,2.455,5081.225,7770.972,5.8517|7.8541|10.1638,8.9433|11.7553|14.9365,^GT:30.8007%0.7%19.75,^GT:5.8517%0.7%19.75%200%7.8541%0.7%19.75%300%10.1638%0.7%19.75%400,AIO
EFUSE_Q615S1BA_012_-4_2,Q615S1BA1,X,Q615S1BA,012,-4,2,Q615S1BA_012_-4_2,,SDC2119,HDS2262,C101,8PL7CVA,Q615S1BA1,2026-08-11 16:42:25-07:00,202633,20.00,119325,NGXSDJXA0H80B002632,3,1,012T02,8B18438-D,EXABAHA008,101,1,1010001,1010000,1,101,UNDEFINED,10.1804,14.9697,5.843,8.9535,7.8607,11.7794,0.8792,2.423,1.1936,1.3938,30.9814,31.6642,0.8792,2.423,5076.1651,7776.8309,5.843|7.8607|10.1804,8.9535|11.7794|14.9697,^GT:30.9814%0.7%20,^GT:5.843%0.7%20%200%7.8607%0.7%20%300%10.1804%0.7%20%400,AIO
EFUSE_Q615S1BA_012_-4_3,Q615S1BA1,X,Q615S1BA,012,-4,3,Q615S1BA_012_-4_3,,SDC2119,HDS2262,C101,8PL7CVA,Q615S1BA1,2026-08-11 16:42:25-07:00,202633,20.00,119325,NGXSDJXA0H80B002632,5,10,012T01,8B18438-D,EXABAHA008,101,1,1010001,1010000,1,101,UNDEFINED,10.2605,15.0894,5.9192,9.0661,7.9449,11.8913,0.8434,2.5229,1.0623,1.4666,31.0093,31.7016,0.8434,2.5229,5103.5952,7791.478,5.9192|7.9449|10.2605,9.0661|11.8913|15.0894,^GT:31.0093%0.7%20,^GT:5.9192%0.7%20%200%7.9449%0.7%20%300%10.2605%0.7%20%400,AIO
EFUSE_Q615S1BA_012_-4_4,Q615S1BA1,X,Q615S1BA,012,-4,4,Q615S1BA_012_-4_4,,SDC2119,HDS2262,C101,8PL7CVA,Q615S1BA1,2026-08-11 16:42:25-07:00,202633,20.00,119325,NGXSDJXA0H80B002632,6,15,012T03,8B18438-D,EXABAHA008,101,1,1010001,1010000,1,101,UNDEFINED,10.3016,15.148,5.9556,9.1124,7.9669,11.9508,1.046,2.5496,1.1679,1.5068,31.0429,31.7663,1.046,2.5496,5133.4221,7813.8482,5.9556|7.9669|10.3016,9.1124|11.9508|15.148,^GT:31.0429%0.7%19.799999999999997,^GT:5.9556%0.7%19.799999999999997%200%7.9669%0.7%19.799999999999997%300%10.3016%0.7%19.799999999999997%400,AIO
EFUSE_Q615S1BA_012_-4_5,Q615S1BA1,X,Q615S1BA,012,-4,5,Q615S1BA_012_-4_5,,SDC2119,HDS2262,C101,8PL7CVA,Q615S1BA1,2026-08-11 16:42:25-07:00,202633,20.00,119325,NGXSDJXA0H80B002632,2,9,012T02,8B28421-D,EXABAHA008,101,1,1010001,1010000,1,101,UNDEFINED,10.3548,15.2654,5.9929,9.2212,7.9972,12.0533,0.9652,2.619,1.1792,1.5348,31.1564,31.8116,0.9652,2.619,5131.0253,7806.1252,5.9929|7.9972|10.3548,9.2212|12.0533|15.2654,^GT:31.1564%0.7%19.799999999999997,^GT:5.9929%0.7%19.799999999999997%200%7.9972%0.7%19.799999999999997%300%10.3548%0.7%19.799999999999997%400,AIO
EFUSE_Q615S1BA_012_-4_6,Q615S1BA1,X,Q615S1BA,012,-4,6,Q615S1BA_012_-4_6,,SDC2119,HDS2262,C101,8PL7CVA,Q615S1BA1,2026-08-11 16:42:25-07:00,202633,20.00,119325,NGXSDJXA0H80B002632,6,19,012T01,8B28421-D,EXABAHA008,101,1,1010001,1010000,1,101,UNDEFINED,10.3874,15.3404,6.0223,9.2927,8.0475,12.1112,0.9308,2.7074,1.4351,1.5773,31.1793,31.83,0.9308,2.7074,5148.0692,7822.1039,6.0223|8.0475|10.3874,9.2927|12.1112|15.3404,^GT:31.1793%0.7%19.6,^GT:6.0223%0.7%19.6%200%8.0475%0.7%19.6%300%10.3874%0.7%19.6%400,AIO
EFUSE_Q615S1BA_012_-4_7,Q615S1BA1,X,Q615S1BA,012,-4,7,Q615S1BA_012_-4_7,,SDC2119,HDS2262,C101,8PL7CVA,Q615S1BA1,2026-08-11 16:42:25-07:00,202633,20.00,119325,NGXSDJXA0H80B002632,7,15,012T03,8B28421-D,EXABAHA008,101,1,1010001,1010000,1,101,UNDEFINED,10.3763,15.3053,6.0,9.2311,8.036,12.0796,1.4408,2.6446,1.3388,1.5308,31.2593,31.9695,1.4408,2.6446,5133.9547,7815.1798,6|8.0359|10.3763,9.2311|12.0796|15.3053,^GT:31.2593%0.7%19.25,^GT:6%0.7%19.25%200%8.0359%0.7%19.25%300%10.3763%0.7%19.25%400,AIO
EFUSE_Q615S1BA_012_-4_8,Q615S1BA1,X,Q615S1BA,012,-4,8,Q615S1BA_012_-4_8,,SDC2119,HDS2262,C101,8PL7CVA,Q615S1BA1,2026-08-11 16:42:25-07:00,202633,20.00,119325,NGXSDJXA0H80B002632,2,2,012T02,8B18438-D,EXABAHA008,301,3,3010001,3030000,3,303,UNDEFINED,10.3446,15.2653,5.9517,9.1558,7.9691,12.0111,0.8133,2.5413,1.2352,1.4443,31.3779,32.1553,0.8133,2.5413,5041.8109,7700.3995,5.9517|7.9691|10.3446,9.1558|12.0111|15.2653,^GT:31.3779%0.7%19.85,^GT:5.9517%0.7%19.85%200%7.9691%0.7%19.85%300%10.3446%0.7%19.85%400,AIO
EFUSE_Q615S1BA_012_-4_9,Q615S1BA1,X,Q615S1BA,012,-4,9,Q615S1BA_012_-4_9,,SDC2119,HDS2262,C101,8PL7CVA,Q615S1BA1,2026-08-11 16:42:25-07:00,202633,20.00,119325,NGXSDJXA0H80B002632,7,14,012T01,8B18438-D,EXABAHA008,101,1,1010001,1010000,1,101,UNDEFINED,10.3335,15.2259,5.947,9.1247,7.974,11.9748,1.2594,2.4913,1.0746,1.4246,31.3321,32.1116,1.2594,2.4913,5001.3316,7659.6538,5.947|7.974|10.3335,9.1247|11.9748|15.2259,^GT:31.3321%0.7%20,^GT:5.947%0.7%20%200%7.974%0.7%20%300%10.3335%0.7%20%400,AIO
EFUSE_Q615S1BA_012_-5_-1,Q615S1BA1,X,Q615S1BA,012,-5,-1,Q615S1BA_012_-5_-1,,SDC2119,HDS2262,C101,8PL7CVA,Q615S1BA1,2026-08-11 16:42:25-07:00,202633,20.00,119325,NGXSDJXA0H80B002632,4,13,012T02,8B28421-D,EXABAHA008,101,1,1010001,1010000,1,101,UNDEFINED,10.2459,15.0915,5.9452,9.0971,7.9374,11.9271,1.5964,2.5735,1.2737,1.5149,30.7193,31.5495,1.5964,2.5735,5136.0852,7804.261,5.9452|7.9374|10.2459,9.0971|11.9271|15.0915,^GT:30.7193%0.7%19.15,^GT:5.9452%0.7%19.15%200%7.9374%0.7%19.15%300%10.2459%0.7%19.15%400,AIO
EFUSE_Q615S1BA_012_-5_-2,Q615S1BA1,X,Q615S1BA,012,-5,-2,Q615S1BA_012_-5_-2,,SDC2119,HDS2262,C101,8PL7CVA,Q615S1BA1,2026-08-11 16:42:25-07:00,202633,20.00,119325,NGXSDJXA0H80B002632,4,11,012T03,8B18438-D,EXABAHA008,201,2,2010001,2020000,2,202,UNDEFINED,10.2892,15.1862,5.9839,9.1737,8.0014,11.993,1.2031,2.6228,1.5034,1.5668,30.7521,31.6447,1.2031,2.6228,5121.4381,7798.1358,5.9839|8.0014|10.2892,9.1737|11.993|15.1862,^GT:30.7521%0.7%19.55,^GT:5.9839%0.7%19.55%200%8.0014%0.7%19.55%300%10.2892%0.7%19.55%400,AIO
EFUSE_Q615S1BA_012_-5_-3,Q615S1BA1,X,Q615S1BA,012,-5,-3,Q615S1BA_012_-5_-3,,SDC2119,HDS2262,C101,8PL7CVA,Q615S1BA1,2026-08-11 16:42:25-07:00,202633,20.00,119325,NGXSDJXA0H80B002632,3,16,012T01,8B28421-D,EXABAHA008,301,3,3010001,3030000,3,303,UNDEFINED,10.2649,15.1365,5.9468,9.1375,7.9392,11.9475,1.5841,2.6155,1.1609,1.5191,30.8436,31.5737,1.5841,2.6155,5100.6658,7774.4341,5.9468|7.9392|10.2649,9.1375|11.9475|15.1365,^GT:30.8436%0.7%19.6,^GT:5.9468%0.7%19.6%200%7.9392%0.7%19.6%300%10.2649%0.7%19.6%400,AIO
EFUSE_Q615S1BA_012_-5_-4,Q615S1BA1,X,Q615S1BA,012,-5,-4,Q615S1BA_012_-5_-4,,SDC2119,HDS2262,C101,8PL7CVA,Q615S1BA1,2026-08-11 16:42:25-07:00,202633,20.00,119325,NGXSDJXA0H80B002632,6,7,012T02,8B28421-D,EXABAHA008,101,1,1010001,1010000,1,101,UNDEFINED,10.2688,15.1846,5.9413,9.1496,7.9577,11.9705,1.852,2.5795,1.2532,1.4797,30.9107,31.7632,1.852,2.5795,5104.3941,7758.988,5.9413|7.9576|10.2688,9.1496|11.9705|15.1846,^GT:30.9107%0.7%19.15,^GT:5.9413%0.7%19.15%200%7.9576%0.7%19.15%300%10.2688%0.7%19.15%400,AIO
EFUSE_Q615S1BA_012_-5_-5,Q615S1BA1,X,Q615S1BA,012,-5,-5,Q615S1BA_012_-5_-5,,SDC2119,HDS2262,C101,8PL7CVA,Q615S1BA1,2026-08-11 16:42:25-07:00,202633,20.00,119325,NGXSDJXA0H80B002632,2,16,012T03,8B28421-D,EXABAHA008,101,1,1010001,1010000,1,101,UNDEFINED,10.3597,15.3826,6.0008,9.3196,8.0204,12.1562,1.1794,2.6942,1.3897,1.5559,31.135,31.9105,1.1794,2.6942,5121.9707,7762.9827,6.0008|8.0204|10.3597,9.3196|12.1562|15.3826,^GT:31.135%0.7%19.9,^GT:6.0008%0.7%19.9%200%8.0204%0.7%19.9%300%10.3597%0.7%19.9%400,AIO
EFUSE_Q615S1BA_012_-5_-6,Q615S1BA1,X,Q615S1BA,012,-5,-6,Q615S1BA_012_-5_-6,,SDC2119,HDS2262,C101,8PL7CVA,Q615S1BA1,2026-08-11 16:42:25-07:00,202633,20.00,119325,NGXSDJXA0H80B002632,2,14,012T01,8B18438-D,EXABAHA008,301,3,3010001,3030000,3,303,UNDEFINED,10.3979,15.4641,6.0306,9.3792,8.048,12.2285,0.9469,2.7899,1.2391,1.579,31.195,32.0258,0.9469,2.7899,5124.9001,7765.6458,6.0306|8.048|10.3979,9.3792|12.2285|15.4641,^GT:31.195%0.7%19.75,^GT:6.0306%0.7%19.75%200%8.048%0.7%19.75%300%10.3979%0.7%19.75%400,AIO
EFUSE_Q615S1BA_012_-5_-7,Q615S1BA1,X,Q615S1BA,012,-5,-7,Q615S1BA_012_-5_-7,,SDC2119,HDS2262,C101,8PL7CVA,Q615S1BA1,2026-08-11 16:42:25-07:00,202633,20.00,119325,NGXSDJXA0H80B002632,6,15,012T02,8B28421-D,EXABAHA008,101,1,1010001,1010000,1,101,UNDEFINED,10.3576,15.4266,5.99,9.3351,8.015,12.1931,1.1065,2.7172,1.4409,1.5349,31.1971,32.0611,1.1065,2.7172,5113.4487,7768.5752,5.99|8.015|10.3576,9.335|12.1931|15.4266,^GT:31.1971%0.7%19.05,^GT:5.99%0.7%19.05%200%8.015%0.7%19.05%300%10.3576%0.7%19.05%400,AIO
EFUSE_Q615S1BA_012_-5_-8,Q615S1BA1,X,Q615S1BA,012,-5,-8,Q615S1BA_012_-5_-8,,SDC2119,HDS2262,C101,8PL7CVA,Q615S1BA1,2026-08-11 16:42:25-07:00,202633,20.00,119325,NGXSDJXA0H80B002632,2,9,012T03,8B18438-D,EXABAHA008,101,1,1010001,1010000,1,101,UNDEFINED,10.2832,15.3046,5.8856,9.1884,7.8934,12.0421,1.338,2.5328,0.9981,1.3879,31.4114,32.1905,1.338,2.5328,5007.1904,7660.4527,5.8856|7.8934|10.2832,9.1884|12.0421|15.3046,^GT:31.4114%0.7%19.65,^GT:5.8856%0.7%19.65%200%7.8934%0.7%19.65%300%10.2832%0.7%19.65%400,AIO
EFUSE_Q615S1BA_012_-5_-9,Q615S1BA1,X,Q615S1BA,012,-5,-9,Q615S1BA_012_-5_-9,,SDC2119,HDS2262,C101,8PL7CVA,Q615S1BA1,2026-08-11 16:42:25-07:00,202633,20.00,119325,NGXSDJXA0H80B002632,1,9,012T03,8B28421-D,EXABAHA008,101,1,1010001,1010000,1,101,UNDEFINED,10.1533,15.0998,5.7555,8.9999,7.7839,11.8527,0.6099,2.3843,0.8725,1.2414,31.4129,32.1047,0.6099,2.3843,4909.9867,7544.3409,5.7555|7.7839|10.1533,8.9999|11.8527|15.0998,^GT:31.4129%0.7%19.25,^GT:5.7555%0.7%19.25%200%7.7839%0.7%19.25%300%10.1533%0.7%19.25%400,AIO
EFUSE_Q615S1BA_012_-5_0,Q615S1BA1,X,Q615S1BA,012,-5,0,Q615S1BA_012_-5_0,,SDC000,HDS000,A000,8PL7CVA,Q615S1BA1,2026-08-11 16:42:25-07:00,202633,20.00,119325,NGXSDJXA0H80B002632,4,18,012T01,,XIU000,9301,93,,930100,93,9301,UNDEFINED,,,,,,,,,,,,,,,,,,,,,AIO
EFUSE_Q615S1BA_012_-5_1,Q615S1BA1,X,Q615S1BA,012,-5,1,Q615S1BA_012_-5_1,,SDC2119,HDS2262,C101,8PL7CVA,Q615S1BA1,2026-08-11 16:42:25-07:00,202633,20.00,119325,NGXSDJXA0H80B002632,5,17,012T03,8B18438-D,EXABAHA008,301,3,3010001,3030000,3,303,UNDEFINED,10.2394,15.0823,5.9362,9.0671,7.9267,11.9005,1.5226,2.5312,1.0717,1.4831,30.7371,31.6589,1.5226,2.5312,5114.2477,7794.4075,5.9362|7.9267|10.2394,9.0671|11.9005|15.0823,^GT:30.7371%0.7%19.700000000000003,^GT:5.9362%0.7%19.700000000000003%200%7.9267%0.7%19.700000000000003%300%10.2394%0.7%19.700000000000003%400,AIO
EFUSE_Q615S1BA_012_-5_2,Q615S1BA1,X,Q615S1BA,012,-5,2,Q615S1BA_012_-5_2,,SDC2119,HDS2262,C101,8PL7CVA,Q615S1BA1,2026-08-11 16:42:25-07:00,202633,20.00,119325,NGXSDJXA0H80B002632,4,1,012T02,8B18438-D,EXABAHA008,301,3,3010001,3030000,3,303,UNDEFINED,10.2564,15.1108,5.9246,9.0813,7.9426,11.9069,0.9046,2.4965,1.0524,1.4639,30.9414,31.7342,0.9046,2.4965,5095.3395,7773.3688,5.9246|7.9426|10.2564,9.0813|11.9069|15.1108,^GT:30.9414%0.7%20,^GT:5.9246%0.7%20%200%7.9426%0.7%20%300%10.2564%0.7%20%400,AIO
EFUSE_Q615S1BA_012_-5_3,Q615S1BA1,X,Q615S1BA,012,-5,3,Q615S1BA_012_-5_3,,SDC2119,HDS2262,C101,8PL7CVA,Q615S1BA1,2026-08-11 16:42:25-07:00,202633,20.00,119325,NGXSDJXA0H80B002632,5,11,012T01,8B28421-D,EXABAHA008,101,1,1010001,1010000,1,101,UNDEFINED,10.2783,15.1332,5.9343,9.0985,7.9506,11.9197,0.9531,2.5781,1.2643,1.4822,31.0286,31.7616,0.9531,2.5781,5102.7963,7776.5646,5.9343|7.9506|10.2783,9.0985|11.9197|15.1332,^GT:31.0286%0.7%19.9,^GT:5.9343%0.7%19.9%200%7.9506%0.7%19.9%300%10.2783%0.7%19.9%400,AIO
EFUSE_Q615S1BA_012_-5_4,Q615S1BA1,X,Q615S1BA,012,-5,4,Q615S1BA_012_-5_4,,SDC2119,HDS2262,C101,8PL7CVA,Q615S1BA1,2026-08-11 16:42:25-07:00,202633,20.00,119325,NGXSDJXA0H80B002632,6,16,012T03,8B28421-D,EXABAHA008,101,1,1010001,1010000,1,101,UNDEFINED,10.4086,15.3497,6.0496,9.2996,8.0646,12.1342,0.9984,2.7016,1.1971,1.6033,31.1357,31.8426,0.9984,2.7016,5176.5646,7842.0772,6.0496|8.0645|10.4086,9.2996|12.1342|15.3497,^GT:31.1357%0.7%19.55,^GT:6.0496%0.7%19.55%200%8.0645%0.7%19.55%300%10.4086%0.7%19.55%400,AIO
EFUSE_Q615S1BA_012_-5_5,Q615S1BA1,X,Q615S1BA,012,-5,5,Q615S1BA_012_-5_5,,SDC2119,HDS2262,C101,8PL7CVA,Q615S1BA1,2026-08-11 16:42:25-07:00,202633,20.00,119325,NGXSDJXA0H80B002632,2,8,012T02,8B28421-D,EXABAHA008,101,1,1010001,1010000,1,101,UNDEFINED,10.3902,15.3322,6.0294,9.2697,8.0549,12.1157,1.1201,2.705,1.1708,1.5783,31.1486,31.9079,1.1201,2.705,5164.0479,7830.6258,6.0294|8.0549|10.3902,9.2697|12.1157|15.3322,^GT:31.1486%0.7%19.05,^GT:6.0294%0.7%19.05%200%8.0549%0.7%19.05%300%10.3902%0.7%19.05%400,AIO
EFUSE_Q615S1BA_012_-5_6,Q615S1BA1,X,Q615S1BA,012,-5,6,Q615S1BA_012_-5_6,,SDC2119,HDS2262,C101,8PL7CVA,Q615S1BA1,2026-08-11 16:42:25-07:00,202633,20.00,119325,NGXSDJXA0H80B002632,7,19,012T01,8B18438-D,EXABAHA008,101,1,1010001,1010000,1,101,UNDEFINED,10.4167,15.4106,6.0534,9.3208,8.0622,12.1592,1.2062,2.7006,1.1704,1.5758,31.1664,32.0516,1.2062,2.7005,5149.6671,7816.245,6.0534|8.0622|10.4167,9.3208|12.1592|15.4106,^GT:31.1664%0.7%19.9,^GT:6.0534%0.7%19.9%200%8.0622%0.7%19.9%300%10.4167%0.7%19.9%400,AIO
EFUSE_Q615S1BA_012_-5_7,Q615S1BA1,X,Q615S1BA,012,-5,7,Q615S1BA_012_-5_7,,SDC2119,HDS2262,C101,8PL7CVA,Q615S1BA1,2026-08-11 16:42:25-07:00,202633,20.00,119325,NGXSDJXA0H80B002632,7,16,012T03,8B28421-D,EXABAHA008,101,1,1010001,1010000,1,101,UNDEFINED,10.3707,15.3084,5.9879,9.196,8.002,12.0454,0.8089,2.5764,1.3712,1.4679,31.3057,32.1705,0.8089,2.5763,5080.1598,7748.0692,5.9879|8.002|10.3707,9.196|12.0454|15.3084,^GT:31.3057%0.7%19.35,^GT:5.9879%0.7%19.35%200%8.002%0.7%19.35%300%10.3707%0.7%19.35%400,AIO
EFUSE_Q615S1BA_012_-5_8,Q615S1BA1,X,Q615S1BA,012,-5,8,Q615S1BA_012_-5_8,,SDC2119,HDS2262,C101,8PL7CVA,Q615S1BA1,2026-08-11 16:42:25-07:00,202633,20.00,119325,NGXSDJXA0H80B002632,2,3,012T02,8B28421-D,EXABAHA008,101,1,1010001,1010000,1,101,UNDEFINED,10.3796,15.3105,5.975,9.2116,7.9999,12.0467,1.7004,2.5631,1.0568,1.4528,31.4614,32.0995,1.7004,2.5631,5025.5659,7701.731,5.975|7.9999|10.3796,9.2116|12.0467|15.3105,^GT:31.4614%0.7%19.55,^GT:5.975%0.7%19.55%200%7.9999%0.7%19.55%300%10.3796%0.7%19.55%400,AIO
EFUSE_Q615S1BA_012_-5_9,Q615S1BA1,X,Q615S1BA,012,-5,9,Q615S1BA_012_-5_9,B82020000_FAIL_SCN_GT_GXX_CTRL_X_GFXAGG_K_BEGIN_X_X_X_X_X_EVALUATE_4,SDC2119,HDS2262,C101,8PL7CVA,Q615S1BA1,2026-08-11 16:42:25-07:00,202633,20.00,119325,NGXSDJXA0H80B002632,7,15,012T01,8B28421-D,EXABAHA008,8202,82,82020000,82020000,82,8202,UNDEFINED,10.2706,15.0808,5.8913,8.9994,7.9107,11.8312,1.7593,2.3739,1.2348,1.3721,31.2807,32.0074,1.7593,2.3739,4946.7377,7600.0,5.8913|7.9107|10.2706,8.9994|11.8312|15.0808,^GT:31.2807%0.7%18.95,^GT:5.8913%0.7%18.95%200%7.9107%0.7%18.95%300%10.2706%0.7%18.95%400,AIO
EFUSE_Q615S1BA_012_-6_-1,Q615S1BA1,X,Q615S1BA,012,-6,-1,Q615S1BA_012_-6_-1,,SDC2119,HDS2262,C101,8PL7CVA,Q615S1BA1,2026-08-11 16:42:25-07:00,202633,20.00,119325,NGXSDJXA0H80B002632,4,12,012T02,8B28421-D,EXABAHA008,301,3,3010001,3030000,3,303,UNDEFINED,10.2529,15.1356,5.9303,9.1164,7.9464,11.9553,1.118,2.5732,1.4429,1.4876,30.8757,31.68,1.118,2.5732,5100.3995,7756.8575,5.9303|7.9463|10.2529,9.1164|11.9553|15.1356,^GT:30.8757%0.7%19.65,^GT:5.9303%0.7%19.65%200%7.9463%0.7%19.65%300%10.2529%0.7%19.65%400,AIO
EFUSE_Q615S1BA_012_-6_-2,Q615S1BA1,X,Q615S1BA,012,-6,-2,Q615S1BA_012_-6_-2,,SDC2119,HDS2262,C101,8PL7CVA,Q615S1BA1,2026-08-11 16:42:25-07:00,202633,20.00,119325,NGXSDJXA0H80B002632,4,12,012T03,8B28421-D,EXABAHA008,101,1,1010001,1010000,1,101,UNDEFINED,10.2466,15.1383,5.9199,9.1318,7.9324,11.9469,1.7491,2.6149,1.3812,1.4888,30.905,31.6132,1.7491,2.6149,5108.1225,7765.9121,5.9199|7.9324|10.2466,9.1318|11.9469|15.1383,^GT:30.905%0.7%19.25,^GT:5.9199%0.7%19.25%200%7.9324%0.7%19.25%300%10.2466%0.7%19.25%400,AIO
EFUSE_Q615S1BA_012_-6_-3,Q615S1BA1,X,Q615S1BA,012,-6,-3,Q615S1BA_012_-6_-3,,SDC2119,HDS2262,C101,8PL7CVA,Q615S1BA1,2026-08-11 16:42:25-07:00,202633,20.00,119325,NGXSDJXA0H80B002632,3,17,012T01,8B18438-D,EXABAHA008,101,1,1010001,1010000,1,101,UNDEFINED,10.2797,15.2262,5.9539,9.201,7.9592,12.0273,1.0201,2.6252,1.3604,1.5201,30.8986,31.7116,1.0201,2.6252,5101.1984,7757.3901,5.9539|7.9592|10.2797,9.201|12.0273|15.2262,^GT:30.8986%0.7%19.75,^GT:5.9539%0.7%19.75%200%7.9592%0.7%19.75%300%10.2797%0.7%19.75%400,AIO
EFUSE_Q615S1BA_012_-6_-4,Q615S1BA1,X,Q615S1BA,012,-6,-4,Q615S1BA_012_-6_-4,,SDC2119,HDS2262,C101,8PL7CVA,Q615S1BA1,2026-08-11 16:42:25-07:00,202633,20.00,119325,NGXSDJXA0H80B002632,6,8,012T02,8B18438-D,EXABAHA008,101,1,1010001,1010000,1,101,UNDEFINED,10.304,15.3139,5.9562,9.2599,7.9818,12.0876,1.176,2.6773,1.1805,1.5266,31.0557,31.8632,1.176,2.6773,5110.5193,7754.1944,5.9562|7.9818|10.304,9.2599|12.0876|15.3139,^GT:31.0557%0.7%20.1,^GT:5.9562%0.7%20.1%200%7.9818%0.7%20.1%300%10.304%0.7%20.1%400,AIO
EFUSE_Q615S1BA_012_-6_-5,Q615S1BA1,X,Q615S1BA,012,-6,-5,Q615S1BA_012_-6_-5,,SDC2119,HDS2262,C101,8PL7CVA,Q615S1BA1,2026-08-11 16:42:25-07:00,202633,20.00,119325,NGXSDJXA0H80B002632,2,15,012T03,8B18438-D,EXABAHA008,101,1,1010001,1010000,1,101,UNDEFINED,10.374,15.4423,6.0189,9.3508,8.0426,12.2054,0.9339,2.7265,1.3849,1.5685,31.1079,32.0605,0.9339,2.7265,5113.9814,7752.3302,6.0189|8.0426|10.374,9.3508|12.2054|15.4423,^GT:31.1079%0.7%19.95,^GT:6.0189%0.7%19.95%200%8.0426%0.7%19.95%300%10.374%0.7%19.95%400,AIO
EFUSE_Q615S1BA_012_-6_-6,Q615S1BA1,X,Q615S1BA,012,-6,-6,Q615S1BA_012_-6_-6,,SDC2119,HDS2262,C101,8PL7CVA,Q615S1BA1,2026-08-11 16:42:25-07:00,202633,20.00,119325,NGXSDJXA0H80B002632,2,15,012T01,8B28421-D,EXABAHA008,101,1,1010001,1010000,1,101,UNDEFINED,10.3437,15.3874,5.9625,9.2789,7.9784,12.1328,1.7643,2.6804,1.0889,1.5031,31.2943,32.15,1.7643,2.6804,5086.8176,7741.1451,5.9625|7.9784|10.3437,9.2789|12.1328|15.3874,^GT:31.2943%0.7%19.15,^GT:5.9625%0.7%19.15%200%7.9784%0.7%19.15%300%10.3437%0.7%19.15%400,AIO
EFUSE_Q615S1BA_012_-6_-7,Q615S1BA1,X,Q615S1BA,012,-6,-7,Q615S1BA_012_-6_-7,,SDC2119,HDS2262,C101,8PL7CVA,Q615S1BA1,2026-08-11 16:42:25-07:00,202633,20.00,119325,NGXSDJXA0H80B002632,6,14,012T02,8B28421-D,EXABAHA008,301,3,3010001,3030000,3,303,UNDEFINED,10.2886,15.3045,5.899,9.1916,7.9114,12.0616,0.9009,2.5327,1.1271,1.3954,31.3543,32.1737,0.9009,2.5326,5006.1252,7662.0506,5.899|7.9114|10.2886,9.1915|12.0616|15.3045,^GT:31.3543%0.7%19.299999999999997,^GT:5.899%0.7%19.299999999999997%200%7.9114%0.7%19.299999999999997%300%10.2886%0.7%19.299999999999997%400,AIO
EFUSE_Q615S1BA_012_-6_-8,Q615S1BA1,X,Q615S1BA,012,-6,-8,Q615S1BA_012_-6_-8,,SDC2119,HDS2262,C101,8PL7CVA,Q615S1BA1,2026-08-11 16:42:25-07:00,202633,20.00,119325,NGXSDJXA0H80B002632,2,10,012T03,8B28421-D,EXABAHA008,101,1,1010001,1010000,1,101,UNDEFINED,10.2105,15.21,5.8207,9.1058,7.8224,11.9486,0.8169,2.4509,1.1642,1.3186,31.3557,32.1279,0.8169,2.4509,4928.0959,7582.6897,5.8207|7.8224|10.2105,9.1057|11.9486|15.21,^GT:31.3557%0.7%19.799999999999997,^GT:5.8207%0.7%19.799999999999997%200%7.8224%0.7%19.799999999999997%300%10.2105%0.7%19.799999999999997%400,AIO
EFUSE_Q615S1BA_012_-6_-9,Q615S1BA1,X,Q615S1BA,012,-6,-9,Q615S1BA_012_-6_-9,B88040056_FAIL_TPI_SIU_STATIC_SIUP_X_ICC_K_START_X_X_X_LFM_LOWV_P1_650MV_0,SDC2119,HDS2262,C101,8PL7CVA,Q615S1BA1,2026-08-11 16:42:25-07:00,202633,20.00,119325,NGXSDJXA0H80B002632,1,6,012T01,8B28421-D,EXABAHA008,8804,88,88040056,88040056,88,8804,UNDEFINED,,,,,,,,,,,,,,,,,,,,,AIO
EFUSE_Q615S1BA_012_-6_0,Q615S1BA1,X,Q615S1BA,012,-6,0,Q615S1BA_012_-6_0,,SDC2119,HDS2262,C101,8PL7CVA,Q615S1BA1,2026-08-11 16:42:25-07:00,202633,20.00,119325,NGXSDJXA0H80B002632,4,19,012T01,8B28421-D,EXABAHA008,101,1,1010001,1010000,1,101,UNDEFINED,10.2585,15.1642,5.9377,9.1414,7.9504,11.969,0.9511,2.5999,1.1145,1.4958,30.8629,31.6989,0.9511,2.5999,5088.6818,7758.4554,5.9377|7.9504|10.2585,9.1414|11.969|15.1642,^GT:30.8629%0.7%19.65,^GT:5.9377%0.7%19.65%200%7.9504%0.7%19.65%300%10.2585%0.7%19.65%400,AIO
EFUSE_Q615S1BA_012_-6_1,Q615S1BA1,X,Q615S1BA,012,-6,1,Q615S1BA_012_-6_1,,SDC000,HDS000,A000,8PL7CVA,Q615S1BA1,2026-08-11 16:42:25-07:00,202633,20.00,119325,NGXSDJXA0H80B002632,5,18,012T03,,XIU000,9301,93,,930100,93,9301,UNDEFINED,,,,,,,,,,,,,,,,,,,,,AIO
EFUSE_Q615S1BA_012_-6_2,Q615S1BA1,X,Q615S1BA,012,-6,2,Q615S1BA_012_-6_2,,SDC2119,HDS2262,C101,8PL7CVA,Q615S1BA1,2026-08-11 16:42:25-07:00,202633,20.00,119325,NGXSDJXA0H80B002632,4,2,012T02,8B18438-D,EXABAHA008,301,3,3010001,3030000,3,303,UNDEFINED,10.3952,15.3374,6.0463,9.2978,8.0617,12.1259,1.2904,2.7087,1.4148,1.6107,31.0636,31.7874,1.2904,2.7087,5166.7111,7838.3489,6.0463|8.0617|10.3952,9.2978|12.1259|15.3374,^GT:31.0636%0.7%20.05,^GT:6.0463%0.7%20.05%200%8.0617%0.7%20.05%300%10.3952%0.7%20.05%400,AIO
EFUSE_Q615S1BA_012_-6_3,Q615S1BA1,X,Q615S1BA,012,-6,3,Q615S1BA_012_-6_3,,SDC2119,HDS2262,C101,8PL7CVA,Q615S1BA1,2026-08-11 16:42:25-07:00,202633,20.00,119325,NGXSDJXA0H80B002632,5,12,012T01,8B18438-D,EXABAHA008,101,1,1010001,1010000,1,101,UNDEFINED,10.4461,15.4333,6.0999,9.3787,8.1122,12.2145,1.0637,2.7584,1.2568,1.6593,31.0443,31.8663,1.0637,2.7584,5200.5326,7879.8935,6.0999|8.1121|10.4461,9.3787|12.2145|15.4333,^GT:31.0443%0.7%19.6,^GT:6.0999%0.7%19.6%200%8.1121%0.7%19.6%300%10.4461%0.7%19.6%400,AIO
EFUSE_Q615S1BA_012_-6_4,Q615S1BA1,X,Q615S1BA,012,-6,4,Q615S1BA_012_-6_4,,SDC2119,HDS2262,C101,8PL7CVA,Q615S1BA1,2026-08-11 16:42:25-07:00,202633,20.00,119325,NGXSDJXA0H80B002632,6,17,012T03,8B28421-D,EXABAHA008,301,3,3010001,3030000,3,303,UNDEFINED,10.5159,15.5421,6.1641,9.4686,8.1919,12.3232,1.1579,2.8652,1.3264,1.7299,31.0843,31.9658,1.1579,2.8652,5212.2503,7886.0186,6.1641|8.1919|10.5159,9.4686|12.3232|15.5421,^GT:31.0843%0.7%19.45,^GT:6.1641%0.7%19.45%200%8.1919%0.7%19.45%300%10.5159%0.7%19.45%400,AIO
EFUSE_Q615S1BA_012_-6_5,Q615S1BA1,X,Q615S1BA,012,-6,5,Q615S1BA_012_-6_5,,SDC2119,HDS2262,C101,8PL7CVA,Q615S1BA1,2026-08-11 16:42:25-07:00,202633,20.00,119325,NGXSDJXA0H80B002632,2,7,012T02,8B18438-D,EXABAHA008,101,1,1010001,1010000,1,101,UNDEFINED,10.5081,15.5543,6.1271,9.4662,8.1634,12.3105,1.0933,2.8191,1.628,1.6815,31.2929,32.0426,1.0933,2.8191,5192.0107,7859.1212,6.1271|8.1634|10.5081,9.4662|12.3105|15.5543,^GT:31.2929%0.7%20,^GT:6.1271%0.7%20%200%8.1634%0.7%20%300%10.5081%0.7%20%400,AIO
EFUSE_Q615S1BA_012_-6_6,Q615S1BA1,X,Q615S1BA,012,-6,6,Q615S1BA_012_-6_6,,SDC2119,HDS2262,C101,8PL7CVA,Q615S1BA1,2026-08-11 16:42:25-07:00,202633,20.00,119325,NGXSDJXA0H80B002632,7,18,012T01,8B28421-D,EXABAHA008,101,1,1010001,1010000,1,101,UNDEFINED,10.3798,15.3496,5.9855,9.2364,8.0109,12.0955,1.5046,2.5915,1.3375,1.4767,31.3879,32.1747,1.5046,2.5915,5092.4101,7752.0639,5.9855|8.0109|10.3798,9.2364|12.0955|15.3496,^GT:31.3879%0.7%19.05,^GT:5.9855%0.7%19.05%200%8.0109%0.7%19.05%300%10.3798%0.7%19.05%400,AIO
EFUSE_Q615S1BA_012_-6_7,Q615S1BA1,X,Q615S1BA,012,-6,7,Q615S1BA_012_-6_7,,SDC2119,HDS2262,C101,8PL7CVA,Q615S1BA1,2026-08-11 16:42:25-07:00,202633,20.00,119325,NGXSDJXA0H80B002632,7,17,012T03,8B28421-D,EXABAHA008,101,1,1010001,1010000,1,101,UNDEFINED,10.37,15.3363,5.971,9.1949,7.9899,12.0569,1.4083,2.5505,1.2766,1.4509,31.4214,32.3237,1.4083,2.5505,5046.3382,7716.3782,5.971|7.9899|10.37,9.1948|12.0569|15.3363,^GT:31.4214%0.7%19.799999999999997,^GT:5.971%0.7%19.799999999999997%200%7.9899%0.7%19.799999999999997%300%10.37%0.7%19.799999999999997%400,AIO
EFUSE_Q615S1BA_012_-6_8,Q615S1BA1,X,Q615S1BA,012,-6,8,Q615S1BA_012_-6_8,,SDC2119,HDS2262,C101,8PL7CVA,Q615S1BA1,2026-08-11 16:42:25-07:00,202633,20.00,119325,NGXSDJXA0H80B002632,2,4,012T02,8B28421-D,EXABAHA008,301,3,3010001,3030000,3,303,UNDEFINED,10.3446,15.2222,5.9656,9.143,7.9739,11.9746,0.822,2.5523,1.0888,1.4598,31.2786,31.9958,0.822,2.5523,4998.9348,7656.7244,5.9656|7.9739|10.3446,9.143|11.9746|15.2222,^GT:31.2786%0.7%19.45,^GT:5.9656%0.7%19.45%200%7.9739%0.7%19.45%300%10.3446%0.7%19.45%400,AIO
EFUSE_Q615S1BA_012_-7_-1,Q615S1BA1,X,Q615S1BA,012,-7,-1,Q615S1BA_012_-7_-1,,SDC2119,HDS2262,C101,8PL7CVA,Q615S1BA1,2026-08-11 16:42:25-07:00,202633,20.00,119325,NGXSDJXA0H80B002632,4,11,012T02,8B18438-D,EXABAHA008,101,1,1010001,1010000,1,101,UNDEFINED,10.3726,15.3702,6.0083,9.3206,8.0301,12.1583,1.8607,2.7231,1.1642,1.584,31.1736,31.84,1.8607,2.7231,5135.5526,7774.9667,6.0083|8.0301|10.3726,9.3206|12.1583|15.3702,^GT:31.1736%0.7%19.9,^GT:6.0083%0.7%19.9%200%8.0301%0.7%19.9%300%10.3726%0.7%19.9%400,AIO
EFUSE_Q615S1BA_012_-7_-2,Q615S1BA1,X,Q615S1BA,012,-7,-2,Q615S1BA_012_-7_-2,,SDC2119,HDS2262,C101,8PL7CVA,Q615S1BA1,2026-08-11 16:42:25-07:00,202633,20.00,119325,NGXSDJXA0H80B002632,4,13,012T03,8B28421-D,EXABAHA008,101,1,1010001,1010000,1,101,UNDEFINED,10.3409,15.3334,5.9989,9.2778,8.0113,12.1114,1.7152,2.6835,1.5026,1.5445,31.0143,31.8716,1.7152,2.6835,5137.1505,7767.51,5.9989|8.0113|10.3409,9.2778|12.1114|15.3334,^GT:31.0143%0.7%18.95,^GT:5.9989%0.7%18.95%200%8.0113%0.7%18.95%300%10.3409%0.7%18.95%400,AIO
EFUSE_Q615S1BA_012_-7_-3,Q615S1BA1,X,Q615S1BA,012,-7,-3,Q615S1BA_012_-7_-3,,SDC2119,HDS2262,C101,8PL7CVA,Q615S1BA1,2026-08-11 16:42:25-07:00,202633,20.00,119325,NGXSDJXA0H80B002632,3,18,012T01,8B28421-D,EXABAHA008,101,1,1010001,1010000,1,101,UNDEFINED,10.3548,15.3699,5.998,9.3041,8.0132,12.1565,0.881,2.6967,1.478,1.5626,31.12,31.9253,0.881,2.6967,5130.2264,7779.494,5.998|8.0132|10.3548,9.3041|12.1565|15.3699,^GT:31.12%0.7%19.25,^GT:5.998%0.7%19.25%200%8.0132%0.7%19.25%300%10.3548%0.7%19.25%400,AIO
EFUSE_Q615S1BA_012_-7_-4,Q615S1BA1,X,Q615S1BA,012,-7,-4,Q615S1BA_012_-7_-4,,SDC2119,HDS2262,C101,8PL7CVA,Q615S1BA1,2026-08-11 16:42:25-07:00,202633,20.00,119325,NGXSDJXA0H80B002632,6,9,012T02,8B18438-D,EXABAHA008,101,1,1010001,1010000,1,101,UNDEFINED,10.385,15.4151,6.002,9.3303,8.0216,12.1817,0.8698,2.6939,1.4204,1.5296,31.3071,32.0253,0.8698,2.6939,5088.9481,7747.5366,6.002|8.0216|10.385,9.3303|12.1817|15.4151,^GT:31.3071%0.7%20.25,^GT:6.002%0.7%20.25%200%8.0216%0.7%20.25%300%10.385%0.7%20.25%400,AIO
EFUSE_Q615S1BA_012_-7_-5,Q615S1BA1,X,Q615S1BA,012,-7,-5,Q615S1BA_012_-7_-5,,SDC2119,HDS2262,C101,8PL7CVA,Q615S1BA1,2026-08-11 16:42:25-07:00,202633,20.00,119325,NGXSDJXA0H80B002632,2,14,012T03,8B28421-D,EXABAHA008,301,3,3010001,3030000,3,303,UNDEFINED,10.3122,15.3399,5.9345,9.228,7.9519,12.0932,1.6627,2.609,1.2482,1.4514,31.2693,32.1679,1.6627,2.609,5059.3875,7700.1332,5.9345|7.9519|10.3122,9.228|12.0932|15.3399,^GT:31.2693%0.7%19.05,^GT:5.9345%0.7%19.05%200%7.9519%0.7%19.05%300%10.3122%0.7%19.05%400,AIO
EFUSE_Q615S1BA_012_-7_-6,Q615S1BA1,X,Q615S1BA,012,-7,-6,Q615S1BA_012_-7_-6,,SDC2119,HDS2262,C101,8PL7CVA,Q615S1BA1,2026-08-11 16:42:25-07:00,202633,20.00,119325,NGXSDJXA0H80B002632,2,16,012T01,8B18438-D,EXABAHA008,101,1,1010001,1010000,1,101,UNDEFINED,10.2714,15.2723,5.8861,9.1574,7.9083,12.0142,0.7352,2.5207,1.2617,1.3679,31.3236,32.1837,0.7352,2.5207,4988.5486,7631.4248,5.8861|7.9082|10.2714,9.1574|12.0142|15.2723,^GT:31.3236%0.7%19.6,^GT:5.8861%0.7%19.6%200%7.9082%0.7%19.6%300%10.2714%0.7%19.6%400,AIO
EFUSE_Q615S1BA_012_-7_-7,Q615S1BA1,X,Q615S1BA,012,-7,-7,Q615S1BA_012_-7_-7,,SDC2119,HDS2262,C101,8PL7CVA,Q615S1BA1,2026-08-11 16:42:25-07:00,202633,20.00,119325,NGXSDJXA0H80B002632,6,13,012T02,8B18438-D,EXABAHA008,101,1,1010001,1010000,1,101,UNDEFINED,10.1888,15.1728,5.8071,9.0526,7.8219,11.9034,0.8168,2.3817,0.8429,1.2736,31.2979,32.2116,0.8168,2.3817,4904.1278,7534.4874,5.8071|7.8219|10.1888,9.0526|11.9034|15.1728,^GT:31.2979%0.7%19.5,^GT:5.8071%0.7%19.5%200%7.8219%0.7%19.5%300%10.1888%0.7%19.5%400,AIO
EFUSE_Q615S1BA_012_-7_-8,Q615S1BA1,X,Q615S1BA,012,-7,-8,Q615S1BA_012_-7_-8,,SDC2119,HDS2262,C101,8PL7CVA,Q615S1BA1,2026-08-11 16:42:25-07:00,202633,20.00,119325,NGXSDJXA0H80B002632,2,11,012T03,8B28421-D,EXABAHA008,101,1,1010001,1010000,1,101,UNDEFINED,9.0048,13.4395,4.7626,8.1124,6.9824,10.6468,1.1332,2.286,0.8273,1.1801,30.3014,28.0374,1.1332,2.286,4822.3702,7429.2943,4.7626|6.9824|9.0048,8.1124|10.6468|13.4395,^GT:30.3014%0.7%19.15,^GT:4.7626%0.7%19.15%200%6.9824%0.7%19.15%300%9.0048%0.7%19.15%400,AIO
EFUSE_Q615S1BA_012_-7_0,Q615S1BA1,X,Q615S1BA,012,-7,0,Q615S1BA_012_-7_0,,SDC2119,HDS2262,C101,8PL7CVA,Q615S1BA1,2026-08-11 16:42:25-07:00,202633,20.00,119325,NGXSDJXA0H80B002632,5,19,012T01,8B18438-D,EXABAHA008,101,1,1010001,1010000,1,101,UNDEFINED,10.4083,15.4266,6.0571,9.3503,8.0629,12.1948,1.0491,2.7845,1.1818,1.6258,31.08,31.9805,1.0491,2.7845,5147.8029,7793.3422,6.0571|8.0629|10.4083,9.3503|12.1948|15.4266,^GT:31.08%0.7%19.799999999999997,^GT:6.0571%0.7%19.799999999999997%200%8.0629%0.7%19.799999999999997%300%10.4083%0.7%19.799999999999997%400,AIO
EFUSE_Q615S1BA_012_-7_1,Q615S1BA1,X,Q615S1BA,012,-7,1,Q615S1BA_012_-7_1,,SDC2119,HDS2262,C101,8PL7CVA,Q615S1BA1,2026-08-11 16:42:25-07:00,202633,20.00,119325,NGXSDJXA0H80B002632,5,19,012T03,8B28421-D,EXABAHA008,101,1,1010001,1010000,1,101,UNDEFINED,10.536,15.6002,6.1738,9.5362,8.1808,12.3736,1.3374,2.9234,1.3636,1.7416,31.1586,31.9158,1.3374,2.9234,5213.8482,7858.0559,6.1738|8.1808|10.536,9.5362|12.3736|15.6002,^GT:31.1586%0.7%19.4,^GT:6.1738%0.7%19.4%200%8.1808%0.7%19.4%300%10.536%0.7%19.4%400,AIO
EFUSE_Q615S1BA_012_-7_2,Q615S1BA1,X,Q615S1BA,012,-7,2,Q615S1BA_012_-7_2,,SDC2119,HDS2262,C101,8PL7CVA,Q615S1BA1,2026-08-11 16:42:25-07:00,202633,20.00,119325,NGXSDJXA0H80B002632,4,3,012T02,8B28421-D,EXABAHA008,301,3,3010001,3030000,3,303,UNDEFINED,10.6437,15.7642,6.2733,9.6771,8.3052,12.5185,1.2358,3.0432,1.7374,1.8712,31.2171,32.0374,1.2358,3.0432,5257.7896,7932.8895,6.2733|8.3052|10.6437,9.6771|12.5185|15.7642,^GT:31.2171%0.7%19.55,^GT:6.2733%0.7%19.55%200%8.3052%0.7%19.55%300%10.6437%0.7%19.55%400,AIO
EFUSE_Q615S1BA_012_-7_3,Q615S1BA1,X,Q615S1BA,012,-7,3,Q615S1BA_012_-7_3,,SDC2119,HDS2262,C101,8PL7CVA,Q615S1BA1,2026-08-11 16:42:25-07:00,202633,20.00,119325,NGXSDJXA0H80B002632,5,13,012T01,8B18438-D,EXABAHA008,101,1,1010001,1010000,1,101,UNDEFINED,10.6339,15.7515,6.2717,9.6659,8.288,12.5122,1.5528,3.0291,1.7584,1.8587,31.1586,32.0295,1.5528,3.0291,5261.2517,7945.4061,6.2717|8.288|10.6339,9.6659|12.5122|15.7515,^GT:31.1586%0.7%19.799999999999997,^GT:6.2717%0.7%19.799999999999997%200%8.288%0.7%19.799999999999997%300%10.6339%0.7%19.799999999999997%400,AIO
EFUSE_Q615S1BA_012_-7_4,Q615S1BA1,X,Q615S1BA,012,-7,4,Q615S1BA_012_-7_4,,SDC2119,HDS2262,C101,8PL7CVA,Q615S1BA1,2026-08-11 16:42:25-07:00,202633,20.00,119325,NGXSDJXA0H80B002632,6,18,012T03,8B28421-D,EXABAHA008,101,1,1010001,1010000,1,101,UNDEFINED,10.5672,15.648,6.175,9.5393,8.1886,12.3978,1.173,2.9054,1.6298,1.7123,31.3729,32.1511,1.173,2.9054,5214.1145,7893.2091,6.175|8.1886|10.5672,9.5393|12.3978|15.648,^GT:31.3729%0.7%19.4,^GT:6.175%0.7%19.4%200%8.1886%0.7%19.4%300%10.5672%0.7%19.4%400,AIO
EFUSE_Q615S1BA_012_-7_5,Q615S1BA1,X,Q615S1BA,012,-7,5,Q615S1BA_012_-7_5,,SDC2119,HDS2262,C101,8PL7CVA,Q615S1BA1,2026-08-11 16:42:25-07:00,202633,20.00,119325,NGXSDJXA0H80B002632,2,6,012T02,8B18438-D,EXABAHA008,101,1,1010001,1010000,1,101,UNDEFINED,10.4689,15.4898,6.0606,9.3696,8.0947,12.2367,0.9234,2.7225,1.436,1.5752,31.4879,32.2116,0.9234,2.7225,5123.5686,7780.0266,6.0606|8.0947|10.4689,9.3696|12.2367|15.4898,^GT:31.4879%0.7%19.65,^GT:6.0606%0.7%19.65%200%8.0947%0.7%19.65%300%10.4689%0.7%19.65%400,AIO
EFUSE_Q615S1BA_012_-7_6,Q615S1BA1,X,Q615S1BA,012,-7,6,Q615S1BA_012_-7_6,,SDC2119,HDS2262,C101,8PL7CVA,Q615S1BA1,2026-08-11 16:42:25-07:00,202633,20.00,119325,NGXSDJXA0H80B002632,7,17,012T01,8B18438-D,EXABAHA008,101,1,1010001,1010000,1,101,UNDEFINED,10.3691,15.3281,5.9689,9.1967,7.9926,12.0656,0.7952,2.5821,1.3727,1.448,31.43,32.2705,0.7952,2.5821,5039.6804,7693.7417,5.9689|7.9926|10.3691,9.1967|12.0656|15.3281,^GT:31.43%0.7%19.35,^GT:5.9689%0.7%19.35%200%7.9926%0.7%19.35%300%10.3691%0.7%19.35%400,AIO
EFUSE_Q615S1BA_012_-7_7,Q615S1BA1,X,Q615S1BA,012,-7,7,Q615S1BA_012_-7_7,,SDC2119,HDS2262,C101,8PL7CVA,Q615S1BA1,2026-08-11 16:42:25-07:00,202633,20.00,119325,NGXSDJXA0H80B002632,7,18,012T03,8B18438-D,EXABAHA008,101,1,1010001,1010000,1,101,UNDEFINED,10.3602,15.2686,5.98,9.1725,7.9971,12.0154,0.9919,2.5233,1.4232,1.4714,31.2871,32.0847,0.9919,2.5233,5012.783,7667.1105,5.98|7.9971|10.3602,9.1725|12.0154|15.2686,^GT:31.2871%0.7%19.65,^GT:5.98%0.7%19.65%200%7.9971%0.7%19.65%300%10.3602%0.7%19.65%400,AIO
EFUSE_Q615S1BA_012_-8_-1,Q615S1BA1,X,Q615S1BA,012,-8,-1,Q615S1BA_012_-8_-1,,SDC2119,HDS2262,C101,8PL7CVA,Q615S1BA1,2026-08-11 16:42:25-07:00,202633,20.00,119325,NGXSDJXA0H80B002632,4,9,012T02,8B18438-D,EXABAHA008,301,3,3010001,3030000,3,303,UNDEFINED,10.4224,15.4769,6.0428,9.3874,8.0704,12.2286,1.2389,2.7463,1.5365,1.5875,31.2829,32.05,1.2389,2.7463,5122.7696,7762.9827,6.0428|8.0704|10.4224,9.3874|12.2286|15.4769,^GT:31.2829%0.7%20,^GT:6.0428%0.7%20%200%8.0704%0.7%20%300%10.4224%0.7%20%400,AIO
EFUSE_Q615S1BA_012_-8_-2,Q615S1BA1,X,Q615S1BA,012,-8,-2,Q615S1BA_012_-8_-2,,SDC2119,HDS2262,C101,8PL7CVA,Q615S1BA1,2026-08-11 16:42:25-07:00,202633,20.00,119325,NGXSDJXA0H80B002632,4,14,012T03,8B18438-D,EXABAHA008,101,1,1010001,1010000,1,101,UNDEFINED,10.3491,15.3808,5.9833,9.2959,8.0003,12.1502,0.9702,2.6567,1.1763,1.5138,31.1843,32.0258,0.9702,2.6567,5082.5566,7725.6991,5.9833|8.0003|10.3491,9.2959|12.1502|15.3808,^GT:31.1843%0.7%19.55,^GT:5.9833%0.7%19.55%200%8.0003%0.7%19.55%300%10.3491%0.7%19.55%400,AIO
EFUSE_Q615S1BA_012_-8_-3,Q615S1BA1,X,Q615S1BA,012,-8,-3,Q615S1BA_012_-8_-3,,SDC2119,HDS2262,C101,8PL7CVA,Q615S1BA1,2026-08-11 16:42:25-07:00,202633,20.00,119325,NGXSDJXA0H80B002632,3,19,012T01,8B18438-D,EXABAHA008,101,1,1010001,1010000,1,101,UNDEFINED,10.31,15.3214,5.9351,9.2332,7.9653,12.0919,1.3546,2.6305,1.0302,1.4472,31.2493,32.0432,1.3546,2.6305,5046.3382,7700.3995,5.9351|7.9653|10.31,9.2332|12.0919|15.3214,^GT:31.2493%0.7%19.55,^GT:5.9351%0.7%19.55%200%7.9653%0.7%19.55%300%10.31%0.7%19.55%400,AIO
EFUSE_Q615S1BA_012_-8_-4,Q615S1BA1,X,Q615S1BA,012,-8,-4,Q615S1BA_012_-8_-4,,SDC2119,HDS2262,C101,8PL7CVA,Q615S1BA1,2026-08-11 16:42:25-07:00,202633,20.00,119325,NGXSDJXA0H80B002632,6,10,012T02,8B28421-D,EXABAHA008,301,3,3010001,3030000,3,303,UNDEFINED,10.2427,15.2165,5.8497,9.1105,7.8796,11.9576,0.7281,2.4862,1.0079,1.3528,31.3786,32.1368,0.7281,2.4862,5009.0546,7663.6485,5.8497|7.8796|10.2427,9.1105|11.9576|15.2165,^GT:31.3786%0.7%19.15,^GT:5.8497%0.7%19.15%200%7.8796%0.7%19.15%300%10.2427%0.7%19.15%400,AIO
EFUSE_Q615S1BA_012_-8_-5,Q615S1BA1,X,Q615S1BA,012,-8,-5,Q615S1BA_012_-8_-5,,SDC2119,HDS2262,C101,8PL7CVA,Q615S1BA1,2026-08-11 16:42:25-07:00,202633,20.00,119325,NGXSDJXA0H80B002632,2,13,012T03,8B18438-D,EXABAHA008,101,1,1010001,1010000,1,101,UNDEFINED,10.2136,15.1506,5.8127,9.0373,7.8382,11.8919,0.7441,2.4162,1.2505,1.3079,31.435,32.1753,0.7441,2.4162,4966.9774,7619.9734,5.8127|7.8382|10.2136,9.0373|11.8919|15.1506,^GT:31.435%0.7%19.55,^GT:5.8127%0.7%19.55%200%7.8382%0.7%19.55%300%10.2136%0.7%19.55%400,AIO
EFUSE_Q615S1BA_012_-8_-6,Q615S1BA1,X,Q615S1BA,012,-8,-6,Q615S1BA_012_-8_-6,,SDC2119,HDS2262,C101,8PL7CVA,Q615S1BA1,2026-08-11 16:42:25-07:00,202633,20.00,119325,NGXSDJXA0H80B002632,2,17,012T01,8B18438-D,EXABAHA008,101,1,1010001,1010000,1,101,UNDEFINED,10.1824,15.1271,5.7907,9.0199,7.8072,11.86,1.1315,2.3812,1.1743,1.2662,31.3693,32.1432,1.1315,2.3812,4908.3888,7541.6778,5.7907|7.8072|10.1824,9.0199|11.86|15.1271,^GT:31.3693%0.7%19.799999999999997,^GT:5.7907%0.7%19.799999999999997%200%7.8072%0.7%19.799999999999997%300%10.1824%0.7%19.799999999999997%400,AIO
EFUSE_Q615S1BA_012_-8_-7,Q615S1BA1,X,Q615S1BA,012,-8,-7,Q615S1BA_012_-8_-7,B19880000_FAIL_TPI_SIU_STATIC_SIUP_X_ICC_K_START_X_X_X_LFM_LOWV_P2_650MV_2,SDC2119,HDS2262,C101,8PL7CVA,Q615S1BA1,2026-08-11 16:42:25-07:00,202633,20.00,119325,NGXSDJXA0H80B002632,6,12,012T02,8B28421-D,EXABAHA008,1988,19,19880000,19880000,19,1988,UNDEFINED,,,,,,,,,,,,,,,,,,,,,AIO
EFUSE_Q615S1BA_012_-8_0,Q615S1BA1,X,Q615S1BA,012,-8,0,Q615S1BA_012_-8_0,,SDC2119,HDS2262,C101,8PL7CVA,Q615S1BA1,2026-08-11 16:42:25-07:00,202633,20.00,119325,NGXSDJXA0H80B002632,5,18,012T01,8B28421-D,EXABAHA008,101,1,1010001,1010000,1,101,UNDEFINED,10.4407,15.4778,6.0608,9.3819,8.0804,12.2414,1.9143,2.728,1.4803,1.5871,31.285,32.0837,1.9143,2.728,5139.281,7781.8908,6.0608|8.0804|10.4407,9.3819|12.2414|15.4778,^GT:31.285%0.7%19.45,^GT:6.0608%0.7%19.45%200%8.0804%0.7%19.45%300%10.4407%0.7%19.45%400,AIO
EFUSE_Q615S1BA_012_-8_1,Q615S1BA1,X,Q615S1BA,012,-8,1,Q615S1BA_012_-8_1,,SDC2119,HDS2262,C101,8PL7CVA,Q615S1BA1,2026-08-11 16:42:25-07:00,202633,20.00,119325,NGXSDJXA0H80B002632,4,19,012T03,8B18438-D,EXABAHA008,101,1,1010001,1010000,1,101,UNDEFINED,10.5159,15.5962,6.1215,9.4947,8.1434,12.3441,1.0154,2.841,1.5775,1.6765,31.3886,32.1132,1.0154,2.841,5166.9774,7818.1092,6.1215|8.1434|10.5159,9.4947|12.3441|15.5962,^GT:31.3886%0.7%19.799999999999997,^GT:6.1215%0.7%19.799999999999997%200%8.1434%0.7%19.799999999999997%300%10.5159%0.7%19.799999999999997%400,AIO
EFUSE_Q615S1BA_012_-8_2,Q615S1BA1,X,Q615S1BA,012,-8,2,Q615S1BA_012_-8_2,B65000277_FAIL_ARR_GT_GXX_ARR_GT_GFXAGG_K_BEGIN_X_X_X_X_ARRSKUEVALUATE_4,SDC2119,HDS2262,C101,8PL7CVA,Q615S1BA1,2026-08-11 16:42:25-07:00,202633,20.00,119325,NGXSDJXA0H80B002632,4,4,012T02,8B18438-D,EXABAHA008,6500,65,65000277,65000277,65,6500,UNDEFINED,10.5977,15.7163,6.2132,9.6169,8.2282,12.4659,2.0381,2.9786,1.3331,1.7652,31.3179,32.1021,2.0381,2.9786,5219.1744,7895.0732,6.2132|8.2282|10.5977,9.6169|12.4659|15.7163,^GT:31.3179%0.7%19.9,^GT:6.2132%0.7%19.9%200%8.2282%0.7%19.9%300%10.5977%0.7%19.9%400,AIO
EFUSE_Q615S1BA_012_-8_3,Q615S1BA1,X,Q615S1BA,012,-8,3,Q615S1BA_012_-8_3,,SDC2119,HDS2262,C101,8PL7CVA,Q615S1BA1,2026-08-11 16:42:25-07:00,202633,20.00,119325,NGXSDJXA0H80B002632,5,14,012T01,8B28421-D,EXABAHA008,101,1,1010001,1010000,1,101,UNDEFINED,10.5092,15.5638,6.1307,9.4536,8.1518,12.3257,1.2658,2.8184,1.2266,1.6661,31.275,32.1589,1.2658,2.8184,5183.755,7855.3928,6.1307|8.1518|10.5092,9.4536|12.3257|15.5638,^GT:31.275%0.7%19.25,^GT:6.1307%0.7%19.25%200%8.1518%0.7%19.25%300%10.5092%0.7%19.25%400,AIO
EFUSE_Q615S1BA_012_-8_4,Q615S1BA1,X,Q615S1BA,012,-8,4,Q615S1BA_012_-8_4,,SDC2119,HDS2262,C101,8PL7CVA,Q615S1BA1,2026-08-11 16:42:25-07:00,202633,20.00,119325,NGXSDJXA0H80B002632,6,19,012T03,8B28421-D,EXABAHA008,101,1,1010001,1010000,1,101,UNDEFINED,10.412,15.4057,6.0122,9.2916,8.0364,12.1516,1.5558,2.6327,1.2716,1.5122,31.4271,32.1795,1.5558,2.6327,5107.0573,7772.3036,6.0122|8.0364|10.412,9.2916|12.1516|15.4057,^GT:31.4271%0.7%19,^GT:6.0122%0.7%19%200%8.0364%0.7%19%300%10.412%0.7%19%400,AIO
EFUSE_Q615S1BA_012_-8_5,Q615S1BA1,X,Q615S1BA,012,-8,5,Q615S1BA_012_-8_5,,SDC2119,HDS2262,C101,8PL7CVA,Q615S1BA1,2026-08-11 16:42:25-07:00,202633,20.00,119325,NGXSDJXA0H80B002632,2,5,012T02,8B28421-D,EXABAHA008,101,1,1010001,1010000,1,101,UNDEFINED,10.4335,15.4075,6.0186,9.2935,8.0299,12.1337,1.7121,2.5985,1.1387,1.5083,31.535,32.1789,1.7121,2.5985,5055.3928,7716.6445,6.0186|8.0299|10.4335,9.2935|12.1337|15.4075,^GT:31.535%0.7%19.9,^GT:6.0186%0.7%19.9%200%8.0299%0.7%19.9%300%10.4335%0.7%19.9%400,AIO
EFUSE_Q615S1BA_012_-8_6,Q615S1BA1,X,Q615S1BA,012,-8,6,Q615S1BA_012_-8_6,,SDC2119,HDS2262,C101,8PL7CVA,Q615S1BA1,2026-08-11 16:42:25-07:00,202633,20.00,119325,NGXSDJXA0H80B002632,7,16,012T01,8B18438-D,EXABAHA008,301,3,3010001,3030000,3,303,UNDEFINED,10.3185,15.2034,5.9319,9.1096,7.9594,11.9491,1.0058,2.4999,1.0377,1.4298,31.3329,32.0726,1.0058,2.4999,4989.0812,7643.9414,5.9319|7.9594|10.3185,9.1096|11.9491|15.2034,^GT:31.3329%0.7%19.9,^GT:5.9319%0.7%19.9%200%7.9594%0.7%19.9%300%10.3185%0.7%19.9%400,AIO
EFUSE_Q615S1BA_012_-9_-1,Q615S1BA1,X,Q615S1BA,012,-9,-1,Q615S1BA_012_-9_-1,,SDC2119,HDS2262,C101,8PL7CVA,Q615S1BA1,2026-08-11 16:42:25-07:00,202633,20.00,119325,NGXSDJXA0H80B002632,4,8,012T02,8B28421-D,EXABAHA008,101,1,1010001,1010000,1,101,UNDEFINED,10.3236,15.3124,5.9356,9.1959,7.9754,12.0588,1.808,2.5756,1.006,1.4354,31.3429,32.1926,1.808,2.5756,5016.7776,7652.7297,5.9356|7.9754|10.3236,9.1958|12.0588|15.3124,^GT:31.3429%0.7%19.05,^GT:5.9356%0.7%19.05%200%7.9754%0.7%19.05%300%10.3236%0.7%19.05%400,AIO
EFUSE_Q615S1BA_012_-9_-2,Q615S1BA1,X,Q615S1BA,012,-9,-2,Q615S1BA_012_-9_-2,,SDC2119,HDS2262,C101,8PL7CVA,Q615S1BA1,2026-08-11 16:42:25-07:00,202633,20.00,119325,NGXSDJXA0H80B002632,4,15,012T03,8B18438-D,EXABAHA008,302,3,3020001,3030000,3,303,UNDEFINED,10.3065,15.2631,5.9089,9.1643,7.9366,12.0178,1.7527,2.5206,1.0211,1.403,31.4114,32.0989,1.7527,2.5206,4974.7004,7612.783,5.9089|7.9366|10.3065,9.1643|12.0178|15.2631,^GT:31.4114%0.7%19.75,^GT:5.9089%0.7%19.75%200%7.9366%0.7%19.75%300%10.3065%0.7%19.75%400,AIO
EFUSE_Q615S1BA_012_-9_-3,Q615S1BA1,X,Q615S1BA,012,-9,-3,Q615S1BA_012_-9_-3,B82020000_FAIL_SCN_GT_GXX_CTRL_X_GFXAGG_K_BEGIN_X_X_X_X_X_EVALUATE_4,SDC2119,HDS2262,C101,8PL7CVA,Q615S1BA1,2026-08-11 16:42:25-07:00,202633,20.00,119325,NGXSDJXA0H80B002632,2,19,012T01,8B28421-D,EXABAHA008,8202,82,82020000,82020000,82,8202,UNDEFINED,10.2247,15.1315,5.822,9.0309,7.8413,11.8713,0.6734,2.3957,0.9673,1.2946,31.4479,32.1084,0.6734,2.3957,4926.498,7558.988,5.822|7.8413|10.2247,9.0309|11.8713|15.1315,^GT:31.4479%0.7%19.15,^GT:5.822%0.7%19.15%200%7.8413%0.7%19.15%300%10.2247%0.7%19.15%400,AIO
EFUSE_Q615S1BA_012_-9_-4,Q615S1BA1,X,Q615S1BA,012,-9,-4,Q615S1BA_012_-9_-4,,SDC2119,HDS2262,C101,8PL7CVA,Q615S1BA1,2026-08-11 16:42:25-07:00,202633,20.00,119325,NGXSDJXA0H80B002632,6,11,012T02,8B18438-D,EXABAHA008,101,1,1010001,1010000,1,101,UNDEFINED,10.1694,15.0683,5.7663,8.9508,7.7972,11.7945,0.7168,2.3434,0.8778,1.2457,31.4507,32.1974,0.7168,2.3434,4907.5899,7536.8842,5.7663|7.7972|10.1694,8.9508|11.7945|15.0683,^GT:31.4507%0.7%19.799999999999997,^GT:5.7663%0.7%19.799999999999997%200%7.7972%0.7%19.799999999999997%300%10.1694%0.7%19.799999999999997%400,AIO
EFUSE_Q615S1BA_012_-9_-5,Q615S1BA1,X,Q615S1BA,012,-9,-5,Q615S1BA_012_-9_-5,,SDC2119,HDS2262,C101,8PL7CVA,Q615S1BA1,2026-08-11 16:42:25-07:00,202633,20.00,119325,NGXSDJXA0H80B002632,2,12,012T03,8B18438-D,EXABAHA008,101,1,1010001,1010000,1,101,UNDEFINED,10.1756,15.046,5.7768,8.939,7.7864,11.7719,1.0618,2.3116,0.9183,1.247,31.42,32.1421,1.0618,2.3116,4901.9973,7523.8349,5.7768|7.7864|10.1756,8.939|11.7719|15.046,^GT:31.42%0.7%19.65,^GT:5.7768%0.7%19.65%200%7.7864%0.7%19.65%300%10.1756%0.7%19.65%400,AIO
EFUSE_Q615S1BA_012_-9_0,Q615S1BA1,X,Q615S1BA,012,-9,0,Q615S1BA_012_-9_0,,SDC2119,HDS2262,C101,8PL7CVA,Q615S1BA1,2026-08-11 16:42:25-07:00,202633,20.00,119325,NGXSDJXA0H80B002632,5,17,012T01,8B18438-D,EXABAHA008,101,1,1010001,1010000,1,101,UNDEFINED,10.3592,15.3656,5.9717,9.2483,7.9938,12.1,1.2743,2.6094,1.0478,1.467,31.3393,32.1963,1.2743,2.6094,5036.4847,7673.7683,5.9717|7.9938|10.3592,9.2483|12.1|15.3656,^GT:31.3393%0.7%19.6,^GT:5.9717%0.7%19.6%200%7.9938%0.7%19.6%300%10.3592%0.7%19.6%400,AIO
EFUSE_Q615S1BA_012_-9_1,Q615S1BA1,X,Q615S1BA,012,-9,1,Q615S1BA_012_-9_1,,SDC2119,HDS2262,C101,8PL7CVA,Q615S1BA1,2026-08-11 16:42:25-07:00,202633,20.00,119325,NGXSDJXA0H80B002632,4,18,012T03,8B18438-D,EXABAHA008,101,1,1010001,1010000,1,101,UNDEFINED,10.3925,15.4052,5.9969,9.3027,8.0251,12.1569,0.8492,2.6257,1.42,1.5014,31.3971,32.1184,0.8492,2.6257,5064.98,7712.3835,5.9969|8.0251|10.3925,9.3027|12.1569|15.4052,^GT:31.3971%0.7%19.5,^GT:5.9969%0.7%19.5%200%8.0251%0.7%19.5%300%10.3925%0.7%19.5%400,AIO
EFUSE_Q615S1BA_012_-9_2,Q615S1BA1,X,Q615S1BA,012,-9,2,Q615S1BA_012_-9_2,,SDC2119,HDS2262,C101,8PL7CVA,Q615S1BA1,2026-08-11 16:42:25-07:00,202633,20.00,119325,NGXSDJXA0H80B002632,4,5,012T02,8B18438-D,EXABAHA008,101,1,1010001,1010000,1,101,UNDEFINED,10.4415,15.4118,6.0387,9.3112,8.0529,12.1711,1.7443,2.6435,1.3648,1.5424,31.4486,32.1084,1.7443,2.6435,5089.4807,7759.5206,6.0387|8.0529|10.4415,9.3112|12.1711|15.4118,^GT:31.4486%0.7%19.75,^GT:6.0387%0.7%19.75%200%8.0529%0.7%19.75%300%10.4415%0.7%19.75%400,AIO
EFUSE_Q615S1BA_012_-9_3,Q615S1BA1,X,Q615S1BA,012,-9,3,Q615S1BA_012_-9_3,,SDC2119,HDS2262,C101,8PL7CVA,Q615S1BA1,2026-08-11 16:42:25-07:00,202633,20.00,119325,NGXSDJXA0H80B002632,5,15,012T01,8B28421-D,EXABAHA008,101,1,1010001,1010000,1,101,UNDEFINED,10.3954,15.3659,6.0189,9.2574,8.0388,12.1075,1.0026,2.5951,1.1908,1.5123,31.2607,32.15,1.0026,2.5951,5080.1598,7741.6778,6.0189|8.0388|10.3954,9.2574|12.1075|15.3659,^GT:31.2607%0.7%19.35,^GT:6.0189%0.7%19.35%200%8.0388%0.7%19.35%300%10.3954%0.7%19.35%400,AIO
EFUSE_Q615S1BA_012_-9_4,Q615S1BA1,X,Q615S1BA,012,-9,4,Q615S1BA_012_-9_4,,SDC2119,HDS2262,C101,8PL7CVA,Q615S1BA1,2026-08-11 16:42:25-07:00,202633,20.00,119325,NGXSDJXA0H80B002632,7,19,012T03,8B18438-D,EXABAHA008,301,3,3010001,3030000,3,303,UNDEFINED,10.3589,15.2529,5.9613,9.1365,7.9747,11.9922,1.1288,2.484,1.2193,1.4409,31.4114,32.1916,1.1288,2.484,5000.0,7651.9308,5.9613|7.9747|10.3589,9.1365|11.9922|15.2529,^GT:31.4114%0.7%19.9,^GT:5.9613%0.7%19.9%200%7.9747%0.7%19.9%300%10.3589%0.7%19.9%400,AIO
EFUSE_Q615S1BA_012_0_-1,Q615S1BA1,X,Q615S1BA,012,0,-1,Q615S1BA_012_0_-1,B99880012_FAIL_TPI_SIU_STATIC_CTRL_X_PWRDWN_K_STRESS_X_X_X_X_LOWV_BFL_N2,SDC2119,HDS2262,C101,8PL7CVA,Q615S1BA1,2026-08-11 16:42:25-07:00,202633,20.00,119325,NGXSDJXA0H80B002632,4,18,012T02,8B28421-D,EXABAHA008,9988,99,99880012,99880012,99,9988,UNDEFINED,10.0047,14.6599,5.6684,8.6586,7.6898,11.4879,1.301,2.1217,0.8016,1.1626,30.9736,31.5858,1.301,2.1217,4813.0493,7472.1704,5.6684|7.6898|10.0047,8.6586|11.4879|14.6599,^GT:30.9736%0.7%19.45,^GT:5.6684%0.7%19.45%200%7.6898%0.7%19.45%300%10.0047%0.7%19.45%400,AIO
EFUSE_Q615S1BA_012_0_-10,Q615S1BA1,X,Q615S1BA,012,0,-10,Q615S1BA_012_0_-10,,SDC2119,HDS2262,C101,8PL7CVA,Q615S1BA1,2026-08-11 16:42:25-07:00,202633,20.00,119325,NGXSDJXA0H80B002632,1,9,012T01,8B18438-D,EXABAHA008,101,1,1010001,1010000,1,101,UNDEFINED,10.3414,15.4172,5.9345,9.3007,7.968,12.163,0.9747,2.6411,1.0637,1.466,31.4779,32.1921,0.9747,2.6411,5070.3063,7713.1824,5.9345|7.968|10.3414,9.3007|12.163|15.4172,^GT:31.4779%0.7%19.85,^GT:5.9345%0.7%19.85%200%7.968%0.7%19.85%300%10.3414%0.7%19.85%400,AIO
EFUSE_Q615S1BA_012_0_-11,Q615S1BA1,X,Q615S1BA,012,0,-11,Q615S1BA_012_0_-11,,SDC2119,HDS2262,C101,8PL7CVA,Q615S1BA1,2026-08-11 16:42:25-07:00,202633,20.00,119325,NGXSDJXA0H80B002632,1,12,012T03,8B18438-D,EXABAHA008,301,3,3010001,3030000,3,303,UNDEFINED,10.0881,14.9704,5.709,8.8923,7.7139,11.7134,0.7724,2.3001,1.0735,1.2068,31.2793,31.99,0.7724,2.3001,4901.731,7521.7044,5.709|7.7139|10.0881,8.8923|11.7134|14.9704,^GT:31.2793%0.7%19.55,^GT:5.709%0.7%19.55%200%7.7139%0.7%19.55%300%10.0881%0.7%19.55%400,AIO
EFUSE_Q615S1BA_012_0_-2,Q615S1BA1,X,Q615S1BA,012,0,-2,Q615S1BA_012_0_-2,,SDC2119,HDS2262,C101,8PL7CVA,Q615S1BA1,2026-08-11 16:42:25-07:00,202633,20.00,119325,NGXSDJXA0H80B002632,4,5,012T03,8B28421-D,EXABAHA008,301,3,3010001,3030000,3,303,UNDEFINED,10.1466,14.8887,5.8189,8.8997,7.8397,11.6992,1.34,2.3676,1.0612,1.3563,30.9121,31.5211,1.34,2.3676,4908.9214,7582.4234,5.8189|7.8397|10.1466,8.8997|11.6992|14.8887,^GT:30.9121%0.7%19.299999999999997,^GT:5.8189%0.7%19.299999999999997%200%7.8397%0.7%19.299999999999997%300%10.1466%0.7%19.299999999999997%400,AIO
EFUSE_Q615S1BA_012_0_-3,Q615S1BA1,X,Q615S1BA,012,0,-3,Q615S1BA_012_0_-3,,SDC2119,HDS2262,C101,8PL7CVA,Q615S1BA1,2026-08-11 16:42:25-07:00,202633,20.00,119325,NGXSDJXA0H80B002632,3,11,012T01,8B18438-D,EXABAHA008,302,3,3020001,3030000,3,303,UNDEFINED,10.1319,14.8646,5.8115,8.8726,7.8124,11.6765,1.4324,2.3236,1.0417,1.3262,30.86,31.5368,1.4324,2.3236,4980.0266,7641.2783,5.8115|7.8124|10.1319,8.8726|11.6765|14.8646,^GT:30.86%0.7%19.9,^GT:5.8115%0.7%19.9%200%7.8124%0.7%19.9%300%10.1319%0.7%19.9%400,AIO
EFUSE_Q615S1BA_012_0_-4,Q615S1BA1,X,Q615S1BA,012,0,-4,Q615S1BA_012_0_-4,,SDC2119,HDS2262,C101,8PL7CVA,Q615S1BA1,2026-08-11 16:42:25-07:00,202633,20.00,119325,NGXSDJXA0H80B002632,6,2,012T02,8B28421-D,EXABAHA008,101,1,1010001,1010000,1,101,UNDEFINED,10.1886,14.9795,5.8701,8.9894,7.8808,11.797,0.7909,2.4318,1.3139,1.411,30.8464,31.5268,0.7909,2.4318,5075.8988,7755.7923,5.8701|7.8808|10.1886,8.9894|11.797|14.9795,^GT:30.8464%0.7%19.700000000000003,^GT:5.8701%0.7%19.700000000000003%200%7.8808%0.7%19.700000000000003%300%10.1886%0.7%19.700000000000003%400,AIO
EFUSE_Q615S1BA_012_0_-5,Q615S1BA1,X,Q615S1BA,012,0,-5,Q615S1BA_012_0_-5,,SDC2119,HDS2262,C101,8PL7CVA,Q615S1BA1,2026-08-11 16:42:25-07:00,202633,20.00,119325,NGXSDJXA0H80B002632,3,18,012T03,8B28421-D,EXABAHA008,101,1,1010001,1010000,1,101,UNDEFINED,10.2064,15.0332,5.8934,9.0251,7.9,11.8369,1.608,2.4981,1.0555,1.4294,30.8071,31.6216,1.608,2.4981,5125.6991,7823.968,5.8934|7.9|10.2064,9.0251|11.8369|15.0332,^GT:30.8071%0.7%19.700000000000003,^GT:5.8934%0.7%19.700000000000003%200%7.9%0.7%19.700000000000003%300%10.2064%0.7%19.700000000000003%400,AIO
EFUSE_Q615S1BA_012_0_-6,Q615S1BA1,X,Q615S1BA,012,0,-6,Q615S1BA_012_0_-6,,SDC2119,HDS2262,C101,8PL7CVA,Q615S1BA1,2026-08-11 16:42:25-07:00,202633,20.00,119325,NGXSDJXA0H80B002632,2,9,012T01,8B28421-D,EXABAHA008,101,1,1010001,1010000,1,101,UNDEFINED,10.315,15.187,5.9804,9.1699,7.9811,11.991,1.8922,2.6285,1.1181,1.5397,30.9614,31.6689,1.8922,2.6285,5161.9174,7853.7949,5.9804|7.9811|10.315,9.1699|11.991|15.187,^GT:30.9614%0.7%19.35,^GT:5.9804%0.7%19.35%200%7.9811%0.7%19.35%300%10.315%0.7%19.35%400,AIO
EFUSE_Q615S1BA_012_0_-7,Q615S1BA1,X,Q615S1BA,012,0,-7,Q615S1BA_012_0_-7,,SDC2119,HDS2262,C101,8PL7CVA,Q615S1BA1,2026-08-11 16:42:25-07:00,202633,20.00,119325,NGXSDJXA0H80B002632,7,19,012T02,8B18438-D,EXABAHA008,101,1,1010001,1010000,1,101,UNDEFINED,10.3774,15.3258,6.0315,9.2914,8.0409,12.114,0.9704,2.7463,1.2423,1.6042,31.0421,31.76,0.9704,2.7463,5189.3475,7872.1704,6.0315|8.0409|10.3774,9.2914|12.114|15.3258,^GT:31.0421%0.7%19.75,^GT:6.0315%0.7%19.75%200%8.0409%0.7%19.75%300%10.3774%0.7%19.75%400,AIO
EFUSE_Q615S1BA_012_0_-8,Q615S1BA1,X,Q615S1BA,012,0,-8,Q615S1BA_012_0_-8,,SDC2119,HDS2262,C101,8PL7CVA,Q615S1BA1,2026-08-11 16:42:25-07:00,202633,20.00,119325,NGXSDJXA0H80B002632,2,4,012T03,8B28421-D,EXABAHA008,101,1,1010001,1010000,1,101,UNDEFINED,10.4638,15.5414,6.1252,9.4843,8.1383,12.3278,1.2394,2.8707,1.346,1.6997,30.99,31.8795,1.2394,2.8707,5213.5819,7880.6924,6.1252|8.1383|10.4638,9.4843|12.3278|15.5414,^GT:30.99%0.7%19.35,^GT:6.1252%0.7%19.35%200%8.1383%0.7%19.35%300%10.4638%0.7%19.35%400,AIO
EFUSE_Q615S1BA_012_0_-9,Q615S1BA1,X,Q615S1BA,012,0,-9,Q615S1BA_012_0_-9,,SDC2119,HDS2262,C101,8PL7CVA,Q615S1BA1,2026-08-11 16:42:25-07:00,202633,20.00,119325,NGXSDJXA0H80B002632,1,4,012T01,8B18438-D,EXABAHA008,101,1,1010001,1010000,1,101,UNDEFINED,10.4741,15.5816,6.0948,9.4872,8.1118,12.3465,1.3937,2.8418,1.5814,1.6561,31.2807,32.0758,1.3936,2.8418,5178.4288,7836.4847,6.0948|8.1118|10.4741,9.4872|12.3465|15.5816,^GT:31.2807%0.7%19.75,^GT:6.0948%0.7%19.75%200%8.1118%0.7%19.75%300%10.4741%0.7%19.75%400,AIO
EFUSE_Q615S1BA_012_0_0,Q615S1BA1,X,Q615S1BA,012,0,0,Q615S1BA_012_0_0,B82020000_FAIL_SCN_GT_GXX_CTRL_X_GFXAGG_K_BEGIN_X_X_X_X_X_EVALUATE_4,SDC2119,HDS2262,C101,8PL7CVA,Q615S1BA1,2026-08-11 16:42:25-07:00,202633,20.00,119325,NGXSDJXA0H80B002632,4,13,012T01,8B18438-D,EXABAHA008,8202,82,82020000,82020000,82,8202,UNDEFINED,9.9738,14.6002,5.6235,8.5951,7.6278,11.4079,0.5917,2.0148,0.9339,1.0869,31.0736,31.6058,0.5917,2.0148,4749.9334,7423.7017,5.6235|7.6278|9.9738,8.5951|11.4079|14.6002,^GT:31.0736%0.7%19.799999999999997,^GT:5.6235%0.7%19.799999999999997%200%7.6278%0.7%19.799999999999997%300%9.9738%0.7%19.799999999999997%400,AIO
EFUSE_Q615S1BA_012_0_1,Q615S1BA1,X,Q615S1BA,012,0,1,Q615S1BA_012_0_1,,SDC2119,HDS2262,C101,8PL7CVA,Q615S1BA1,2026-08-11 16:42:25-07:00,202633,20.00,119325,NGXSDJXA0H80B002632,5,12,012T03,8B18438-D,EXABAHA008,201,2,2010001,2020000,2,202,UNDEFINED,10.0472,14.75,5.7141,8.723,7.7033,11.5402,0.7001,2.1896,0.8202,1.1904,30.9507,31.7211,0.7001,2.1896,4829.028,7509.4541,5.7141|7.7033|10.0472,8.723|11.5402|14.75,^GT:30.9507%0.7%19.9,^GT:5.7141%0.7%19.9%200%7.7033%0.7%19.9%300%10.0472%0.7%19.9%400,AIO
EFUSE_Q615S1BA_012_0_10,Q615S1BA1,X,Q615S1BA,012,0,10,Q615S1BA_012_0_10,,SDC2119,HDS2262,C101,8PL7CVA,Q615S1BA1,2026-08-11 16:42:25-07:00,202633,20.00,119325,NGXSDJXA0H80B002632,7,2,012T01,8B28421-D,EXABAHA008,301,3,3010001,3030000,3,303,UNDEFINED,10.2438,15.0676,5.8617,8.9761,7.8992,11.8106,1.7127,2.353,1.1698,1.3313,31.3007,32.0605,1.7127,2.353,5002.3968,7654.8602,5.8617|7.8992|10.2438,8.9761|11.8106|15.0676,^GT:31.3007%0.7%19.35,^GT:5.8617%0.7%19.35%200%7.8992%0.7%19.35%300%10.2438%0.7%19.35%400,AIO
EFUSE_Q615S1BA_012_0_2,Q615S1BA1,X,Q615S1BA,012,0,2,Q615S1BA_012_0_2,,SDC2119,HDS2262,C101,8PL7CVA,Q615S1BA1,2026-08-11 16:42:25-07:00,202633,20.00,119325,NGXSDJXA0H80B002632,3,5,012T02,8B18438-D,EXABAHA008,101,1,1010001,1010000,1,101,UNDEFINED,10.1815,14.9039,5.8258,8.8961,7.8311,11.7197,0.7689,2.3185,1.2502,1.3361,31.1121,31.62,0.7689,2.3185,4954.4607,7620.506,5.8258|7.8311|10.1815,8.8961|11.7197|14.9039,^GT:31.1121%0.7%19.85,^GT:5.8258%0.7%19.85%200%7.8311%0.7%19.85%300%10.1815%0.7%19.85%400,AIO
EFUSE_Q615S1BA_012_0_3,Q615S1BA1,X,Q615S1BA,012,0,3,Q615S1BA_012_0_3,,SDC2119,HDS2262,C101,8PL7CVA,Q615S1BA1,2026-08-11 16:42:25-07:00,202633,20.00,119325,NGXSDJXA0H80B002632,5,6,012T01,8B18438-D,EXABAHA008,201,2,2010001,2020000,2,202,UNDEFINED,10.2841,15.0874,5.9421,9.0829,7.9622,11.9057,1.2967,2.5277,1.3946,1.4948,31.0143,31.6026,1.2967,2.5277,5069.7736,7739.281,5.9421|7.9622|10.2841,9.0829|11.9057|15.0874,^GT:31.0143%0.7%20.200000000000003,^GT:5.9421%0.7%20.200000000000003%200%7.9622%0.7%20.200000000000003%300%10.2841%0.7%20.200000000000003%400,AIO
EFUSE_Q615S1BA_012_0_4,Q615S1BA1,X,Q615S1BA,012,0,4,Q615S1BA_012_0_4,,SDC2119,HDS2262,C101,8PL7CVA,Q615S1BA1,2026-08-11 16:42:25-07:00,202633,20.00,119325,NGXSDJXA0H80B002632,6,11,012T03,8B18438-D,EXABAHA008,301,3,3010001,3030000,3,303,UNDEFINED,10.2527,15.081,5.9295,9.0635,7.9436,11.8833,1.4977,2.5022,1.2861,1.4781,30.88,31.6711,1.4977,2.5022,5136.6178,7820.506,5.9295|7.9436|10.2527,9.0635|11.8833|15.081,^GT:30.88%0.7%19.799999999999997,^GT:5.9295%0.7%19.799999999999997%200%7.9436%0.7%19.799999999999997%300%10.2527%0.7%19.799999999999997%400,AIO
EFUSE_Q615S1BA_012_0_5,Q615S1BA1,X,Q615S1BA,012,0,5,Q615S1BA_012_0_5,,SDC000,HDS000,A000,8PL7CVA,Q615S1BA1,2026-08-11 16:42:25-07:00,202633,20.00,119325,NGXSDJXA0H80B002632,2,13,012T02,,XIU000,9301,93,,930100,93,9301,UNDEFINED,,,,,,,,,,,,,,,,,,,,,AIO
EFUSE_Q615S1BA_012_0_6,Q615S1BA1,X,Q615S1BA,012,0,6,Q615S1BA_012_0_6,,SDC2119,HDS2262,C101,8PL7CVA,Q615S1BA1,2026-08-11 16:42:25-07:00,202633,20.00,119325,NGXSDJXA0H80B002632,6,15,012T01,8B18438-D,EXABAHA008,301,3,3010001,3030000,3,303,UNDEFINED,10.3695,15.272,6.0355,9.2433,8.0396,12.0783,1.0344,2.658,1.462,1.6019,30.9571,31.73,1.0344,2.658,5169.3742,7849.8003,6.0355|8.0396|10.3695,9.2433|12.0783|15.272,^GT:30.9571%0.7%19.85,^GT:6.0355%0.7%19.85%200%8.0396%0.7%19.85%300%10.3695%0.7%19.85%400,AIO
EFUSE_Q615S1BA_012_0_7,Q615S1BA1,X,Q615S1BA,012,0,7,Q615S1BA_012_0_7,,SDC2119,HDS2262,C101,8PL7CVA,Q615S1BA1,2026-08-11 16:42:25-07:00,202633,20.00,119325,NGXSDJXA0H80B002632,7,11,012T03,8B18438-D,EXABAHA008,101,1,1010001,1010000,1,101,UNDEFINED,10.3966,15.3217,6.032,9.258,8.0535,12.0921,1.1104,2.6844,1.2491,1.5865,31.1757,31.9142,1.1103,2.6844,5161.6511,7823.968,6.032|8.0535|10.3966,9.258|12.0921|15.3217,^GT:31.1757%0.7%19.9,^GT:6.032%0.7%19.9%200%8.0535%0.7%19.9%300%10.3966%0.7%19.9%400,AIO
EFUSE_Q615S1BA_012_0_8,Q615S1BA1,X,Q615S1BA,012,0,8,Q615S1BA_012_0_8,,SDC2119,HDS2262,C101,8PL7CVA,Q615S1BA1,2026-08-11 16:42:25-07:00,202633,20.00,119325,NGXSDJXA0H80B002632,1,3,012T02,8B18438-D,EXABAHA008,101,1,1010001,1010000,1,101,UNDEFINED,10.3929,15.3229,6.0044,9.2288,8.0348,12.0787,1.4306,2.6144,1.4149,1.5052,31.3464,32.0742,1.4306,2.6144,5120.6391,7788.8149,6.0044|8.0348|10.3929,9.2288|12.0787|15.3229,^GT:31.3464%0.7%19.85,^GT:6.0044%0.7%19.85%200%8.0348%0.7%19.85%300%10.3929%0.7%19.85%400,AIO
EFUSE_Q615S1BA_012_0_9,Q615S1BA1,X,Q615S1BA,012,0,9,Q615S1BA_012_0_9,,SDC2119,HDS2262,C101,8PL7CVA,Q615S1BA1,2026-08-11 16:42:25-07:00,202633,20.00,119325,NGXSDJXA0H80B002632,7,10,012T01,8B28421-D,EXABAHA008,101,1,1010001,1010000,1,101,UNDEFINED,10.3136,15.2115,5.9142,9.0771,7.9458,11.9414,0.8182,2.4474,1.1106,1.371,31.4243,32.2863,0.8182,2.4474,5026.3648,7678.0293,5.9142|7.9458|10.3136,9.0771|11.9414|15.2115,^GT:31.4243%0.7%19.4,^GT:5.9142%0.7%19.4%200%7.9458%0.7%19.4%300%10.3136%0.7%19.4%400,AIO
EFUSE_Q615S1BA_012_10_-1,Q615S1BA1,X,Q615S1BA,012,10,-1,Q615S1BA_012_10_-1,,SDC2119,HDS2262,C101,8PL7CVA,Q615S1BA1,2026-08-11 16:42:25-07:00,202633,20.00,119325,NGXSDJXA0H80B002632,5,11,012T02,8B18438-D,EXABAHA008,302,3,3020001,3030000,3,303,UNDEFINED,10.2963,15.2964,5.8823,9.1672,7.919,12.0293,0.8898,2.5293,0.963,1.3725,31.5286,32.2589,0.8898,2.5293,4958.988,7600.7989,5.8823|7.919|10.2963,9.1672|12.0293|15.2964,^GT:31.5286%0.7%20.25,^GT:5.8823%0.7%20.25%200%7.919%0.7%20.25%300%10.2963%0.7%20.25%400,AIO
EFUSE_Q615S1BA_012_10_-2,Q615S1BA1,X,Q615S1BA,012,10,-2,Q615S1BA_012_10_-2,B81010004_FAIL_SCN_GT_GXX_CHAIN_ALL_GFXSB_K_BEGIN_HITO_GT_NOM_LFM_HVM_4,SDC2119,HDS2262,C101,8PL7CVA,Q615S1BA1,2026-08-11 16:42:25-07:00,202633,20.00,119325,NGXSDJXA0H80B002632,3,6,012T03,8B28421-D,EXABAHA008,8101,81,81010004,81010004,81,8101,UNDEFINED,10.2961,15.2844,5.883,9.1564,7.9157,12.0258,1.6678,2.4789,1.0156,1.3464,31.5221,32.2526,1.6678,2.4789,4954.1944,7608.2557,5.883|7.9157|10.2961,9.1564|12.0258|15.2844,^GT:31.5221%0.7%19.5,^GT:5.883%0.7%19.5%200%7.9157%0.7%19.5%300%10.2961%0.7%19.5%400,AIO
EFUSE_Q615S1BA_012_10_-3,Q615S1BA1,X,Q615S1BA,012,10,-3,Q615S1BA_012_10_-3,,SDC2119,HDS2262,C101,8PL7CVA,Q615S1BA1,2026-08-11 16:42:25-07:00,202633,20.00,119325,NGXSDJXA0H80B002632,3,1,012T01,8B28421-D,EXABAHA008,101,1,1010001,1010000,1,101,UNDEFINED,10.2316,15.1713,5.8132,9.0382,7.8449,11.9013,0.6297,2.3621,1.2273,1.2607,31.56,32.2795,0.6297,2.3621,4901.9973,7542.2104,5.8132|7.8449|10.2316,9.0382|11.9013|15.1713,^GT:31.56%0.7%19.15,^GT:5.8132%0.7%19.15%200%7.8449%0.7%19.15%300%10.2316%0.7%19.15%400,AIO
EFUSE_Q615S1BA_012_10_-4,Q615S1BA1,X,Q615S1BA,012,10,-4,Q615S1BA_012_10_-4,,SDC2119,HDS2262,C101,8PL7CVA,Q615S1BA1,2026-08-11 16:42:25-07:00,202633,20.00,119325,NGXSDJXA0H80B002632,5,9,012T02,8B18438-D,EXABAHA008,101,1,1010001,1010000,1,101,UNDEFINED,10.1531,15.0623,5.7353,8.9143,7.7514,11.7733,0.6415,2.2548,1.1159,1.1769,31.5557,32.3579,0.6415,2.2548,4855.1265,7491.3449,5.7353|7.7514|10.1531,8.9143|11.7733|15.0623,^GT:31.5557%0.7%19.95,^GT:5.7353%0.7%19.95%200%7.7514%0.7%19.95%300%10.1531%0.7%19.95%400,AIO
EFUSE_Q615S1BA_012_10_-5,Q615S1BA1,X,Q615S1BA,012,10,-5,Q615S1BA_012_10_-5,,SDC2119,HDS2262,C101,8PL7CVA,Q615S1BA1,2026-08-11 16:42:25-07:00,202633,20.00,119325,NGXSDJXA0H80B002632,3,8,012T03,8B28421-D,EXABAHA008,101,1,1010001,1010000,1,101,UNDEFINED,10.0675,14.873,5.6728,8.7644,7.6911,11.6078,0.6294,2.151,0.7081,1.1053,31.3907,32.1505,0.6294,2.151,4822.6365,7466.3116,5.6728|7.6911|10.0675,8.7644|11.6078|14.873,^GT:31.3907%0.7%19.65,^GT:5.6728%0.7%19.65%200%7.6911%0.7%19.65%300%10.0675%0.7%19.65%400,AIO
EFUSE_Q615S1BA_012_10_0,Q615S1BA1,X,Q615S1BA,012,10,0,Q615S1BA_012_10_0,,SDC2119,HDS2262,C101,8PL7CVA,Q615S1BA1,2026-08-11 16:42:25-07:00,202633,20.00,119325,NGXSDJXA0H80B002632,4,2,012T01,8B28421-D,EXABAHA008,101,1,1010001,1010000,1,101,UNDEFINED,10.2543,15.221,5.83,9.0956,7.8691,11.9561,1.6489,2.4524,0.903,1.3007,31.6021,32.2395,1.6489,2.4524,4919.8402,7557.6565,5.83|7.8691|10.2543,9.0955|11.9561|15.221,^GT:31.6021%0.7%19.5,^GT:5.83%0.7%19.5%200%7.8691%0.7%19.5%300%10.2543%0.7%19.5%400,AIO
EFUSE_Q615S1BA_012_10_1,Q615S1BA1,X,Q615S1BA,012,10,1,Q615S1BA_012_10_1,,SDC2119,HDS2262,C101,8PL7CVA,Q615S1BA1,2026-08-11 16:42:25-07:00,202633,20.00,119325,NGXSDJXA0H80B002632,5,2,012T03,8B28421-D,EXABAHA008,301,3,3010001,3030000,3,303,UNDEFINED,10.2297,15.1751,5.8391,9.0739,7.8632,11.9222,0.7102,2.3938,1.1711,1.2888,31.3614,32.1116,0.7102,2.3938,4924.6338,7571.2383,5.8391|7.8632|10.2297,9.0739|11.9222|15.1751,^GT:31.3614%0.7%19.799999999999997,^GT:5.8391%0.7%19.799999999999997%200%7.8632%0.7%19.799999999999997%300%10.2297%0.7%19.799999999999997%400,AIO
EFUSE_Q615S1BA_012_10_2,Q615S1BA1,X,Q615S1BA,012,10,2,Q615S1BA_012_10_2,,SDC000,HDS000,A000,8PL7CVA,Q615S1BA1,2026-08-11 16:42:25-07:00,202633,20.00,119325,NGXSDJXA0H80B002632,3,15,012T02,,XIU000,9301,93,,930100,93,9301,UNDEFINED,,,,,,,,,,,,,,,,,,,,,AIO
EFUSE_Q615S1BA_012_10_3,Q615S1BA1,X,Q615S1BA,012,10,3,Q615S1BA_012_10_3,,SDC2119,HDS2262,C101,8PL7CVA,Q615S1BA1,2026-08-11 16:42:25-07:00,202633,20.00,119325,NGXSDJXA0H80B002632,6,5,012T01,8B28421-D,EXABAHA008,101,1,1010001,1010000,1,101,UNDEFINED,10.2139,15.1002,5.8051,8.9827,7.8428,11.8338,1.4327,2.3545,0.877,1.2758,31.4914,32.1974,1.4327,2.3545,4912.9161,7554.4607,5.8051|7.8428|10.2139,8.9827|11.8338|15.1002,^GT:31.4914%0.7%19.5,^GT:5.8051%0.7%19.5%200%7.8428%0.7%19.5%300%10.2139%0.7%19.5%400,AIO
EFUSE_Q615S1BA_012_10_4,Q615S1BA1,X,Q615S1BA,012,10,4,Q615S1BA_012_10_4,B82020000_FAIL_SCN_GT_GXX_CTRL_X_GFXAGG_K_BEGIN_X_X_X_X_X_EVALUATE_4,SDC2119,HDS2262,C101,8PL7CVA,Q615S1BA1,2026-08-11 16:42:25-07:00,202633,20.00,119325,NGXSDJXA0H80B002632,6,1,012T03,8B28421-D,EXABAHA008,8202,82,82020000,82020000,82,8202,UNDEFINED,10.1567,14.9666,5.7569,8.8733,7.7802,11.7092,0.7445,2.2198,0.9197,1.2149,31.4279,32.07,0.7445,2.2198,4861.2517,7486.285,5.7568|7.7802|10.1567,8.8733|11.7092|14.9666,^GT:31.4279%0.7%19.45,^GT:5.7568%0.7%19.45%200%7.7802%0.7%19.45%300%10.1567%0.7%19.45%400,AIO
EFUSE_Q615S1BA_012_11_-1,Q615S1BA1,X,Q615S1BA,012,11,-1,Q615S1BA_012_11_-1,,SDC2119,HDS2262,C101,8PL7CVA,Q615S1BA1,2026-08-11 16:42:25-07:00,202633,20.00,119325,NGXSDJXA0H80B002632,5,10,012T02,8B18438-D,EXABAHA008,301,3,3010001,3030000,3,303,UNDEFINED,10.1054,14.9444,5.7122,8.8557,7.7277,11.695,1.4043,2.2482,1.1241,1.156,31.38,32.0458,1.4043,2.2482,4805.8589,7407.4567,5.7122|7.7276|10.1054,8.8557|11.695|14.9444,^GT:31.38%0.7%19.700000000000003,^GT:5.7122%0.7%19.700000000000003%200%7.7276%0.7%19.700000000000003%300%10.1054%0.7%19.700000000000003%400,AIO
EFUSE_Q615S1BA_012_11_-2,Q615S1BA1,X,Q615S1BA,012,11,-2,Q615S1BA_012_11_-2,,SDC2119,HDS2262,C101,8PL7CVA,Q615S1BA1,2026-08-11 16:42:25-07:00,202633,20.00,119325,NGXSDJXA0H80B002632,3,7,012T03,8B18438-D,EXABAHA008,301,3,3010001,3030000,3,303,UNDEFINED,10.0722,14.8907,5.6827,8.8038,7.7042,11.6294,1.2409,2.1888,0.8489,1.1446,31.3536,32.0363,1.2409,2.1888,4797.8695,7410.1198,5.6827|7.7042|10.0722,8.8038|11.6294|14.8907,^GT:31.3536%0.7%19.700000000000003,^GT:5.6827%0.7%19.700000000000003%200%7.7042%0.7%19.700000000000003%300%10.0722%0.7%19.700000000000003%400,AIO
EFUSE_Q615S1BA_012_11_0,Q615S1BA1,X,Q615S1BA,012,11,0,Q615S1BA_012_11_0,,SDC2119,HDS2262,C101,8PL7CVA,Q615S1BA1,2026-08-11 16:42:25-07:00,202633,20.00,119325,NGXSDJXA0H80B002632,4,1,012T01,8B18438-D,EXABAHA008,301,3,3010001,3030000,3,303,UNDEFINED,10.0729,14.8921,5.6695,8.7802,7.6914,11.6291,1.4875,2.1459,0.9746,1.1145,31.4529,32.1679,1.4875,2.1459,4776.5646,7378.9614,5.6695|7.6914|10.0729,8.7802|11.6291|14.8921,^GT:31.4529%0.7%19.85,^GT:5.6695%0.7%19.85%200%7.6914%0.7%19.85%300%10.0729%0.7%19.85%400,AIO
EFUSE_Q615S1BA_012_11_1,Q615S1BA1,X,Q615S1BA,012,11,1,Q615S1BA_012_11_1,,SDC2119,HDS2262,C101,8PL7CVA,Q615S1BA1,2026-08-11 16:42:25-07:00,202633,20.00,119325,NGXSDJXA0H80B002632,5,1,012T03,8B28421-D,EXABAHA008,101,1,1010001,1010000,1,101,UNDEFINED,10.0058,14.7689,5.6102,8.6892,7.6244,11.5117,0.6262,2.0819,0.9164,1.0623,31.3971,31.9984,0.6262,2.0819,4761.1185,7353.9281,5.6102|7.6244|10.0058,8.6892|11.5117|14.7689,^GT:31.3971%0.7%19.25,^GT:5.6102%0.7%19.25%200%7.6244%0.7%19.25%300%10.0058%0.7%19.25%400,AIO
EFUSE_Q615S1BA_012_11_2,Q615S1BA1,X,Q615S1BA,012,11,2,Q615S1BA_012_11_2,,SDC2119,HDS2262,C101,8PL7CVA,Q615S1BA1,2026-08-11 16:42:25-07:00,202633,20.00,119325,NGXSDJXA0H80B002632,3,16,012T02,8B28421-D,EXABAHA008,101,1,1010001,1010000,1,101,UNDEFINED,10.0057,14.7397,5.6228,8.6536,7.6373,11.489,1.2761,2.0427,0.9272,1.0831,31.3064,32.0321,1.2761,2.0427,4773.3688,7382.6897,5.6228|7.6373|10.0057,8.6536|11.489|14.7397,^GT:31.3064%0.7%19.700000000000003,^GT:5.6228%0.7%19.700000000000003%200%7.6373%0.7%19.700000000000003%300%10.0057%0.7%19.700000000000003%400,AIO
EFUSE_Q615S1BA_012_1_-1,Q615S1BA1,X,Q615S1BA,012,1,-1,Q615S1BA_012_1_-1,,SDC2119,HDS2262,C101,8PL7CVA,Q615S1BA1,2026-08-11 16:42:25-07:00,202633,20.00,119325,NGXSDJXA0H80B002632,4,19,012T02,8B18438-D,EXABAHA008,101,1,1010001,1010000,1,101,UNDEFINED,10.0049,14.6764,5.661,8.6707,7.6722,11.4792,0.7196,2.1319,1.0505,1.1582,31.0279,31.6089,0.7196,2.1319,4818.6418,7486.0186,5.661|7.6722|10.0049,8.6707|11.4792|14.6764,^GT:31.0279%0.7%19.799999999999997,^GT:5.661%0.7%19.799999999999997%200%7.6722%0.7%19.799999999999997%300%10.0049%0.7%19.799999999999997%400,AIO
EFUSE_Q615S1BA_012_1_-10,Q615S1BA1,X,Q615S1BA,012,1,-10,Q615S1BA_012_1_-10,,SDC2119,HDS2262,C101,8PL7CVA,Q615S1BA1,2026-08-11 16:42:25-07:00,202633,20.00,119325,NGXSDJXA0H80B002632,7,4,012T02,8B28421-D,EXABAHA008,101,1,1010001,1010000,1,101,UNDEFINED,10.3249,15.3981,5.9413,9.2932,7.9588,12.1432,1.3016,2.6789,1.282,1.4633,31.3114,32.1311,1.3016,2.6789,5069.7736,7713.715,5.9413|7.9588|10.3249,9.2932|12.1432|15.3981,^GT:31.3114%0.7%19.15,^GT:5.9413%0.7%19.15%200%7.9588%0.7%19.15%300%10.3249%0.7%19.15%400,AIO
EFUSE_Q615S1BA_012_1_-11,Q615S1BA1,X,Q615S1BA,012,1,-11,Q615S1BA_012_1_-11,B19880170_FAIL_TPI_SIU_STATIC_SIUP_X_ICC_K_START_X_X_X_LFM_LOWV_INFRA_650MV_2,SDC2119,HDS2262,C101,8PL7CVA,Q615S1BA1,2026-08-11 16:42:25-07:00,202633,20.00,119325,NGXSDJXA0H80B002632,7,2,012T02,8B28421-D,EXABAHA008,1988,19,19880170,19880170,19,1988,UNDEFINED,,,,,,,,,,,,,,,,,,,,,AIO
EFUSE_Q615S1BA_012_1_-2,Q615S1BA1,X,Q615S1BA,012,1,-2,Q615S1BA_012_1_-2,,SDC2119,HDS2262,C101,8PL7CVA,Q615S1BA1,2026-08-11 16:42:25-07:00,202633,20.00,119325,NGXSDJXA0H80B002632,4,4,012T03,8B28421-D,EXABAHA008,101,1,1010001,1010000,1,101,UNDEFINED,10.0592,14.7658,5.7119,8.7514,7.7435,11.5638,1.4775,2.2187,0.8653,1.2184,31.0521,31.6547,1.4775,2.2187,4910.7856,7572.8362,5.7119|7.7435|10.0592,8.7514|11.5638|14.7658,^GT:31.0521%0.7%19.25,^GT:5.7119%0.7%19.25%200%7.7435%0.7%19.25%300%10.0592%0.7%19.25%400,AIO
EFUSE_Q615S1BA_012_1_-3,Q615S1BA1,X,Q615S1BA,012,1,-3,Q615S1BA_012_1_-3,,SDC2119,HDS2262,C101,8PL7CVA,Q615S1BA1,2026-08-11 16:42:25-07:00,202633,20.00,119325,NGXSDJXA0H80B002632,3,10,012T01,8B18438-D,EXABAHA008,101,1,1010001,1010000,1,101,UNDEFINED,10.1251,14.8621,5.8111,8.8559,7.8248,11.6739,0.8493,2.3356,0.9366,1.3324,30.8143,31.6116,0.8493,2.3356,4992.8096,7654.0613,5.8111|7.8248|10.1251,8.8559|11.6739|14.8621,^GT:30.8143%0.7%19.6,^GT:5.8111%0.7%19.6%200%7.8248%0.7%19.6%300%10.1251%0.7%19.6%400,AIO
EFUSE_Q615S1BA_012_1_-4,Q615S1BA1,X,Q615S1BA,012,1,-4,Q615S1BA_012_1_-4,,SDC2119,HDS2262,C101,8PL7CVA,Q615S1BA1,2026-08-11 16:42:25-07:00,202633,20.00,119325,NGXSDJXA0H80B002632,6,1,012T02,8B28421-D,EXABAHA008,101,1,1010001,1010000,1,101,UNDEFINED,10.1816,14.9517,5.8722,8.9558,7.8807,11.7801,1.595,2.4199,1.2976,1.4105,30.7814,31.5574,1.595,2.4199,5088.1491,7770.7057,5.8722|7.8807|10.1816,8.9558|11.7801|14.9517,^GT:30.7814%0.7%19.05,^GT:5.8722%0.7%19.05%200%7.8807%0.7%19.05%300%10.1816%0.7%19.05%400,AIO
EFUSE_Q615S1BA_012_1_-5,Q615S1BA1,X,Q615S1BA,012,1,-5,Q615S1BA_012_1_-5,,SDC2119,HDS2262,C101,8PL7CVA,Q615S1BA1,2026-08-11 16:42:25-07:00,202633,20.00,119325,NGXSDJXA0H80B002632,3,17,012T03,8B18438-D,EXABAHA008,302,3,3020001,3030000,3,303,UNDEFINED,10.1966,14.9871,5.863,8.9932,7.8685,11.8097,1.4394,2.4414,1.37,1.3981,30.9543,31.5468,1.4394,2.4414,5121.9707,7800.7989,5.863|7.8685|10.1966,8.9932|11.8097|14.9871,^GT:30.9543%0.7%19.55,^GT:5.863%0.7%19.55%200%7.8685%0.7%19.55%300%10.1966%0.7%19.55%400,AIO
EFUSE_Q615S1BA_012_1_-6,Q615S1BA1,X,Q615S1BA,012,1,-6,Q615S1BA_012_1_-6,,SDC2119,HDS2262,C101,8PL7CVA,Q615S1BA1,2026-08-11 16:42:25-07:00,202633,20.00,119325,NGXSDJXA0H80B002632,2,8,012T01,8B18438-D,EXABAHA008,101,1,1010001,1010000,1,101,UNDEFINED,10.339,15.2392,6.0112,9.2038,8.0164,12.0316,0.9559,2.6603,1.4572,1.563,30.9129,31.7653,0.9559,2.6603,5177.3635,7857.257,6.0112|8.0164|10.339,9.2038|12.0316|15.2392,^GT:30.9129%0.7%19.6,^GT:6.0112%0.7%19.6%200%8.0164%0.7%19.6%300%10.339%0.7%19.6%400,AIO
EFUSE_Q615S1BA_012_1_-7,Q615S1BA1,X,Q615S1BA,012,1,-7,Q615S1BA_012_1_-7,,SDC2119,HDS2262,C101,8PL7CVA,Q615S1BA1,2026-08-11 16:42:25-07:00,202633,20.00,119325,NGXSDJXA0H80B002632,7,18,012T02,8B28421-D,EXABAHA008,301,3,3010001,3030000,3,303,UNDEFINED,10.3067,15.2536,5.9827,9.2265,7.9892,12.0505,0.9951,2.6785,1.1415,1.5534,30.8857,31.7216,0.9951,2.6785,5155.2597,7833.0226,5.9827|7.9892|10.3067,9.2265|12.0505|15.2536,^GT:30.8857%0.7%18.75,^GT:5.9827%0.7%18.75%200%7.9892%0.7%18.75%300%10.3067%0.7%18.75%400,AIO
EFUSE_Q615S1BA_012_1_-8,Q615S1BA1,X,Q615S1BA,012,1,-8,Q615S1BA_012_1_-8,,SDC2119,HDS2262,C101,8PL7CVA,Q615S1BA1,2026-08-11 16:42:25-07:00,202633,20.00,119325,NGXSDJXA0H80B002632,2,3,012T03,8B28421-D,EXABAHA008,101,1,1010001,1010000,1,101,UNDEFINED,10.4584,15.517,6.1019,9.4548,8.1312,12.3058,1.9858,2.8487,1.2392,1.7012,31.1179,31.9068,1.9858,2.8487,5219.4407,7882.8229,6.1019|8.1312|10.4584,9.4547|12.3058|15.517,^GT:31.1179%0.7%19.35,^GT:6.1019%0.7%19.35%200%8.1312%0.7%19.35%300%10.4584%0.7%19.35%400,AIO
EFUSE_Q615S1BA_012_1_-9,Q615S1BA1,X,Q615S1BA,012,1,-9,Q615S1BA_012_1_-9,,SDC2119,HDS2262,C101,8PL7CVA,Q615S1BA1,2026-08-11 16:42:25-07:00,202633,20.00,119325,NGXSDJXA0H80B002632,1,7,012T03,8B18438-D,EXABAHA008,101,1,1010001,1010000,1,101,UNDEFINED,10.48,15.5913,6.0939,9.4996,8.12,12.3362,1.1723,2.9005,1.3481,1.6658,31.3293,32.0616,1.1723,2.9005,5176.2983,7843.6751,6.0939|8.12|10.48,9.4996|12.3362|15.5913,^GT:31.3293%0.7%19.700000000000003,^GT:6.0939%0.7%19.700000000000003%200%8.12%0.7%19.700000000000003%300%10.48%0.7%19.700000000000003%400,AIO
EFUSE_Q615S1BA_012_1_0,Q615S1BA1,X,Q615S1BA,012,1,0,Q615S1BA_012_1_0,,SDC2119,HDS2262,C101,8PL7CVA,Q615S1BA1,2026-08-11 16:42:25-07:00,202633,20.00,119325,NGXSDJXA0H80B002632,4,12,012T01,8B28421-D,EXABAHA008,101,1,1010001,1010000,1,101,UNDEFINED,9.9993,14.6475,5.6437,8.6358,7.649,11.4489,1.4115,2.1039,0.7693,1.127,31.1114,31.6405,1.4115,2.1039,4779.7603,7455.3928,5.6437|7.649|9.9993,8.6358|11.4489|14.6475,^GT:31.1114%0.7%19.4,^GT:5.6437%0.7%19.4%200%7.649%0.7%19.4%300%9.9993%0.7%19.4%400,AIO
EFUSE_Q615S1BA_012_1_1,Q615S1BA1,X,Q615S1BA,012,1,1,Q615S1BA_012_1_1,,SDC2119,HDS2262,C101,8PL7CVA,Q615S1BA1,2026-08-11 16:42:25-07:00,202633,20.00,119325,NGXSDJXA0H80B002632,5,11,012T03,8B18438-D,EXABAHA008,301,3,3010001,3030000,3,303,UNDEFINED,10.0254,14.6964,5.6935,8.6828,7.7024,11.5238,0.8691,2.1272,0.8754,1.1619,30.9421,31.6505,0.8691,2.1272,4816.245,7497.7364,5.6935|7.7024|10.0254,8.6828|11.5238|14.6964,^GT:30.9421%0.7%19.6,^GT:5.6935%0.7%19.6%200%7.7024%0.7%19.6%300%10.0254%0.7%19.6%400,AIO
EFUSE_Q615S1BA_012_1_10,Q615S1BA1,X,Q615S1BA,012,1,10,Q615S1BA_012_1_10,,SDC2119,HDS2262,C101,8PL7CVA,Q615S1BA1,2026-08-11 16:42:25-07:00,202633,20.00,119325,NGXSDJXA0H80B002632,1,12,012T02,8B18438-D,EXABAHA008,101,1,1010001,1010000,1,101,UNDEFINED,10.2969,15.1265,5.8891,9.0137,7.9311,11.8539,1.2379,2.3802,1.2614,1.3499,31.4843,32.1726,1.2379,2.3802,5011.7177,7652.996,5.8891|7.9311|10.2969,9.0137|11.8539|15.1265,^GT:31.4843%0.7%19.799999999999997,^GT:5.8891%0.7%19.799999999999997%200%7.9311%0.7%19.799999999999997%300%10.2969%0.7%19.799999999999997%400,AIO
EFUSE_Q615S1BA_012_1_2,Q615S1BA1,X,Q615S1BA,012,1,2,Q615S1BA_012_1_2,,SDC2119,HDS2262,C101,8PL7CVA,Q615S1BA1,2026-08-11 16:42:25-07:00,202633,20.00,119325,NGXSDJXA0H80B002632,3,6,012T02,8B18438-D,EXABAHA008,101,1,1010001,1010000,1,101,UNDEFINED,10.1862,14.9209,5.8398,8.9096,7.8512,11.7253,1.4178,2.3255,1.0154,1.3439,31.0457,31.6384,1.4178,2.3255,4954.727,7609.8535,5.8398|7.8512|10.1862,8.9096|11.7253|14.9209,^GT:31.0457%0.7%19.65,^GT:5.8398%0.7%19.65%200%7.8512%0.7%19.65%300%10.1862%0.7%19.65%400,AIO
EFUSE_Q615S1BA_012_1_3,Q615S1BA1,X,Q615S1BA,012,1,3,Q615S1BA_012_1_3,B65210000_FAIL_ARR_GT_GXX_LSA_GT_VMIN_K_PREHVQK_X_X_NOM_X_ALL_LSA_0,SDC2119,HDS2262,C101,8PL7CVA,Q615S1BA1,2026-08-11 16:42:25-07:00,202633,20.00,119325,NGXSDJXA0H80B002632,5,5,012T01,8B28421-D,EXABAHA008,6521,65,65210000,65210000,65,6521,UNDEFINED,10.2741,15.0581,5.9425,9.0537,7.9471,11.8578,1.0025,2.4875,1.0668,1.4787,30.94,31.6021,1.0025,2.4875,5061.7843,7715.8455,5.9425|7.9471|10.2741,9.0537|11.8578|15.0581,^GT:30.94%0.7%19.25,^GT:5.9425%0.7%19.25%200%7.9471%0.7%19.25%300%10.2741%0.7%19.25%400,AIO
EFUSE_Q615S1BA_012_1_4,Q615S1BA1,X,Q615S1BA,012,1,4,Q615S1BA_012_1_4,,SDC2119,HDS2262,C101,8PL7CVA,Q615S1BA1,2026-08-11 16:42:25-07:00,202633,20.00,119325,NGXSDJXA0H80B002632,6,10,012T03,8B28421-D,EXABAHA008,301,3,3010001,3030000,3,303,UNDEFINED,10.2662,15.0913,5.9468,9.0782,7.9493,11.8899,1.6572,2.539,1.1038,1.4753,30.8529,31.6479,1.6572,2.539,5099.8668,7789.3475,5.9468|7.9493|10.2662,9.0782|11.8899|15.0913,^GT:30.8529%0.7%19.700000000000003,^GT:5.9468%0.7%19.700000000000003%200%7.9493%0.7%19.700000000000003%300%10.2662%0.7%19.700000000000003%400,AIO
EFUSE_Q615S1BA_012_1_5,Q615S1BA1,X,Q615S1BA,012,1,5,Q615S1BA_012_1_5,,SDC2119,HDS2262,C101,8PL7CVA,Q615S1BA1,2026-08-11 16:42:25-07:00,202633,20.00,119325,NGXSDJXA0H80B002632,2,14,012T02,8B28421-D,EXABAHA008,101,1,1010001,1010000,1,101,UNDEFINED,10.3155,15.1614,5.9821,9.1414,7.9991,11.9631,1.656,2.6003,1.4863,1.5345,30.9529,31.6842,1.656,2.6003,5168.5752,7840.7457,5.9821|7.9991|10.3155,9.1414|11.9631|15.1614,^GT:30.9529%0.7%19.299999999999997,^GT:5.9821%0.7%19.299999999999997%200%7.9991%0.7%19.299999999999997%300%10.3155%0.7%19.299999999999997%400,AIO
EFUSE_Q615S1BA_012_1_6,Q615S1BA1,X,Q615S1BA,012,1,6,Q615S1BA_012_1_6,,SDC2119,HDS2262,C101,8PL7CVA,Q615S1BA1,2026-08-11 16:42:25-07:00,202633,20.00,119325,NGXSDJXA0H80B002632,6,14,012T01,8B18438-D,EXABAHA008,101,1,1010001,1010000,1,101,UNDEFINED,10.2822,15.1483,5.9507,9.1093,7.9666,11.933,1.088,2.5351,1.1108,1.4997,30.9393,31.7842,1.0879,2.5351,5134.221,7796.8043,5.9507|7.9666|10.2822,9.1093|11.933|15.1483,^GT:30.9393%0.7%20,^GT:5.9507%0.7%20%200%7.9666%0.7%20%300%10.2822%0.7%20%400,AIO
EFUSE_Q615S1BA_012_1_7,Q615S1BA1,X,Q615S1BA,012,1,7,Q615S1BA_012_1_7,,SDC2119,HDS2262,C101,8PL7CVA,Q615S1BA1,2026-08-11 16:42:25-07:00,202633,20.00,119325,NGXSDJXA0H80B002632,7,10,012T03,8B18438-D,EXABAHA008,101,1,1010001,1010000,1,101,UNDEFINED,10.238,15.0925,5.8872,9.0511,7.9179,11.8863,0.9821,2.4583,1.2224,1.4118,31.0771,31.7968,0.9821,2.4583,5099.3342,7755.526,5.8872|7.9179|10.238,9.0511|11.8863|15.0925,^GT:31.0771%0.7%19.45,^GT:5.8872%0.7%19.45%200%7.9179%0.7%19.45%300%10.238%0.7%19.45%400,AIO
EFUSE_Q615S1BA_012_1_8,Q615S1BA1,X,Q615S1BA,012,1,8,Q615S1BA_012_1_8,,SDC2119,HDS2262,C101,8PL7CVA,Q615S1BA1,2026-08-11 16:42:25-07:00,202633,20.00,119325,NGXSDJXA0H80B002632,1,4,012T02,8B28421-D,EXABAHA008,101,1,1010001,1010000,1,101,UNDEFINED,10.3437,15.2612,5.9632,9.1585,7.9815,12.0004,0.9361,2.5145,1.0689,1.4473,31.2893,32.12,0.9361,2.5145,5082.5566,7753.6618,5.9632|7.9815|10.3437,9.1584|12.0004|15.2612,^GT:31.2893%0.7%19.9,^GT:5.9632%0.7%19.9%200%7.9815%0.7%19.9%300%10.3437%0.7%19.9%400,AIO
EFUSE_Q615S1BA_012_1_9,Q615S1BA1,X,Q615S1BA,012,1,9,Q615S1BA_012_1_9,,SDC2119,HDS2262,C101,8PL7CVA,Q615S1BA1,2026-08-11 16:42:25-07:00,202633,20.00,119325,NGXSDJXA0H80B002632,7,9,012T01,8B18438-D,EXABAHA008,301,3,3010001,3030000,3,303,UNDEFINED,10.3231,15.1999,5.9211,9.0796,7.9539,11.9356,1.6272,2.4966,1.0402,1.401,31.4436,32.2121,1.6272,2.4966,5012.783,7663.1158,5.921|7.9539|10.3231,9.0796|11.9356|15.1999,^GT:31.4436%0.7%19.65,^GT:5.921%0.7%19.65%200%7.9539%0.7%19.65%300%10.3231%0.7%19.65%400,AIO
EFUSE_Q615S1BA_012_2_-1,Q615S1BA1,X,Q615S1BA,012,2,-1,Q615S1BA_012_2_-1,,SDC2119,HDS2262,C101,8PL7CVA,Q615S1BA1,2026-08-11 16:42:25-07:00,202633,20.00,119325,NGXSDJXA0H80B002632,5,19,012T02,8B18438-D,EXABAHA008,101,1,1010001,1010000,1,101,UNDEFINED,10.1055,14.834,5.774,8.8217,7.7834,11.6338,1.2953,2.2549,1.1425,1.2647,30.9393,31.6437,1.2953,2.2549,4923.5686,7607.4567,5.774|7.7834|10.1055,8.8217|11.6338|14.834,^GT:30.9393%0.7%19.799999999999997,^GT:5.774%0.7%19.799999999999997%200%7.7834%0.7%19.799999999999997%300%10.1055%0.7%19.799999999999997%400,AIO
EFUSE_Q615S1BA_012_2_-10,Q615S1BA1,X,Q615S1BA,012,2,-10,Q615S1BA_012_2_-10,,SDC2119,HDS2262,C101,8PL7CVA,Q615S1BA1,2026-08-11 16:42:25-07:00,202633,20.00,119325,NGXSDJXA0H80B002632,1,10,012T01,8B18438-D,EXABAHA008,301,3,3010001,3030000,3,303,UNDEFINED,10.3239,15.3674,5.9366,9.2528,7.9411,12.1247,0.8347,2.5989,1.1233,1.4433,31.3379,32.1821,0.8347,2.5989,5057.7896,7719.5739,5.9366|7.9411|10.3239,9.2528|12.1247|15.3674,^GT:31.3379%0.7%19.9,^GT:5.9366%0.7%19.9%200%7.9411%0.7%19.9%300%10.3239%0.7%19.9%400,AIO
EFUSE_Q615S1BA_012_2_-11,Q615S1BA1,X,Q615S1BA,012,2,-11,Q615S1BA_012_2_-11,,SDC2119,HDS2262,C101,8PL7CVA,Q615S1BA1,2026-08-11 16:42:25-07:00,202633,20.00,119325,NGXSDJXA0H80B002632,1,12,012T01,8B28421-D,EXABAHA008,301,3,3010001,3030000,3,303,UNDEFINED,10.0652,14.9244,5.7094,8.8601,7.7085,11.6704,0.753,2.2739,0.9961,1.2136,31.1129,31.9174,0.753,2.2739,4871.9041,7484.9534,5.7094|7.7085|10.0652,8.8601|11.6704|14.9244,^GT:31.1129%0.7%19.799999999999997,^GT:5.7094%0.7%19.799999999999997%200%7.7085%0.7%19.799999999999997%300%10.0652%0.7%19.799999999999997%400,AIO
EFUSE_Q615S1BA_012_2_-2,Q615S1BA1,X,Q615S1BA,012,2,-2,Q615S1BA_012_2_-2,,SDC2119,HDS2262,C101,8PL7CVA,Q615S1BA1,2026-08-11 16:42:25-07:00,202633,20.00,119325,NGXSDJXA0H80B002632,4,3,012T03,8B28421-D,EXABAHA008,101,1,1010001,1010000,1,101,UNDEFINED,10.1664,14.8931,5.8219,8.8817,7.8454,11.6983,1.3305,2.3561,0.9517,1.3272,31.0321,31.6389,1.3305,2.356,4966.1784,7630.3595,5.8219|7.8454|10.1664,8.8817|11.6983|14.8931,^GT:31.0321%0.7%19.25,^GT:5.8219%0.7%19.25%200%7.8454%0.7%19.25%300%10.1664%0.7%19.25%400,AIO
EFUSE_Q615S1BA_012_2_-3,Q615S1BA1,X,Q615S1BA,012,2,-3,Q615S1BA_012_2_-3,,SDC2119,HDS2262,C101,8PL7CVA,Q615S1BA1,2026-08-11 16:42:25-07:00,202633,20.00,119325,NGXSDJXA0H80B002632,3,9,012T01,8B18438-D,EXABAHA008,301,3,3010001,3030000,3,303,UNDEFINED,10.221,14.9869,5.9006,8.9833,7.8997,11.7986,1.6659,2.4436,1.1258,1.4365,30.86,31.5979,1.6659,2.4436,5045.8056,7714.7803,5.9006|7.8996|10.221,8.9833|11.7986|14.9869,^GT:30.86%0.7%19.75,^GT:5.9006%0.7%19.75%200%7.8996%0.7%19.75%300%10.221%0.7%19.75%400,AIO
EFUSE_Q615S1BA_012_2_-4,Q615S1BA1,X,Q615S1BA,012,2,-4,Q615S1BA_012_2_-4,,SDC2119,HDS2262,C101,8PL7CVA,Q615S1BA1,2026-08-11 16:42:25-07:00,202633,20.00,119325,NGXSDJXA0H80B002632,5,1,012T02,8B18438-D,EXABAHA008,101,1,1010001,1010000,1,101,UNDEFINED,10.2183,15.0178,5.9047,9.0127,7.8997,11.8257,1.6372,2.465,1.3073,1.4457,30.8114,31.6058,1.6372,2.465,5094.008,7780.5593,5.9047|7.8997|10.2183,9.0127|11.8257|15.0178,^GT:30.8114%0.7%20.05,^GT:5.9047%0.7%20.05%200%7.8997%0.7%20.05%300%10.2183%0.7%20.05%400,AIO
EFUSE_Q615S1BA_012_2_-5,Q615S1BA1,X,Q615S1BA,012,2,-5,Q615S1BA_012_2_-5,,SDC2119,HDS2262,C101,8PL7CVA,Q615S1BA1,2026-08-11 16:42:25-07:00,202633,20.00,119325,NGXSDJXA0H80B002632,3,16,012T03,8B28421-D,EXABAHA008,101,1,1010001,1010000,1,101,UNDEFINED,10.2319,15.0322,5.9099,9.0462,7.9146,11.8612,1.4553,2.4883,1.2201,1.4454,30.8714,31.5053,1.4553,2.4882,5150.466,7839.6804,5.9099|7.9146|10.2319,9.0462|11.8612|15.0322,^GT:30.8714%0.7%19.05,^GT:5.9099%0.7%19.05%200%7.9146%0.7%19.05%300%10.2319%0.7%19.05%400,AIO
EFUSE_Q615S1BA_012_2_-6,Q615S1BA1,X,Q615S1BA,012,2,-6,Q615S1BA_012_2_-6,,SDC2119,HDS2262,C101,8PL7CVA,Q615S1BA1,2026-08-11 16:42:25-07:00,202633,20.00,119325,NGXSDJXA0H80B002632,2,7,012T01,8B28421-D,EXABAHA008,301,3,3010001,3030000,3,303,UNDEFINED,10.3813,15.3196,6.0419,9.2955,8.057,12.1197,1.2791,2.718,1.3053,1.6175,30.9957,31.7058,1.2791,2.718,5190.6791,7873.502,6.0419|8.057|10.3813,9.2955|12.1197|15.3196,^GT:30.9957%0.7%19.6,^GT:6.0419%0.7%19.6%200%8.057%0.7%19.6%300%10.3813%0.7%19.6%400,AIO
EFUSE_Q615S1BA_012_2_-7,Q615S1BA1,X,Q615S1BA,012,2,-7,Q615S1BA_012_2_-7,B65210004_FAIL_ARR_GT_GXX_VRF_GT_VMIN_K_PREHVQK_X_X_NOM_X_ALL_X_0,SDC2119,HDS2262,C101,8PL7CVA,Q615S1BA1,2026-08-11 16:42:25-07:00,202633,20.00,119325,NGXSDJXA0H80B002632,7,17,012T02,8B18438-D,EXABAHA008,6521,65,65210004,65210004,65,6521,UNDEFINED,10.3583,15.3321,6.015,9.2761,8.0307,12.1169,1.052,2.7155,1.5186,1.5895,31.0236,31.8737,1.052,2.7155,5168.0426,7840.4794,6.015|8.0307|10.3583,9.2761|12.1169|15.3321,^GT:31.0236%0.7%19.65,^GT:6.015%0.7%19.65%200%8.0307%0.7%19.65%300%10.3583%0.7%19.65%400,AIO
EFUSE_Q615S1BA_012_2_-8,Q615S1BA1,X,Q615S1BA,012,2,-8,Q615S1BA_012_2_-8,,SDC2119,HDS2262,C101,8PL7CVA,Q615S1BA1,2026-08-11 16:42:25-07:00,202633,20.00,119325,NGXSDJXA0H80B002632,2,2,012T03,8B18438-D,EXABAHA008,101,1,1010001,1010000,1,101,UNDEFINED,10.49,15.5837,6.1325,9.506,8.1547,12.3528,1.9717,2.8726,1.5208,1.7121,31.125,31.9879,1.9716,2.8726,5224.767,7893.7417,6.1325|8.1547|10.49,9.506|12.3528|15.5837,^GT:31.125%0.7%20.05,^GT:6.1325%0.7%20.05%200%8.1547%0.7%20.05%300%10.49%0.7%20.05%400,AIO
EFUSE_Q615S1BA_012_2_-9,Q615S1BA1,X,Q615S1BA,012,2,-9,Q615S1BA_012_2_-9,,SDC2119,HDS2262,C101,8PL7CVA,Q615S1BA1,2026-08-11 16:42:25-07:00,202633,20.00,119325,NGXSDJXA0H80B002632,7,9,012T02,8B28421-D,EXABAHA008,101,1,1010001,1010000,1,101,UNDEFINED,10.4893,15.5929,6.0988,9.4955,8.1252,12.3447,0.9878,2.8401,1.2476,1.6607,31.3607,32.0921,0.9878,2.8401,5173.6352,7860.4527,6.0988|8.1252|10.4893,9.4954|12.3447|15.5929,^GT:31.3607%0.7%19.4,^GT:6.0988%0.7%19.4%200%8.1252%0.7%19.4%300%10.4893%0.7%19.4%400,AIO
EFUSE_Q615S1BA_012_2_0,Q615S1BA1,X,Q615S1BA,012,2,0,Q615S1BA_012_2_0,,SDC2119,HDS2262,C101,8PL7CVA,Q615S1BA1,2026-08-11 16:42:25-07:00,202633,20.00,119325,NGXSDJXA0H80B002632,4,11,012T01,8B18438-D,EXABAHA008,101,1,1010001,1010000,1,101,UNDEFINED,10.0695,14.8073,5.7258,8.7915,7.7343,11.601,0.7442,2.2316,0.9785,1.2351,31.0264,31.6621,0.7442,2.2316,4875.8988,7563.5153,5.7258|7.7342|10.0695,8.7915|11.601|14.8073,^GT:31.0264%0.7%19.9,^GT:5.7258%0.7%19.9%200%7.7342%0.7%19.9%300%10.0695%0.7%19.9%400,AIO
EFUSE_Q615S1BA_012_2_1,Q615S1BA1,X,Q615S1BA,012,2,1,Q615S1BA_012_2_1,B99880003_FAIL_TPI_POWER_SEQ_CTRL_X_PWRUP_K_START_X_X_X_X_N2,SDC2119,HDS2262,C101,8PL7CVA,Q615S1BA1,2026-08-11 16:42:25-07:00,202633,20.00,119325,NGXSDJXA0H80B002632,5,10,012T03,8B18438-D,EXABAHA008,9988,99,99880003,99880003,99,9988,UNDEFINED,,,,,,,,,,,,,,,,,,,,,AIO
EFUSE_Q615S1BA_012_2_10,Q615S1BA1,X,Q615S1BA,012,2,10,Q615S1BA_012_2_10,,SDC2119,HDS2262,C101,8PL7CVA,Q615S1BA1,2026-08-11 16:42:25-07:00,202633,20.00,119325,NGXSDJXA0H80B002632,7,2,012T03,8B28421-D,EXABAHA008,101,1,1010001,1010000,1,101,UNDEFINED,10.2789,15.1125,5.8863,9.0019,7.902,11.828,0.7379,2.3702,1.0703,1.3496,31.3757,32.1611,0.7379,2.3702,5009.8535,7646.0719,5.8863|7.902|10.2789,9.0019|11.828|15.1125,^GT:31.3757%0.7%19.35,^GT:5.8863%0.7%19.35%200%7.902%0.7%19.35%300%10.2789%0.7%19.35%400,AIO
EFUSE_Q615S1BA_012_2_2,Q615S1BA1,X,Q615S1BA,012,2,2,Q615S1BA_012_2_2,,SDC2119,HDS2262,C101,8PL7CVA,Q615S1BA1,2026-08-11 16:42:25-07:00,202633,20.00,119325,NGXSDJXA0H80B002632,3,7,012T02,8B18438-D,EXABAHA008,301,3,3010001,3030000,3,303,UNDEFINED,10.2056,14.9615,5.8613,8.9378,7.8714,11.7531,1.5885,2.3804,1.2163,1.3799,31.0307,31.7037,1.5885,2.3804,4974.7004,7635.1531,5.8613|7.8714|10.2056,8.9378|11.7531|14.9615,^GT:31.0307%0.7%19.95,^GT:5.8613%0.7%19.95%200%7.8714%0.7%19.95%300%10.2056%0.7%19.95%400,AIO
EFUSE_Q615S1BA_012_2_3,Q615S1BA1,X,Q615S1BA,012,2,3,Q615S1BA_012_2_3,,SDC2119,HDS2262,C101,8PL7CVA,Q615S1BA1,2026-08-11 16:42:25-07:00,202633,20.00,119325,NGXSDJXA0H80B002632,5,4,012T01,8B18438-D,EXABAHA008,301,3,3010001,3030000,3,303,UNDEFINED,10.202,14.9623,5.8633,8.9508,7.8849,11.7732,0.9081,2.4376,0.998,1.4117,30.9907,31.6395,0.9081,2.4376,5026.3648,7694.008,5.8633|7.8849|10.202,8.9508|11.7732|14.9623,^GT:30.9907%0.7%20.15,^GT:5.8633%0.7%20.15%200%7.8849%0.7%20.15%300%10.202%0.7%20.15%400,AIO
EFUSE_Q615S1BA_012_2_4,Q615S1BA1,X,Q615S1BA,012,2,4,Q615S1BA_012_2_4,,SDC2119,HDS2262,C101,8PL7CVA,Q615S1BA1,2026-08-11 16:42:25-07:00,202633,20.00,119325,NGXSDJXA0H80B002632,6,9,012T03,8B28421-D,EXABAHA008,101,1,1010001,1010000,1,101,UNDEFINED,10.1687,14.923,5.8365,8.9146,7.8548,11.7265,1.4627,2.3481,0.9645,1.3523,30.9443,31.6232,1.4627,2.3481,5055.9254,7737.9494,5.8365|7.8548|10.1687,8.9146|11.7265|14.923,^GT:30.9443%0.7%19.45,^GT:5.8365%0.7%19.45%200%7.8548%0.7%19.45%300%10.1687%0.7%19.45%400,AIO
EFUSE_Q615S1BA_012_2_5,Q615S1BA1,X,Q615S1BA,012,2,5,Q615S1BA_012_2_5,B99242480_FAIL_PTH_ACM_GXXX_ACM_X_CTVDEC_K_END_X_X_MIN_X_TAPBABYSTEPS_N2,SDC2119,HDS2262,C101,8PL7CVA,Q615S1BA1,2026-08-11 16:42:25-07:00,202633,20.00,119325,NGXSDJXA0H80B002632,2,15,012T02,8B28421-D,EXABAHA008,9924,99,99242480,99242480,99,9924,UNDEFINED,10.2636,15.0751,5.9183,9.0522,7.9398,11.8586,1.1499,2.4975,1.1314,1.4567,31.0379,31.6995,1.1499,2.4975,5113.4487,7787.7497,5.9183|7.9398|10.2636,9.0522|11.8586|15.0751,^GT:31.0379%0.7%19.05,^GT:5.9183%0.7%19.05%200%7.9398%0.7%19.05%300%10.2636%0.7%19.05%400,AIO
EFUSE_Q615S1BA_012_2_6,Q615S1BA1,X,Q615S1BA,012,2,6,Q615S1BA_012_2_6,,SDC2119,HDS2262,C101,8PL7CVA,Q615S1BA1,2026-08-11 16:42:25-07:00,202633,20.00,119325,NGXSDJXA0H80B002632,6,13,012T01,8B18438-D,EXABAHA008,301,3,3010001,3030000,3,303,UNDEFINED,10.2407,15.0727,5.8935,9.0501,7.9178,11.8624,0.854,2.5224,1.0677,1.4358,31.0514,31.6979,0.854,2.5224,5104.1278,7772.5699,5.8935|7.9178|10.2407,9.0501|11.8624|15.0727,^GT:31.0514%0.7%20,^GT:5.8935%0.7%20%200%7.9178%0.7%20%300%10.2407%0.7%20%400,AIO
EFUSE_Q615S1BA_012_2_7,Q615S1BA1,X,Q615S1BA,012,2,7,Q615S1BA_012_2_7,,SDC2119,HDS2262,C101,8PL7CVA,Q615S1BA1,2026-08-11 16:42:25-07:00,202633,20.00,119325,NGXSDJXA0H80B002632,7,9,012T03,8B28421-D,EXABAHA008,101,1,1010001,1010000,1,101,UNDEFINED,10.2451,15.1039,5.91,9.0484,7.9137,11.8853,1.638,2.4883,1.0131,1.4264,30.9657,31.8711,1.6379,2.4883,5106.2583,7769.1079,5.9099|7.9137|10.2451,9.0484|11.8853|15.1039,^GT:30.9657%0.7%19.25,^GT:5.9099%0.7%19.25%200%7.9137%0.7%19.25%300%10.2451%0.7%19.25%400,AIO
EFUSE_Q615S1BA_012_2_8,Q615S1BA1,X,Q615S1BA,012,2,8,Q615S1BA_012_2_8,,SDC2119,HDS2262,C101,8PL7CVA,Q615S1BA1,2026-08-11 16:42:25-07:00,202633,20.00,119325,NGXSDJXA0H80B002632,1,5,012T02,8B18438-D,EXABAHA008,101,1,1010001,1010000,1,101,UNDEFINED,10.344,15.2447,5.9598,9.166,7.994,12.019,0.9738,2.5485,1.053,1.485,31.3157,31.9932,0.9738,2.5485,5105.1931,7777.8961,5.9598|7.994|10.344,9.166|12.019|15.2447,^GT:31.3157%0.7%19.799999999999997,^GT:5.9598%0.7%19.799999999999997%200%7.994%0.7%19.799999999999997%300%10.344%0.7%19.799999999999997%400,AIO
EFUSE_Q615S1BA_012_2_9,Q615S1BA1,X,Q615S1BA,012,2,9,Q615S1BA_012_2_9,,SDC2119,HDS2262,C101,8PL7CVA,Q615S1BA1,2026-08-11 16:42:25-07:00,202633,20.00,119325,NGXSDJXA0H80B002632,7,8,012T01,8B28421-D,EXABAHA008,301,3,3010001,3030000,3,303,UNDEFINED,10.3262,15.2326,5.9129,9.1033,7.9339,11.9659,1.3055,2.4593,0.9958,1.3755,31.5236,32.2595,1.3055,2.4593,5031.9574,7694.5406,5.9129|7.9339|10.3262,9.1033|11.9659|15.2326,^GT:31.5236%0.7%19.799999999999997,^GT:5.9129%0.7%19.799999999999997%200%7.9339%0.7%19.799999999999997%300%10.3262%0.7%19.799999999999997%400,AIO
EFUSE_Q615S1BA_012_3_-1,Q615S1BA1,X,Q615S1BA,012,3,-1,Q615S1BA_012_3_-1,,SDC2119,HDS2262,C101,8PL7CVA,Q615S1BA1,2026-08-11 16:42:25-07:00,202633,20.00,119325,NGXSDJXA0H80B002632,5,18,012T02,8B18438-D,EXABAHA008,101,1,1010001,1010000,1,101,UNDEFINED,10.2507,15.0388,5.8964,9.0247,7.9301,11.8488,1.6343,2.4543,1.3977,1.4253,31.1029,31.6532,1.6343,2.4543,5007.1904,7679.6272,5.8963|7.9301|10.2507,9.0247|11.8488|15.0388,^GT:31.1029%0.7%19.700000000000003,^GT:5.8963%0.7%19.700000000000003%200%7.9301%0.7%19.700000000000003%300%10.2507%0.7%19.700000000000003%400,AIO
EFUSE_Q615S1BA_012_3_-10,Q615S1BA1,X,Q615S1BA,012,3,-10,Q615S1BA_012_3_-10,,SDC2119,HDS2262,C101,8PL7CVA,Q615S1BA1,2026-08-11 16:42:25-07:00,202633,20.00,119325,NGXSDJXA0H80B002632,7,3,012T02,8B28421-D,EXABAHA008,101,1,1010001,1010000,1,101,UNDEFINED,10.2604,15.256,5.8762,9.1604,7.89,12.0073,0.8573,2.528,1.0211,1.3891,31.3157,32.0821,0.8573,2.528,5019.1744,7673.502,5.8762|7.89|10.2604,9.1604|12.0073|15.256,^GT:31.3157%0.7%19.15,^GT:5.8762%0.7%19.15%200%7.89%0.7%19.15%300%10.2604%0.7%19.15%400,AIO
EFUSE_Q615S1BA_012_3_-11,Q615S1BA1,X,Q615S1BA,012,3,-11,Q615S1BA_012_3_-11,,SDC2119,HDS2262,C101,8PL7CVA,Q615S1BA1,2026-08-11 16:42:25-07:00,202633,20.00,119325,NGXSDJXA0H80B002632,1,11,012T03,8B18438-D,EXABAHA008,302,3,3020001,3030000,3,303,UNDEFINED,9.9759,14.769,5.6245,8.7196,7.6416,11.5324,0.8251,2.1218,0.7031,1.1151,31.0814,31.8389,0.8251,2.1218,4802.3968,7410.3862,5.6245|7.6415|9.9759,8.7196|11.5324|14.769,^GT:31.0814%0.7%20.15,^GT:5.6245%0.7%20.15%200%7.6415%0.7%20.15%300%9.9759%0.7%20.15%400,AIO
EFUSE_Q615S1BA_012_3_-2,Q615S1BA1,X,Q615S1BA,012,3,-2,Q615S1BA_012_3_-2,,SDC2119,HDS2262,C101,8PL7CVA,Q615S1BA1,2026-08-11 16:42:25-07:00,202633,20.00,119325,NGXSDJXA0H80B002632,4,2,012T03,8B18438-D,EXABAHA008,101,1,1010001,1010000,1,101,UNDEFINED,10.3162,15.1411,5.9817,9.1297,7.9958,11.9437,1.4622,2.5642,1.1635,1.5278,30.9607,31.6389,1.4621,2.5642,5064.1811,7731.0253,5.9817|7.9958|10.3162,9.1297|11.9437|15.1411,^GT:30.9607%0.7%19.700000000000003,^GT:5.9817%0.7%19.700000000000003%200%7.9958%0.7%19.700000000000003%300%10.3162%0.7%19.700000000000003%400,AIO
EFUSE_Q615S1BA_012_3_-3,Q615S1BA1,X,Q615S1BA,012,3,-3,Q615S1BA_012_3_-3,,SDC2119,HDS2262,C101,8PL7CVA,Q615S1BA1,2026-08-11 16:42:25-07:00,202633,20.00,119325,NGXSDJXA0H80B002632,3,8,012T01,8B18438-D,EXABAHA008,301,3,3010001,3030000,3,303,UNDEFINED,10.2776,15.082,5.9546,9.0814,7.9773,11.9078,1.6772,2.5549,1.3996,1.5363,30.8793,31.5821,1.6772,2.5549,5089.747,7756.3249,5.9545|7.9772|10.2776,9.0814|11.9078|15.082,^GT:30.8793%0.7%19.95,^GT:5.9545%0.7%19.95%200%7.9772%0.7%19.95%300%10.2776%0.7%19.95%400,AIO
EFUSE_Q615S1BA_012_3_-4,Q615S1BA1,X,Q615S1BA,012,3,-4,Q615S1BA_012_3_-4,,SDC2119,HDS2262,C101,8PL7CVA,Q615S1BA1,2026-08-11 16:42:25-07:00,202633,20.00,119325,NGXSDJXA0H80B002632,5,2,012T02,8B18438-D,EXABAHA008,302,3,3020001,3030000,3,303,UNDEFINED,10.2039,15.0282,5.8883,9.0185,7.8904,11.8444,0.8808,2.4883,1.1571,1.4185,30.8257,31.63,0.8808,2.4883,5088.4154,7773.3688,5.8883|7.8904|10.2039,9.0185|11.8444|15.0282,^GT:30.8257%0.7%19.9,^GT:5.8883%0.7%19.9%200%7.8904%0.7%19.9%300%10.2039%0.7%19.9%400,AIO
EFUSE_Q615S1BA_012_3_-5,Q615S1BA1,X,Q615S1BA,012,3,-5,Q615S1BA_012_3_-5,,SDC2119,HDS2262,C101,8PL7CVA,Q615S1BA1,2026-08-11 16:42:25-07:00,202633,20.00,119325,NGXSDJXA0H80B002632,3,15,012T03,8B28421-D,EXABAHA008,101,1,1010001,1010000,1,101,UNDEFINED,10.2639,15.1303,5.9317,9.1067,7.9291,11.9377,0.8553,2.537,1.3894,1.4785,30.9443,31.7032,0.8553,2.537,5128.0959,7806.9241,5.9317|7.9291|10.2639,9.1067|11.9377|15.1303,^GT:30.9443%0.7%19.25,^GT:5.9317%0.7%19.25%200%7.9291%0.7%19.25%300%10.2639%0.7%19.25%400,AIO
EFUSE_Q615S1BA_012_3_-6,Q615S1BA1,X,Q615S1BA,012,3,-6,Q615S1BA_012_3_-6,,SDC2119,HDS2262,C101,8PL7CVA,Q615S1BA1,2026-08-11 16:42:25-07:00,202633,20.00,119325,NGXSDJXA0H80B002632,2,6,012T01,8B28421-D,EXABAHA008,101,1,1010001,1010000,1,101,UNDEFINED,10.363,15.3015,6.0267,9.2687,8.0439,12.1002,1.7393,2.6949,1.1883,1.6024,30.9736,31.7516,1.7393,2.6949,5181.8908,7855.3928,6.0267|8.0439|10.363,9.2687|12.1002|15.3015,^GT:30.9736%0.7%19.6,^GT:6.0267%0.7%19.6%200%8.0439%0.7%19.6%300%10.363%0.7%19.6%400,AIO
EFUSE_Q615S1BA_012_3_-7,Q615S1BA1,X,Q615S1BA,012,3,-7,Q615S1BA_012_3_-7,,SDC2119,HDS2262,C101,8PL7CVA,Q615S1BA1,2026-08-11 16:42:25-07:00,202633,20.00,119325,NGXSDJXA0H80B002632,7,16,012T02,8B28421-D,EXABAHA008,101,1,1010001,1010000,1,101,UNDEFINED,10.3916,15.3945,6.0428,9.3235,8.0501,12.1717,0.9605,2.7571,1.5134,1.6087,31.0629,31.9526,0.9605,2.7571,5179.2277,7858.5885,6.0428|8.0501|10.3916,9.3235|12.1717|15.3945,^GT:31.0629%0.7%19.05,^GT:6.0428%0.7%19.05%200%8.0501%0.7%19.05%300%10.3916%0.7%19.05%400,AIO
EFUSE_Q615S1BA_012_3_-8,Q615S1BA1,X,Q615S1BA,012,3,-8,Q615S1BA_012_3_-8,,SDC2119,HDS2262,C101,8PL7CVA,Q615S1BA1,2026-08-11 16:42:25-07:00,202633,20.00,119325,NGXSDJXA0H80B002632,2,1,012T03,8B28421-D,EXABAHA008,301,3,3010001,3030000,3,303,UNDEFINED,10.5107,15.6069,6.1422,9.5105,8.1748,12.3763,1.805,2.8968,1.6063,1.7233,31.2036,32.0863,1.805,2.8968,5233.0226,7910.7856,6.1422|8.1748|10.5107,9.5105|12.3763|15.6069,^GT:31.2036%0.7%19.05,^GT:6.1422%0.7%19.05%200%8.1748%0.7%19.05%300%10.5107%0.7%19.05%400,AIO
EFUSE_Q615S1BA_012_3_-9,Q615S1BA1,X,Q615S1BA,012,3,-9,Q615S1BA_012_3_-9,,SDC2119,HDS2262,C101,8PL7CVA,Q615S1BA1,2026-08-11 16:42:25-07:00,202633,20.00,119325,NGXSDJXA0H80B002632,1,3,012T01,8B28421-D,EXABAHA008,101,1,1010001,1010000,1,101,UNDEFINED,10.4578,15.5384,6.0466,9.4285,8.0938,12.2965,1.1119,2.7716,1.5234,1.5985,31.5086,32.1574,1.1119,2.7716,5124.9001,7799.4674,6.0466|8.0938|10.4578,9.4285|12.2965|15.5384,^GT:31.5086%0.7%19.75,^GT:6.0466%0.7%19.75%200%8.0938%0.7%19.75%300%10.4578%0.7%19.75%400,AIO
EFUSE_Q615S1BA_012_3_0,Q615S1BA1,X,Q615S1BA,012,3,0,Q615S1BA_012_3_0,B82020000_FAIL_SCN_GT_GXX_CTRL_X_GFXAGG_K_BEGIN_X_X_X_X_X_EVALUATE_4,SDC2119,HDS2262,C101,8PL7CVA,Q615S1BA1,2026-08-11 16:42:25-07:00,202633,20.00,119325,NGXSDJXA0H80B002632,4,9,012T01,8B28421-D,EXABAHA008,8202,82,82020000,82020000,82,8202,UNDEFINED,10.1658,14.9159,5.8229,8.9022,7.8472,11.7257,1.3841,2.3408,1.3262,1.3362,31.0207,31.6511,1.3841,2.3408,4959.2543,7634.0879,5.8229|7.8472|10.1658,8.9022|11.7257|14.9159,^GT:31.0207%0.7%19.4,^GT:5.8229%0.7%19.4%200%7.8472%0.7%19.4%300%10.1658%0.7%19.4%400,AIO
EFUSE_Q615S1BA_012_3_1,Q615S1BA1,X,Q615S1BA,012,3,1,Q615S1BA_012_3_1,,SDC2119,HDS2262,C101,8PL7CVA,Q615S1BA1,2026-08-11 16:42:25-07:00,202633,20.00,119325,NGXSDJXA0H80B002632,5,9,012T03,8B28421-D,EXABAHA008,101,1,1010001,1010000,1,101,UNDEFINED,10.1435,14.8907,5.8189,8.8808,7.8206,11.7035,0.7548,2.3296,0.9128,1.3271,30.89,31.6311,0.7548,2.3296,4978.6951,7652.996,5.8189|7.8206|10.1435,8.8808|11.7035|14.8907,^GT:30.89%0.7%19.200000000000003,^GT:5.8189%0.7%19.200000000000003%200%7.8206%0.7%19.200000000000003%300%10.1435%0.7%19.200000000000003%400,AIO
EFUSE_Q615S1BA_012_3_10,Q615S1BA1,X,Q615S1BA,012,3,10,Q615S1BA_012_3_10,,SDC2119,HDS2262,C101,8PL7CVA,Q615S1BA1,2026-08-11 16:42:25-07:00,202633,20.00,119325,NGXSDJXA0H80B002632,7,3,012T01,8B28421-D,EXABAHA008,101,1,1010001,1010000,1,101,UNDEFINED,10.1908,14.9327,5.8085,8.8595,7.8294,11.6932,1.718,2.2792,0.8848,1.2837,31.3021,31.9642,1.718,2.2792,4969.1079,7607.723,5.8085|7.8294|10.1908,8.8595|11.6932|14.9327,^GT:31.3021%0.7%19.1,^GT:5.8085%0.7%19.1%200%7.8294%0.7%19.1%300%10.1908%0.7%19.1%400,AIO
EFUSE_Q615S1BA_012_3_2,Q615S1BA1,X,Q615S1BA,012,3,2,Q615S1BA_012_3_2,,SDC2119,HDS2262,C101,8PL7CVA,Q615S1BA1,2026-08-11 16:42:25-07:00,202633,20.00,119325,NGXSDJXA0H80B002632,3,8,012T02,8B28421-D,EXABAHA008,201,2,2010001,2020000,2,202,UNDEFINED,10.1716,14.9236,5.8459,8.9262,7.8551,11.7443,1.5316,2.3821,1.2353,1.3736,30.8979,31.5653,1.5316,2.3821,5029.028,7707.8562,5.8459|7.8551|10.1716,8.9262|11.7443|14.9236,^GT:30.8979%0.7%19.25,^GT:5.8459%0.7%19.25%200%7.8551%0.7%19.25%300%10.1716%0.7%19.25%400,AIO
EFUSE_Q615S1BA_012_3_3,Q615S1BA1,X,Q615S1BA,012,3,3,Q615S1BA_012_3_3,,SDC2119,HDS2262,C101,8PL7CVA,Q615S1BA1,2026-08-11 16:42:25-07:00,202633,20.00,119325,NGXSDJXA0H80B002632,5,3,012T01,8B18438-D,EXABAHA008,301,3,3010001,3030000,3,303,UNDEFINED,10.0916,14.821,5.7518,8.829,7.7766,11.6397,1.4747,2.3174,1.1314,1.2646,30.9986,31.5368,1.4747,2.3174,4993.6085,7675.0999,5.7518|7.7766|10.0916,8.829|11.6397|14.821,^GT:30.9986%0.7%19.65,^GT:5.7518%0.7%19.65%200%7.7766%0.7%19.65%300%10.0916%0.7%19.65%400,AIO
EFUSE_Q615S1BA_012_3_4,Q615S1BA1,X,Q615S1BA,012,3,4,Q615S1BA_012_3_4,,SDC2119,HDS2262,C101,8PL7CVA,Q615S1BA1,2026-08-11 16:42:25-07:00,202633,20.00,119325,NGXSDJXA0H80B002632,6,8,012T03,8B28421-D,EXABAHA008,301,3,3010001,3030000,3,303,UNDEFINED,10.1178,14.8639,5.771,8.8515,7.7904,11.6639,1.2754,2.2876,1.1602,1.2737,31.0486,31.6442,1.2754,2.2876,5003.1957,7690.0133,5.771|7.7904|10.1178,8.8515|11.6639|14.8639,^GT:31.0486%0.7%19.35,^GT:5.771%0.7%19.35%200%7.7904%0.7%19.35%300%10.1178%0.7%19.35%400,AIO
EFUSE_Q615S1BA_012_3_5,Q615S1BA1,X,Q615S1BA,012,3,5,Q615S1BA_012_3_5,,SDC2119,HDS2262,C101,8PL7CVA,Q615S1BA1,2026-08-11 16:42:25-07:00,202633,20.00,119325,NGXSDJXA0H80B002632,2,16,012T02,8B28421-D,EXABAHA008,101,1,1010001,1010000,1,101,UNDEFINED,10.2306,15.0358,5.8687,8.9957,7.8909,11.814,1.5409,2.4083,1.195,1.3915,31.1564,31.79,1.5409,2.4083,5060.719,7736.6178,5.8687|7.8909|10.2306,8.9957|11.814|15.0358,^GT:31.1564%0.7%19.5,^GT:5.8687%0.7%19.5%200%7.8909%0.7%19.5%300%10.2306%0.7%19.5%400,AIO
EFUSE_Q615S1BA_012_3_6,Q615S1BA1,X,Q615S1BA,012,3,6,Q615S1BA_012_3_6,,SDC2119,HDS2262,C101,8PL7CVA,Q615S1BA1,2026-08-11 16:42:25-07:00,202633,20.00,119325,NGXSDJXA0H80B002632,6,12,012T01,8B28421-D,EXABAHA008,101,1,1010001,1010000,1,101,UNDEFINED,10.2106,15.0248,5.8508,8.9901,7.8729,11.8214,1.7351,2.4042,1.2108,1.37,31.1414,31.7616,1.7351,2.4042,5078.8282,7764.8469,5.8508|7.8729|10.2106,8.9901|11.8214|15.0248,^GT:31.1414%0.7%19,^GT:5.8508%0.7%19%200%7.8729%0.7%19%300%10.2106%0.7%19%400,AIO
EFUSE_Q615S1BA_012_3_7,Q615S1BA1,X,Q615S1BA,012,3,7,Q615S1BA_012_3_7,,SDC2119,HDS2262,C101,8PL7CVA,Q615S1BA1,2026-08-11 16:42:25-07:00,202633,20.00,119325,NGXSDJXA0H80B002632,7,8,012T03,8B18438-D,EXABAHA008,101,1,1010001,1010000,1,101,UNDEFINED,10.3114,15.1808,5.9437,9.1258,7.9618,11.9564,1.1275,2.5339,1.0571,1.4684,31.1979,31.8684,1.1275,2.5339,5126.2317,7789.8802,5.9437|7.9617|10.3114,9.1258|11.9564|15.1808,^GT:31.1979%0.7%19.799999999999997,^GT:5.9437%0.7%19.799999999999997%200%7.9617%0.7%19.799999999999997%300%10.3114%0.7%19.799999999999997%400,AIO
EFUSE_Q615S1BA_012_3_8,Q615S1BA1,X,Q615S1BA,012,3,8,Q615S1BA_012_3_8,,SDC2119,HDS2262,C101,8PL7CVA,Q615S1BA1,2026-08-11 16:42:25-07:00,202633,20.00,119325,NGXSDJXA0H80B002632,1,6,012T02,8B28421-D,EXABAHA008,101,1,1010001,1010000,1,101,UNDEFINED,10.2964,15.1886,5.9265,9.1041,7.959,11.9403,1.7124,2.468,0.9914,1.4086,31.2136,32.0237,1.7124,2.468,5113.9814,7787.7497,5.9265|7.959|10.2964,9.1041|11.9403|15.1886,^GT:31.2136%0.7%18.85,^GT:5.9265%0.7%18.85%200%7.959%0.7%18.85%300%10.2964%0.7%18.85%400,AIO
EFUSE_Q615S1BA_012_3_9,Q615S1BA1,X,Q615S1BA,012,3,9,Q615S1BA_012_3_9,,SDC2119,HDS2262,C101,8PL7CVA,Q615S1BA1,2026-08-11 16:42:25-07:00,202633,20.00,119325,NGXSDJXA0H80B002632,7,7,012T01,8B28421-D,EXABAHA008,101,1,1010001,1010000,1,101,UNDEFINED,10.2585,15.1402,5.8538,9.0174,7.8735,11.866,0.77,2.3471,1.038,1.3093,31.4621,32.2253,0.77,2.3471,5019.9734,7671.9041,5.8538|7.8735|10.2585,9.0174|11.866|15.1402,^GT:31.4621%0.7%19,^GT:5.8538%0.7%19%200%7.8735%0.7%19%300%10.2585%0.7%19%400,AIO
EFUSE_Q615S1BA_012_4_-1,Q615S1BA1,X,Q615S1BA,012,4,-1,Q615S1BA_012_4_-1,,SDC2119,HDS2262,C101,8PL7CVA,Q615S1BA1,2026-08-11 16:42:25-07:00,202633,20.00,119325,NGXSDJXA0H80B002632,5,17,012T02,8B28421-D,EXABAHA008,301,3,3010001,3030000,3,303,UNDEFINED,10.36,15.2373,6.0201,9.2236,8.0367,12.041,1.1507,2.633,1.2262,1.5729,30.9993,31.6511,1.1507,2.633,5078.0293,7761.1185,6.0201|8.0367|10.36,9.2236|12.041|15.2373,^GT:30.9993%0.7%19.700000000000003,^GT:6.0201%0.7%19.700000000000003%200%8.0367%0.7%19.700000000000003%300%10.36%0.7%19.700000000000003%400,AIO
EFUSE_Q615S1BA_012_4_-10,Q615S1BA1,X,Q615S1BA,012,4,-10,Q615S1BA_012_4_-10,,SDC2119,HDS2262,C101,8PL7CVA,Q615S1BA1,2026-08-11 16:42:25-07:00,202633,20.00,119325,NGXSDJXA0H80B002632,1,11,012T01,8B18438-D,EXABAHA008,301,3,3010001,3030000,3,303,UNDEFINED,10.1748,15.1083,5.7936,9.0153,7.8306,11.8752,0.8547,2.4087,1.194,1.3038,31.2943,32.0684,0.8547,2.4087,4952.8628,7607.723,5.7936|7.8306|10.1748,9.0153|11.8752|15.1083,^GT:31.2943%0.7%19.75,^GT:5.7936%0.7%19.75%200%7.8306%0.7%19.75%300%10.1748%0.7%19.75%400,AIO
EFUSE_Q615S1BA_012_4_-2,Q615S1BA1,X,Q615S1BA,012,4,-2,Q615S1BA_012_4_-2,,SDC2119,HDS2262,C101,8PL7CVA,Q615S1BA1,2026-08-11 16:42:25-07:00,202633,20.00,119325,NGXSDJXA0H80B002632,4,1,012T03,8B18438-D,EXABAHA008,101,1,1010001,1010000,1,101,UNDEFINED,10.3781,15.2491,6.0437,9.2255,8.059,12.0524,1.2026,2.6756,1.276,1.5923,30.96,31.7032,1.2026,2.6756,5118.775,7797.3369,6.0437|8.059|10.3781,9.2255|12.0524|15.2491,^GT:30.96%0.7%19.95,^GT:6.0437%0.7%19.95%200%8.059%0.7%19.95%300%10.3781%0.7%19.95%400,AIO
EFUSE_Q615S1BA_012_4_-3,Q615S1BA1,X,Q615S1BA,012,4,-3,Q615S1BA_012_4_-3,,SDC2119,HDS2262,C101,8PL7CVA,Q615S1BA1,2026-08-11 16:42:25-07:00,202633,20.00,119325,NGXSDJXA0H80B002632,3,7,012T01,8B18438-D,EXABAHA008,301,3,3010001,3030000,3,303,UNDEFINED,10.3079,15.1796,5.9673,9.1483,7.9817,11.9847,1.8652,2.5578,1.1045,1.5091,31.0043,31.7437,1.8652,2.5578,5114.7803,7796.2716,5.9673|7.9817|10.3079,9.1483|11.9847|15.1796,^GT:31.0043%0.7%20.1,^GT:5.9673%0.7%20.1%200%7.9817%0.7%20.1%300%10.3079%0.7%20.1%400,AIO
EFUSE_Q615S1BA_012_4_-4,Q615S1BA1,X,Q615S1BA,012,4,-4,Q615S1BA_012_4_-4,,SDC2119,HDS2262,C101,8PL7CVA,Q615S1BA1,2026-08-11 16:42:25-07:00,202633,20.00,119325,NGXSDJXA0H80B002632,5,3,012T02,8B18438-D,EXABAHA008,301,3,3010001,3030000,3,303,UNDEFINED,10.295,15.1762,5.9578,9.1469,7.9773,11.9661,1.1724,2.5719,1.3235,1.5161,30.98,31.7332,1.1724,2.5719,5105.4594,7787.7497,5.9578|7.9773|10.295,9.1469|11.9661|15.1762,^GT:30.98%0.7%19.85,^GT:5.9578%0.7%19.85%200%7.9773%0.7%19.85%300%10.295%0.7%19.85%400,AIO
EFUSE_Q615S1BA_012_4_-5,Q615S1BA1,X,Q615S1BA,012,4,-5,Q615S1BA_012_4_-5,,SDC2119,HDS2262,C101,8PL7CVA,Q615S1BA1,2026-08-11 16:42:25-07:00,202633,20.00,119325,NGXSDJXA0H80B002632,3,14,012T03,8B18438-D,EXABAHA008,101,1,1010001,1010000,1,101,UNDEFINED,10.3007,15.1988,5.9694,9.1853,7.9777,11.9984,1.8336,2.601,1.3683,1.5274,30.9379,31.65,1.8336,2.601,5131.2916,7806.6578,5.9694|7.9777|10.3007,9.1853|11.9984|15.1988,^GT:30.9379%0.7%19.75,^GT:5.9694%0.7%19.75%200%7.9777%0.7%19.75%300%10.3007%0.7%19.75%400,AIO
EFUSE_Q615S1BA_012_4_-6,Q615S1BA1,X,Q615S1BA,012,4,-6,Q615S1BA_012_4_-6,,SDC2119,HDS2262,C101,8PL7CVA,Q615S1BA1,2026-08-11 16:42:25-07:00,202633,20.00,119325,NGXSDJXA0H80B002632,2,5,012T01,8B18438-D,EXABAHA008,301,3,3010001,3030000,3,303,UNDEFINED,10.3544,15.3244,6.0135,9.2867,8.0336,12.1129,1.7082,2.7238,1.1741,1.5642,31.0064,31.7774,1.7082,2.7238,5169.1079,7840.213,6.0135|8.0336|10.3544,9.2867|12.1129|15.3244,^GT:31.0064%0.7%19.75,^GT:6.0135%0.7%19.75%200%8.0336%0.7%19.75%300%10.3544%0.7%19.75%400,AIO
EFUSE_Q615S1BA_012_4_-7,Q615S1BA1,X,Q615S1BA,012,4,-7,Q615S1BA_012_4_-7,,SDC2119,HDS2262,C101,8PL7CVA,Q615S1BA1,2026-08-11 16:42:25-07:00,202633,20.00,119325,NGXSDJXA0H80B002632,7,15,012T02,8B18438-D,EXABAHA008,301,3,3010001,3030000,3,303,UNDEFINED,10.5118,15.6219,6.1608,9.5515,8.1879,12.393,1.0788,2.9214,1.2901,1.7436,31.0786,31.9495,1.0788,2.9214,5207.723,7879.0945,6.1608|8.1879|10.5118,9.5515|12.393|15.6219,^GT:31.0786%0.7%20,^GT:6.1608%0.7%20%200%8.1879%0.7%20%300%10.5118%0.7%20%400,AIO
EFUSE_Q615S1BA_012_4_-8,Q615S1BA1,X,Q615S1BA,012,4,-8,Q615S1BA_012_4_-8,B99820039_FAIL_SCN_GT_GXX_STUCKAT_ALL_GFXSB_K_END_HITO_GT_NOM_LFM_UNGT_N2,SDC2119,HDS2262,C101,8PL7CVA,Q615S1BA1,2026-08-11 16:42:25-07:00,202633,20.00,119325,NGXSDJXA0H80B002632,1,1,012T03,8B18438-D,EXABAHA008,9982,99,99820039,99820039,99,9982,UNDEFINED,10.5289,15.6584,6.1552,9.5557,8.1691,12.4115,1.2782,2.9259,1.6385,1.7081,31.2407,32.1195,1.2782,2.9259,5202.6631,7863.3822,6.1552|8.1691|10.5289,9.5557|12.4115|15.6584,^GT:31.2407%0.7%19.95,^GT:6.1552%0.7%19.95%200%8.1691%0.7%19.95%300%10.5289%0.7%19.95%400,AIO
EFUSE_Q615S1BA_012_4_-9,Q615S1BA1,X,Q615S1BA,012,4,-9,Q615S1BA_012_4_-9,,SDC000,HDS000,A000,8PL7CVA,Q615S1BA1,2026-08-11 16:42:25-07:00,202633,20.00,119325,NGXSDJXA0H80B002632,1,6,012T03,,XIU000,9301,93,,930100,93,9301,UNDEFINED,,,,,,,,,,,,,,,,,,,,,AIO
EFUSE_Q615S1BA_012_4_0,Q615S1BA1,X,Q615S1BA,012,4,0,Q615S1BA_012_4_0,,SDC2119,HDS2262,C101,8PL7CVA,Q615S1BA1,2026-08-11 16:42:25-07:00,202633,20.00,119325,NGXSDJXA0H80B002632,4,8,012T01,8B28421-D,EXABAHA008,101,1,1010001,1010000,1,101,UNDEFINED,10.2356,15.0255,5.9009,9.0159,7.9118,11.8336,1.8379,2.4644,1.0523,1.4284,30.9621,31.6295,1.8379,2.4644,5033.8216,7709.7204,5.9009|7.9118|10.2356,9.0159|11.8336|15.0255,^GT:30.9621%0.7%18.95,^GT:5.9009%0.7%18.95%200%7.9118%0.7%18.95%300%10.2356%0.7%18.95%400,AIO
EFUSE_Q615S1BA_012_4_1,Q615S1BA1,X,Q615S1BA,012,4,1,Q615S1BA_012_4_1,,SDC2119,HDS2262,C101,8PL7CVA,Q615S1BA1,2026-08-11 16:42:25-07:00,202633,20.00,119325,NGXSDJXA0H80B002632,5,8,012T03,8B28421-D,EXABAHA008,101,1,1010001,1010000,1,101,UNDEFINED,10.2046,14.999,5.8715,8.981,7.883,11.8109,1.4614,2.4832,1.3451,1.4092,30.9507,31.6737,1.4614,2.4832,5036.2184,7720.1065,5.8715|7.883|10.2046,8.981|11.8109|14.999,^GT:30.9507%0.7%19.05,^GT:5.8715%0.7%19.05%200%7.883%0.7%19.05%300%10.2046%0.7%19.05%400,AIO
EFUSE_Q615S1BA_012_4_10,Q615S1BA1,X,Q615S1BA,012,4,10,Q615S1BA_012_4_10,,SDC2119,HDS2262,C101,8PL7CVA,Q615S1BA1,2026-08-11 16:42:25-07:00,202633,20.00,119325,NGXSDJXA0H80B002632,1,11,012T02,8B18438-D,EXABAHA008,101,1,1010001,1010000,1,101,UNDEFINED,10.0776,14.7857,5.7217,8.7338,7.7365,11.5451,1.5335,2.1325,0.8643,1.2029,31.1136,31.8521,1.5335,2.1325,4937.1505,7561.3848,5.7217|7.7365|10.0776,8.7338|11.5451|14.7857,^GT:31.1136%0.7%19.799999999999997,^GT:5.7217%0.7%19.799999999999997%200%7.7365%0.7%19.799999999999997%300%10.0776%0.7%19.799999999999997%400,AIO
EFUSE_Q615S1BA_012_4_2,Q615S1BA1,X,Q615S1BA,012,4,2,Q615S1BA_012_4_2,,SDC2119,HDS2262,C101,8PL7CVA,Q615S1BA1,2026-08-11 16:42:25-07:00,202633,20.00,119325,NGXSDJXA0H80B002632,3,9,012T02,8B18438-D,EXABAHA008,101,1,1010001,1010000,1,101,UNDEFINED,10.1388,14.9084,5.8026,8.9028,7.8284,11.7258,1.2547,2.4025,1.0538,1.3469,30.9729,31.6084,1.2547,2.4025,5051.1318,7748.8682,5.8026|7.8284|10.1388,8.9028|11.7258|14.9084,^GT:30.9729%0.7%19.9,^GT:5.8026%0.7%19.9%200%7.8284%0.7%19.9%300%10.1388%0.7%19.9%400,AIO
EFUSE_Q615S1BA_012_4_3,Q615S1BA1,X,Q615S1BA,012,4,3,Q615S1BA_012_4_3,B82020000_FAIL_SCN_GT_GXX_CTRL_X_GFXAGG_K_BEGIN_X_X_X_X_X_EVALUATE_4,SDC2119,HDS2262,C101,8PL7CVA,Q615S1BA1,2026-08-11 16:42:25-07:00,202633,20.00,119325,NGXSDJXA0H80B002632,5,2,012T01,8B28421-D,EXABAHA008,8202,82,82020000,82020000,82,8202,UNDEFINED,10.1011,14.8464,5.7734,8.8501,7.7903,11.6665,0.8683,2.2981,1.0232,1.2884,30.9121,31.5595,0.8683,2.2981,5019.7071,7715.8455,5.7734|7.7903|10.1011,8.8501|11.6665|14.8464,^GT:30.9121%0.7%19.6,^GT:5.7734%0.7%19.6%200%7.7903%0.7%19.6%300%10.1011%0.7%19.6%400,AIO
EFUSE_Q615S1BA_012_4_4,Q615S1BA1,X,Q615S1BA,012,4,4,Q615S1BA_012_4_4,,SDC2119,HDS2262,C101,8PL7CVA,Q615S1BA1,2026-08-11 16:42:25-07:00,202633,20.00,119325,NGXSDJXA0H80B002632,6,7,012T03,8B18438-D,EXABAHA008,101,1,1010001,1010000,1,101,UNDEFINED,10.1794,14.9562,5.8413,8.9307,7.8499,11.7547,0.8793,2.3788,0.9511,1.3537,30.9864,31.7132,0.8793,2.3788,5037.8162,7721.9707,5.8413|7.8499|10.1794,8.9307|11.7547|14.9562,^GT:30.9864%0.7%19.799999999999997,^GT:5.8413%0.7%19.799999999999997%200%7.8499%0.7%19.799999999999997%300%10.1794%0.7%19.799999999999997%400,AIO
EFUSE_Q615S1BA_012_4_5,Q615S1BA1,X,Q615S1BA,012,4,5,Q615S1BA_012_4_5,,SDC2119,HDS2262,C101,8PL7CVA,Q615S1BA1,2026-08-11 16:42:25-07:00,202633,20.00,119325,NGXSDJXA0H80B002632,2,17,012T02,8B18438-D,EXABAHA008,302,3,3020001,3030000,3,303,UNDEFINED,10.2285,15.0458,5.875,9.007,7.891,11.8158,0.8213,2.4124,1.2058,1.3919,31.0964,31.7832,0.8213,2.4124,5068.7084,7728.3622,5.875|7.891|10.2285,9.007|11.8158|15.0458,^GT:31.0964%0.7%19.9,^GT:5.875%0.7%19.9%200%7.891%0.7%19.9%300%10.2285%0.7%19.9%400,AIO
EFUSE_Q615S1BA_012_4_6,Q615S1BA1,X,Q615S1BA,012,4,6,Q615S1BA_012_4_6,,SDC2119,HDS2262,C101,8PL7CVA,Q615S1BA1,2026-08-11 16:42:25-07:00,202633,20.00,119325,NGXSDJXA0H80B002632,6,11,012T01,8B28421-D,EXABAHA008,101,1,1010001,1010000,1,101,UNDEFINED,10.3137,15.1999,5.9436,9.1292,7.9548,11.9591,1.6689,2.5162,1.4169,1.4486,31.215,31.9511,1.6689,2.5161,5092.4101,7765.9121,5.9436|7.9548|10.3137,9.1292|11.9591|15.1999,^GT:31.215%0.7%19.4,^GT:5.9436%0.7%19.4%200%7.9548%0.7%19.4%300%10.3137%0.7%19.4%400,AIO
EFUSE_Q615S1BA_012_4_7,Q615S1BA1,X,Q615S1BA,012,4,7,Q615S1BA_012_4_7,,SDC2119,HDS2262,C101,8PL7CVA,Q615S1BA1,2026-08-11 16:42:25-07:00,202633,20.00,119325,NGXSDJXA0H80B002632,7,7,012T03,8B18438-D,EXABAHA008,301,3,3010001,3030000,3,303,UNDEFINED,10.3794,15.3154,6.002,9.2473,8.0251,12.0826,0.8704,2.6232,1.4549,1.5252,31.2671,31.9374,0.8704,2.6232,5113.1824,7780.2929,6.002|8.0251|10.3794,9.2473|12.0826|15.3154,^GT:31.2671%0.7%20,^GT:6.002%0.7%20%200%8.0251%0.7%20%300%10.3794%0.7%20%400,AIO
EFUSE_Q615S1BA_012_4_8,Q615S1BA1,X,Q615S1BA,012,4,8,Q615S1BA_012_4_8,,SDC2119,HDS2262,C101,8PL7CVA,Q615S1BA1,2026-08-11 16:42:25-07:00,202633,20.00,119325,NGXSDJXA0H80B002632,1,7,012T02,8B28421-D,EXABAHA008,101,1,1010001,1010000,1,101,UNDEFINED,10.2621,15.1418,5.8658,9.0359,7.9043,11.8839,1.7071,2.4122,1.2841,1.3363,31.4021,32.1363,1.7071,2.4122,5037.0173,7689.4807,5.8658|7.9043|10.2621,9.0359|11.8839|15.1418,^GT:31.4021%0.7%18.95,^GT:5.8658%0.7%18.95%200%7.9043%0.7%18.95%300%10.2621%0.7%18.95%400,AIO
EFUSE_Q615S1BA_012_4_9,Q615S1BA1,X,Q615S1BA,012,4,9,Q615S1BA_012_4_9,,SDC2119,HDS2262,C101,8PL7CVA,Q615S1BA1,2026-08-11 16:42:25-07:00,202633,20.00,119325,NGXSDJXA0H80B002632,7,6,012T01,8B18438-D,EXABAHA008,101,1,1010001,1010000,1,101,UNDEFINED,10.2351,15.0899,5.834,8.9672,7.8481,11.8222,1.5309,2.2879,1.0036,1.2733,31.4364,32.2247,1.5309,2.2879,4986.1518,7633.2889,5.834|7.8481|10.2351,8.9672|11.8222|15.0899,^GT:31.4364%0.7%19.65,^GT:5.834%0.7%19.65%200%7.8481%0.7%19.65%300%10.2351%0.7%19.65%400,AIO
EFUSE_Q615S1BA_012_5_-1,Q615S1BA1,X,Q615S1BA,012,5,-1,Q615S1BA_012_5_-1,,SDC2119,HDS2262,C101,8PL7CVA,Q615S1BA1,2026-08-11 16:42:25-07:00,202633,20.00,119325,NGXSDJXA0H80B002632,5,16,012T02,8B18438-D,EXABAHA008,101,1,1010001,1010000,1,101,UNDEFINED,10.2763,15.121,5.9452,9.1078,7.9723,11.9299,1.6859,2.5204,1.1155,1.4715,30.9364,31.6484,1.6859,2.5204,5068.7084,7752.8628,5.9452|7.9723|10.2763,9.1078|11.9299|15.121,^GT:30.9364%0.7%19.6,^GT:5.9452%0.7%19.6%200%7.9723%0.7%19.6%300%10.2763%0.7%19.6%400,AIO
EFUSE_Q615S1BA_012_5_-10,Q615S1BA1,X,Q615S1BA,012,5,-10,Q615S1BA_012_5_-10,,SDC2119,HDS2262,C101,8PL7CVA,Q615S1BA1,2026-08-11 16:42:25-07:00,202633,20.00,119325,NGXSDJXA0H80B002632,1,10,012T03,8B28421-D,EXABAHA008,301,3,3010001,3030000,3,303,UNDEFINED,10.1276,15.0001,5.7311,8.8987,7.7485,11.7428,0.9696,2.2752,1.0391,1.2,31.4036,32.1126,0.9696,2.2752,4881.4913,7524.6338,5.7311|7.7485|10.1276,8.8987|11.7428|15.0001,^GT:31.4036%0.7%19.25,^GT:5.7311%0.7%19.25%200%7.7485%0.7%19.25%300%10.1276%0.7%19.25%400,AIO
EFUSE_Q615S1BA_012_5_-2,Q615S1BA1,X,Q615S1BA,012,5,-2,Q615S1BA_012_5_-2,,SDC2119,HDS2262,C101,8PL7CVA,Q615S1BA1,2026-08-11 16:42:25-07:00,202633,20.00,119325,NGXSDJXA0H80B002632,3,1,012T03,8B18438-D,EXABAHA008,101,1,1010001,1010000,1,101,UNDEFINED,10.3428,15.2143,5.9936,9.1824,8.0181,12.0141,1.0244,2.6395,1.4754,1.5394,31.0657,31.7468,1.0243,2.6395,5104.9268,7793.8748,5.9936|8.0181|10.3428,9.1824|12.0141|15.2143,^GT:31.0657%0.7%19.6,^GT:5.9936%0.7%19.6%200%8.0181%0.7%19.6%300%10.3428%0.7%19.6%400,AIO
EFUSE_Q615S1BA_012_5_-3,Q615S1BA1,X,Q615S1BA,012,5,-3,Q615S1BA_012_5_-3,,SDC2119,HDS2262,C101,8PL7CVA,Q615S1BA1,2026-08-11 16:42:25-07:00,202633,20.00,119325,NGXSDJXA0H80B002632,3,6,012T01,8B28421-D,EXABAHA008,101,1,1010001,1010000,1,101,UNDEFINED,10.3372,15.2154,5.9948,9.1836,8.0037,12.0164,0.9004,2.6253,1.2019,1.5241,31.0171,31.7463,0.9004,2.6253,5111.3182,7797.3369,5.9948|8.0036|10.3372,9.1836|12.0164|15.2154,^GT:31.0171%0.7%19.299999999999997,^GT:5.9948%0.7%19.299999999999997%200%8.0036%0.7%19.299999999999997%300%10.3372%0.7%19.299999999999997%400,AIO
EFUSE_Q615S1BA_012_5_-4,Q615S1BA1,X,Q615S1BA,012,5,-4,Q615S1BA_012_5_-4,,SDC2119,HDS2262,C101,8PL7CVA,Q615S1BA1,2026-08-11 16:42:25-07:00,202633,20.00,119325,NGXSDJXA0H80B002632,5,4,012T02,8B28421-D,EXABAHA008,101,1,1010001,1010000,1,101,UNDEFINED,10.3038,15.1813,5.9593,9.1381,7.9833,11.971,1.1787,2.5882,1.1179,1.5286,31.0321,31.8063,1.1787,2.5882,5120.9055,7800.7989,5.9593|7.9833|10.3038,9.1381|11.971|15.1813,^GT:31.0321%0.7%18.95,^GT:5.9593%0.7%18.95%200%7.9833%0.7%18.95%300%10.3038%0.7%18.95%400,AIO
EFUSE_Q615S1BA_012_5_-5,Q615S1BA1,X,Q615S1BA,012,5,-5,Q615S1BA_012_5_-5,,SDC2119,HDS2262,C101,8PL7CVA,Q615S1BA1,2026-08-11 16:42:25-07:00,202633,20.00,119325,NGXSDJXA0H80B002632,3,13,012T03,8B18438-D,EXABAHA008,101,1,1010001,1010000,1,101,UNDEFINED,10.3119,15.241,5.9711,9.2061,7.9911,12.0448,1.8549,2.644,1.3343,1.5269,31.0057,31.7626,1.8548,2.644,5116.3782,7778.1625,5.9711|7.9911|10.3119,9.2061|12.0448|15.241,^GT:31.0057%0.7%19.55,^GT:5.9711%0.7%19.55%200%7.9911%0.7%19.55%300%10.3119%0.7%19.55%400,AIO
EFUSE_Q615S1BA_012_5_-6,Q615S1BA1,X,Q615S1BA,012,5,-6,Q615S1BA_012_5_-6,B19880000_FAIL_TPI_SIU_STATIC_SIUP_X_ICC_K_START_X_X_X_LFM_LOWV_P2_650MV_2,SDC2119,HDS2262,C101,8PL7CVA,Q615S1BA1,2026-08-11 16:42:25-07:00,202633,20.00,119325,NGXSDJXA0H80B002632,2,4,012T01,8B18438-D,EXABAHA008,1988,19,19880000,19880000,19,1988,UNDEFINED,,,,,,,,,,,,,,,,,,,,,AIO
EFUSE_Q615S1BA_012_5_-7,Q615S1BA1,X,Q615S1BA,012,5,-7,Q615S1BA_012_5_-7,,SDC2119,HDS2262,C101,8PL7CVA,Q615S1BA1,2026-08-11 16:42:25-07:00,202633,20.00,119325,NGXSDJXA0H80B002632,7,14,012T02,8B18438-D,EXABAHA008,101,1,1010001,1010000,1,101,UNDEFINED,10.5303,15.6336,6.1531,9.5399,8.1756,12.4004,1.9885,2.9293,1.3169,1.7316,31.2657,32.0721,1.9885,2.9293,5190.9454,7849.534,6.1531|8.1756|10.5303,9.5399|12.4004|15.6336,^GT:31.2657%0.7%19.65,^GT:6.1531%0.7%19.65%200%8.1756%0.7%19.65%300%10.5303%0.7%19.65%400,AIO
EFUSE_Q615S1BA_012_5_-8,Q615S1BA1,X,Q615S1BA,012,5,-8,Q615S1BA_012_5_-8,,SDC000,HDS000,A000,8PL7CVA,Q615S1BA1,2026-08-11 16:42:25-07:00,202633,20.00,119325,NGXSDJXA0H80B002632,1,2,012T03,,XIU000,9301,93,,930100,93,9301,UNDEFINED,,,,,,,,,,,,,,,,,,,,,AIO
EFUSE_Q615S1BA_012_5_-9,Q615S1BA1,X,Q615S1BA,012,5,-9,Q615S1BA_012_5_-9,,SDC2119,HDS2262,C101,8PL7CVA,Q615S1BA1,2026-08-11 16:42:25-07:00,202633,20.00,119325,NGXSDJXA0H80B002632,7,10,012T02,8B18438-D,EXABAHA008,301,3,3010001,3030000,3,303,UNDEFINED,10.2473,15.2436,5.8479,9.149,7.8751,11.9899,1.1582,2.4981,1.1441,1.3384,31.4243,32.0768,1.1582,2.4981,4994.1411,7647.1372,5.8479|7.8751|10.2473,9.149|11.9899|15.2436,^GT:31.4243%0.7%19.65,^GT:5.8479%0.7%19.65%200%7.8751%0.7%19.65%300%10.2473%0.7%19.65%400,AIO
EFUSE_Q615S1BA_012_5_0,Q615S1BA1,X,Q615S1BA,012,5,0,Q615S1BA_012_5_0,B82020000_FAIL_SCN_GT_GXX_CTRL_X_GFXAGG_K_BEGIN_X_X_X_X_X_EVALUATE_4,SDC2119,HDS2262,C101,8PL7CVA,Q615S1BA1,2026-08-11 16:42:25-07:00,202633,20.00,119325,NGXSDJXA0H80B002632,4,7,012T01,8B18438-D,EXABAHA008,8202,82,82020000,82020000,82,8202,UNDEFINED,10.2302,15.0884,5.8959,9.0597,7.9079,11.8832,0.9601,2.4675,1.3504,1.4184,30.9593,31.73,0.9601,2.4675,5032.2237,7724.1012,5.8959|7.9079|10.2302,9.0597|11.8832|15.0884,^GT:30.9593%0.7%19.700000000000003,^GT:5.8959%0.7%19.700000000000003%200%7.9079%0.7%19.700000000000003%300%10.2302%0.7%19.700000000000003%400,AIO
EFUSE_Q615S1BA_012_5_1,Q615S1BA1,X,Q615S1BA,012,5,1,Q615S1BA_012_5_1,,SDC2119,HDS2262,C101,8PL7CVA,Q615S1BA1,2026-08-11 16:42:25-07:00,202633,20.00,119325,NGXSDJXA0H80B002632,5,7,012T03,8B28421-D,EXABAHA008,301,3,3010001,3030000,3,303,UNDEFINED,10.1719,14.9795,5.839,8.9699,7.8527,11.7842,1.4849,2.4362,0.998,1.3629,30.9493,31.6295,1.4849,2.4361,5027.6964,7727.2969,5.839|7.8527|10.1719,8.9699|11.7842|14.9795,^GT:30.9493%0.7%18.95,^GT:5.839%0.7%18.95%200%7.8527%0.7%18.95%300%10.1719%0.7%18.95%400,AIO
EFUSE_Q615S1BA_012_5_2,Q615S1BA1,X,Q615S1BA,012,5,2,Q615S1BA_012_5_2,,SDC2119,HDS2262,C101,8PL7CVA,Q615S1BA1,2026-08-11 16:42:25-07:00,202633,20.00,119325,NGXSDJXA0H80B002632,3,10,012T02,8B18438-D,EXABAHA008,101,1,1010001,1010000,1,101,UNDEFINED,10.2022,15.0164,5.8619,8.9996,7.8896,11.8258,1.7957,2.4336,1.3706,1.3938,31.0021,31.6674,1.7957,2.4336,5074.8336,7775.233,5.8619|7.8896|10.2022,8.9996|11.8258|15.0164,^GT:31.0021%0.7%19.65,^GT:5.8619%0.7%19.65%200%7.8896%0.7%19.65%300%10.2022%0.7%19.65%400,AIO
EFUSE_Q615S1BA_012_5_3,Q615S1BA1,X,Q615S1BA,012,5,3,Q615S1BA_012_5_3,,SDC2119,HDS2262,C101,8PL7CVA,Q615S1BA1,2026-08-11 16:42:25-07:00,202633,20.00,119325,NGXSDJXA0H80B002632,5,1,012T01,8B28421-D,EXABAHA008,101,1,1010001,1010000,1,101,UNDEFINED,10.1735,14.9708,5.8558,8.9629,7.8605,11.7946,1.4901,2.4309,0.9916,1.3783,30.8407,31.6205,1.4901,2.4309,5069.7736,7759.5206,5.8558|7.8605|10.1735,8.9629|11.7946|14.9708,^GT:30.8407%0.7%19.25,^GT:5.8558%0.7%19.25%200%7.8605%0.7%19.25%300%10.1735%0.7%19.25%400,AIO
EFUSE_Q615S1BA_012_5_4,Q615S1BA1,X,Q615S1BA,012,5,4,Q615S1BA_012_5_4,,SDC2119,HDS2262,C101,8PL7CVA,Q615S1BA1,2026-08-11 16:42:25-07:00,202633,20.00,119325,NGXSDJXA0H80B002632,6,6,012T03,8B18438-D,EXABAHA008,301,3,3010001,3030000,3,303,UNDEFINED,10.2114,15.0386,5.8729,9.0085,7.8875,11.8414,0.7818,2.44,1.3349,1.4067,30.9893,31.7374,0.7818,2.44,5074.8336,7754.1944,5.8729|7.8875|10.2114,9.0085|11.8414|15.0386,^GT:30.9893%0.7%19.75,^GT:5.8729%0.7%19.75%200%7.8875%0.7%19.75%300%10.2114%0.7%19.75%400,AIO
EFUSE_Q615S1BA_012_5_5,Q615S1BA1,X,Q615S1BA,012,5,5,Q615S1BA_012_5_5,,SDC2119,HDS2262,C101,8PL7CVA,Q615S1BA1,2026-08-11 16:42:25-07:00,202633,20.00,119325,NGXSDJXA0H80B002632,2,18,012T02,8B18438-D,EXABAHA008,301,3,3010001,3030000,3,303,UNDEFINED,10.2747,15.1542,5.9079,9.0902,7.9309,11.9269,1.7475,2.5158,1.2084,1.4303,31.1914,31.9158,1.7475,2.5158,5094.8069,7760.0533,5.9079|7.9309|10.2747,9.0902|11.9269|15.1542,^GT:31.1914%0.7%19.9,^GT:5.9079%0.7%19.9%200%7.9309%0.7%19.9%300%10.2747%0.7%19.9%400,AIO
EFUSE_Q615S1BA_012_5_6,Q615S1BA1,X,Q615S1BA,012,5,6,Q615S1BA_012_5_6,,SDC2119,HDS2262,C101,8PL7CVA,Q615S1BA1,2026-08-11 16:42:25-07:00,202633,20.00,119325,NGXSDJXA0H80B002632,6,10,012T01,8B28421-D,EXABAHA008,101,1,1010001,1010000,1,101,UNDEFINED,10.4076,15.3504,6.0192,9.2547,8.0342,12.105,1.7253,2.6009,1.3659,1.522,31.3457,32.0826,1.7253,2.6009,5133.1558,7788.5486,6.0192|8.0342|10.4076,9.2547|12.105|15.3504,^GT:31.3457%0.7%19.799999999999997,^GT:6.0192%0.7%19.799999999999997%200%8.0342%0.7%19.799999999999997%300%10.4076%0.7%19.799999999999997%400,AIO
EFUSE_Q615S1BA_012_5_7,Q615S1BA1,X,Q615S1BA,012,5,7,Q615S1BA_012_5_7,,SDC2119,HDS2262,C101,8PL7CVA,Q615S1BA1,2026-08-11 16:42:25-07:00,202633,20.00,119325,NGXSDJXA0H80B002632,7,6,012T03,8B28421-D,EXABAHA008,301,3,3010001,3030000,3,303,UNDEFINED,10.3835,15.3235,5.9767,9.1934,8.0135,12.0719,0.9712,2.5829,1.2996,1.452,31.4771,32.2637,0.9712,2.5829,5075.3662,7729.9601,5.9767|8.0135|10.3835,9.1934|12.0719|15.3235,^GT:31.4771%0.7%19.25,^GT:5.9767%0.7%19.25%200%8.0135%0.7%19.25%300%10.3835%0.7%19.25%400,AIO
EFUSE_Q615S1BA_012_5_8,Q615S1BA1,X,Q615S1BA,012,5,8,Q615S1BA_012_5_8,,SDC2119,HDS2262,C101,8PL7CVA,Q615S1BA1,2026-08-11 16:42:25-07:00,202633,20.00,119325,NGXSDJXA0H80B002632,1,8,012T02,8B28421-D,EXABAHA008,101,1,1010001,1010000,1,101,UNDEFINED,10.2846,15.1814,5.8683,9.0425,7.9005,11.9048,0.6959,2.3917,1.2551,1.3143,31.545,32.31,0.6959,2.3917,4989.8802,7626.8975,5.8683|7.9005|10.2846,9.0425|11.9048|15.1814,^GT:31.545%0.7%19.05,^GT:5.8683%0.7%19.05%200%7.9005%0.7%19.05%300%10.2846%0.7%19.05%400,AIO
EFUSE_Q615S1BA_012_5_9,Q615S1BA1,X,Q615S1BA,012,5,9,Q615S1BA_012_5_9,,SDC2119,HDS2262,C101,8PL7CVA,Q615S1BA1,2026-08-11 16:42:25-07:00,202633,20.00,119325,NGXSDJXA0H80B002632,7,5,012T01,8B28421-D,EXABAHA008,101,1,1010001,1010000,1,101,UNDEFINED,10.2426,15.0666,5.8384,8.9505,7.8666,11.8042,0.868,2.2744,0.8786,1.2732,31.4586,32.19,0.868,2.2744,4974.9667,7602.6631,5.8384|7.8666|10.2426,8.9505|11.8042|15.0666,^GT:31.4586%0.7%19.200000000000003,^GT:5.8384%0.7%19.200000000000003%200%7.8666%0.7%19.200000000000003%300%10.2426%0.7%19.200000000000003%400,AIO
EFUSE_Q615S1BA_012_6_-1,Q615S1BA1,X,Q615S1BA,012,6,-1,Q615S1BA_012_6_-1,B49860001_FAIL_TPI_RECOVERY_CTRL_GT_GFXAGG_K_BEGIN_X_X_X_X_X_EVALUATE_4,SDC2119,HDS2262,C101,8PL7CVA,Q615S1BA1,2026-08-11 16:42:25-07:00,202633,20.00,119325,NGXSDJXA0H80B002632,5,15,012T02,8B18438-D,EXABAHA008,4986,49,49860001,49860001,49,4986,UNDEFINED,10.3879,15.3035,6.0363,9.2746,8.0633,12.0996,0.9271,2.7006,1.4418,1.5958,31.0829,31.7311,0.9271,2.7006,5119.8402,7792.8096,6.0363|8.0633|10.3879,9.2746|12.0996|15.3035,^GT:31.0829%0.7%19.9,^GT:6.0363%0.7%19.9%200%8.0633%0.7%19.9%300%10.3879%0.7%19.9%400,AIO
EFUSE_Q615S1BA_012_6_-2,Q615S1BA1,X,Q615S1BA,012,6,-2,Q615S1BA_012_6_-2,,SDC2119,HDS2262,C101,8PL7CVA,Q615S1BA1,2026-08-11 16:42:25-07:00,202633,20.00,119325,NGXSDJXA0H80B002632,3,2,012T03,8B18438-D,EXABAHA008,101,1,1010001,1010000,1,101,UNDEFINED,10.3898,15.3337,6.0297,9.2787,8.0487,12.1254,1.0883,2.677,1.3991,1.5775,31.1436,31.8684,1.0883,2.677,5109.1877,7795.739,6.0297|8.0486|10.3898,9.2787|12.1254|15.3337,^GT:31.1436%0.7%20,^GT:6.0297%0.7%20%200%8.0486%0.7%20%300%10.3898%0.7%20%400,AIO
EFUSE_Q615S1BA_012_6_-3,Q615S1BA1,X,Q615S1BA,012,6,-3,Q615S1BA_012_6_-3,B65000022_FAIL_ARR_GT_GXX_ARR_GT_SCBD_K_END_X_X_NOM_X_SSA_KS_0,SDC2119,HDS2262,C101,8PL7CVA,Q615S1BA1,2026-08-11 16:42:25-07:00,202633,20.00,119325,NGXSDJXA0H80B002632,3,5,012T01,8B28421-D,EXABAHA008,6500,65,65000022,65000022,65,6500,UNDEFINED,10.3305,15.2421,5.99,9.2057,7.9923,12.0341,0.8717,2.6076,1.1688,1.5226,31.0036,31.7705,0.8717,2.6076,5100.6658,7773.1025,5.99|7.9923|10.3305,9.2057|12.0341|15.2421,^GT:31.0036%0.7%18.95,^GT:5.99%0.7%18.95%200%7.9923%0.7%18.95%300%10.3305%0.7%18.95%400,AIO
EFUSE_Q615S1BA_012_6_-4,Q615S1BA1,X,Q615S1BA,012,6,-4,Q615S1BA_012_6_-4,,SDC2119,HDS2262,C101,8PL7CVA,Q615S1BA1,2026-08-11 16:42:25-07:00,202633,20.00,119325,NGXSDJXA0H80B002632,5,5,012T02,8B18438-D,EXABAHA008,101,1,1010001,1010000,1,101,UNDEFINED,10.3516,15.2915,5.9903,9.2442,8.0167,12.0839,1.4729,2.6502,1.1839,1.5272,31.1521,31.8279,1.4729,2.6502,5107.0573,7784.2876,5.9903|8.0167|10.3516,9.2442|12.0839|15.2915,^GT:31.1521%0.7%19.85,^GT:5.9903%0.7%19.85%200%8.0167%0.7%19.85%300%10.3516%0.7%19.85%400,AIO
EFUSE_Q615S1BA_012_6_-5,Q615S1BA1,X,Q615S1BA,012,6,-5,Q615S1BA_012_6_-5,,SDC2119,HDS2262,C101,8PL7CVA,Q615S1BA1,2026-08-11 16:42:25-07:00,202633,20.00,119325,NGXSDJXA0H80B002632,3,12,012T03,8B18438-D,EXABAHA008,201,2,2010001,2020000,2,202,UNDEFINED,10.4149,15.432,6.0495,9.3621,8.06,12.1939,1.0896,2.7549,1.5268,1.5945,31.1814,31.9468,1.0896,2.7549,5129.6937,7806.3915,6.0495|8.06|10.4149,9.3621|12.1939|15.432,^GT:31.1814%0.7%20,^GT:6.0495%0.7%20%200%8.06%0.7%20%300%10.4149%0.7%20%400,AIO
EFUSE_Q615S1BA_012_6_-6,Q615S1BA1,X,Q615S1BA,012,6,-6,Q615S1BA_012_6_-6,,SDC2119,HDS2262,C101,8PL7CVA,Q615S1BA1,2026-08-11 16:42:25-07:00,202633,20.00,119325,NGXSDJXA0H80B002632,2,3,012T01,8B18438-D,EXABAHA008,101,1,1010001,1010000,1,101,UNDEFINED,10.5219,15.6102,6.1532,9.5298,8.179,12.3861,1.0288,2.898,1.5845,1.7057,31.205,32.0021,1.0288,2.898,5190.1465,7860.1864,6.1532|8.179|10.5219,9.5298|12.3861|15.6102,^GT:31.205%0.7%19.950000000000003,^GT:6.1532%0.7%19.950000000000003%200%8.179%0.7%19.950000000000003%300%10.5219%0.7%19.950000000000003%400,AIO
EFUSE_Q615S1BA_012_6_-7,Q615S1BA1,X,Q615S1BA,012,6,-7,Q615S1BA_012_6_-7,,SDC2119,HDS2262,C101,8PL7CVA,Q615S1BA1,2026-08-11 16:42:25-07:00,202633,20.00,119325,NGXSDJXA0H80B002632,7,13,012T02,8B18438-D,EXABAHA008,301,3,3010001,3030000,3,303,UNDEFINED,10.5006,15.6192,6.0854,9.4967,8.138,12.3611,1.2658,2.83,1.2333,1.6351,31.5371,32.2237,1.2658,2.83,5140.8788,7815.1798,6.0854|8.138|10.5006,9.4967|12.3611|15.6192,^GT:31.5371%0.7%19.75,^GT:6.0854%0.7%19.75%200%8.138%0.7%19.75%300%10.5006%0.7%19.75%400,AIO
EFUSE_Q615S1BA_012_6_-8,Q615S1BA1,X,Q615S1BA,012,6,-8,Q615S1BA_012_6_-8,,SDC000,HDS000,A000,8PL7CVA,Q615S1BA1,2026-08-11 16:42:25-07:00,202633,20.00,119325,NGXSDJXA0H80B002632,1,3,012T03,,XIU000,9301,93,,930100,93,9301,UNDEFINED,,,,,,,,,,,,,,,,,,,,,AIO
EFUSE_Q615S1BA_012_6_-9,Q615S1BA1,X,Q615S1BA,012,6,-9,Q615S1BA_012_6_-9,,SDC2119,HDS2262,C101,8PL7CVA,Q615S1BA1,2026-08-11 16:42:25-07:00,202633,20.00,119325,NGXSDJXA0H80B002632,1,2,012T01,8B28421-D,EXABAHA008,101,1,1010001,1010000,1,101,UNDEFINED,10.2121,15.1887,5.8261,9.0851,7.8526,11.9451,1.6135,2.4437,1.1177,1.3256,31.3286,32.1242,1.6135,2.4437,4968.5752,7617.3103,5.8261|7.8526|10.2121,9.0851|11.9451|15.1887,^GT:31.3286%0.7%19.700000000000003,^GT:5.8261%0.7%19.700000000000003%200%7.8526%0.7%19.700000000000003%300%10.2121%0.7%19.700000000000003%400,AIO
EFUSE_Q615S1BA_012_6_0,Q615S1BA1,X,Q615S1BA,012,6,0,Q615S1BA_012_6_0,,SDC2119,HDS2262,C101,8PL7CVA,Q615S1BA1,2026-08-11 16:42:25-07:00,202633,20.00,119325,NGXSDJXA0H80B002632,4,6,012T01,8B18438-D,EXABAHA008,101,1,1010001,1010000,1,101,UNDEFINED,10.3568,15.2645,6.0071,9.226,8.0233,12.0643,1.8774,2.6638,1.3518,1.5564,31.0693,31.7821,1.8773,2.6638,5091.8775,7767.51,6.0071|8.0233|10.3568,9.2259|12.0643|15.2645,^GT:31.0693%0.7%20.15,^GT:6.0071%0.7%20.15%200%8.0233%0.7%20.15%300%10.3568%0.7%20.15%400,AIO
EFUSE_Q615S1BA_012_6_1,Q615S1BA1,X,Q615S1BA,012,6,1,Q615S1BA_012_6_1,,SDC000,HDS000,A000,8PL7CVA,Q615S1BA1,2026-08-11 16:42:25-07:00,202633,20.00,119325,NGXSDJXA0H80B002632,5,6,012T03,,XIU000,9301,93,,930100,93,9301,UNDEFINED,,,,,,,,,,,,,,,,,,,,,AIO
EFUSE_Q615S1BA_012_6_2,Q615S1BA1,X,Q615S1BA,012,6,2,Q615S1BA_012_6_2,,SDC000,HDS000,A000,8PL7CVA,Q615S1BA1,2026-08-11 16:42:25-07:00,202633,20.00,119325,NGXSDJXA0H80B002632,3,11,012T02,,XIU000,9301,93,,930100,93,9301,UNDEFINED,,,,,,,,,,,,,,,,,,,,,AIO
EFUSE_Q615S1BA_012_6_3,Q615S1BA1,X,Q615S1BA,012,6,3,Q615S1BA_012_6_3,,SDC2119,HDS2262,C101,8PL7CVA,Q615S1BA1,2026-08-11 16:42:25-07:00,202633,20.00,119325,NGXSDJXA0H80B002632,6,1,012T01,8B28421-D,EXABAHA008,101,1,1010001,1010000,1,101,UNDEFINED,10.2401,15.085,5.8982,9.0652,7.9058,11.8875,0.9203,2.4782,1.1653,1.4132,31.0136,31.6832,0.9203,2.4782,5081.4913,7777.3635,5.8982|7.9058|10.2401,9.0652|11.8875|15.085,^GT:31.0136%0.7%19.4,^GT:5.8982%0.7%19.4%200%7.9058%0.7%19.4%300%10.2401%0.7%19.4%400,AIO
EFUSE_Q615S1BA_012_6_4,Q615S1BA1,X,Q615S1BA,012,6,4,Q615S1BA_012_6_4,,SDC2119,HDS2262,C101,8PL7CVA,Q615S1BA1,2026-08-11 16:42:25-07:00,202633,20.00,119325,NGXSDJXA0H80B002632,6,5,012T03,8B18438-D,EXABAHA008,301,3,3010001,3030000,3,303,UNDEFINED,10.279,15.1901,5.9392,9.1431,7.944,11.9752,1.7338,2.5569,1.2268,1.4634,30.9986,31.8263,1.7338,2.5569,5127.0306,7816.7776,5.9392|7.944|10.279,9.1431|11.9752|15.1901,^GT:30.9986%0.7%19.549999999999997,^GT:5.9392%0.7%19.549999999999997%200%7.944%0.7%19.549999999999997%300%10.279%0.7%19.549999999999997%400,AIO
EFUSE_Q615S1BA_012_6_5,Q615S1BA1,X,Q615S1BA,012,6,5,Q615S1BA_012_6_5,,SDC2119,HDS2262,C101,8PL7CVA,Q615S1BA1,2026-08-11 16:42:25-07:00,202633,20.00,119325,NGXSDJXA0H80B002632,2,19,012T02,8B28421-D,EXABAHA008,101,1,1010001,1010000,1,101,UNDEFINED,10.3607,15.2932,5.989,9.235,8.0168,12.0594,1.8865,2.6044,1.345,1.5243,31.2271,31.8853,1.8865,2.6044,5162.1838,7831.6911,5.9889|8.0167|10.3607,9.235|12.0594|15.2932,^GT:31.2271%0.7%19.25,^GT:5.9889%0.7%19.25%200%8.0167%0.7%19.25%300%10.3607%0.7%19.25%400,AIO
EFUSE_Q615S1BA_012_6_6,Q615S1BA1,X,Q615S1BA,012,6,6,Q615S1BA_012_6_6,,SDC2119,HDS2262,C101,8PL7CVA,Q615S1BA1,2026-08-11 16:42:25-07:00,202633,20.00,119325,NGXSDJXA0H80B002632,6,9,012T01,8B28421-D,EXABAHA008,101,1,1010001,1010000,1,101,UNDEFINED,10.4086,15.3585,6.0059,9.2467,8.0374,12.0991,0.9902,2.5866,1.4203,1.5036,31.4479,32.1674,0.9902,2.5866,5134.7537,7808.2557,6.0059|8.0374|10.4086,9.2467|12.0991|15.3585,^GT:31.4479%0.7%19.200000000000003,^GT:6.0059%0.7%19.200000000000003%200%8.0374%0.7%19.200000000000003%300%10.4086%0.7%19.200000000000003%400,AIO
EFUSE_Q615S1BA_012_6_7,Q615S1BA1,X,Q615S1BA,012,6,7,Q615S1BA_012_6_7,B65000018_FAIL_ARR_GT_GXX_ARR_GT_SCBD_K_END_X_X_NOM_X_LSA_KS_0,SDC2119,HDS2262,C101,8PL7CVA,Q615S1BA1,2026-08-11 16:42:25-07:00,202633,20.00,119325,NGXSDJXA0H80B002632,7,5,012T03,8B28421-D,EXABAHA008,6500,65,65000018,65000018,65,6500,UNDEFINED,10.3607,15.3242,5.9606,9.1787,7.9811,12.0484,1.3775,2.4924,1.3473,1.4104,31.4293,32.3447,1.3775,2.4924,5030.0932,7675.6325,5.9606|7.9811|10.3607,9.1787|12.0484|15.3242,^GT:31.4293%0.7%19.35,^GT:5.9606%0.7%19.35%200%7.9811%0.7%19.35%300%10.3607%0.7%19.35%400,AIO
EFUSE_Q615S1BA_012_6_8,Q615S1BA1,X,Q615S1BA,012,6,8,Q615S1BA_012_6_8,,SDC2119,HDS2262,C101,8PL7CVA,Q615S1BA1,2026-08-11 16:42:25-07:00,202633,20.00,119325,NGXSDJXA0H80B002632,1,9,012T02,8B28421-D,EXABAHA008,101,1,1010001,1010000,1,101,UNDEFINED,10.3714,15.3105,5.9522,9.1573,7.9777,12.0139,1.404,2.4503,0.9847,1.3856,31.5657,32.3853,1.404,2.4503,5004.7936,7645.0067,5.9522|7.9776|10.3714,9.1573|12.0139|15.3105,^GT:31.5657%0.7%19.9,^GT:5.9522%0.7%19.9%200%7.9776%0.7%19.9%300%10.3714%0.7%19.9%400,AIO
EFUSE_Q615S1BA_012_6_9,Q615S1BA1,X,Q615S1BA,012,6,9,Q615S1BA_012_6_9,B65210000_FAIL_ARR_GT_GXX_LSA_GT_VMIN_K_PREHVQK_X_X_NOM_X_ALL_LSA_0,SDC2119,HDS2262,C101,8PL7CVA,Q615S1BA1,2026-08-11 16:42:25-07:00,202633,20.00,119325,NGXSDJXA0H80B002632,7,4,012T01,8B28421-D,EXABAHA008,6521,65,65210000,65210000,65,6521,UNDEFINED,10.2814,15.0635,5.863,8.9401,7.8946,11.7947,1.2474,2.3352,0.9324,1.3122,31.56,32.2284,1.2474,2.3352,4974.7004,7583.2224,5.863|7.8946|10.2814,8.9401|11.7947|15.0635,^GT:31.56%0.7%19.25,^GT:5.863%0.7%19.25%200%7.8946%0.7%19.25%300%10.2814%0.7%19.25%400,AIO
EFUSE_Q615S1BA_012_7_-1,Q615S1BA1,X,Q615S1BA,012,7,-1,Q615S1BA_012_7_-1,,SDC2119,HDS2262,C101,8PL7CVA,Q615S1BA1,2026-08-11 16:42:25-07:00,202633,20.00,119325,NGXSDJXA0H80B002632,5,14,012T02,8B18438-D,EXABAHA008,101,1,1010001,1010000,1,101,UNDEFINED,10.3743,15.3563,6.0116,9.2978,8.0278,12.1273,1.0413,2.6567,1.4897,1.5496,31.1621,31.8868,1.0413,2.6567,5072.9694,7754.727,6.0116|8.0278|10.3743,9.2978|12.1273|15.3563,^GT:31.1621%0.7%19.75,^GT:6.0116%0.7%19.75%200%8.0278%0.7%19.75%300%10.3743%0.7%19.75%400,AIO
EFUSE_Q615S1BA_012_7_-2,Q615S1BA1,X,Q615S1BA,012,7,-2,Q615S1BA_012_7_-2,,SDC2119,HDS2262,C101,8PL7CVA,Q615S1BA1,2026-08-11 16:42:25-07:00,202633,20.00,119325,NGXSDJXA0H80B002632,3,3,012T03,8B18438-D,EXABAHA008,301,3,3010001,3030000,3,303,UNDEFINED,10.3516,15.2987,5.9753,9.232,8.0098,12.0739,0.9112,2.6466,1.0726,1.5078,31.2593,31.93,0.9112,2.6466,5071.1052,7751.7976,5.9753|8.0098|10.3516,9.232|12.0739|15.2987,^GT:31.2593%0.7%19.700000000000003,^GT:5.9753%0.7%19.700000000000003%200%8.0098%0.7%19.700000000000003%300%10.3516%0.7%19.700000000000003%400,AIO
EFUSE_Q615S1BA_012_7_-3,Q615S1BA1,X,Q615S1BA,012,7,-3,Q615S1BA_012_7_-3,,SDC2119,HDS2262,C101,8PL7CVA,Q615S1BA1,2026-08-11 16:42:25-07:00,202633,20.00,119325,NGXSDJXA0H80B002632,3,4,012T01,8B28421-D,EXABAHA008,101,1,1010001,1010000,1,101,UNDEFINED,10.3438,15.2939,5.9804,9.2245,7.9979,12.0716,1.4651,2.6476,1.0715,1.5015,31.1671,31.9442,1.4651,2.6476,5100.6658,7770.972,5.9804|7.9979|10.3438,9.2245|12.0716|15.2939,^GT:31.1671%0.7%18.85,^GT:5.9804%0.7%18.85%200%7.9979%0.7%18.85%300%10.3438%0.7%18.85%400,AIO
EFUSE_Q615S1BA_012_7_-4,Q615S1BA1,X,Q615S1BA,012,7,-4,Q615S1BA_012_7_-4,,SDC2119,HDS2262,C101,8PL7CVA,Q615S1BA1,2026-08-11 16:42:25-07:00,202633,20.00,119325,NGXSDJXA0H80B002632,5,6,012T02,8B28421-D,EXABAHA008,101,1,1010001,1010000,1,101,UNDEFINED,10.4496,15.4597,6.056,9.3747,8.0852,12.2287,1.795,2.7296,1.2177,1.604,31.3829,32.0263,1.795,2.7296,5137.4168,7821.5712,6.056|8.0852|10.4496,9.3747|12.2287|15.4597,^GT:31.3829%0.7%19.6,^GT:6.056%0.7%19.6%200%8.0852%0.7%19.6%300%10.4496%0.7%19.6%400,AIO
EFUSE_Q615S1BA_012_7_-5,Q615S1BA1,X,Q615S1BA,012,7,-5,Q615S1BA_012_7_-5,,SDC2119,HDS2262,C101,8PL7CVA,Q615S1BA1,2026-08-11 16:42:25-07:00,202633,20.00,119325,NGXSDJXA0H80B002632,3,11,012T03,8B28421-D,EXABAHA008,101,1,1010001,1010000,1,101,UNDEFINED,10.4112,15.4235,6.033,9.3481,8.0623,12.197,1.0115,2.7039,1.3703,1.5627,31.2729,31.9758,1.0115,2.7039,5132.6232,7817.3103,6.033|8.0623|10.4112,9.3481|12.197|15.4235,^GT:31.2729%0.7%18.85,^GT:6.033%0.7%18.85%200%8.0623%0.7%18.85%300%10.4112%0.7%18.85%400,AIO
EFUSE_Q615S1BA_012_7_-6,Q615S1BA1,X,Q615S1BA,012,7,-6,Q615S1BA_012_7_-6,,SDC2119,HDS2262,C101,8PL7CVA,Q615S1BA1,2026-08-11 16:42:25-07:00,202633,20.00,119325,NGXSDJXA0H80B002632,2,2,012T01,8B28421-D,EXABAHA008,101,1,1010001,1010000,1,101,UNDEFINED,10.4685,15.5442,6.0714,9.4273,8.1187,12.299,1.7041,2.7881,1.5395,1.6052,31.4079,32.1942,1.7041,2.7881,5145.4061,7821.0386,6.0714|8.1187|10.4685,9.4273|12.299|15.5442,^GT:31.4079%0.7%18.95,^GT:6.0714%0.7%18.95%200%8.1187%0.7%18.95%300%10.4685%0.7%18.95%400,AIO
EFUSE_Q615S1BA_012_7_-7,Q615S1BA1,X,Q615S1BA,012,7,-7,Q615S1BA_012_7_-7,,SDC000,HDS000,A000,8PL7CVA,Q615S1BA1,2026-08-11 16:42:25-07:00,202633,20.00,119325,NGXSDJXA0H80B002632,7,12,012T02,,XIU000,9301,93,,930100,93,9301,UNDEFINED,,,,,,,,,,,,,,,,,,,,,AIO
EFUSE_Q615S1BA_012_7_-8,Q615S1BA1,X,Q615S1BA,012,7,-8,Q615S1BA_012_7_-8,,SDC2119,HDS2262,C101,8PL7CVA,Q615S1BA1,2026-08-11 16:42:25-07:00,202633,20.00,119325,NGXSDJXA0H80B002632,1,4,012T03,8B18438-D,EXABAHA008,301,3,3010001,3030000,3,303,UNDEFINED,10.2739,15.2848,5.8762,9.1606,7.9081,12.0238,0.7139,2.5266,0.9553,1.371,31.4121,32.2326,0.7139,2.5266,5001.8642,7662.8495,5.8762|7.9081|10.2739,9.1606|12.0238|15.2848,^GT:31.4121%0.7%19.700000000000003,^GT:5.8762%0.7%19.700000000000003%200%7.9081%0.7%19.700000000000003%300%10.2739%0.7%19.700000000000003%400,AIO
EFUSE_Q615S1BA_012_7_0,Q615S1BA1,X,Q615S1BA,012,7,0,Q615S1BA_012_7_0,,SDC2119,HDS2262,C101,8PL7CVA,Q615S1BA1,2026-08-11 16:42:25-07:00,202633,20.00,119325,NGXSDJXA0H80B002632,4,5,012T01,8B18438-D,EXABAHA008,101,1,1010001,1010000,1,101,UNDEFINED,10.3891,15.3727,6.0421,9.3128,8.0589,12.1581,1.4311,2.7079,1.4721,1.5882,31.05,31.8942,1.431,2.7079,5102.53,7779.2277,6.0421|8.0589|10.3891,9.3128|12.1581|15.3727,^GT:31.05%0.7%19.5,^GT:6.0421%0.7%19.5%200%8.0589%0.7%19.5%300%10.3891%0.7%19.5%400,AIO
EFUSE_Q615S1BA_012_7_1,Q615S1BA1,X,Q615S1BA,012,7,1,Q615S1BA_012_7_1,,SDC2119,HDS2262,C101,8PL7CVA,Q615S1BA1,2026-08-11 16:42:25-07:00,202633,20.00,119325,NGXSDJXA0H80B002632,5,5,012T03,8B18438-D,EXABAHA008,101,1,1010001,1010000,1,101,UNDEFINED,10.3438,15.2995,5.998,9.2454,8.016,12.0845,1.046,2.6437,1.3763,1.5439,31.0414,31.8637,1.046,2.6437,5098.8016,7768.3089,5.998|8.016|10.3438,9.2454|12.0845|15.2995,^GT:31.0414%0.7%19.65,^GT:5.998%0.7%19.65%200%8.016%0.7%19.65%300%10.3438%0.7%19.65%400,AIO
EFUSE_Q615S1BA_012_7_2,Q615S1BA1,X,Q615S1BA,012,7,2,Q615S1BA_012_7_2,,SDC2119,HDS2262,C101,8PL7CVA,Q615S1BA1,2026-08-11 16:42:25-07:00,202633,20.00,119325,NGXSDJXA0H80B002632,3,12,012T02,8B18438-D,EXABAHA008,101,1,1010001,1010000,1,101,UNDEFINED,10.3266,15.2671,5.9743,9.2004,7.9923,12.0436,1.0935,2.6125,1.0972,1.4964,31.0879,31.93,1.0935,2.6125,5090.8123,7779.7603,5.9743|7.9923|10.3266,9.2004|12.0436|15.2671,^GT:31.0879%0.7%19.6,^GT:5.9743%0.7%19.6%200%7.9923%0.7%19.6%300%10.3266%0.7%19.6%400,AIO
EFUSE_Q615S1BA_012_7_3,Q615S1BA1,X,Q615S1BA,012,7,3,Q615S1BA_012_7_3,,SDC2119,HDS2262,C101,8PL7CVA,Q615S1BA1,2026-08-11 16:42:25-07:00,202633,20.00,119325,NGXSDJXA0H80B002632,6,2,012T01,8B28421-D,EXABAHA008,101,1,1010001,1010000,1,101,UNDEFINED,10.339,15.2653,5.9805,9.2063,7.994,12.0528,1.1046,2.5969,1.2623,1.5012,31.1321,31.8895,1.1045,2.5969,5111.8509,7790.6791,5.9805|7.994|10.339,9.2063|12.0528|15.2653,^GT:31.1321%0.7%19.200000000000003,^GT:5.9805%0.7%19.200000000000003%200%7.994%0.7%19.200000000000003%300%10.339%0.7%19.200000000000003%400,AIO
EFUSE_Q615S1BA_012_7_4,Q615S1BA1,X,Q615S1BA,012,7,4,Q615S1BA_012_7_4,,SDC2119,HDS2262,C101,8PL7CVA,Q615S1BA1,2026-08-11 16:42:25-07:00,202633,20.00,119325,NGXSDJXA0H80B002632,6,4,012T03,8B18438-D,EXABAHA008,101,1,1010001,1010000,1,101,UNDEFINED,10.3951,15.3553,6.0322,9.2975,8.049,12.1296,1.2585,2.6697,1.2575,1.5611,31.1636,31.8832,1.2584,2.6696,5155.526,7832.2237,6.0322|8.049|10.3951,9.2975|12.1296|15.3553,^GT:31.1636%0.7%19.700000000000003,^GT:6.0322%0.7%19.700000000000003%200%8.049%0.7%19.700000000000003%300%10.3951%0.7%19.700000000000003%400,AIO
EFUSE_Q615S1BA_012_7_5,Q615S1BA1,X,Q615S1BA,012,7,5,Q615S1BA_012_7_5,,SDC2119,HDS2262,C101,8PL7CVA,Q615S1BA1,2026-08-11 16:42:25-07:00,202633,20.00,119325,NGXSDJXA0H80B002632,3,19,012T02,8B18438-D,EXABAHA008,101,1,1010001,1010000,1,101,UNDEFINED,10.4255,15.4039,6.0358,9.3036,8.0693,12.1653,1.8348,2.6597,1.3242,1.5529,31.355,32.1068,1.8348,2.6597,5156.0586,7826.6312,6.0358|8.0693|10.4255,9.3036|12.1653|15.4039,^GT:31.355%0.7%19.65,^GT:6.0358%0.7%19.65%200%8.0693%0.7%19.65%300%10.4255%0.7%19.65%400,AIO
EFUSE_Q615S1BA_012_7_6,Q615S1BA1,X,Q615S1BA,012,7,6,Q615S1BA_012_7_6,,SDC2119,HDS2262,C101,8PL7CVA,Q615S1BA1,2026-08-11 16:42:25-07:00,202633,20.00,119325,NGXSDJXA0H80B002632,6,8,012T01,8B28421-D,EXABAHA008,101,1,1010001,1010000,1,101,UNDEFINED,10.3727,15.3509,5.9625,9.2142,7.9962,12.0774,1.8172,2.5818,1.3869,1.4347,31.5014,32.2984,1.8172,2.5818,5071.6378,7727.0306,5.9625|7.9961|10.3727,9.2142|12.0774|15.3509,^GT:31.5014%0.7%19.299999999999997,^GT:5.9625%0.7%19.299999999999997%200%7.9961%0.7%19.299999999999997%300%10.3727%0.7%19.299999999999997%400,AIO
EFUSE_Q615S1BA_012_7_7,Q615S1BA1,X,Q615S1BA,012,7,7,Q615S1BA_012_7_7,,SDC2119,HDS2262,C101,8PL7CVA,Q615S1BA1,2026-08-11 16:42:25-07:00,202633,20.00,119325,NGXSDJXA0H80B002632,7,4,012T03,8B18438-D,EXABAHA008,101,1,1010001,1010000,1,101,UNDEFINED,10.3604,15.2868,5.9217,9.1438,7.9744,12.0108,0.8088,2.4466,1.3485,1.3789,31.705,32.3316,0.8088,2.4466,5006.6578,7656.7244,5.9217|7.9744|10.3604,9.1438|12.0108|15.2868,^GT:31.705%0.7%19.700000000000003,^GT:5.9217%0.7%19.700000000000003%200%7.9744%0.7%19.700000000000003%300%10.3604%0.7%19.700000000000003%400,AIO
EFUSE_Q615S1BA_012_7_8,Q615S1BA1,X,Q615S1BA,012,7,8,Q615S1BA_012_7_8,,SDC2119,HDS2262,C101,8PL7CVA,Q615S1BA1,2026-08-11 16:42:25-07:00,202633,20.00,119325,NGXSDJXA0H80B002632,1,10,012T02,8B18438-D,EXABAHA008,101,1,1010001,1010000,1,101,UNDEFINED,10.414,15.3089,5.972,9.1459,7.9999,12.0037,1.2164,2.4711,1.2022,1.4137,31.7293,32.4368,1.2164,2.4711,4973.6352,7602.3968,5.9719|7.9999|10.414,9.1459|12.0037|15.3089,^GT:31.7293%0.7%19.5,^GT:5.9719%0.7%19.5%200%7.9999%0.7%19.5%300%10.414%0.7%19.5%400,AIO
EFUSE_Q615S1BA_012_8_-1,Q615S1BA1,X,Q615S1BA,012,8,-1,Q615S1BA_012_8_-1,,SDC2119,HDS2262,C101,8PL7CVA,Q615S1BA1,2026-08-11 16:42:25-07:00,202633,20.00,119325,NGXSDJXA0H80B002632,5,13,012T02,8B28421-D,EXABAHA008,301,3,3010001,3030000,3,303,UNDEFINED,10.3918,15.3866,6.0008,9.3029,8.0443,12.1459,1.0411,2.6724,1.2437,1.5453,31.3643,32.0195,1.0411,2.6724,5089.4807,7762.7164,6.0008|8.0443|10.3918,9.3029|12.1459|15.3866,^GT:31.3643%0.7%19.6,^GT:6.0008%0.7%19.6%200%8.0443%0.7%19.6%300%10.3918%0.7%19.6%400,AIO
EFUSE_Q615S1BA_012_8_-2,Q615S1BA1,X,Q615S1BA,012,8,-2,Q615S1BA_012_8_-2,,SDC2119,HDS2262,C101,8PL7CVA,Q615S1BA1,2026-08-11 16:42:25-07:00,202633,20.00,119325,NGXSDJXA0H80B002632,3,4,012T03,8B18438-D,EXABAHA008,101,1,1010001,1010000,1,101,UNDEFINED,10.4299,15.4419,6.0399,9.345,8.0582,12.1912,0.8804,2.7125,1.183,1.5533,31.3571,32.0889,0.8804,2.7125,5106.7909,7774.7004,6.0399|8.0582|10.4299,9.345|12.1912|15.4419,^GT:31.3571%0.7%19.9,^GT:6.0399%0.7%19.9%200%8.0582%0.7%19.9%300%10.4299%0.7%19.9%400,AIO
EFUSE_Q615S1BA_012_8_-3,Q615S1BA1,X,Q615S1BA,012,8,-3,Q615S1BA_012_8_-3,,SDC2119,HDS2262,C101,8PL7CVA,Q615S1BA1,2026-08-11 16:42:25-07:00,202633,20.00,119325,NGXSDJXA0H80B002632,3,3,012T01,8B28421-D,EXABAHA008,101,1,1010001,1010000,1,101,UNDEFINED,10.4339,15.453,6.0235,9.3357,8.0555,12.2034,1.1255,2.6762,1.3303,1.5449,31.5029,32.1963,1.1255,2.6762,5099.3342,7770.7057,6.0235|8.0555|10.4339,9.3357|12.2034|15.453,^GT:31.5029%0.7%19.25,^GT:6.0235%0.7%19.25%200%8.0555%0.7%19.25%300%10.4339%0.7%19.25%400,AIO
EFUSE_Q615S1BA_012_8_-4,Q615S1BA1,X,Q615S1BA,012,8,-4,Q615S1BA_012_8_-4,,SDC2119,HDS2262,C101,8PL7CVA,Q615S1BA1,2026-08-11 16:42:25-07:00,202633,20.00,119325,NGXSDJXA0H80B002632,5,7,012T02,8B28421-D,EXABAHA008,101,1,1010001,1010000,1,101,UNDEFINED,10.3975,15.4235,5.9952,9.311,8.0219,12.1607,1.8197,2.6319,1.1228,1.4976,31.445,32.1711,1.8197,2.6319,5100.9321,7782.9561,5.9952|8.0219|10.3975,9.311|12.1607|15.4235,^GT:31.445%0.7%19.4,^GT:5.9952%0.7%19.4%200%8.0219%0.7%19.4%300%10.3975%0.7%19.4%400,AIO
EFUSE_Q615S1BA_012_8_-5,Q615S1BA1,X,Q615S1BA,012,8,-5,Q615S1BA_012_8_-5,,SDC2119,HDS2262,C101,8PL7CVA,Q615S1BA1,2026-08-11 16:42:25-07:00,202633,20.00,119325,NGXSDJXA0H80B002632,3,10,012T03,8B28421-D,EXABAHA008,101,1,1010001,1010000,1,101,UNDEFINED,10.3645,15.3663,5.9543,9.2393,7.9651,12.0953,1.2811,2.5744,1.0649,1.4348,31.5014,32.2474,1.2811,2.5744,5048.735,7726.498,5.9543|7.9651|10.3645,9.2393|12.0953|15.3663,^GT:31.5014%0.7%19.55,^GT:5.9543%0.7%19.55%200%7.9651%0.7%19.55%300%10.3645%0.7%19.55%400,AIO
EFUSE_Q615S1BA_012_8_-6,Q615S1BA1,X,Q615S1BA,012,8,-6,Q615S1BA_012_8_-6,,SDC2119,HDS2262,C101,8PL7CVA,Q615S1BA1,2026-08-11 16:42:25-07:00,202633,20.00,119325,NGXSDJXA0H80B002632,2,1,012T01,8B28421-D,EXABAHA008,101,1,1010001,1010000,1,101,UNDEFINED,10.3106,15.3063,5.8956,9.1797,7.928,12.0411,0.7524,2.5083,1.1952,1.3681,31.5357,32.2453,0.7524,2.5083,5018.6418,7678.5619,5.8956|7.928|10.3106,9.1797|12.0411|15.3063,^GT:31.5357%0.7%19.299999999999997,^GT:5.8956%0.7%19.299999999999997%200%7.928%0.7%19.299999999999997%300%10.3106%0.7%19.299999999999997%400,AIO
EFUSE_Q615S1BA_012_8_-7,Q615S1BA1,X,Q615S1BA,012,8,-7,Q615S1BA_012_8_-7,,SDC2119,HDS2262,C101,8PL7CVA,Q615S1BA1,2026-08-11 16:42:25-07:00,202633,20.00,119325,NGXSDJXA0H80B002632,7,11,012T02,8B18438-D,EXABAHA008,101,1,1010001,1010000,1,101,UNDEFINED,10.2598,15.2574,5.8573,9.1244,7.8852,11.9944,1.3845,2.4723,0.93,1.3374,31.4464,32.2789,1.3845,2.4723,4987.7497,7648.4687,5.8573|7.8852|10.2598,9.1244|11.9944|15.2574,^GT:31.4464%0.7%20.15,^GT:5.8573%0.7%20.15%200%7.8852%0.7%20.15%300%10.2598%0.7%20.15%400,AIO
EFUSE_Q615S1BA_012_8_-8,Q615S1BA1,X,Q615S1BA,012,8,-8,Q615S1BA_012_8_-8,B82020000_FAIL_SCN_GT_GXX_CTRL_X_GFXAGG_K_BEGIN_X_X_X_X_X_EVALUATE_4,SDC2119,HDS2262,C101,8PL7CVA,Q615S1BA1,2026-08-11 16:42:25-07:00,202633,20.00,119325,NGXSDJXA0H80B002632,1,5,012T03,8B28421-D,EXABAHA008,8202,82,82020000,82020000,82,8202,UNDEFINED,10.1072,14.9734,5.7213,8.873,7.7445,11.7097,0.5807,2.2551,0.9899,1.1853,31.3279,32.1074,0.5807,2.2551,4928.6285,7552.5965,5.7213|7.7445|10.1072,8.873|11.7097|14.9734,^GT:31.3279%0.7%19.55,^GT:5.7213%0.7%19.55%200%7.7445%0.7%19.55%300%10.1072%0.7%19.55%400,AIO
EFUSE_Q615S1BA_012_8_0,Q615S1BA1,X,Q615S1BA,012,8,0,Q615S1BA_012_8_0,,SDC2119,HDS2262,C101,8PL7CVA,Q615S1BA1,2026-08-11 16:42:25-07:00,202633,20.00,119325,NGXSDJXA0H80B002632,4,4,012T01,8B18438-D,EXABAHA008,101,1,1010001,1010000,1,101,UNDEFINED,10.3725,15.3651,6.0126,9.2965,8.0217,12.1341,1.1081,2.7154,1.4955,1.5587,31.1429,31.94,1.1081,2.7154,5102.53,7768.5752,6.0125|8.0217|10.3725,9.2965|12.1341|15.3651,^GT:31.1429%0.7%19.799999999999997,^GT:6.0125%0.7%19.799999999999997%200%8.0217%0.7%19.799999999999997%300%10.3725%0.7%19.799999999999997%400,AIO
EFUSE_Q615S1BA_012_8_1,Q615S1BA1,X,Q615S1BA,012,8,1,Q615S1BA_012_8_1,,SDC2119,HDS2262,C101,8PL7CVA,Q615S1BA1,2026-08-11 16:42:25-07:00,202633,20.00,119325,NGXSDJXA0H80B002632,5,4,012T03,8B28421-D,EXABAHA008,101,1,1010001,1010000,1,101,UNDEFINED,10.3643,15.3296,6.0099,9.2799,8.0329,12.1221,0.8731,2.672,1.2065,1.5543,31.1029,31.8405,0.8731,2.672,5106.5246,7784.0213,6.0099|8.0329|10.3643,9.2799|12.1221|15.3296,^GT:31.1029%0.7%19.25,^GT:6.0099%0.7%19.25%200%8.0329%0.7%19.25%300%10.3643%0.7%19.25%400,AIO
EFUSE_Q615S1BA_012_8_2,Q615S1BA1,X,Q615S1BA,012,8,2,Q615S1BA_012_8_2,,SDC2119,HDS2262,C101,8PL7CVA,Q615S1BA1,2026-08-11 16:42:25-07:00,202633,20.00,119325,NGXSDJXA0H80B002632,3,13,012T02,8B28421-D,EXABAHA008,301,3,3010001,3030000,3,303,UNDEFINED,10.3678,15.3203,6.0002,9.2412,8.0219,12.0895,1.6004,2.6498,1.4401,1.5109,31.1971,31.9953,1.6004,2.6498,5116.1119,7787.4834,6.0002|8.0219|10.3678,9.2412|12.0895|15.3203,^GT:31.1971%0.7%18.95,^GT:6.0002%0.7%18.95%200%8.0219%0.7%18.95%300%10.3678%0.7%18.95%400,AIO
EFUSE_Q615S1BA_012_8_3,Q615S1BA1,X,Q615S1BA,012,8,3,Q615S1BA_012_8_3,,SDC2119,HDS2262,C101,8PL7CVA,Q615S1BA1,2026-08-11 16:42:25-07:00,202633,20.00,119325,NGXSDJXA0H80B002632,6,3,012T01,8B28421-D,EXABAHA008,101,1,1010001,1010000,1,101,UNDEFINED,10.4112,15.4003,6.0365,9.3134,8.0565,12.1626,1.4454,2.6869,1.1597,1.5425,31.2479,32.0363,1.4454,2.6869,5128.0959,7801.5979,6.0365|8.0565|10.4112,9.3134|12.1626|15.4003,^GT:31.2479%0.7%19.25,^GT:6.0365%0.7%19.25%200%8.0565%0.7%19.25%300%10.4112%0.7%19.25%400,AIO
EFUSE_Q615S1BA_012_8_4,Q615S1BA1,X,Q615S1BA,012,8,4,Q615S1BA_012_8_4,,SDC2119,HDS2262,C101,8PL7CVA,Q615S1BA1,2026-08-11 16:42:25-07:00,202633,20.00,119325,NGXSDJXA0H80B002632,6,3,012T03,8B28421-D,EXABAHA008,101,1,1010001,1010000,1,101,UNDEFINED,10.4466,15.4596,6.0343,9.3399,8.0638,12.2077,1.1358,2.6709,1.3638,1.5411,31.5164,32.2089,1.1358,2.6708,5111.5846,7783.755,6.0343|8.0638|10.4466,9.3399|12.2077|15.4596,^GT:31.5164%0.7%19.6,^GT:6.0343%0.7%19.6%200%8.0638%0.7%19.6%300%10.4466%0.7%19.6%400,AIO
EFUSE_Q615S1BA_012_8_5,Q615S1BA1,X,Q615S1BA,012,8,5,Q615S1BA_012_8_5,,SDC2119,HDS2262,C101,8PL7CVA,Q615S1BA1,2026-08-11 16:42:25-07:00,202633,20.00,119325,NGXSDJXA0H80B002632,3,18,012T02,8B28421-D,EXABAHA008,301,3,3010001,3030000,3,303,UNDEFINED,10.4154,15.4197,6.0069,9.284,8.0414,12.1479,1.6105,2.6346,1.1775,1.4989,31.4893,32.2932,1.6105,2.6346,5051.3981,7707.8562,6.0069|8.0414|10.4154,9.284|12.1479|15.4197,^GT:31.4893%0.7%19.6,^GT:6.0069%0.7%19.6%200%8.0414%0.7%19.6%300%10.4154%0.7%19.6%400,AIO
EFUSE_Q615S1BA_012_8_6,Q615S1BA1,X,Q615S1BA,012,8,6,Q615S1BA_012_8_6,,SDC2119,HDS2262,C101,8PL7CVA,Q615S1BA1,2026-08-11 16:42:25-07:00,202633,20.00,119325,NGXSDJXA0H80B002632,6,7,012T01,8B28421-D,EXABAHA008,301,3,3010001,3030000,3,303,UNDEFINED,10.2283,15.1047,5.8214,9.001,7.8454,11.8377,0.7555,2.3536,0.9011,1.3064,31.4779,32.1247,0.7555,2.3536,4983.2224,7633.0226,5.8214|7.8454|10.2283,9.001|11.8377|15.1047,^GT:31.4779%0.7%18.85,^GT:5.8214%0.7%18.85%200%7.8454%0.7%18.85%300%10.2283%0.7%18.85%400,AIO
EFUSE_Q615S1BA_012_8_7,Q615S1BA1,X,Q615S1BA,012,8,7,Q615S1BA_012_8_7,,SDC2119,HDS2262,C101,8PL7CVA,Q615S1BA1,2026-08-11 16:42:25-07:00,202633,20.00,119325,NGXSDJXA0H80B002632,7,3,012T03,8B28421-D,EXABAHA008,301,3,3010001,3030000,3,303,UNDEFINED,10.2382,15.0737,5.8253,8.9234,7.8597,11.7887,0.6667,2.262,0.874,1.2577,31.5207,32.37,0.6667,2.262,4894.008,7509.9867,5.8253|7.8597|10.2382,8.9234|11.7887|15.0737,^GT:31.5207%0.7%19.4,^GT:5.8253%0.7%19.4%200%7.8597%0.7%19.4%300%10.2382%0.7%19.4%400,AIO
EFUSE_Q615S1BA_012_9_-1,Q615S1BA1,X,Q615S1BA,012,9,-1,Q615S1BA_012_9_-1,,SDC2119,HDS2262,C101,8PL7CVA,Q615S1BA1,2026-08-11 16:42:25-07:00,202633,20.00,119325,NGXSDJXA0H80B002632,5,12,012T02,8B28421-D,EXABAHA008,101,1,1010001,1010000,1,101,UNDEFINED,10.3753,15.3774,5.9623,9.2603,7.993,12.1293,1.4888,2.6106,1.3071,1.4812,31.5214,32.1953,1.4888,2.6106,5042.0772,7702.2636,5.9623|7.993|10.3753,9.2603|12.1293|15.3774,^GT:31.5214%0.7%19.45,^GT:5.9623%0.7%19.45%200%7.993%0.7%19.45%300%10.3753%0.7%19.45%400,AIO
EFUSE_Q615S1BA_012_9_-2,Q615S1BA1,X,Q615S1BA,012,9,-2,Q615S1BA_012_9_-2,,SDC2119,HDS2262,C101,8PL7CVA,Q615S1BA1,2026-08-11 16:42:25-07:00,202633,20.00,119325,NGXSDJXA0H80B002632,3,5,012T03,8B18438-D,EXABAHA008,101,1,1010001,1010000,1,101,UNDEFINED,10.4163,15.4498,5.9936,9.317,8.027,12.171,0.8347,2.6714,1.261,1.5,31.5907,32.2779,0.8347,2.6714,5055.6591,7709.1877,5.9936|8.0269|10.4163,9.317|12.171|15.4498,^GT:31.5907%0.7%19.700000000000003,^GT:5.9936%0.7%19.700000000000003%200%8.0269%0.7%19.700000000000003%300%10.4163%0.7%19.700000000000003%400,AIO
EFUSE_Q615S1BA_012_9_-3,Q615S1BA1,X,Q615S1BA,012,9,-3,Q615S1BA_012_9_-3,,SDC2119,HDS2262,C101,8PL7CVA,Q615S1BA1,2026-08-11 16:42:25-07:00,202633,20.00,119325,NGXSDJXA0H80B002632,3,2,012T01,8B18438-D,EXABAHA008,301,3,3010001,3030000,3,303,UNDEFINED,10.388,15.4375,5.9486,9.279,7.9859,12.1452,1.074,2.5797,1.1974,1.4276,31.71,32.4132,1.074,2.5797,5011.7177,7664.98,5.9486|7.9859|10.388,9.279|12.1452|15.4375,^GT:31.71%0.7%19.9,^GT:5.9486%0.7%19.9%200%7.9859%0.7%19.9%300%10.388%0.7%19.9%400,AIO
EFUSE_Q615S1BA_012_9_-4,Q615S1BA1,X,Q615S1BA,012,9,-4,Q615S1BA_012_9_-4,,SDC2119,HDS2262,C101,8PL7CVA,Q615S1BA1,2026-08-11 16:42:25-07:00,202633,20.00,119325,NGXSDJXA0H80B002632,5,8,012T02,8B28421-D,EXABAHA008,201,2,2010001,2020000,2,202,UNDEFINED,10.2716,15.2549,5.8426,9.1053,7.8844,11.972,1.5824,2.4566,1.2645,1.3009,31.6357,32.3663,1.5824,2.4566,4945.6724,7598.9348,5.8426|7.8844|10.2716,9.1053|11.972|15.2549,^GT:31.6357%0.7%19.25,^GT:5.8426%0.7%19.25%200%7.8844%0.7%19.25%300%10.2716%0.7%19.25%400,AIO
EFUSE_Q615S1BA_012_9_-5,Q615S1BA1,X,Q615S1BA,012,9,-5,Q615S1BA_012_9_-5,,SDC2119,HDS2262,C101,8PL7CVA,Q615S1BA1,2026-08-11 16:42:25-07:00,202633,20.00,119325,NGXSDJXA0H80B002632,3,9,012T03,8B28421-D,EXABAHA008,301,3,3010001,3030000,3,303,UNDEFINED,10.2117,15.1791,5.793,9.0452,7.8121,11.8926,0.6643,2.3528,1.1164,1.2509,31.5621,32.2837,0.6643,2.3528,4907.5899,7564.3142,5.793|7.8121|10.2117,9.0452|11.8926|15.1791,^GT:31.5621%0.7%19.700000000000003,^GT:5.793%0.7%19.700000000000003%200%7.8121%0.7%19.700000000000003%300%10.2117%0.7%19.700000000000003%400,AIO
EFUSE_Q615S1BA_012_9_-6,Q615S1BA1,X,Q615S1BA,012,9,-6,Q615S1BA_012_9_-6,,SDC2119,HDS2262,C101,8PL7CVA,Q615S1BA1,2026-08-11 16:42:25-07:00,202633,20.00,119325,NGXSDJXA0H80B002632,1,1,012T01,8B18438-D,EXABAHA008,301,3,3010001,3030000,3,303,UNDEFINED,10.1634,15.0835,5.7631,8.9531,7.7734,11.8106,0.7668,2.2887,0.8069,1.2116,31.4307,32.2658,0.7668,2.2887,4903.3289,7552.8628,5.7631|7.7734|10.1634,8.953|11.8106|15.0835,^GT:31.4307%0.7%19.75,^GT:5.7631%0.7%19.75%200%7.7734%0.7%19.75%300%10.1634%0.7%19.75%400,AIO
EFUSE_Q615S1BA_012_9_0,Q615S1BA1,X,Q615S1BA,012,9,0,Q615S1BA_012_9_0,,SDC2119,HDS2262,C101,8PL7CVA,Q615S1BA1,2026-08-11 16:42:25-07:00,202633,20.00,119325,NGXSDJXA0H80B002632,4,3,012T01,8B28421-D,EXABAHA008,201,2,2010001,2020000,2,202,UNDEFINED,10.3671,15.3545,5.9648,9.2436,7.9952,12.1069,1.5606,2.5984,1.3804,1.4738,31.445,32.1626,1.5606,2.5984,5047.4035,7702.53,5.9648|7.9952|10.3671,9.2436|12.1069|15.3545,^GT:31.445%0.7%19.45,^GT:5.9648%0.7%19.45%200%7.9952%0.7%19.45%300%10.3671%0.7%19.45%400,AIO
EFUSE_Q615S1BA_012_9_1,Q615S1BA1,X,Q615S1BA,012,9,1,Q615S1BA_012_9_1,,SDC2119,HDS2262,C101,8PL7CVA,Q615S1BA1,2026-08-11 16:42:25-07:00,202633,20.00,119325,NGXSDJXA0H80B002632,5,3,012T03,8B18438-D,EXABAHA008,101,1,1010001,1010000,1,101,UNDEFINED,10.361,15.3718,5.9709,9.276,7.982,12.1146,0.9354,2.6179,1.064,1.4791,31.3579,32.0837,0.9354,2.6179,5035.4194,7688.1491,5.9709|7.982|10.361,9.2759|12.1146|15.3718,^GT:31.3579%0.7%19.9,^GT:5.9709%0.7%19.9%200%7.982%0.7%19.9%300%10.361%0.7%19.9%400,AIO
EFUSE_Q615S1BA_012_9_2,Q615S1BA1,X,Q615S1BA,012,9,2,Q615S1BA_012_9_2,B99880003_FAIL_TPI_POWER_SEQ_CTRL_X_PWRUP_K_START_X_X_X_X_N2,SDC2119,HDS2262,C101,8PL7CVA,Q615S1BA1,2026-08-11 16:42:25-07:00,202633,20.00,119325,NGXSDJXA0H80B002632,3,14,012T02,8B18438-D,EXABAHA008,9988,99,99880003,99880003,99,9988,UNDEFINED,,,,,,,,,,,,,,,,,,,,,AIO
EFUSE_Q615S1BA_012_9_3,Q615S1BA1,X,Q615S1BA,012,9,3,Q615S1BA_012_9_3,,SDC2119,HDS2262,C101,8PL7CVA,Q615S1BA1,2026-08-11 16:42:25-07:00,202633,20.00,119325,NGXSDJXA0H80B002632,6,4,012T01,8B28421-D,EXABAHA008,101,1,1010001,1010000,1,101,UNDEFINED,10.336,15.3294,5.913,9.1818,7.9444,12.057,1.3033,2.4965,0.9971,1.3867,31.5929,32.3558,1.3033,2.4965,5006.6578,7659.1212,5.913|7.9444|10.336,9.1818|12.057|15.3294,^GT:31.5929%0.7%19.6,^GT:5.913%0.7%19.6%200%7.9444%0.7%19.6%300%10.336%0.7%19.6%400,AIO
EFUSE_Q615S1BA_012_9_4,Q615S1BA1,X,Q615S1BA,012,9,4,Q615S1BA_012_9_4,,SDC2119,HDS2262,C101,8PL7CVA,Q615S1BA1,2026-08-11 16:42:25-07:00,202633,20.00,119325,NGXSDJXA0H80B002632,6,2,012T03,8B18438-D,EXABAHA008,101,1,1010001,1010000,1,101,UNDEFINED,10.3346,15.3241,5.9253,9.1898,7.959,12.044,0.7878,2.5331,0.9857,1.3977,31.495,32.2858,0.7878,2.5331,4997.0706,7639.1478,5.9253|7.959|10.3346,9.1898|12.044|15.3241,^GT:31.495%0.7%20,^GT:5.9253%0.7%20%200%7.959%0.7%20%300%10.3346%0.7%20%400,AIO
EFUSE_Q615S1BA_012_9_5,Q615S1BA1,X,Q615S1BA,012,9,5,Q615S1BA_012_9_5,B65000360_FAIL_ARR_GT_GXX_SSA_GT_VMIN_K_PREHVQK_X_X_NOM_X_ALL_SSA_0,SDC2119,HDS2262,C101,8PL7CVA,Q615S1BA1,2026-08-11 16:42:25-07:00,202633,20.00,119325,NGXSDJXA0H80B002632,3,17,012T02,8B28421-D,EXABAHA008,6500,65,65000360,65000360,65,6500,UNDEFINED,10.2656,15.1827,5.8488,9.0383,7.8887,11.8972,1.6122,2.3665,1.1809,1.3036,31.5486,32.3389,1.6122,2.3665,4961.6511,7597.8695,5.8488|7.8887|10.2656,9.0383|11.8972|15.1827,^GT:31.5486%0.7%19.299999999999997,^GT:5.8488%0.7%19.299999999999997%200%7.8887%0.7%19.299999999999997%300%10.2656%0.7%19.299999999999997%400,AIO
EFUSE_Q615S1BA_012_9_6,Q615S1BA1,X,Q615S1BA,012,9,6,Q615S1BA_012_9_6,B19880000_FAIL_TPI_SIU_STATIC_SIUP_X_ICC_K_START_X_X_X_LFM_LOWV_P2_650MV_2,SDC2119,HDS2262,C101,8PL7CVA,Q615S1BA1,2026-08-11 16:42:25-07:00,202633,20.00,119325,NGXSDJXA0H80B002632,6,6,012T01,8B28421-D,EXABAHA008,1988,19,19880000,19880000,19,1988,UNDEFINED,,,,,,,,,,,,,,,,,,,,,AIO
